"card_slug","card_name","issuer","rank","picking_rate_percent","monthly_saving","previous_spend","monthly_cap","rule_count","tier_count","has_external_benchmark","risk_score","priority","risk_signals","source_url","search_queries"
"naver-card-1322","롯데 국민행복카드","롯데","1","36.129","252900","300000","300000","10","1","false","78","P0","single_tier_high_cap | monthly_cap_outlier | high_picking_without_external_benchmark | not_officially_verified","http://m.lottecard.co.kr/spa/card/booth?bId=102804&vtCdKndC=P10989-A10989&utm_source=sa_naver_cs&utm_medium=cpc&utm_campaign=m_card&utm_content=happycard&utm_term=%EC%8B%A0%EC%9A%A9%EC%B9%B4%EB%93%9C","롯데 국민행복카드 피킹률 | 롯데 국민행복카드 실제 혜택 | 롯데 롯데 국민행복카드 카드 추천"
"naver-card-10614","현대카드 하이브리드(Apple Pay Rewards)","현대","2","31.369","219583","300000","300000","4","1","false","78","P0","single_tier_high_cap | monthly_cap_outlier | high_picking_without_external_benchmark | not_officially_verified","https://www.hyundaicard.com/cpc/cr/CPCCR0201_01.hc?cardWcd=CCAH&eventCode=ANB03","현대카드 하이브리드(Apple Pay Rewards) 피킹률 | 현대카드 하이브리드(Apple Pay Rewards) 실제 혜택 | 현대 현대카드 하이브리드(Apple Pay Rewards) 카드 추천"
"naver-card-10398","BC 바로 MACAO 카드","BC","3","30.071","210500","300000","300000","6","1","false","98","P0","estimated_rule | single_tier_high_cap | monthly_cap_outlier | high_picking_without_external_benchmark | not_officially_verified","https://app.paybooc.co.kr/ui/appLink?landingId=P0901PG002W&cardPdctCd=101010&incnChnlDv=Mobile&affiCd=R011","BC 바로 MACAO 카드 피킹률 | BC 바로 MACAO 카드 실제 혜택 | BC BC 바로 MACAO 카드 카드 추천"
"naver-card-2345","IBK 국민행복카드","IBK기업은행","4","22.786","159500","300000","300000","9","1","false","78","P0","single_tier_high_cap | monthly_cap_outlier | high_picking_without_external_benchmark | not_officially_verified","https://www.ibk.co.kr/cardbiz/detailBizNew.ibk?pageId=CA01020000&PDLN_CD=12&PDGR_CD=11&PDTM_CD=293&PDCD=0001&ad_cd=nvmo&mz_cd=ADGROUN","IBK 국민행복카드 피킹률 | IBK 국민행복카드 실제 혜택 | IBK기업은행 IBK 국민행복카드 카드 추천"
"naver-card-10134","삼성 BIZ iD BENEFIT 카드","삼성","5","16.361","114525","500000","300000","4","1","false","98","P0","estimated_rule | single_tier_high_cap | monthly_cap_outlier | high_picking_without_external_benchmark | not_officially_verified","https://www.samsungcard.com/personal/card/simple-apply/UHPPCA0225M0.jsp?code=AAP1758&alncmpC=QACDMB21&affcode=QACDMB21&BSCPN=BCTS&BSPRG=MNAVERCARD&BSCCN1=MB_%EC%8B%A0%EA%B2%80_AAP1758_%EC%82%BC%EC%84%B1%20BIZ%20iD%20BENEFIT%20%EC%B9%B4%EB%93%9C&utm_campaign=%EC%82%BC%EC%84%B1%20BIZ%20iD%20BENEFIT%20%EC%B9%B4%EB%93%9C&utm_medium=CSA&utm_source=%EB%84%A4%EC%9D%B4%EB%B2%84%20%EC%8B%A0%EC%9A%A9%EC%B9%B4%EB%93%9C%20%EA%B2%80%EC%83%89%20%EB%AA%A8%EB%B0%94%EC%9D%BC&utm_term={query}","삼성 BIZ iD BENEFIT 카드 피킹률 | 삼성 BIZ iD BENEFIT 카드 실제 혜택 | 삼성 삼성 BIZ iD BENEFIT 카드 카드 추천"
"naver-card-10045","우리 국민행복카드 S2","우리","6","16.236","113650","300000","300000","5","1","false","98","P0","estimated_rule | single_tier_high_cap | monthly_cap_outlier | high_picking_without_external_benchmark | not_officially_verified","https://m.wooricard.com/dcmw/yh1/crd/crd01/M1CRD101S02.do?cdPrdCd=100860&canvasser=88801075&utm_source=naver_cs&utm_medium=cpc&utm_campaign=M_%EC%B9%B4%EB%93%9C%EC%84%B9%EC%85%98&utm_content={keyword}&utm_term=%EA%B5%AD%EB%AF%BC%ED%96%89%EB%B3%B5%EC%B9%B4%EB%93%9Cs2","우리 국민행복카드 S2 피킹률 | 우리 국민행복카드 S2 실제 혜택 | 우리 우리 국민행복카드 S2 카드 추천"
"naver-card-10580","우리카드 UniMile","우리","7","13.893","97250","500000","100000","4","1","false","98","P0","estimated_rule | single_tier_high_cap | monthly_cap_outlier | high_picking_without_external_benchmark | not_officially_verified","https://m.wooricard.com/dcmw/yh1/crd/crd01/M1CRD101S02.do?cdPrdCd=104153&canvasser=88801076&utm_source=naver_cs&utm_medium=cpc&utm_campaign=PC_카드섹션&utm_term={keyword}&utm_content=%EC%9A%B0%EB%A6%AC%EC%B9%B4%EB%93%9C%20UniMile","우리카드 UniMile 피킹률 | 우리카드 UniMile 실제 혜택 | 우리 우리카드 UniMile 카드 추천"
"naver-card-1571","신한카드 RPM+ Platinum#","신한","8","13.612","95283","500000","300000","8","1","false","78","P0","single_tier_high_cap | monthly_cap_outlier | high_picking_without_external_benchmark | not_officially_verified","https://www.shinhancard.com/pconts/html/card/apply/credit/1187945_2207.html?EntryLoc2=2795&empSeq=957&btnApp=dp01&utm_source=naver_credit&utm_medium=cpc&utm_campaign=online_mobile_rpm","신한카드 RPM+ Platinum# 피킹률 | 신한카드 RPM+ Platinum# 실제 혜택 | 신한 신한카드 RPM+ Platinum# 카드 추천"
"naver-card-10373","JADE First Centum","하나","9","13.155","92083","500000","200000","5","1","false","78","P0","single_tier_high_cap | monthly_cap_outlier | high_picking_without_external_benchmark | not_officially_verified","https://m.hanacard.co.kr/JADEINTROM.web?CD_PD_SEQ=17874","JADE First Centum 피킹률 | JADE First Centum 실제 혜택 | 하나 JADE First Centum 카드 추천"
"naver-card-10523","삼성 iD SELECT ON 카드","삼성","10","12.362","86533","300000","300000","7","1","false","98","P0","estimated_rule | single_tier_high_cap | monthly_cap_outlier | high_picking_without_external_benchmark | not_officially_verified","https://www.samsungcard.com/personal/card/simple-apply/UHPPCA0225M0.jsp?code=AAP1877&alncmpC=QACDMB24&affcode=QACDMB24&BSCPN=BCTS&BSPRG=MNAVERCARD&BSCCN1=MB_%EC%8B%A0%EA%B2%80_AAP1877_%EC%85%80%EC%98%A8&utm_campaign=%EC%85%80%EC%98%A8&utm_medium=CSA&utm_source=%EB%84%A4%EC%9D%B4%EB%B2%84%20%EC%8B%A0%EC%9A%A9%EC%B9%B4%EB%93%9C%20%EA%B2%80%EC%83%89%20%EB%AA%A8%EB%B0%94%EC%9D%BC&utm_term={query}","삼성 iD SELECT ON 카드 피킹률 | 삼성 iD SELECT ON 카드 실제 혜택 | 삼성 삼성 iD SELECT ON 카드 카드 추천"
"naver-card-10128","별다줄카드","NH농협","11","11.843","82900","300000","300000","5","1","false","98","P0","estimated_rule | single_tier_high_cap | monthly_cap_outlier | high_picking_without_external_benchmark | not_officially_verified","https://card.nonghyup.com/index_cardProd.html?SERVICE_ID=IPCC2021R&NAVIGATE_TYPE=1&cd_wrs_sqno=90010137&FromSite=53","별다줄카드 피킹률 | 별다줄카드 실제 혜택 | NH농협 별다줄카드 카드 추천"
"naver-card-1360","IBKhi카드","IBK기업은행","12","11.833","82833","200000","200000","4","1","false","98","P0","estimated_rule | single_tier_high_cap | monthly_cap_outlier | high_picking_without_external_benchmark | not_officially_verified","https://www.ibk.co.kr/cardbiz/detailBizNew.ibk?pageId=CA01020000&PDLN_CD=12&PDGR_CD=11&PDTM_CD=258&PDCD=0001&ad_cd=nvmo&mz_cd=ADGROUN","IBKhi카드 피킹률 | IBKhi카드 실제 혜택 | IBK기업은행 IBKhi카드 카드 추천"
"naver-card-10343","삼성 iD GLOBAL 카드","삼성","13","11.090","77633","500000","300000","10","1","false","98","P0","estimated_rule | single_tier_high_cap | monthly_cap_outlier | high_picking_without_external_benchmark | not_officially_verified","https://www.samsungcard.com/personal/card/simple-apply/UHPPCA0225M0.jsp?code=AAP1824&alncmpC=QACDMB38&affcode=QACDMB38&BSCPN=BCTS&BSPRG=MNAVERCARD&BSCCN1=MB_%EC%8B%A0%EA%B2%80_AAP1824_%EC%82%BC%EC%84%B1%20iD%20GLOBAL%20%EC%B9%B4%EB%93%9C&utm_campaign=%EC%82%BC%EC%84%B1%20iD%20GLOBAL%20%EC%B9%B4%EB%93%9C&utm_medium=CSA&utm_source=%EB%84%A4%EC%9D%B4%EB%B2%84%20%EC%8B%A0%EC%9A%A9%EC%B9%B4%EB%93%9C%20%EA%B2%80%EC%83%89%20%EB%AA%A8%EB%B0%94%EC%9D%BC&utm_term={query}","삼성 iD GLOBAL 카드 피킹률 | 삼성 iD GLOBAL 카드 실제 혜택 | 삼성 삼성 iD GLOBAL 카드 카드 추천"
"naver-card-10320","JADE Classic","하나","14","10.774","75417","500000","100000","3","1","false","98","P0","estimated_rule | single_tier_high_cap | monthly_cap_outlier | high_picking_without_external_benchmark | not_officially_verified","https://m.hanacard.co.kr/JADEINTROM.web?CD_PD_SEQ=17548","JADE Classic 피킹률 | JADE Classic 실제 혜택 | 하나 JADE Classic 카드 추천"
"naver-card-10421","이마트II KB국민카드(옐로우)","KB국민","15","9.821","68750","500000","70000","7","1","false","78","P0","estimated_rule | single_tier_high_cap | high_picking_without_external_benchmark | not_officially_verified","https://m.kbcard.com/CRD/DVIEW/MCAMCXHIACRC0002?allianceCode=04361&mainCC=b","이마트II KB국민카드(옐로우) 피킹률 | 이마트II KB국민카드(옐로우) 실제 혜택 | KB국민 이마트II KB국민카드(옐로우) 카드 추천"
"naver-card-10573","에너지플러스 현대카드","현대","16","9.274","64917","400000","100000","2","1","false","98","P0","estimated_rule | single_tier_high_cap | monthly_cap_outlier | high_picking_without_external_benchmark | not_officially_verified","https://hyundaicard.com/cpc/cr/CPCCR0201_01.hc?cardWcd=GEPHC","에너지플러스 현대카드 피킹률 | 에너지플러스 현대카드 실제 혜택 | 현대 에너지플러스 현대카드 카드 추천"
"naver-card-10442","NH농협 기후동행카드","NH농협","17","9.095","63667","300000","300000","8","1","false","98","P0","estimated_rule | single_tier_high_cap | monthly_cap_outlier | high_picking_without_external_benchmark | not_officially_verified","https://card.nonghyup.com/index_cardProd.html?SERVICE_ID=IPCC2021R&NAVIGATE_TYPE=1&cd_wrs_sqno=90010526&FromSite=53","NH농협 기후동행카드 피킹률 | NH농협 기후동행카드 실제 혜택 | NH농협 NH농협 기후동행카드 카드 추천"
"naver-card-277","신세계이마트 삼성카드 7","삼성","18","8.357","58500","300000","60000","10","1","false","78","P0","estimated_rule | single_tier_high_cap | high_picking_without_external_benchmark | not_officially_verified","https://www.samsungcard.com/personal/card/simple-apply/UHPPCA0225M0.jsp?code=AAP1279&alncmpC=QACDMB19&affcode=QACDMB19&BSCPN=BCTS&BSPRG=MNAVERCARD&BSCCN1=MB_%EC%8B%A0%EA%B2%80_AAP1279_%EC%8B%A0%EC%84%B8%EA%B3%84%EC%9D%B4%EB%A7%88%ED%8A%B8%20%EC%82%BC%EC%84%B1%EC%B9%B4%EB%93%9C%207&utm_campaign=%EC%8B%A0%EC%84%B8%EA%B3%84%EC%9D%B4%EB%A7%88%ED%8A%B8%20%EC%82%BC%EC%84%B1%EC%B9%B4%EB%93%9C%207&utm_medium=CSA&utm_source=%EB%84%A4%EC%9D%B4%EB%B2%84%20%EC%8B%A0%EC%9A%A9%EC%B9%B4%EB%93%9C%20%EA%B2%80%EC%83%89%20%EB%AA%A8%EB%B0%94%EC%9D%BC&utm_term={query}","신세계이마트 삼성카드 7 피킹률 | 신세계이마트 삼성카드 7 실제 혜택 | 삼성 신세계이마트 삼성카드 7 카드 추천"
"naver-card-10617","현대카드 MC GLOBAL","현대","19","8.336","58353","0","300000","5","1","false","78","P0","single_tier_high_cap | monthly_cap_outlier | high_picking_without_external_benchmark | not_officially_verified","https://mycompany.hyundaicard.com/cr/in/CRIN1015.do?eventCode=GLO12&pageType=newJoin","현대카드 MC GLOBAL 피킹률 | 현대카드 MC GLOBAL 실제 혜택 | 현대 현대카드 MC GLOBAL 카드 추천"
"naver-card-10299","IBK기업 I-어디로든 그린카드","IBK기업은행","20","8.107","56750","300000","300000","5","1","false","98","P0","estimated_rule | single_tier_high_cap | monthly_cap_outlier | high_picking_without_external_benchmark | not_officially_verified","https://www.ibk.co.kr/cardbiz/detailBizNew.ibk?PDLN_CD=12&PDGR_CD=11&PDTM_CD=343&PDCD=0001&ad_cd=nvmo&mz_cd=ADGROUN","IBK기업 I-어디로든 그린카드 피킹률 | IBK기업 I-어디로든 그린카드 실제 혜택 | IBK기업은행 IBK기업 I-어디로든 그린카드 카드 추천"
"naver-card-10480","다이소 삼성카드","삼성","21","7.355","51483","300000","240000","6","1","false","98","P0","estimated_rule | single_tier_high_cap | monthly_cap_outlier | high_picking_without_external_benchmark | not_officially_verified","https://www.samsungcard.com/personal/card/simple-apply/UHPPCA0225M0.jsp?code=AAP1653&alncmpC=QACDMB19&affcode=QACDMB19&BSCPN=BCTS&BSPRG=MNAVERCARD&BSCCN1=MB_%EC%8B%A0%EA%B2%80_AAP1653_%EB%8B%A4%EC%9D%B4%EC%86%8C%20%EC%82%BC%EC%84%B1%EC%B9%B4%EB%93%9C&utm_campaign=%EB%8B%A4%EC%9D%B4%EC%86%8C%20%EC%82%BC%EC%84%B1%EC%B9%B4%EB%93%9C&utm_medium=CSA&utm_source=%EB%84%A4%EC%9D%B4%EB%B2%84%20%EC%8B%A0%EC%9A%A9%EC%B9%B4%EB%93%9C%20%EA%B2%80%EC%83%89%20%EB%AA%A8%EB%B0%94%EC%9D%BC&utm_term={query}","다이소 삼성카드 피킹률 | 다이소 삼성카드 실제 혜택 | 삼성 다이소 삼성카드 카드 추천"
"naver-card-10416","신한카드 처음(ANNIVERSE)","신한","22","7.274","50915","300000","300000","6","1","false","98","P0","estimated_rule | single_tier_high_cap | monthly_cap_outlier | high_picking_without_external_benchmark | not_officially_verified","https://www.shinhancard.com/pconts/html/card/apply/credit/1229296_2207.html?EntryLoc2=3485&empSeq=513&btnApp=L0S1H3&utm_source=naver_credit&utm_medium=cpc&utm_campaign=online_mo_firsttimeanniverse&utm_content=card&utm_term={keyword}","신한카드 처음(ANNIVERSE) 피킹률 | 신한카드 처음(ANNIVERSE) 실제 혜택 | 신한 신한카드 처음(ANNIVERSE) 카드 추천"
"naver-card-10345","카드의정석 SHOPPING+","우리","23","7.024","49167","300000","50000","8","1","false","78","P0","estimated_rule | single_tier_high_cap | high_picking_without_external_benchmark | not_officially_verified","https://m.wooricard.com/dcmw/yh1/crd/crd01/M1CRD101S02.do?cdPrdCd=102492&canvasser=88801075&utm_source=naver_cs&utm_medium=cpc&utm_campaign=M_%EC%B9%B4%EB%93%9C%EC%84%B9%EC%85%98&utm_content={keyword}&utm_term=%EC%B9%B4%EB%93%9C%EC%9D%98%EC%A0%95%EC%84%9DSHOPPING+","카드의정석 SHOPPING+ 피킹률 | 카드의정석 SHOPPING+ 실제 혜택 | 우리 카드의정석 SHOPPING+ 카드 추천"
"naver-card-10597","트래블로그+(플러스) 신용카드","하나","24","6.905","48333","0","50000","5","1","false","78","P0","estimated_rule | single_tier_high_cap | high_picking_without_external_benchmark | not_officially_verified","https://m.hanacard.co.kr/MKCDCM1010M.web?CD_PD_SEQ=18973","트래블로그+(플러스) 신용카드 피킹률 | 트래블로그+(플러스) 신용카드 실제 혜택 | 하나 트래블로그+(플러스) 신용카드 카드 추천"
"naver-card-10211","NH올원 Rental&바디프랜드카드","NH농협","25","6.143","43000","300000","300000","2","1","false","78","P0","single_tier_high_cap | monthly_cap_outlier | high_picking_without_external_benchmark | not_officially_verified","https://card.nonghyup.com/index_cardProd.html?SERVICE_ID=IPCC2021R&NAVIGATE_TYPE=1&cd_wrs_sqno=90000365&FromSite=53","NH올원 Rental&바디프랜드카드 피킹률 | NH올원 Rental&바디프랜드카드 실제 혜택 | NH농협 NH올원 Rental&바디프랜드카드 카드 추천"
"naver-card-10576","현대카드 MC 항공권전용카드","현대","26","6.000","42000","0","200000","2","1","false","78","P0","single_tier_high_cap | monthly_cap_outlier | high_picking_without_external_benchmark | not_officially_verified","https://mycompany.hyundaicard.com/cr/in/CRIN1006.do?_method=X01&pageType=newJoin","현대카드 MC 항공권전용카드 피킹률 | 현대카드 MC 항공권전용카드 실제 혜택 | 현대 현대카드 MC 항공권전용카드 카드 추천"
"naver-card-10201","티머니 Pay & GO 신한카드","신한","27","5.964","41750","300000","300000","3","1","false","98","P0","estimated_rule | single_tier_high_cap | monthly_cap_outlier | high_picking_without_external_benchmark | not_officially_verified","https://www.shinhancard.com/pconts/html/card/apply/credit/1216792_2207.html?empSeq=506&btnApp=L0S1H3","티머니 Pay & GO 신한카드 피킹률 | 티머니 Pay & GO 신한카드 실제 혜택 | 신한 티머니 Pay & GO 신한카드 카드 추천"
"naver-card-10157","삼성 iD SIMPLE 카드","삼성","28","5.407","37852","0","100000","10","1","false","98","P0","estimated_rule | single_tier_high_cap | monthly_cap_outlier | high_picking_without_external_benchmark | not_officially_verified","https://www.samsungcard.com/personal/card/simple-apply/UHPPCA0225M0.jsp?code=AAP1767&alncmpC=QACDMB26&affcode=QACDMB26&BSCPN=BCTS&BSPRG=MNAVERCARD&BSCCN1=MB_%EC%8B%A0%EA%B2%80_AAP1767_%EC%82%BC%EC%84%B1%20iD%20SIMPLE%20%EC%B9%B4%EB%93%9C&utm_campaign=%EC%82%BC%EC%84%B1%20iD%20SIMPLE%20%EC%B9%B4%EB%93%9C&utm_medium=CSA&utm_source=%EB%84%A4%EC%9D%B4%EB%B2%84%20%EC%8B%A0%EC%9A%A9%EC%B9%B4%EB%93%9C%20%EA%B2%80%EC%83%89%20%EB%AA%A8%EB%B0%94%EC%9D%BC&utm_term={query}","삼성 iD SIMPLE 카드 피킹률 | 삼성 iD SIMPLE 카드 실제 혜택 | 삼성 삼성 iD SIMPLE 카드 카드 추천"
"naver-card-10358","zgm 할인카드","NH농협","29","5.393","37750","400000","40000","9","1","false","78","P0","estimated_rule | single_tier_high_cap | high_picking_without_external_benchmark | not_officially_verified","https://card.nonghyup.com/index_cardProd.html?SERVICE_ID=IPCC2021R&NAVIGATE_TYPE=1&cd_wrs_sqno=90010515&FromSite=53","zgm 할인카드 피킹률 | zgm 할인카드 실제 혜택 | NH농협 zgm 할인카드 카드 추천"
"naver-card-10538","우리카드 the OPUS silver","우리","30","5.357","37500","500000","50000","8","1","false","78","P0","estimated_rule | single_tier_high_cap | high_picking_without_external_benchmark | not_officially_verified","https://m.wooricard.com/dcmw/yh1/crd/crd01/M1CRD101S02.do?cdPrdCd=103500&canvasser=88801075&utm_source=naver_cs&utm_medium=cpc&utm_campaign=M_%ec%b9%b4%eb%93%9c%ec%84%b9%ec%85%98&utm_content={keyword}&utm_term=%EC%9A%B0%EB%A6%AC%EC%B9%B4%EB%93%9CtheOPUSsilver","우리카드 the OPUS silver 피킹률 | 우리카드 the OPUS silver 실제 혜택 | 우리 우리카드 the OPUS silver 카드 추천"
"naver-card-2226","경차 smart 롯데카드","롯데","31","5.166","36160","300000","300000","5","1","false","98","P0","estimated_rule | single_tier_high_cap | monthly_cap_outlier | high_picking_without_external_benchmark | not_officially_verified","http://m.lottecard.co.kr/spa/card/booth?bId=102802&vtCdKndC=P11881-A11881&npayUseYn=Y&utm_source=sa_naver_cs&utm_medium=cpc&utm_campaign=m_card&utm_content=carsmart&utm_term=%EC%8B%A0%EC%9A%A9%EC%B9%B4%EB%93%9C","경차 smart 롯데카드 피킹률 | 경차 smart 롯데카드 실제 혜택 | 롯데 경차 smart 롯데카드 카드 추천"
"naver-card-10354","IBK K-패스(신용)","IBK기업은행","32","4.976","34833","200000","200000","5","1","false","98","P0","estimated_rule | single_tier_high_cap | monthly_cap_outlier | high_picking_without_external_benchmark | not_officially_verified","https://www.ibk.co.kr/cardbiz/detailBizNew.ibk?PDLN_CD=12&PDGR_CD=11&PDTM_CD=258&PDCD=0004&ad_cd=nvmo&mz_cd=ADGROUN","IBK K-패스(신용) 피킹률 | IBK K-패스(신용) 실제 혜택 | IBK기업은행 IBK K-패스(신용) 카드 추천"
"naver-card-1597","CU·배달의민족 삼성카드 taptap","삼성","33","4.881","34167","300000","300000","3","1","false","98","P0","estimated_rule | single_tier_high_cap | monthly_cap_outlier | high_picking_without_external_benchmark | not_officially_verified","https://www.samsungcard.com/personal/card/simple-apply/UHPPCA0225M0.jsp?code=AAP1501&alncmpC=QACDMB19&affcode=QACDMB19&BSCPN=BCTS&BSPRG=MNAVERCARD&BSCCN1=MB_%EC%8B%A0%EA%B2%80_AAP1501_CU%C2%B7%EB%B0%B0%EB%8B%AC%EC%9D%98%EB%AF%BC%EC%A1%B1%20%EC%82%BC%EC%84%B1%EC%B9%B4%EB%93%9C%20taptap&utm_campaign=CU%C2%B7%EB%B0%B0%EB%8B%AC%EC%9D%98%EB%AF%BC%EC%A1%B1%20%EC%82%BC%EC%84%B1%EC%B9%B4%EB%93%9C%20taptap&utm_medium=CSA&utm_source=%EB%84%A4%EC%9D%B4%EB%B2%84%20%EC%8B%A0%EC%9A%A9%EC%B9%B4%EB%93%9C%20%EA%B2%80%EC%83%89%20%EB%AA%A8%EB%B0%94%EC%9D%BC&utm_term={query}","CU·배달의민족 삼성카드 taptap 피킹률 | CU·배달의민족 삼성카드 taptap 실제 혜택 | 삼성 CU·배달의민족 삼성카드 taptap 카드 추천"
"naver-card-10462","삼성 iD STATION 카드 (SK에너지)","삼성","34","4.821","33750","400000","35000","5","1","false","78","P0","estimated_rule | single_tier_high_cap | high_picking_without_external_benchmark | not_officially_verified","https://www.samsungcard.com/personal/card/simple-apply/UHPPCA0225M0.jsp?code=AAP1855&alncmpC=QACDMB42&affcode=QACDMB42&BSCPN=BCTS&BSPRG=MNAVERCARD&BSCCN1=MB_%EC%8B%A0%EA%B2%80_AAP1855_%EC%82%BC%EC%84%B1%20iD%20STATION%20%EC%B9%B4%EB%93%9C%20%28SK%EC%97%90%EB%84%88%EC%A7%80%29&utm_campaign=%EC%82%BC%EC%84%B1%20iD%20STATION%20%EC%B9%B4%EB%93%9C%20%28SK%EC%97%90%EB%84%88%EC%A7%80%29&utm_medium=CSA&utm_source=%EB%84%A4%EC%9D%B4%EB%B2%84%20%EC%8B%A0%EC%9A%A9%EC%B9%B4%EB%93%9C%20%EA%B2%80%EC%83%89%20%EB%AA%A8%EB%B0%94%EC%9D%BC&utm_term={query}","삼성 iD STATION 카드 (SK에너지) 피킹률 | 삼성 iD STATION 카드 (SK에너지) 실제 혜택 | 삼성 삼성 iD STATION 카드 (SK에너지) 카드 추천"
"naver-card-10596","삼성 iD STATION 카드 (HD현대오일뱅크)","삼성","35","4.821","33750","400000","35000","5","1","false","78","P0","estimated_rule | single_tier_high_cap | high_picking_without_external_benchmark | not_officially_verified","https://www.samsungcard.com/personal/card/simple-apply/UHPPCA0225M0.jsp?code=AAP1897&alncmpC=QACDMB44&affcode=QACDMB44&BSCPN=BCTS&BSPRG=MNAVERCARD&BSCCN1=MB_%EC%8B%A0%EA%B2%80_AAP1897_%EC%82%BC%EC%84%B1%20iD%20STATION%20%EC%B9%B4%EB%93%9C%20%28HD%ED%98%84%EB%8C%80%EC%98%A4%EC%9D%BC%EB%B1%85%ED%81%AC%29&utm_campaign=%EC%82%BC%EC%84%B1%20iD%20STATION%20%EC%B9%B4%EB%93%9C%20%28HD%ED%98%84%EB%8C%80%EC%98%A4%EC%9D%BC%EB%B1%85%ED%81%AC%29&utm_medium=CSA&utm_source=%EB%84%A4%EC%9D%B4%EB%B2%84%20%EC%8B%A0%EC%9A%A9%EC%B9%B4%EB%93%9C%20%EA%B2%80%EC%83%89%20%EB%AA%A8%EB%B0%94%EC%9D%BC&utm_term={query}","삼성 iD STATION 카드 (HD현대오일뱅크) 피킹률 | 삼성 iD STATION 카드 (HD현대오일뱅크) 실제 혜택 | 삼성 삼성 iD STATION 카드 (HD현대오일뱅크) 카드 추천"
"naver-card-10448","the Red(M포인트형)","현대","36","4.521","31650","500000","300000","2","1","false","98","P0","estimated_rule | single_tier_high_cap | monthly_cap_outlier | high_picking_without_external_benchmark | not_officially_verified","https://www.hyundaicard.com/cpc/cr/CPCCR0201_01.hc?cardWcd=TRME6&eventCode=DMVBR","the Red(M포인트형) 피킹률 | the Red(M포인트형) 실제 혜택 | 현대 the Red(M포인트형) 카드 추천"
"naver-card-2533","신한카드 Deep On Platinum+","신한","37","4.357","30500","300000","300000","2","1","false","98","P0","estimated_rule | single_tier_high_cap | monthly_cap_outlier | high_picking_without_external_benchmark | not_officially_verified","https://www.shinhancard.com/pconts/html/card/apply/credit/1188280_2207.html?EntryLoc1=TM5073&EntryLoc2=2916&empSeq=508&btnApp=R0I1G3T4J&utm_source=naver%5Fcredit&utm_medium=cpc&utm_campaign=online%5Fmobile%5Fdeepon","신한카드 Deep On Platinum+ 피킹률 | 신한카드 Deep On Platinum+ 실제 혜택 | 신한 신한카드 Deep On Platinum+ 카드 추천"
"naver-card-10355","신한카드 K-패스","신한","38","4.345","30417","300000","300000","6","1","false","98","P0","estimated_rule | single_tier_high_cap | monthly_cap_outlier | high_picking_without_external_benchmark | not_officially_verified","https://www.shinhancard.com/pconts/html/card/apply/credit/1225543_2207.html?EntryLoc2=3460&empSeq=515&btnApp=L0S1H3&utm_source=naver_credit&utm_medium=cpc&utm_campaign=online_mo_kpass&utm_term={keyword}","신한카드 K-패스 피킹률 | 신한카드 K-패스 실제 혜택 | 신한 신한카드 K-패스 카드 추천"
"naver-card-10414","the Red(항공 마일리지형)","현대","39","4.286","30000","500000","300000","1","1","false","78","P0","single_tier_high_cap | monthly_cap_outlier | high_picking_without_external_benchmark | not_officially_verified","https://www.hyundaicard.com/cpc/cr/CPCCR0201_01.hc?cardWcd=TRE6&eventCode=DMVAQ","the Red(항공 마일리지형) 피킹률 | the Red(항공 마일리지형) 실제 혜택 | 현대 the Red(항공 마일리지형) 카드 추천"
"naver-card-10637","KT 으랏차차 신한카드","신한","40","4.286","30000","500000","33000","1","1","false","78","P0","estimated_rule | single_tier_high_cap | high_picking_without_external_benchmark | not_officially_verified","https://www.shinhancard.com/pconts/html/card/apply/credit/1235115_2207.html?empSeq=502","KT 으랏차차 신한카드 피킹률 | KT 으랏차차 신한카드 실제 혜택 | 신한 KT 으랏차차 신한카드 카드 추천"
"naver-card-10636","파인애플 신한카드","신한","41","4.143","29000","300000","300000","3","1","false","98","P0","estimated_rule | single_tier_high_cap | monthly_cap_outlier | high_picking_without_external_benchmark | not_officially_verified","https://www.shinhancard.com/pconts/html/card/apply/credit/1195357_2207.html?empSeq=502","파인애플 신한카드 피킹률 | 파인애플 신한카드 실제 혜택 | 신한 파인애플 신한카드 카드 추천"
"naver-card-10317","어디로든 그린카드 X LOCA","롯데","42","4.107","28750","300000","30000","7","1","false","78","P0","estimated_rule | single_tier_high_cap | high_picking_without_external_benchmark | not_officially_verified","http://m.lottecard.co.kr/spa/card/booth?bId=92793&vtCdKndC=P14744-A14744&npayUseYn=Y","어디로든 그린카드 X LOCA 피킹률 | 어디로든 그린카드 X LOCA 실제 혜택 | 롯데 어디로든 그린카드 X LOCA 카드 추천"
"naver-card-10369","The CJ-현대카드M Edition2","현대","43","4.107","28750","0","30000","5","1","false","78","P0","estimated_rule | single_tier_high_cap | high_picking_without_external_benchmark | not_officially_verified","https://www.hyundaicard.com/cpc/cr/CPCCR0201_01.hc?cardflag=RC&cardWcd=MCJE2","The CJ-현대카드M Edition2 피킹률 | The CJ-현대카드M Edition2 실제 혜택 | 현대 The CJ-현대카드M Edition2 카드 추천"
"naver-card-10609","이마트 신한카드","신한","44","4.050","28350","400000","30000","9","1","false","78","P0","estimated_rule | single_tier_high_cap | high_picking_without_external_benchmark | not_officially_verified","https://www.shinhancard.com/pconts/html/card/apply/credit/1236769_2207.html?EntryLoc2=4485&empSeq=502&utm_source=naver_credit&utm_medium=cpc&utm_campaign=online_mobile_emartcard","이마트 신한카드 피킹률 | 이마트 신한카드 실제 혜택 | 신한 이마트 신한카드 카드 추천"
"naver-card-1400","NH농협 국민행복카드(비씨)","NH농협","45","4.036","28250","300000","300000","5","1","false","78","P0","single_tier_high_cap | monthly_cap_outlier | high_picking_without_external_benchmark | not_officially_verified","https://card.nonghyup.com/index_cardProd.html?SERVICE_ID=IPCC2021R&NAVIGATE_TYPE=1&cd_wrs_sqno=90000319&FromSite=53","NH농협 국민행복카드(비씨) 피킹률 | NH농협 국민행복카드(비씨) 실제 혜택 | NH농협 NH농협 국민행복카드(비씨) 카드 추천"
"naver-card-10479","미미(美米)카드","NH농협","46","3.952","27667","400000","30000","1","1","false","61","P1","estimated_rule | single_tier_high_cap | top_rank_without_external_benchmark | not_officially_verified","https://card.nonghyup.com/index_cardProd.html?SERVICE_ID=IPCC2021R&NAVIGATE_TYPE=1&cd_wrs_sqno=90010543&FromSite=53","미미(美米)카드 피킹률 | 미미(美米)카드 실제 혜택 | NH농협 미미(美米)카드 카드 추천"
"naver-card-10570","LOCA Biz","롯데","47","3.929","27500","500000","30000","9","1","false","61","P1","estimated_rule | single_tier_high_cap | top_rank_without_external_benchmark | not_officially_verified","http://m.lottecard.co.kr/spa/card/booth?bId=103747&vtCdKndC=P15766-A15766&npayUseYn=Y&utm_source=sa_naver_cs&utm_medium=cpc&utm_campaign=m_card_application&utm_content=2601_biz_01&utm_term=신용카드","LOCA Biz 피킹률 | LOCA Biz 실제 혜택 | 롯데 LOCA Biz 카드 추천"
"naver-card-10569","디지로카 Link","롯데","48","3.929","27500","500000","30000","10","1","false","61","P1","estimated_rule | single_tier_high_cap | top_rank_without_external_benchmark | not_officially_verified","http://m.lottecard.co.kr/spa/card/booth?bId=103745&vtCdKndC=P15787-A15787&npayUseYn=Y&utm_source=sa_naver_cs&utm_medium=cpc&utm_campaign=m_card_application&utm_content=2601_link_01&utm_term=신용카드","디지로카 Link 피킹률 | 디지로카 Link 실제 혜택 | 롯데 디지로카 Link 카드 추천"
"naver-card-10313","zgm living카드","NH농협","49","3.690","25833","500000","30000","3","1","false","61","P1","estimated_rule | single_tier_high_cap | top_rank_without_external_benchmark | not_officially_verified","https://card.nonghyup.com/index_cardProd.html?SERVICE_ID=IPCC2021R&NAVIGATE_TYPE=1&cd_wrs_sqno=90010504&FromSite=53","zgm living카드 피킹률 | zgm living카드 실제 혜택 | NH농협 zgm living카드 카드 추천"
"naver-card-10314","zgm shopping카드","NH농협","50","3.690","25833","500000","30000","3","1","false","61","P1","estimated_rule | single_tier_high_cap | top_rank_without_external_benchmark | not_officially_verified","https://card.nonghyup.com/index_cardProd.html?SERVICE_ID=IPCC2021R&NAVIGATE_TYPE=1&cd_wrs_sqno=90010505&FromSite=53","zgm shopping카드 피킹률 | zgm shopping카드 실제 혜택 | NH농협 zgm shopping카드 카드 추천"
"naver-card-2206","NH20 해봄카드","NH농협","51","3.452","24167","300000","40000","10","4","false","28","P2","estimated_rule | not_officially_verified","https://card.nonghyup.com/index_cardProd.html?SERVICE_ID=IPCC2021R&NAVIGATE_TYPE=1&cd_wrs_sqno=90000372&FromSite=53","NH20 해봄카드 피킹률 | NH20 해봄카드 실제 혜택 | NH농협 NH20 해봄카드 카드 추천"
"naver-card-3959","아메리칸 엑스프레스 블루","삼성","52","3.343","23400","300000","300000","7","1","false","63","P1","estimated_rule | single_tier_high_cap | monthly_cap_outlier | not_officially_verified","https://www.samsungcard.com/personal/card/simple-apply/UHPPCA0225M0.jsp?code=AAP1671&alncmpC=QACDMB09&affcode=QACDMB09&BSCPN=BCTS&BSPRG=MNAVERCARD&BSCCN1=MB_%EC%8B%A0%EA%B2%80_AAP1671_%EC%95%84%EB%A9%94%EB%A6%AC%EC%B9%B8%20%EC%97%91%EC%8A%A4%ED%94%84%EB%A0%88%EC%8A%A4%20%EB%B8%94%EB%A3%A8&utm_campaign=%EC%95%84%EB%A9%94%EB%A6%AC%EC%B9%B8%20%EC%97%91%EC%8A%A4%ED%94%84%EB%A0%88%EC%8A%A4%20%EB%B8%94%EB%A3%A8&utm_medium=CSA&utm_source=%EB%84%A4%EC%9D%B4%EB%B2%84%20%EC%8B%A0%EC%9A%A9%EC%B9%B4%EB%93%9C%20%EA%B2%80%EC%83%89%20%EB%AA%A8%EB%B0%94%EC%9D%BC&utm_term={query}","아메리칸 엑스프레스 블루 피킹률 | 아메리칸 엑스프레스 블루 실제 혜택 | 삼성 아메리칸 엑스프레스 블루 카드 추천"
"naver-card-10463","삼성 iD STATION 카드 (GS칼텍스)","삼성","53","2.821","19750","400000","35000","4","1","false","43","P2","estimated_rule | single_tier_high_cap | not_officially_verified","https://www.samsungcard.com/personal/card/simple-apply/UHPPCA0225M0.jsp?code=AAP1856&alncmpC=QACDMB43&affcode=QACDMB43&BSCPN=BCTS&BSPRG=MNAVERCARD&BSCCN1=MB_%EC%8B%A0%EA%B2%80_AAP1856_%EC%82%BC%EC%84%B1%20iD%20STATION%20%EC%B9%B4%EB%93%9C%20%28GS%EC%B9%BC%ED%85%8D%EC%8A%A4%29&utm_campaign=%EC%82%BC%EC%84%B1%20iD%20STATION%20%EC%B9%B4%EB%93%9C%20%28GS%EC%B9%BC%ED%85%8D%EC%8A%A4%29&utm_medium=CSA&utm_source=%EB%84%A4%EC%9D%B4%EB%B2%84%20%EC%8B%A0%EC%9A%A9%EC%B9%B4%EB%93%9C%20%EA%B2%80%EC%83%89%20%EB%AA%A8%EB%B0%94%EC%9D%BC&utm_term={query}","삼성 iD STATION 카드 (GS칼텍스) 피킹률 | 삼성 iD STATION 카드 (GS칼텍스) 실제 혜택 | 삼성 삼성 iD STATION 카드 (GS칼텍스) 카드 추천"
"naver-card-10169","BC 바로 클리어 플러스","BC","54","2.798","19583","150000","20000","5","1","false","28","P2","estimated_rule | not_officially_verified","https://app.paybooc.co.kr/ui/appLink?landingId=P0901PG002W&cardPdctCd=101922&incnChnlDv=Mobile&affiCd=R011","BC 바로 클리어 플러스 피킹률 | BC 바로 클리어 플러스 실제 혜택 | BC BC 바로 클리어 플러스 카드 추천"
"naver-card-10268","BC 바로 K-패스 카드","BC","55","2.786","19500","300000","30000","3","1","false","43","P2","estimated_rule | single_tier_high_cap | not_officially_verified","https://web.paybooc.co.kr/web/evnt/evnt-dts?pybcUnifEvntNo=2026050013&amp;affiCd=R011","BC 바로 K-패스 카드 피킹률 | BC 바로 K-패스 카드 실제 혜택 | BC BC 바로 K-패스 카드 카드 추천"
"naver-card-1715","기업은행 일상의 기쁨카드","IBK기업은행","56","2.714","19000","500000","20000","3","1","false","28","P2","estimated_rule | not_officially_verified","https://www.ibk.co.kr/cardbiz/detailBizNew.ibk?PDLN_CD=12&PDGR_CD=11&PDTM_CD=309&PDCD=0001&ad_cd=nvmo&mz_cd=ADGROUN","기업은행 일상의 기쁨카드 피킹률 | 기업은행 일상의 기쁨카드 실제 혜택 | IBK기업은행 기업은행 일상의 기쁨카드 카드 추천"
"naver-card-10492","카드의정석2","우리","57","2.704","18927","500000","36000","10","1","false","43","P2","estimated_rule | single_tier_high_cap | not_officially_verified","https://m.wooricard.com/dcmw/yh1/crd/crd01/M1CRD101S02.do?cdPrdCd=102997&canvasser=88801075&utm_source=naver_cs&utm_medium=cpc&utm_campaign=M_%ec%b9%b4%eb%93%9c%ec%84%b9%ec%85%98&utm_content={keyword}&utm_term=%EC%B9%B4%EB%93%9C%EC%9D%98%EC%A0%95%EC%84%9D2","카드의정석2 피킹률 | 카드의정석2 실제 혜택 | 우리 카드의정석2 카드 추천"
"naver-card-10501","I-기후동행카드(신용)","IBK기업은행","58","2.690","18833","500000","20000","2","1","false","28","P2","estimated_rule | not_officially_verified","https://www.ibk.co.kr/cardbiz/detailBizNew.ibk?pageId=&PDLN_CD=12&PDGR_CD=11&PDTM_CD=338&PDCD=0015&ad_cd=nvmo&mz_cd=ADGROUN","I-기후동행카드(신용) 피킹률 | I-기후동행카드(신용) 실제 혜택 | IBK기업은행 I-기후동행카드(신용) 카드 추천"
"naver-card-10141","LOCA 365","롯데","59","2.619","18333","500000","20000","6","1","false","28","P2","estimated_rule | not_officially_verified","https://m.lottecard.co.kr/spa/card/booth?bId=74797&vtCdKndC=P14028-A14028&npayUseYn=Y&utm_source=sa_naver_cs&utm_medium=cpc&utm_campaign=m_card_application&utm_content=loca365&utm_term=%EC%8B%A0%EC%9A%A9%EC%B9%B4%EB%93%9C","LOCA 365 피킹률 | LOCA 365 실제 혜택 | 롯데 LOCA 365 카드 추천"
"naver-card-10309","LG U+ X LOCA","롯데","60","2.619","18333","300000","20000","1","1","false","28","P2","estimated_rule | not_officially_verified","http://m.lottecard.co.kr/spa/card/booth?bId=92457&vtCdKndC=P14073-A14073&npayUseYn=Y","LG U+ X LOCA 피킹률 | LG U+ X LOCA 실제 혜택 | 롯데 LG U+ X LOCA 카드 추천"
"naver-card-10579","Toss Mobile x LOCA","롯데","61","2.619","18333","300000","20000","1","1","false","28","P2","estimated_rule | not_officially_verified","http://m.lottecard.co.kr/spa/card/booth?bId=104644&vtCdKndC=P14447-A14447&npayUseYn=Y&utm_source=sa_naver_cs&utm_medium=cpc&utm_campaign=m_card_application&utm_content=2602_toss_01&utm_term=신용카드","Toss Mobile x LOCA 피킹률 | Toss Mobile x LOCA 실제 혜택 | 롯데 Toss Mobile x LOCA 카드 추천"
"naver-card-10454","K-패스엔로카","롯데","62","2.619","18333","400000","20000","10","1","false","28","P2","estimated_rule | not_officially_verified","http://m.lottecard.co.kr/spa/card/booth?bId=96492&vtCdKndC=P15644-A15644&npayUseYn=Y&utm_source=sa_naver_cs&utm_medium=cpc&utm_campaign=m_card_application&utm_content=2502_kpass_01&utm_term=신용카드","K-패스엔로카 피킹률 | K-패스엔로카 실제 혜택 | 롯데 K-패스엔로카 카드 추천"
"naver-card-10504","코웨이 X LOCA","롯데","63","2.619","18333","300000","27000","1","1","false","28","P2","estimated_rule | not_officially_verified","http://m.lottecard.co.kr/spa/card/booth?bId=101223&vtCdKndC=P14701-A14701&npayUseYn=Y&utm_source=sa_naver_cs&utm_medium=cpc&utm_campaign=m_card_application&utm_content=2506_coway_01&utm_term=신용카드","코웨이 X LOCA 피킹률 | 코웨이 X LOCA 실제 혜택 | 롯데 코웨이 X LOCA 카드 추천"
"naver-card-10502","쿠쿠 X LOCA","롯데","64","2.619","18333","300000","27000","1","1","false","28","P2","estimated_rule | not_officially_verified","http://m.lottecard.co.kr/spa/card/booth?bId=101224&vtCdKndC=P14693-A14693&npayUseYn=Y&utm_source=sa_naver_cs&utm_medium=cpc&utm_campaign=m_card_application&utm_content=2506_cuckoo_01&utm_term=신용카드","쿠쿠 X LOCA 피킹률 | 쿠쿠 X LOCA 실제 혜택 | 롯데 쿠쿠 X LOCA 카드 추천"
"naver-card-10503","SK인텔릭스 X LOCA","롯데","65","2.619","18333","300000","27000","1","1","false","28","P2","estimated_rule | not_officially_verified","http://m.lottecard.co.kr/spa/card/booth?bId=101222&vtCdKndC=P14685-A14685&npayUseYn=Y&utm_source=sa_naver_cs&utm_medium=cpc&utm_campaign=m_card_application&utm_content=2506_sk_01&utm_term=신용카드","SK인텔릭스 X LOCA 피킹률 | SK인텔릭스 X LOCA 실제 혜택 | 롯데 SK인텔릭스 X LOCA 카드 추천"
"naver-card-10516","청호나이스 X LOCA","롯데","66","2.619","18333","300000","25000","1","1","false","28","P2","estimated_rule | not_officially_verified","http://m.lottecard.co.kr/spa/card/booth?bId=101729&vtCdKndC=P15683-A15683&npayUseYn=Y&utm_source=sa_naver_cs&utm_medium=cpc&utm_campaign=m_card_application&utm_content=2507_chungho_01&utm_term=신용카드","청호나이스 X LOCA 피킹률 | 청호나이스 X LOCA 실제 혜택 | 롯데 청호나이스 X LOCA 카드 추천"
"naver-card-10488","신한카드 Point Plan(서울시다둥이행복카드)","신한","67","2.619","18333","400000","20000","5","1","false","28","P2","estimated_rule | not_officially_verified","https://www.shinhancard.com/pconts/html/card/apply/credit/1231471_2207.html?EntryLoc2=3526&empSeq=512&btnApp=L0S1H3&utm_source=naver_credit&utm_medium=cpc&utm_campaign=online_mo_discountplanplus&utm_content=card&utm_term={keyword}","신한카드 Point Plan(서울시다둥이행복카드) 피킹률 | 신한카드 Point Plan(서울시다둥이행복카드) 실제 혜택 | 신한 신한카드 Point Plan(서울시다둥이행복카드) 카드 추천"
"naver-card-10308","Triple in LOCA","롯데","68","2.619","18333","400000","30000","1","1","false","43","P2","estimated_rule | single_tier_high_cap | not_officially_verified","http://m.lottecard.co.kr/spa/card/booth?bId=92352&vtCdKndC=P14451-A14451&npayUseYn=Y&utm_source=sa_naver_cs&utm_medium=cpc&utm_campaign=m_card_application&utm_content=tripleinloca&utm_term=%EC%8B%A0%EC%9A%A9%EC%B9%B4%EB%93%9C","Triple in LOCA 피킹률 | Triple in LOCA 실제 혜택 | 롯데 Triple in LOCA 카드 추천"
"naver-card-10642","LG전자 The 구독케어 신한카드","신한","69","2.595","18167","300000","300000","1","1","false","43","P2","single_tier_high_cap | monthly_cap_outlier | not_officially_verified","https://www.shinhancard.com/pconts/html/card/apply/credit/1234346_2207.html?empSeq=505","LG전자 The 구독케어 신한카드 피킹률 | LG전자 The 구독케어 신한카드 실제 혜택 | 신한 LG전자 The 구독케어 신한카드 카드 추천"
"naver-card-10524","KT Super DC 롯데카드","롯데","70","2.583","18083","300000","23000","1","1","false","28","P2","estimated_rule | not_officially_verified","http://m.lottecard.co.kr/spa/card/booth?bId=102324&vtCdKndC=P14262-A14262&npayUseYn=Y&utm_source=sa_naver_cs&utm_medium=cpc&utm_campaign=m_card_application&utm_content=2508_superdc_01&utm_term=신용카드","KT Super DC 롯데카드 피킹률 | KT Super DC 롯데카드 실제 혜택 | 롯데 KT Super DC 롯데카드 카드 추천"
"naver-card-10625","U+ X LOCA 라이트 할부 카드","롯데","71","2.560","17917","500000","20000","3","1","false","28","P2","estimated_rule | not_officially_verified","http://m.lottecard.co.kr/spa/card/booth?bId=105558&vtCdKndC=P15762-A15762&utm_source=sa_naver_cs&utm_medium=cpc&utm_campaign=m_card_application&utm_content=2605_lglite_01&utm_term=신용카드","U+ X LOCA 라이트 할부 카드 피킹률 | U+ X LOCA 라이트 할부 카드 실제 혜택 | 롯데 U+ X LOCA 라이트 할부 카드 카드 추천"
"naver-card-10387","디지로카 Edu","롯데","72","2.436","17050","500000","30000","4","1","false","43","P2","estimated_rule | single_tier_high_cap | not_officially_verified","http://m.lottecard.co.kr/spa/card/booth?bId=94316&vtCdKndC=P15614-A15614&npayUseYn=Y&utm_source=sa_naver_cs&utm_medium=cpc&utm_campaign=m_card_application&utm_content=2407_edu_01&utm_term=신용카드","디지로카 Edu 피킹률 | 디지로카 Edu 실제 혜택 | 롯데 디지로카 Edu 카드 추천"
"naver-card-10388","디지로카 Golf","롯데","73","2.436","17050","500000","30000","4","1","false","43","P2","estimated_rule | single_tier_high_cap | not_officially_verified","http://m.lottecard.co.kr/spa/card/booth?bId=94314&vtCdKndC=P15608-A15608&npayUseYn=Y&utm_source=sa_naver_cs&utm_medium=cpc&utm_campaign=m_card_application&utm_content=2407_golf_03&utm_term=신용카드","디지로카 Golf 피킹률 | 디지로카 Golf 실제 혜택 | 롯데 디지로카 Golf 카드 추천"
"naver-card-10441","세라젬 KB국민카드","KB국민","74","2.250","15750","300000","17000","1","1","false","8","P2","not_officially_verified","https://m.kbcard.com/CRD/DVIEW/MCAMCXHIACRC0002?allianceCode=04331&mainCC=b","세라젬 KB국민카드 피킹률 | 세라젬 KB국민카드 실제 혜택 | KB국민 세라젬 KB국민카드 카드 추천"
"naver-card-10556","한화손해보험 캐롯 KB국민카드","KB국민","75","2.250","15750","300000","17000","1","1","false","8","P2","not_officially_verified","https://m.kbcard.com/CRD/DVIEW/MCAMCXHIACRC0002?allianceCode=04339&mainCC=b","한화손해보험 캐롯 KB국민카드 피킹률 | 한화손해보험 캐롯 KB국민카드 실제 혜택 | KB국민 한화손해보험 캐롯 KB국민카드 카드 추천"
"naver-card-10539","소노아임레디 KB국민카드","KB국민","76","2.250","15750","300000","17000","1","1","false","28","P2","estimated_rule | not_officially_verified","https://m.kbcard.com/CRD/DVIEW/MCAMCXHIACRC0002?allianceCode=04342&mainCC=b","소노아임레디 KB국민카드 피킹률 | 소노아임레디 KB국민카드 실제 혜택 | KB국민 소노아임레디 KB국민카드 카드 추천"
"naver-card-2337","신한카드 Deep Oil","신한","77","2.238","15667","300000","150000","4","1","false","63","P1","estimated_rule | single_tier_high_cap | monthly_cap_outlier | not_officially_verified","https://www.shinhancard.com/pconts/html/card/apply/credit/1188274_2207.html?EntryLoc2=2871&empSeq=855&btnApp=DP0A1Q3&utm_source=naver_credit&utm_medium=cpc&utm_campaign=online_mo_deepoil","신한카드 Deep Oil 피킹률 | 신한카드 Deep Oil 실제 혜택 | 신한 신한카드 Deep Oil 카드 추천"
"naver-card-10624","TELLO T 라이트 할부 카드","롯데","78","2.210","15473","400000","20000","2","1","false","28","P2","estimated_rule | not_officially_verified","https://www.lottecard.co.kr/app/LPCDADB_V100.lc?vtCdKndC=P14443-A14443","TELLO T 라이트 할부 카드 피킹률 | TELLO T 라이트 할부 카드 실제 혜택 | 롯데 TELLO T 라이트 할부 카드 카드 추천"
"naver-card-10390","디지로카 Pet","롯데","79","2.186","15300","500000","30000","4","1","false","43","P2","estimated_rule | single_tier_high_cap | not_officially_verified","http://m.lottecard.co.kr/spa/card/booth?bId=94318&vtCdKndC=P15596-A15596&npayUseYn=Y&utm_source=sa_naver_cs&utm_medium=cpc&utm_campaign=m_card_application&utm_content=2407_pet_01&utm_term=신용카드","디지로카 Pet 피킹률 | 디지로카 Pet 실제 혜택 | 롯데 디지로카 Pet 카드 추천"
"naver-card-10527","스타필드 신한카드","신한","80","2.155","15083","400000","100000","3","1","false","63","P1","estimated_rule | single_tier_high_cap | monthly_cap_outlier | not_officially_verified","https://www.shinhancard.com/pconts/html/card/apply/credit/1233072_2207.html?EntryLoc=3541&empSeq=512&utm_source=naver_credit&utm_medium=cpc&utm_campaign=online_mo_starfield&utm_content=card&utm_term={keyword}","스타필드 신한카드 피킹률 | 스타필드 신한카드 실제 혜택 | 신한 스타필드 신한카드 카드 추천"
"naver-card-10449","the Red Stripe Edition2(M포인트형)","현대","81","2.140","14983","500000","300000","3","1","false","63","P1","estimated_rule | single_tier_high_cap | monthly_cap_outlier | not_officially_verified","https://www.hyundaicard.com/cpc/cr/CPCCR0201_01.hc?cardWcd=TRMSTE2&eventCode=DMVCR","the Red Stripe Edition2(M포인트형) 피킹률 | the Red Stripe Edition2(M포인트형) 실제 혜택 | 현대 the Red Stripe Edition2(M포인트형) 카드 추천"
"naver-card-1570","신한카드 YOLOⓘ","신한","82","2.107","14750","300000","300000","1","1","false","43","P2","single_tier_high_cap | monthly_cap_outlier | not_officially_verified","https://www.shinhancard.com/pconts/html/card/apply/credit/1187924_2207.html?EntryLoc1=TM2534&EntryLoc2=2804&empSeq=503&btnApp=BJ1K3&utm_source=naver%5Fcredit&utm_medium=cpc&utm_campaign=online%5Fmobile%5Fyoloi","신한카드 YOLOⓘ 피킹률 | 신한카드 YOLOⓘ 실제 혜택 | 신한 신한카드 YOLOⓘ 카드 추천"
"naver-card-10440","BC 바로 기후동행카드","BC","83","2.060","14417","300000","15000","5","1","false","28","P2","estimated_rule | not_officially_verified","https://app.paybooc.co.kr/ui/appLink?landingId=P0901PG002W&cardPdctCd=103992&incnChnlDv=Mobile&affiCd=R011","BC 바로 기후동행카드 피킹률 | BC 바로 기후동행카드 실제 혜택 | BC BC 바로 기후동행카드 카드 추천"
"naver-card-10444","신한 후불 기후동행 신용카드","신한","84","2.036","14250","400000","30000","2","1","false","43","P2","estimated_rule | single_tier_high_cap | not_officially_verified","https://www.shinhancard.com/pconts/html/card/apply/credit/1230340_2207.html?EntryLoc2=3502&empSeq=511&btnApp=L0S1H3&utm_source=naver_credit&utm_medium=cpc&utm_campaign=online_mo_climate&utm_content=card&utm_term={keyword}","신한 후불 기후동행 신용카드 피킹률 | 신한 후불 기후동행 신용카드 실제 혜택 | 신한 신한 후불 기후동행 신용카드 카드 추천"
"naver-card-835","국방복지카드 KB국민 Prestige Members카드","KB국민","85","1.979","13850","300000","300000","4","1","false","63","P1","estimated_rule | single_tier_high_cap | monthly_cap_outlier | not_officially_verified","https://m.kbcard.com/CRD/DVIEW/MCAMCXHIACRC0002?mainCC=b&allianceCode=02280&solicitorcode=7030023030&jehuId=NPAY","국방복지카드 KB국민 Prestige Members카드 피킹률 | 국방복지카드 KB국민 Prestige Members카드 실제 혜택 | KB국민 국방복지카드 KB국민 Prestige Members카드 카드 추천"
"naver-card-10412","the Red Stripe Edition2(마일리지형)","현대","86","1.905","13333","500000","300000","2","1","false","43","P2","single_tier_high_cap | monthly_cap_outlier | not_officially_verified","https://www.hyundaicard.com/cpc/cr/CPCCR0201_01.hc?cardWcd=TRSTE2&eventCode=DMVBJ","the Red Stripe Edition2(마일리지형) 피킹률 | the Red Stripe Edition2(마일리지형) 실제 혜택 | 현대 the Red Stripe Edition2(마일리지형) 카드 추천"
"naver-card-10284","MY S-OIL 삼성카드","삼성","87","1.905","13333","300000","15000","4","1","false","28","P2","estimated_rule | not_officially_verified","https://www.samsungcard.com/personal/card/simple-apply/UHPPCA0225M0.jsp?code=AAP1792&alncmpC=QKNVSOIL&affcode=QKNVSOIL&BSCPN=BCTS&BSPRG=MNAVERCARD&BSCCN1=MB_%EC%8B%A0%EA%B2%80_AAP1792_MY%20S-OIL%20%EC%82%BC%EC%84%B1%EC%B9%B4%EB%93%9C&utm_campaign=MY%20S-OIL%20%EC%82%BC%EC%84%B1%EC%B9%B4%EB%93%9C&utm_medium=CSA&utm_source=%EB%84%A4%EC%9D%B4%EB%B2%84%20%EC%8B%A0%EC%9A%A9%EC%B9%B4%EB%93%9C%20%EA%B2%80%EC%83%89%20%EB%AA%A8%EB%B0%94%EC%9D%BC&utm_term={query}","MY S-OIL 삼성카드 피킹률 | MY S-OIL 삼성카드 실제 혜택 | 삼성 MY S-OIL 삼성카드 카드 추천"
"naver-card-10419","CU KB국민카드","KB국민","88","1.905","13333","400000","15000","4","1","false","28","P2","estimated_rule | not_officially_verified","https://m.kbcard.com/CRD/DVIEW/MCAMCXHIACRC0002?mainCC=b&allianceCode=09060","CU KB국민카드 피킹률 | CU KB국민카드 실제 혜택 | KB국민 CU KB국민카드 카드 추천"
"naver-card-10592","SK 주유 400 우리카드","우리","89","1.845","12917","400000","15000","5","1","false","28","P2","estimated_rule | not_officially_verified","https://m.wooricard.com/dcmw/yh1/crd/crd01/M1CRD101S02.do?cdPrdCd=104167&canvasser=88801076&utm_source=naver_cs&utm_medium=cpc&utm_campaign=MO_카드섹션&utm_content={keyword}&utm_term=SK주유400우리카드","SK 주유 400 우리카드 피킹률 | SK 주유 400 우리카드 실제 혜택 | 우리 SK 주유 400 우리카드 카드 추천"
"naver-card-2487","KB국민 코웨이Ⅱ카드","KB국민","90","1.786","12500","400000","20000","2","1","false","28","P2","estimated_rule | not_officially_verified","https://m.kbcard.com/CRD/DVIEW/MCAMCXHIACRC0002?mainCC=b&allianceCode=04423","KB국민 코웨이Ⅱ카드 피킹률 | KB국민 코웨이Ⅱ카드 실제 혜택 | KB국민 KB국민 코웨이Ⅱ카드 카드 추천"
"naver-card-3896","taptap SHOPPING","삼성","91","1.760","12317","300000","300000","4","1","false","63","P1","estimated_rule | single_tier_high_cap | monthly_cap_outlier | not_officially_verified","https://www.samsungcard.com/personal/card/simple-apply/UHPPCA0225M0.jsp?code=AAP1668&alncmpC=QACDMB06&affcode=QACDMB06&BSCPN=BCTS&BSPRG=MNAVERCARD&BSCCN1=MB_%EC%8B%A0%EA%B2%80_AAP1668_taptap%20SHOPPING&utm_campaign=taptap%20SHOPPING&utm_medium=CSA&utm_source=%EB%84%A4%EC%9D%B4%EB%B2%84%20%EC%8B%A0%EC%9A%A9%EC%B9%B4%EB%93%9C%20%EA%B2%80%EC%83%89%20%EB%AA%A8%EB%B0%94%EC%9D%BC&utm_term={query}","taptap SHOPPING 피킹률 | taptap SHOPPING 실제 혜택 | 삼성 taptap SHOPPING 카드 추천"
"naver-card-2414","NH올원 쇼핑&TLC카드","NH농협","92","1.702","11917","300000","20000","4","3","false","8","P3","not_officially_verified","https://card.nonghyup.com/index_cardProd.html?SERVICE_ID=IPCC2021R&NAVIGATE_TYPE=1&cd_wrs_sqno=90000380&FromSite=53","NH올원 쇼핑&TLC카드 피킹률 | NH올원 쇼핑&TLC카드 실제 혜택 | NH농협 NH올원 쇼핑&TLC카드 카드 추천"
"naver-card-1292","신한카드 B.Big(삑)","신한","93","1.681","11767","300000","300000","3","1","false","63","P1","estimated_rule | single_tier_high_cap | monthly_cap_outlier | not_officially_verified","https://www.shinhancard.com/pconts/html/card/apply/credit/1187938_2207.html?EntryLoc2=2739&empSeq=501&btnApp=E0F1E3J4&utm_source=naver%5Fcredit&utm_medium=cpc&utm_campaign=online%5Fmobile%5Fbbig","신한카드 B.Big(삑) 피킹률 | 신한카드 B.Big(삑) 실제 혜택 | 신한 신한카드 B.Big(삑) 카드 추천"
"naver-card-10391","디지로카 Wellness","롯데","94","1.636","11450","500000","30000","4","1","false","43","P2","estimated_rule | single_tier_high_cap | not_officially_verified","http://m.lottecard.co.kr/spa/card/booth?bId=94317&vtCdKndC=P15602-A15602&npayUseYn=Y&utm_source=sa_naver_cs&utm_medium=cpc&utm_campaign=m_card_application&utm_content=2407_wellness_01&utm_term=신용카드","디지로카 Wellness 피킹률 | 디지로카 Wellness 실제 혜택 | 롯데 디지로카 Wellness 카드 추천"
"naver-card-10310","KT DC PLUS 롯데카드","롯데","95","1.619","11333","400000","20000","1","1","false","28","P2","estimated_rule | not_officially_verified","http://m.lottecard.co.kr/spa/card/booth?bId=92456&vtCdKndC=P14445-A14445&npayUseYn=Y","KT DC PLUS 롯데카드 피킹률 | KT DC PLUS 롯데카드 실제 혜택 | 롯데 KT DC PLUS 롯데카드 카드 추천"
"naver-card-10608","무신사 삼성카드","삼성","96","1.610","11267","300000","300000","2","1","false","63","P1","estimated_rule | single_tier_high_cap | monthly_cap_outlier | not_officially_verified","https://www.samsungcard.com/personal/card/simple-apply/UHPPCA0225M0.jsp?code=AAP1911&alncmpC=QACDMB45&affcode=QACDMB45&BSCPN=BCTS&BSPRG=MNAVERCARD&BSCCN1=MB_%EC%8B%A0%EA%B2%80_AAP1911_%EB%AC%B4%EC%8B%A0%EC%82%AC%20%EC%82%BC%EC%84%B1%EC%B9%B4%EB%93%9C_musinsa&utm_campaign=%EB%AC%B4%EC%8B%A0%EC%82%AC%20%EC%82%BC%EC%84%B1%EC%B9%B4%EB%93%9C&utm_medium=naver&utm_source=%EB%84%A4%EC%9D%B4%EB%B2%84%20%EC%8B%A0%EC%9A%A9%EC%B9%B4%EB%93%9C%20%EA%B2%80%EC%83%89%20%EB%AA%A8%EB%B0%94%EC%9D%BC&utm_term={query}","무신사 삼성카드 피킹률 | 무신사 삼성카드 실제 혜택 | 삼성 무신사 삼성카드 카드 추천"
"naver-card-10375","디지로카 Las Vegas","롯데","97","1.576","11033","0","20000","10","1","false","28","P2","estimated_rule | not_officially_verified","http://m.lottecard.co.kr/spa/card/booth?bId=94076&vtCdKndC=P15584-A15584&npayUseYn=Y&utm_source=sa_naver_cs&utm_medium=cpc&utm_campaign=m_card_application&utm_content=2406_LasVegas_01&utm_term=신용카드","디지로카 Las Vegas 피킹률 | 디지로카 Las Vegas 실제 혜택 | 롯데 디지로카 Las Vegas 카드 추천"
"naver-card-10509","Trip to 로카","롯데","98","1.513","10593","300000","20000","10","1","false","28","P2","estimated_rule | not_officially_verified","http://m.lottecard.co.kr/spa/card/booth?bId=101225&vtCdKndC=P15678-A15678&npayUseYn=Y&utm_source=sa_naver_cs&utm_medium=cpc&utm_campaign=m_card_application&utm_content=2506_trip_01&utm_term=신용카드","Trip to 로카 피킹률 | Trip to 로카 실제 혜택 | 롯데 Trip to 로카 카드 추천"
"naver-card-10445","신한카드 Biz Plan","신한","99","1.450","10150","500000","30000","3","1","false","43","P2","estimated_rule | single_tier_high_cap | not_officially_verified","https://www.shinhancard.com/pconts/html/card/apply/credit/1230483_2207.html?EntryLoc2=3501&empSeq=501&btnApp=L0S1H3&utm_source=naver_credit&utm_medium=cpc&utm_campaign=online_mo_bizplan&utm_content=card&utm_term={keyword}","신한카드 Biz Plan 피킹률 | 신한카드 Biz Plan 실제 혜택 | 신한 신한카드 Biz Plan 카드 추천"
"naver-card-10344","D4카드의정석Ⅱ","우리","100","1.429","10000","300000","11000","4","1","false","28","P2","estimated_rule | not_officially_verified","https://m.wooricard.com/dcmw/yh1/crd/crd01/M1CRD101S02.do?cdPrdCd=103305&canvasser=88801075&utm_source=naver_cs&utm_medium=cpc&utm_campaign=M_%ec%b9%b4%eb%93%9c%ec%84%b9%ec%85%98&utm_content={keyword}&utm_term=D4%EC%B9%B4%EB%93%9C%EC%9D%98%EC%A0%95%EC%84%9D2","D4카드의정석Ⅱ 피킹률 | D4카드의정석Ⅱ 실제 혜택 | 우리 D4카드의정석Ⅱ 카드 추천"
"naver-card-1573","기업은행 용인시민카드","IBK기업은행","101","1.369","9583","300000","10000","2","1","false","8","P3","not_officially_verified","https://www.ibk.co.kr/cardbiz/detailBizNew.ibk?PDLN_CD=12&PDGR_CD=11&PDTM_CD=300&PDCD=0001&ad_cd=nvmo&mz_cd=ADGROUN","기업은행 용인시민카드 피킹률 | 기업은행 용인시민카드 실제 혜택 | IBK기업은행 기업은행 용인시민카드 카드 추천"
"naver-card-1340","참! 좋은 kt wiz 카드","IBK기업은행","102","1.369","9583","300000","10000","6","1","false","28","P2","estimated_rule | not_officially_verified","https://www.ibk.co.kr/cardbiz/detailBizNew.ibk?pageId=CA01020000&PDLN_CD=12&PDGR_CD=11&PDTM_CD=273&PDCD=0297&ad_cd=nvmo&mz_cd=ADGROUN","참! 좋은 kt wiz 카드 피킹률 | 참! 좋은 kt wiz 카드 실제 혜택 | IBK기업은행 참! 좋은 kt wiz 카드 카드 추천"
"naver-card-1591","신한카드 Shopping","신한","103","1.333","9333","500000","50000","1","1","false","43","P2","estimated_rule | single_tier_high_cap | not_officially_verified","https://www.shinhancard.com/pconts/html/card/apply/credit/1187935_2207.html?EntryLoc2=2797&empSeq=501&btnApp=CO0M1&utm_source=naver_credit&utm_medium=cpc&utm_campaign=online_mobile_shopping","신한카드 Shopping 피킹률 | 신한카드 Shopping 실제 혜택 | 신한 신한카드 Shopping 카드 추천"
"naver-card-1684","롯데백화점 롯데카드","롯데","104","1.310","9167","300000","10000","2","1","false","28","P2","estimated_rule | not_officially_verified","https://m.lottecard.co.kr/app/LPBOHAA_V100.lc?bId=25335&vtCdKndC=P11714-A11714&utm_source=sa_naver_cs&utm_medium=cpc&utm_campaign=m_card_cashback&utm_content=lottedepartment&utm_term=%EC%8B%A0%EC%9A%A9%EC%B9%B4%EB%93%9C","롯데백화점 롯데카드 피킹률 | 롯데백화점 롯데카드 실제 혜택 | 롯데 롯데백화점 롯데카드 카드 추천"
"naver-card-10107","LOCA LIKIT Shop","롯데","105","1.310","9167","400000","10000","2","1","false","8","P3","not_officially_verified","http://m.lottecard.co.kr/spa/card/booth?bId=102811&vtCdKndC=P13955-A13955&npayUseYn=Y&utm_source=sa_naver_cs&utm_medium=cpc&utm_campaign=m_card_cashback&utm_content=localikitshop&utm_term=%EC%8B%A0%EC%9A%A9%EC%B9%B4%EB%93%9C","LOCA LIKIT Shop 피킹률 | LOCA LIKIT Shop 실제 혜택 | 롯데 LOCA LIKIT Shop 카드 추천"
"naver-card-10108","LOCA LIKIT Play","롯데","106","1.310","9167","400000","10000","4","1","false","8","P3","not_officially_verified","http://m.lottecard.co.kr/spa/card/booth?bId=102810&vtCdKndC=P13949-A13949&npayUseYn=Y&utm_source=sa_naver_cs&utm_medium=cpc&utm_campaign=m_card_cashback&utm_content=localikitplay&utm_term=%EC%8B%A0%EC%9A%A9%EC%B9%B4%EB%93%9C","LOCA LIKIT Play 피킹률 | LOCA LIKIT Play 실제 혜택 | 롯데 LOCA LIKIT Play 카드 추천"
"naver-card-10106","LOCA LIKIT Eat","롯데","107","1.310","9167","400000","10000","3","1","false","8","P3","not_officially_verified","http://m.lottecard.co.kr/spa/card/booth?bId=102809&vtCdKndC=P13943-A13943&npayUseYn=Y&utm_source=sa_naver_cs&utm_medium=cpc&utm_campaign=m_card_cashback&utm_content=localikiteat&utm_term=%EC%8B%A0%EC%9A%A9%EC%B9%B4%EB%93%9C","LOCA LIKIT Eat 피킹률 | LOCA LIKIT Eat 실제 혜택 | 롯데 LOCA LIKIT Eat 카드 추천"
"naver-card-10071","LOCA LIKIT","롯데","108","1.310","9167","400000","10000","5","1","false","8","P3","not_officially_verified","https://m.lottecard.co.kr/spa/card/booth?bId=70893&vtCdKndC=P13746-A13746&npayUseYn=Y&utm_source=sa_naver_cs&utm_medium=cpc&utm_campaign=m_card_cashback&utm_content=localikit&utm_term=%EC%8B%A0%EC%9A%A9%EC%B9%B4%EB%93%9C","LOCA LIKIT 피킹률 | LOCA LIKIT 실제 혜택 | 롯데 LOCA LIKIT 카드 추천"
"naver-card-1692","KB국민 청춘대로 톡톡카드","KB국민","109","1.310","9167","300000","10000","4","1","false","28","P2","estimated_rule | not_officially_verified","https://m.kbcard.com/CRD/DVIEW/MCAMCXHIACRC0002?mainCC=b&allianceCode=09174","KB국민 청춘대로 톡톡카드 피킹률 | KB국민 청춘대로 톡톡카드 실제 혜택 | KB국민 KB국민 청춘대로 톡톡카드 카드 추천"
"naver-card-10506","LG헬로비전 롯데카드","롯데","110","1.310","9167","300000","20000","1","1","false","28","P2","estimated_rule | not_officially_verified","http://m.lottecard.co.kr/spa/card/booth?bId=101227&vtCdKndC=P11708-A11708&npayUseYn=Y&utm_source=sa_naver_cs&utm_medium=cpc&utm_campaign=m_card_application&utm_content=2506_hello_01&utm_term=신용카드","LG헬로비전 롯데카드 피킹률 | LG헬로비전 롯데카드 실제 혜택 | 롯데 LG헬로비전 롯데카드 카드 추천"
"naver-card-1889","기업은행 참! 좋은 다이소카드","IBK기업은행","111","1.286","9000","300000","10000","4","1","false","28","P2","estimated_rule | not_officially_verified","https://www.ibk.co.kr/cardbiz/detailBizNew.ibk?pageId=CA01020000&PDLN_CD=12&PDGR_CD=11&PDTM_CD=312&PDCD=0001&ad_cd=nvmo&mz_cd=ADGROUN","기업은행 참! 좋은 다이소카드 피킹률 | 기업은행 참! 좋은 다이소카드 실제 혜택 | IBK기업은행 기업은행 참! 좋은 다이소카드 카드 추천"
"naver-card-10350","NH농협 K-패스카드","NH농협","112","1.274","8917","400000","10000","9","1","false","28","P2","estimated_rule | not_officially_verified","https://card.nonghyup.com/index_cardProd.html?SERVICE_ID=IPCC2021R&NAVIGATE_TYPE=1&cd_wrs_sqno=90010471&FromSite=53","NH농협 K-패스카드 피킹률 | NH농협 K-패스카드 실제 혜택 | NH농협 NH농협 K-패스카드 카드 추천"
"naver-card-2348","신한카드 경차사랑 Life","신한","113","1.261","8824","300000","300000","1","1","false","63","P1","estimated_rule | single_tier_high_cap | monthly_cap_outlier | not_officially_verified","https://www.shinhancard.com/pconts/html/card/apply/credit/1188377_2207.html?EntryLoc2=2893&empSeq=502&btnApp=VJ1&utm_source=naver_credit&utm_medium=cpc&utm_campaign=online_mobile_smallcar","신한카드 경차사랑 Life 피킹률 | 신한카드 경차사랑 Life 실제 혜택 | 신한 신한카드 경차사랑 Life 카드 추천"
"naver-card-10490","신한카드 Discount Plan","신한","114","1.250","8750","400000","10000","10","1","false","28","P2","estimated_rule | not_officially_verified","https://www.shinhancard.com/pconts/html/card/apply/credit/1232369_2207.html?EntryLoc2=3538&empSeq=507&btnApp=DP1W&utm_source=naver_credit&utm_medium=cpc&utm_campaign=online_mo_discountplan&utm_content=card&utm_term={keyword}","신한카드 Discount Plan 피킹률 | 신한카드 Discount Plan 실제 혜택 | 신한 신한카드 Discount Plan 카드 추천"
"naver-card-2676","트레이더스 신세계 삼성카드","삼성","115","1.250","8750","400000","10000","6","1","false","28","P2","estimated_rule | not_officially_verified","https://www.samsungcard.com/personal/card/simple-apply/UHPPCA0225M0.jsp?code=AAP1602&alncmpC=QACDMB19&affcode=QACDMB19&BSCPN=BCTS&BSPRG=MNAVERCARD&BSCCN1=MB_%EC%8B%A0%EA%B2%80_AAP1602_%ED%8A%B8%EB%A0%88%EC%9D%B4%EB%8D%94%EC%8A%A4%20%EC%8B%A0%EC%84%B8%EA%B3%84%20%EC%82%BC%EC%84%B1%EC%B9%B4%EB%93%9C&utm_campaign=%ED%8A%B8%EB%A0%88%EC%9D%B4%EB%8D%94%EC%8A%A4%20%EC%8B%A0%EC%84%B8%EA%B3%84%20%EC%82%BC%EC%84%B1%EC%B9%B4%EB%93%9C&utm_medium=CSA&utm_source=%EB%84%A4%EC%9D%B4%EB%B2%84%20%EC%8B%A0%EC%9A%A9%EC%B9%B4%EB%93%9C%20%EA%B2%80%EC%83%89%20%EB%AA%A8%EB%B0%94%EC%9D%BC&utm_term={query}","트레이더스 신세계 삼성카드 피킹률 | 트레이더스 신세계 삼성카드 실제 혜택 | 삼성 트레이더스 신세계 삼성카드 카드 추천"
"naver-card-2612","KB국민 The Easy카드","KB국민","116","1.250","8750","500000","10000","10","1","false","28","P2","estimated_rule | not_officially_verified","https://m.kbcard.com/CXHIACRC0002.cms?mainCC=b&allianceCode=09250&solicitorcode=7030023030&jehuId=NPAY","KB국민 The Easy카드 피킹률 | KB국민 The Easy카드 실제 혜택 | KB국민 KB국민 The Easy카드 카드 추천"
"naver-card-10291","I-PET카드","IBK기업은행","117","1.214","8500","400000","10000","5","1","false","28","P2","estimated_rule | not_officially_verified","https://www.ibk.co.kr/cardbiz/detailBizNew.ibk?PDLN_CD=12&PDGR_CD=11&PDTM_CD=342&PDCD=0001&ad_cd=nvmo&mz_cd=ADGROUN","I-PET카드 피킹률 | I-PET카드 실제 혜택 | IBK기업은행 I-PET카드 카드 추천"
"naver-card-10160","올바른HOMETOWN카드","NH농협","118","1.214","8500","400000","20000","2","3","false","28","P2","estimated_rule | not_officially_verified","https://card.nonghyup.com/index_cardProd.html?SERVICE_ID=IPCC2021R&NAVIGATE_TYPE=1&cd_wrs_sqno=90010161&FromSite=53","올바른HOMETOWN카드 피킹률 | 올바른HOMETOWN카드 실제 혜택 | NH농협 올바른HOMETOWN카드 카드 추천"
"naver-card-10528","zgm 스스로카드","NH농협","119","1.202","8417","100000","100000","10","1","false","43","P2","single_tier_high_cap | monthly_cap_outlier | not_officially_verified","https://card.nonghyup.com/index_cardProd.html?SERVICE_ID=IPCC2021R&NAVIGATE_TYPE=1&cd_wrs_sqno=90010575&FromSite=53","zgm 스스로카드 피킹률 | zgm 스스로카드 실제 혜택 | NH농협 zgm 스스로카드 카드 추천"
"naver-card-10505","신한카드 KaPick","신한","120","1.202","8417","400000","10000","4","1","false","28","P2","estimated_rule | not_officially_verified","https://www.shinhancard.com/pconts/html/card/apply/credit/1222372_2207.html?empSeq=502&utm_source=naver_credit&utm_medium=cpc&utm_campaign=online_mobile_kapick&utm_content=card&utm_term={keyword}","신한카드 KaPick 피킹률 | 신한카드 KaPick 실제 혜택 | 신한 신한카드 KaPick 카드 추천"
"naver-card-10102","삼성 iD ON 카드","삼성","121","1.190","8333","300000","10000","6","1","false","28","P2","estimated_rule | not_officially_verified","https://www.samsungcard.com/personal/card/simple-apply/UHPPCA0225M0.jsp?code=AAP1731&alncmpC=QACDMB01&affcode=QACDMB01&BSCPN=BCTS&BSPRG=MNAVERCARD&BSCCN1=MB_%EC%8B%A0%EA%B2%80_AAP1731_%EC%82%BC%EC%84%B1%20iD%20ON%20%EC%B9%B4%EB%93%9C&utm_campaign=%EC%82%BC%EC%84%B1%20iD%20ON%20%EC%B9%B4%EB%93%9C&utm_medium=CSA&utm_source=%EB%84%A4%EC%9D%B4%EB%B2%84%20%EC%8B%A0%EC%9A%A9%EC%B9%B4%EB%93%9C%20%EA%B2%80%EC%83%89%20%EB%AA%A8%EB%B0%94%EC%9D%BC&utm_term={query}","삼성 iD ON 카드 피킹률 | 삼성 iD ON 카드 실제 혜택 | 삼성 삼성 iD ON 카드 카드 추천"
"naver-card-10130","삼성카드 BIZ LEADERS","삼성","122","1.190","8333","500000","10000","5","1","false","28","P2","estimated_rule | not_officially_verified","https://www.samsungcard.com/personal/card/simple-apply/UHPPCA0225M0.jsp?code=AAP1716&alncmpC=QACDMB10&affcode=QACDMB10&BSCPN=BCTS&BSPRG=MNAVERCARD&BSCCN1=MB_%EC%8B%A0%EA%B2%80_AAP1716_%EC%82%BC%EC%84%B1%EC%B9%B4%EB%93%9C%20BIZ%20LEADERS&utm_campaign=%EC%82%BC%EC%84%B1%EC%B9%B4%EB%93%9C%20BIZ%20LEADERS&utm_medium=CSA&utm_source=%EB%84%A4%EC%9D%B4%EB%B2%84%20%EC%8B%A0%EC%9A%A9%EC%B9%B4%EB%93%9C%20%EA%B2%80%EC%83%89%20%EB%AA%A8%EB%B0%94%EC%9D%BC&utm_term={query}","삼성카드 BIZ LEADERS 피킹률 | 삼성카드 BIZ LEADERS 실제 혜택 | 삼성 삼성카드 BIZ LEADERS 카드 추천"
"naver-card-10500","SKT T라이트 신한카드","신한","123","1.167","8167","300000","15000","2","1","false","28","P2","estimated_rule | not_officially_verified","https://www.shinhancard.com/pconts/html/card/apply/credit/1196330_2207.html?EntryLoc2=2981&empSeq=502&btnApp=dp01&utm_source=naver_credit&utm_medium=cpc&utm_campaign=online_mo_sktlight&utm_content=card&utm_term={keyword}","SKT T라이트 신한카드 피킹률 | SKT T라이트 신한카드 실제 혜택 | 신한 SKT T라이트 신한카드 카드 추천"
"naver-card-10219","zgm.휴가중카드","NH농협","124","1.131","7917","500000","100000","3","1","false","63","P1","estimated_rule | single_tier_high_cap | monthly_cap_outlier | not_officially_verified","https://card.nonghyup.com/index_cardProd.html?SERVICE_ID=IPCC2021R&NAVIGATE_TYPE=1&cd_wrs_sqno=90010184&FromSite=53","zgm.휴가중카드 피킹률 | zgm.휴가중카드 실제 혜택 | NH농협 zgm.휴가중카드 카드 추천"
"naver-card-3881","taptap DRIVE","삼성","125","1.095","7667","300000","15000","5","1","false","28","P2","estimated_rule | not_officially_verified","https://www.samsungcard.com/personal/card/simple-apply/UHPPCA0225M0.jsp?code=AAP1667&alncmpC=QACDMB18&affcode=QACDMB18&BSCPN=BCTS&BSPRG=MNAVERCARD&BSCCN1=MB_%EC%8B%A0%EA%B2%80_AAP1667_taptap%20DRIVE&utm_campaign=taptap%20DRIVE&utm_medium=CSA&utm_source=%EB%84%A4%EC%9D%B4%EB%B2%84%20%EC%8B%A0%EC%9A%A9%EC%B9%B4%EB%93%9C%20%EA%B2%80%EC%83%89%20%EB%AA%A8%EB%B0%94%EC%9D%BC&utm_term={query}","taptap DRIVE 피킹률 | taptap DRIVE 실제 혜택 | 삼성 taptap DRIVE 카드 추천"
"naver-card-10584","NH올원더풀카드","NH농협","126","1.095","7667","400000","60000","8","1","false","43","P2","estimated_rule | single_tier_high_cap | not_officially_verified","https://nhpay.nonghyup.com/gatewayin?menu_scid=CD502000F&CD_WRS_SQNO=90010604&FromSite=53","NH올원더풀카드 피킹률 | NH올원더풀카드 실제 혜택 | NH농협 NH올원더풀카드 카드 추천"
"naver-card-10403","카드의정석 EVERY DISCOUNT","우리","127","1.034","7240","0","12000","10","1","false","28","P2","estimated_rule | not_officially_verified","https://m.wooricard.com/dcmw/yh1/crd/crd01/M1CRD101S02.do?cdPrdCd=103729&canvasser=88801075&utm_source=naver_cs&utm_medium=cpc&utm_campaign=M_%ec%b9%b4%eb%93%9c%ec%84%b9%ec%85%98&utm_content={keyword}&utm_term=%EC%B9%B4%EB%93%9C%EC%9D%98%EC%A0%95%EC%84%9D+EVERY+DISCOUNT","카드의정석 EVERY DISCOUNT 피킹률 | 카드의정석 EVERY DISCOUNT 실제 혜택 | 우리 카드의정석 EVERY DISCOUNT 카드 추천"
"naver-card-10186","zgm.streaming카드","NH농협","128","0.857","6000","400000","7000","3","1","false","28","P2","estimated_rule | not_officially_verified","https://smartcard.nonghyup.com/index_cardProd.html?SERVICE_ID=IPCC2021R&NAVIGATE_TYPE=1&cd_wrs_sqno=90010179&FromSite=53","zgm.streaming카드 피킹률 | zgm.streaming카드 실제 혜택 | NH농협 zgm.streaming카드 카드 추천"
"naver-card-10485","신한카드 Discount Plan+","신한","129","0.833","5833","400000","10000","10","1","false","28","P2","estimated_rule | not_officially_verified","https://www.shinhancard.com/pconts/html/card/apply/credit/1232390_2207.html?EntryLoc2=3537&empSeq=511&btnApp=DP1W&utm_source=naver_credit&utm_medium=cpc&utm_campaign=online_mo_discountplanplus&utm_content=card&utm_term={keyword}","신한카드 Discount Plan+ 피킹률 | 신한카드 Discount Plan+ 실제 혜택 | 신한 신한카드 Discount Plan+ 카드 추천"
"naver-card-10507","KT 가족만족 DC 신한카드","신한","130","0.821","5750","300000","15000","1","1","false","28","P2","estimated_rule | not_officially_verified","https://www.shinhancard.com/pconts/html/card/apply/credit/1223352_2207.html?EntryLoc2=3337&empSeq=502&btnApp=L0S1H3&utm_source=naver_credit&utm_medium=cpc&utm_campaign=online_mobile_ktcard&utm_content=card&utm_term={keyword}","KT 가족만족 DC 신한카드 피킹률 | KT 가족만족 DC 신한카드 실제 혜택 | 신한 KT 가족만족 DC 신한카드 카드 추천"
"naver-card-115","KB국민 굿데이카드","KB국민","131","0.798","5583","300000","100000","1","1","false","63","P1","estimated_rule | single_tier_high_cap | monthly_cap_outlier | not_officially_verified","https://m.kbcard.com/CRD/DVIEW/MCAMCXHIACRC0002?allianceCode=09061&mainCC=b","KB국민 굿데이카드 피킹률 | KB국민 굿데이카드 실제 혜택 | KB국민 KB국민 굿데이카드 카드 추천"
"naver-card-10489","현대카드M-경차전용카드 Edition2(유류세환급)","현대","132","0.792","5544","300000","120000","2","1","false","63","P1","estimated_rule | single_tier_high_cap | monthly_cap_outlier | not_officially_verified","https://www.hyundaicard.com/cpc/cr/CPCCR0201_01.hc?cardflag=J&cardWcd=MSCRE2&eventCode=NCL5Y","현대카드M-경차전용카드 Edition2(유류세환급) 피킹률 | 현대카드M-경차전용카드 Edition2(유류세환급) 실제 혜택 | 현대 현대카드M-경차전용카드 Edition2(유류세환급) 카드 추천"
"naver-card-10554","BC 바로 ZONE 카드","BC","133","0.774","5417","300000","300000","2","1","false","63","P1","estimated_rule | single_tier_high_cap | monthly_cap_outlier | not_officially_verified","https://app.paybooc.co.kr/ui/appLink?landingId=P0901PG002W&cardPdctCd=104520&incnChnlDv=Mobile&affiCd=R011","BC 바로 ZONE 카드 피킹률 | BC 바로 ZONE 카드 실제 혜택 | BC BC 바로 ZONE 카드 카드 추천"
"naver-card-10194","BC 바로 그린카드","BC","134","0.714","5000","200000","5000","5","1","false","28","P2","estimated_rule | not_officially_verified","https://app.paybooc.co.kr/ui/appLink?landingId=P0901PG002W&cardPdctCd=100980&incnChnlDv=Mobile&affiCd=R011","BC 바로 그린카드 피킹률 | BC 바로 그린카드 실제 혜택 | BC BC 바로 그린카드 카드 추천"
"naver-card-4047","국민행복 삼성카드 V2","삼성","135","0.714","5000","300000","5000","5","1","false","28","P2","estimated_rule | not_officially_verified","https://www.samsungcard.com/personal/card/simple-apply/UHPPCA0225M0.jsp?code=AAP1688&alncmpC=QACDMB15&affcode=QACDMB15&BSCPN=BCTS&BSPRG=MNAVERCARD&BSCCN1=MB_%EC%8B%A0%EA%B2%80_AAP1688_%EA%B5%AD%EB%AF%BC%ED%96%89%EB%B3%B5%20%EC%82%BC%EC%84%B1%EC%B9%B4%EB%93%9C%20V2&utm_campaign=%EA%B5%AD%EB%AF%BC%ED%96%89%EB%B3%B5%20%EC%82%BC%EC%84%B1%EC%B9%B4%EB%93%9C%20V2&utm_medium=CSA&utm_source=%EB%84%A4%EC%9D%B4%EB%B2%84%20%EC%8B%A0%EC%9A%A9%EC%B9%B4%EB%93%9C%20%EA%B2%80%EC%83%89%20%EB%AA%A8%EB%B0%94%EC%9D%BC&utm_term={query}","국민행복 삼성카드 V2 피킹률 | 국민행복 삼성카드 V2 실제 혜택 | 삼성 국민행복 삼성카드 V2 카드 추천"
"naver-card-10039","KB국민행복카드","KB국민","136","0.714","5000","400000","5000","2","1","false","28","P2","estimated_rule | not_officially_verified","https://m.kbcard.com/CRD/DVIEW/MCAMCXHIACRC0002?allianceCode=02065&mainCC=b","KB국민행복카드 피킹률 | KB국민행복카드 실제 혜택 | KB국민 KB국민행복카드 카드 추천"
"naver-card-710","KB국민 그린카드(전국형)","KB국민","137","0.714","5000","200000","5000","6","1","false","28","P2","estimated_rule | not_officially_verified","https://m.kbcard.com/CRD/DVIEW/MCAMCXHIACRC0002?allianceCode=02087&mainCC=b","KB국민 그린카드(전국형) 피킹률 | KB국민 그린카드(전국형) 실제 혜택 | KB국민 KB국민 그린카드(전국형) 카드 추천"
"naver-card-3076","KB국민 그린카드(서울형)","KB국민","138","0.714","5000","200000","5000","7","1","false","28","P2","estimated_rule | not_officially_verified","https://m.kbcard.com/CRD/DVIEW/MCAMCXHIACRC0002?allianceCode=02086&mainCC=b","KB국민 그린카드(서울형) 피킹률 | KB국민 그린카드(서울형) 실제 혜택 | KB국민 KB국민 그린카드(서울형) 카드 추천"
"naver-card-10437","현대백화점 해피포인트카드","현대백화점카드","139","0.714","5000","1","5000","1","1","false","8","P3","not_officially_verified","http://m.ehyundai.com/mobile/card/VO/main.do?menu=0&r=&event_id=&use_r=","현대백화점 해피포인트카드 피킹률 | 현대백화점 해피포인트카드 실제 혜택 | 현대백화점카드 현대백화점 해피포인트카드 카드 추천"
"naver-card-1408","신한카드 Mr.Life","신한","140","0.679","4750","300000","50000","1","1","false","43","P2","estimated_rule | single_tier_high_cap | not_officially_verified","https://www.shinhancard.com/pconts/html/card/apply/credit/1187937_2207.html?EntryLoc1=2774&empSeq=502&btnApp=Dp1&utm_source=naver_credit&utm_medium=cpc&utm_campaign=online_mobile_mrlife","신한카드 Mr.Life 피킹률 | 신한카드 Mr.Life 실제 혜택 | 신한 신한카드 Mr.Life 카드 추천"
"naver-card-10540","BC 바로 On&Off 카드","BC","141","0.655","4583","300000","5000","3","1","false","28","P2","estimated_rule | not_officially_verified","https://app.paybooc.co.kr/ui/appLink?landingId=P0901PG002W&cardPdctCd=102040&incnChnlDv=Mobile&affiCd=R011","BC 바로 On&Off 카드 피킹률 | BC 바로 On&Off 카드 실제 혜택 | BC BC 바로 On&Off 카드 카드 추천"
"naver-card-247","롯데 포인트플러스 카드","롯데","142","0.655","4583","0","5000","4","1","false","8","P3","not_officially_verified","https://m.lottecard.co.kr/app/LPBOHAA_V100.lc?bId=26690&vtCdKndC=P00276-A00276&utm_source=sa_naver_cs&utm_medium=cpc&utm_campaign=m_card_cashback&utm_content=pointplus&utm_term=신용카드","롯데 포인트플러스 카드 피킹률 | 롯데 포인트플러스 카드 실제 혜택 | 롯데 롯데 포인트플러스 카드 카드 추천"
"naver-card-10613","현대카드 하이브리드(포인트형)","현대","143","0.655","4583","300000","5000","2","1","false","28","P2","estimated_rule | not_officially_verified","https://www.hyundaicard.com/cpc/cr/CPCCR0201_01.hc?cardWcd=CCMH&eventCode=ANB01","현대카드 하이브리드(포인트형) 피킹률 | 현대카드 하이브리드(포인트형) 실제 혜택 | 현대 현대카드 하이브리드(포인트형) 카드 추천"
"naver-card-99","KB국민 와이즈카드","KB국민","144","0.655","4583","300000","5000","10","1","false","28","P2","estimated_rule | not_officially_verified","https://m.kbcard.com/CRD/DVIEW/MCAMCXHIACRC0002?allianceCode=09091&mainCC=b","KB국민 와이즈카드 피킹률 | KB국민 와이즈카드 실제 혜택 | KB국민 KB국민 와이즈카드 카드 추천"
"naver-card-10493","CLUB SK (클럽SK)","하나","145","0.643","4500","400000","15000","10","1","false","28","P2","estimated_rule | not_officially_verified","https://m.hanacard.co.kr/MKCDCM1010M.web?CD_PD_SEQ=3557","CLUB SK (클럽SK) 피킹률 | CLUB SK (클럽SK) 실제 혜택 | 하나 CLUB SK (클럽SK) 카드 추천"
"naver-card-652","채움 스카이패스(SKYPASS)카드","NH농협","146","0.643","4500","0","30000","4","1","false","23","P3","single_tier_high_cap | not_officially_verified","https://card.nonghyup.com/index_cardProd.html?SERVICE_ID=IPCC2021R&NAVIGATE_TYPE=1&cd_wrs_sqno=90000184&FromSite=53","채움 스카이패스(SKYPASS)카드 피킹률 | 채움 스카이패스(SKYPASS)카드 실제 혜택 | NH농협 채움 스카이패스(SKYPASS)카드 카드 추천"
"naver-card-10593","E1 우리카드","우리","147","0.619","4333","0","10000","1","1","false","28","P2","estimated_rule | not_officially_verified","https://m.wooricard.com/dcmw/yh1/crd/crd01/M1CRD101S02.do?cdPrdCd=103564&canvasser=88801076&utm_source=naver_cs&utm_medium=cpc&utm_campaign=MO_카드섹션&utm_content={keyword}&utm_term=E1우리카드","E1 우리카드 피킹률 | E1 우리카드 실제 혜택 | 우리 E1 우리카드 카드 추천"
"naver-card-10267","KB국민 K-패스카드","KB국민","148","0.619","4333","300000","5000","3","1","false","28","P2","estimated_rule | not_officially_verified","https://m.kbcard.com/CRD/DVIEW/MCAMCXHIACRC0002?allianceCode=09321&mainCC=b","KB국민 K-패스카드 피킹률 | KB국민 K-패스카드 실제 혜택 | KB국민 KB국민 K-패스카드 카드 추천"
"naver-card-1530","삼성카드 taptap O","삼성","149","0.595","4167","300000","5000","7","1","false","28","P2","estimated_rule | not_officially_verified","https://www.samsungcard.com/personal/card/simple-apply/UHPPCA0225M0.jsp?code=AAP1483&alncmpC=QACDMB05&affcode=QACDMB05&BSCPN=BCTS&BSPRG=MNAVERCARD&BSCCN1=MB_%EC%8B%A0%EA%B2%80_AAP1483_%EC%82%BC%EC%84%B1%EC%B9%B4%EB%93%9C%20taptap%20O&utm_campaign=%EC%82%BC%EC%84%B1%EC%B9%B4%EB%93%9C%20taptap%20O&utm_medium=CSA&utm_source=%EB%84%A4%EC%9D%B4%EB%B2%84%20%EC%8B%A0%EC%9A%A9%EC%B9%B4%EB%93%9C%20%EA%B2%80%EC%83%89%20%EB%AA%A8%EB%B0%94%EC%9D%BC&utm_term={query}","삼성카드 taptap O 피킹률 | 삼성카드 taptap O 실제 혜택 | 삼성 삼성카드 taptap O 카드 추천"
"naver-card-1695","삼성페이 삼성카드 taptap","삼성","150","0.595","4167","300000","5000","4","1","false","28","P2","estimated_rule | not_officially_verified","https://www.samsungcard.com/personal/card/simple-apply/UHPPCA0225M0.jsp?code=AAP1521&alncmpC=QACDMB20&affcode=QACDMB20&BSCPN=BCTS&BSPRG=MNAVERCARD&BSCCN1=MB_%EC%8B%A0%EA%B2%80_AAP1521_%EC%82%BC%EC%84%B1%ED%8E%98%EC%9D%B4%20%EC%82%BC%EC%84%B1%EC%B9%B4%EB%93%9C%20taptap&utm_campaign=%EC%82%BC%EC%84%B1%ED%8E%98%EC%9D%B4%20%EC%82%BC%EC%84%B1%EC%B9%B4%EB%93%9C%20taptap&utm_medium=CSA&utm_source=%EB%84%A4%EC%9D%B4%EB%B2%84%20%EC%8B%A0%EC%9A%A9%EC%B9%B4%EB%93%9C%20%EA%B2%80%EC%83%89%20%EB%AA%A8%EB%B0%94%EC%9D%BC&utm_term={query}","삼성페이 삼성카드 taptap 피킹률 | 삼성페이 삼성카드 taptap 실제 혜택 | 삼성 삼성페이 삼성카드 taptap 카드 추천"
"naver-card-3857","taptap DIGITAL","삼성","151","0.595","4167","300000","5000","5","1","false","28","P2","estimated_rule | not_officially_verified","https://www.samsungcard.com/personal/card/simple-apply/UHPPCA0225M0.jsp?code=AAP1666&alncmpC=QACDMB07&affcode=QACDMB07&BSCPN=BCTS&BSPRG=MNAVERCARD&BSCCN1=MB_%EC%8B%A0%EA%B2%80_AAP1666_taptap%20DIGITAL&utm_campaign=taptap%20DIGITAL&utm_medium=CSA&utm_source=%EB%84%A4%EC%9D%B4%EB%B2%84%20%EC%8B%A0%EC%9A%A9%EC%B9%B4%EB%93%9C%20%EA%B2%80%EC%83%89%20%EB%AA%A8%EB%B0%94%EC%9D%BC&utm_term={query}","taptap DIGITAL 피킹률 | taptap DIGITAL 실제 혜택 | 삼성 taptap DIGITAL 카드 추천"
"naver-card-3638","KB국민 마이핏카드(할인형)","KB국민","152","0.595","4167","300000","5000","4","1","false","8","P3","not_officially_verified","https://m.kbcard.com/CRD/DVIEW/MCAMCXHIACRC0002?allianceCode=09248&mainCC=b","KB국민 마이핏카드(할인형) 피킹률 | KB국민 마이핏카드(할인형) 실제 혜택 | KB국민 KB국민 마이핏카드(할인형) 카드 추천"
"naver-card-10238","모니모카드","삼성","153","0.595","4167","300000","30000","8","1","false","43","P2","estimated_rule | single_tier_high_cap | not_officially_verified","https://www.samsungcard.com/personal/card/simple-apply/UHPPCA0225M0.jsp?code=AAP1742&alncmpC=QACDMB33&affcode=QACDMB33&BSCPN=BCTS&BSPRG=MNAVERCARD&BSCCN1=MB_%EC%8B%A0%EA%B2%80_AAP1742_%EB%AA%A8%EB%8B%88%EB%AA%A8%EC%B9%B4%EB%93%9C&utm_campaign=%EB%AA%A8%EB%8B%88%EB%AA%A8%EC%B9%B4%EB%93%9C&utm_medium=CSA&utm_source=%EB%84%A4%EC%9D%B4%EB%B2%84%20%EC%8B%A0%EC%9A%A9%EC%B9%B4%EB%93%9C%20%EA%B2%80%EC%83%89%20%EB%AA%A8%EB%B0%94%EC%9D%BC&utm_term={query}","모니모카드 피킹률 | 모니모카드 실제 혜택 | 삼성 모니모카드 카드 추천"
"naver-card-10349","K-패스 삼성카드","삼성","154","0.595","4167","400000","5000","2","1","false","28","P2","estimated_rule | not_officially_verified","https://www.samsungcard.com/personal/card/simple-apply/UHPPCA0225M0.jsp?code=AAP1830&alncmpC=QACDMB15&affcode=QACDMB15&BSCPN=BCTS&BSPRG=MNAVERCARD&BSCCN1=MB_%EC%8B%A0%EA%B2%80_AAP1830_K-%ED%8C%A8%EC%8A%A4%20%EC%82%BC%EC%84%B1%EC%B9%B4%EB%93%9C&utm_campaign=K-%ED%8C%A8%EC%8A%A4%20%EC%82%BC%EC%84%B1%EC%B9%B4%EB%93%9C&utm_medium=CSA&utm_source=%EB%84%A4%EC%9D%B4%EB%B2%84%20%EC%8B%A0%EC%9A%A9%EC%B9%B4%EB%93%9C%20%EA%B2%80%EC%83%89%20%EB%AA%A8%EB%B0%94%EC%9D%BC&utm_term={query}","K-패스 삼성카드 피킹률 | K-패스 삼성카드 실제 혜택 | 삼성 K-패스 삼성카드 카드 추천"
"naver-card-10311","모니모A 카드","삼성","155","0.595","4167","300000","5000","3","1","false","28","P2","estimated_rule | not_officially_verified","https://www.samsungcard.com/personal/card/simple-apply/UHPPCA0225M0.jsp?code=AAP1817&alncmpC=QACDMB37&affcode=QACDMB37&BSCPN=BCTS&BSPRG=MNAVERCARD&BSCCN1=MB_%EC%8B%A0%EA%B2%80_AAP1817_%EB%AA%A8%EB%8B%88%EB%AA%A8A%20%EC%B9%B4%EB%93%9C&utm_campaign=%EB%AA%A8%EB%8B%88%EB%AA%A8A%20%EC%B9%B4%EB%93%9C&utm_medium=CSA&utm_source=%EB%84%A4%EC%9D%B4%EB%B2%84%20%EC%8B%A0%EC%9A%A9%EC%B9%B4%EB%93%9C%20%EA%B2%80%EC%83%89%20%EB%AA%A8%EB%B0%94%EC%9D%BC&utm_term={query}","모니모A 카드 피킹률 | 모니모A 카드 실제 혜택 | 삼성 모니모A 카드 카드 추천"
"naver-card-1614","NH올원 파이카드","NH농협","156","0.595","4167","300000","5000","2","1","false","28","P2","estimated_rule | not_officially_verified","https://card.nonghyup.com/index_cardProd.html?SERVICE_ID=IPCC2021R&NAVIGATE_TYPE=1&cd_wrs_sqno=90000349&FromSite=53","NH올원 파이카드 피킹률 | NH올원 파이카드 실제 혜택 | NH농협 NH올원 파이카드 카드 추천"
"naver-card-10262","NH올원 Rental&코웨이카드","NH농협","157","0.595","4167","300000","30000","2","1","false","43","P2","estimated_rule | single_tier_high_cap | not_officially_verified","https://card.nonghyup.com/index_cardProd.html?SERVICE_ID=IPCC2021R&NAVIGATE_TYPE=1&cd_wrs_sqno=90000366&FromSite=53","NH올원 Rental&코웨이카드 피킹률 | NH올원 Rental&코웨이카드 실제 혜택 | NH농협 NH올원 Rental&코웨이카드 카드 추천"
"naver-card-3996","올바른FLEX카드","NH농협","158","0.595","4167","300000","5000","9","1","false","28","P2","estimated_rule | not_officially_verified","https://card.nonghyup.com/index_cardProd.html?SERVICE_ID=IPCC2021R&NAVIGATE_TYPE=1&cd_wrs_sqno=90010051&FromSite=53","올바른FLEX카드 피킹률 | 올바른FLEX카드 실제 혜택 | NH농협 올바른FLEX카드 카드 추천"
"naver-card-10640","New LG전자 베스트샵 PLUS 신한카드","신한","159","0.595","4167","300000","5000","4","1","false","28","P2","estimated_rule | not_officially_verified","https://www.shinhancard.com/pconts/html/card/apply/credit/1188463_2207.html?empSeq=506","New LG전자 베스트샵 PLUS 신한카드 피킹률 | New LG전자 베스트샵 PLUS 신한카드 실제 혜택 | 신한 New LG전자 베스트샵 PLUS 신한카드 카드 추천"
"naver-card-10348","카드의정석 I&U+","우리","160","0.588","4115","300000","7000","5","1","false","8","P3","not_officially_verified","https://m.wooricard.com/dcmw/yh1/crd/crd01/M1CRD101S02.do?cdPrdCd=102717&canvasser=88801075&utm_source=naver_cs&utm_medium=cpc&utm_campaign=M_%ec%b9%b4%eb%93%9c%ec%84%b9%ec%85%98&utm_content={keyword}&utm_term=카드의정석I&U+","카드의정석 I&U+ 피킹률 | 카드의정석 I&U+ 실제 혜택 | 우리 카드의정석 I&U+ 카드 추천"
"naver-card-10346","zgm point카드","NH농협","161","0.583","4083","0","30000","4","1","false","43","P2","estimated_rule | single_tier_high_cap | not_officially_verified","https://card.nonghyup.com/index_cardProd.html?SERVICE_ID=IPCC2021R&NAVIGATE_TYPE=1&cd_wrs_sqno=90010513&FromSite=53","zgm point카드 피킹률 | zgm point카드 실제 혜택 | NH농협 zgm point카드 카드 추천"
"naver-card-10304","디지로카 London","롯데","162","0.579","4053","0","20000","10","1","false","28","P2","estimated_rule | not_officially_verified","http://m.lottecard.co.kr/spa/card/booth?bId=92357&vtCdKndC=P14718-A14718&npayUseYn=Y&utm_source=sa_naver_cs&utm_medium=cpc&utm_campaign=m_card_application&utm_content=digilocalondon&utm_term=디지로카런던","디지로카 London 피킹률 | 디지로카 London 실제 혜택 | 롯데 디지로카 London 카드 추천"
"naver-card-10333","DA카드의정석Ⅱ","우리","163","0.571","4000","300000","5000","10","1","false","28","P2","estimated_rule | not_officially_verified","https://m.wooricard.com/dcmw/yh1/crd/crd01/M1CRD101S02.do?cdPrdCd=102534&canvasser=88801075&utm_source=naver_cs&utm_medium=cpc&utm_campaign=M_%ec%b9%b4%eb%93%9c%ec%84%b9%ec%85%98&utm_content={keyword}&utm_term=DA%EC%B9%B4%EB%93%9C%EC%9D%98%EC%A0%95%EC%84%9D2","DA카드의정석Ⅱ 피킹률 | DA카드의정석Ⅱ 실제 혜택 | 우리 DA카드의정석Ⅱ 카드 추천"
"naver-card-10376","카드의정석 TEN","우리","164","0.571","4000","400000","5000","3","1","false","28","P2","estimated_rule | not_officially_verified","https://m.wooricard.com/dcmw/yh1/crd/crd01/M1CRD101S02.do?cdPrdCd=103686&canvasser=88801075&utm_source=naver_cs&utm_medium=cpc&utm_campaign=M_%ec%b9%b4%eb%93%9c%ec%84%b9%ec%85%98&utm_content={keyword}&utm_term=%EC%B9%B4%EB%93%9C%EC%9D%98%EC%A0%95%EC%84%9Dten","카드의정석 TEN 피킹률 | 카드의정석 TEN 실제 혜택 | 우리 카드의정석 TEN 카드 추천"
"naver-card-10264","zgm.play카드","NH농협","165","0.571","4000","300000","5000","9","1","false","8","P3","not_officially_verified","https://card.nonghyup.com/index_cardProd.html?SERVICE_ID=IPCC2021R&NAVIGATE_TYPE=1&cd_wrs_sqno=90010467&FromSite=53","zgm.play카드 피킹률 | zgm.play카드 실제 혜택 | NH농협 zgm.play카드 카드 추천"
"naver-card-1773","신세계 신한카드","신한","166","0.571","4000","500000","5000","2","1","false","28","P2","estimated_rule | not_officially_verified","https://www.shinhancard.com/pconts/html/card/apply/credit/1188439_2207.html?EntryLoc2=2854&empSeq=503&btnApp=CB1&utm_source=naver%5Fcredit&utm_medium=cpc&utm_campaign=online%5Fmobile%5Fshinsaege","신세계 신한카드 피킹률 | 신세계 신한카드 실제 혜택 | 신한 신세계 신한카드 카드 추천"
"naver-card-10452","롯데멤버스 카드","롯데","167","0.557","3900","500000","30000","2","1","false","43","P2","estimated_rule | single_tier_high_cap | not_officially_verified","http://m.lottecard.co.kr/spa/card/booth?bId=97135&vtCdKndC=P15648-A15648&npayUseYn=Y&utm_source=sa_naver_cs&utm_medium=cpc&utm_campaign=m_card_application&utm_content=2503_members_03&utm_term=신용카드","롯데멤버스 카드 피킹률 | 롯데멤버스 카드 실제 혜택 | 롯데 롯데멤버스 카드 카드 추천"
"naver-card-10513","LG U+ Bora 신한카드 Big Plus","신한","168","0.538","3767","400000","10000","1","1","false","8","P3","not_officially_verified","https://www.shinhancard.com/pconts/html/card/apply/credit/1202226_2207.html?EntryLoc2=3065&empSeq=515&btnApp=L0S1H3&utm_source=naver_credit&utm_medium=cpc&utm_campaign=online_mobile_lgbora&utm_content=card&utm_term={keyword}","LG U+ Bora 신한카드 Big Plus 피킹률 | LG U+ Bora 신한카드 Big Plus 실제 혜택 | 신한 LG U+ Bora 신한카드 Big Plus 카드 추천"
"naver-card-2776","네이버페이 taptap","삼성","169","0.536","3750","300000","5000","4","1","false","28","P2","estimated_rule | not_officially_verified","https://pay.naver.com/send/m/credit-card/samsung/apply?affcode=QACDMB20&cmpid=QACDMB20&BSCPN=BCTS&BSPRG=MNAVERCARD&BSCCN1=MB_%EC%8B%A0%EA%B2%80_QANSSGNMB_%EB%84%A4%EC%9D%B4%EB%B2%84%ED%8E%98%EC%9D%B4%20taptap&utm_source=naver&utm_medium=mcredit&utm_campaign=naverpaytaptap","네이버페이 taptap 피킹률 | 네이버페이 taptap 실제 혜택 | 삼성 네이버페이 taptap 카드 추천"
"naver-card-1451","KB국민 다담카드","KB국민","170","0.536","3750","300000","5000","10","1","false","28","P2","estimated_rule | not_officially_verified","https://m.kbcard.com/CXHIACRC0002.cms?mainCC=b&allianceCode=09169&solicitorcode=7030023030","KB국민 다담카드 피킹률 | KB국민 다담카드 실제 혜택 | KB국민 KB국민 다담카드 카드 추천"
"naver-card-10184","삼성 iD PET 카드","삼성","171","0.536","3750","400000","5000","8","1","false","28","P2","estimated_rule | not_officially_verified","https://www.samsungcard.com/personal/card/simple-apply/UHPPCA0225M0.jsp?code=AAP1773&alncmpC=QACDMB17&affcode=QACDMB17&BSCPN=BCTS&BSPRG=MNAVERCARD&BSCCN1=MB_%EC%8B%A0%EA%B2%80_AAP1773_%EC%82%BC%EC%84%B1%20iD%20PET%20%EC%B9%B4%EB%93%9C&utm_campaign=%EC%82%BC%EC%84%B1%20iD%20PET%20%EC%B9%B4%EB%93%9C&utm_medium=CSA&utm_source=%EB%84%A4%EC%9D%B4%EB%B2%84%20%EC%8B%A0%EC%9A%A9%EC%B9%B4%EB%93%9C%20%EA%B2%80%EC%83%89%20%EB%AA%A8%EB%B0%94%EC%9D%BC&utm_term={query}","삼성 iD PET 카드 피킹률 | 삼성 iD PET 카드 실제 혜택 | 삼성 삼성 iD PET 카드 카드 추천"
"naver-card-10531","현대카드O","현대","172","0.536","3750","400000","5000","1","1","false","28","P2","estimated_rule | not_officially_verified","https://www.hyundaicard.com/cpc/cr/CPCCR0201_01.hc?cardWcd=HCO&eventCode=ANB22","현대카드O 피킹률 | 현대카드O 실제 혜택 | 현대 현대카드O 카드 추천"
"naver-card-10532","현대카드S","현대","173","0.536","3750","400000","5000","1","1","false","28","P2","estimated_rule | not_officially_verified","https://www.hyundaicard.com/cpc/cr/CPCCR0201_01.hc?cardWcd=HCS&eventCode=ANB23","현대카드S 피킹률 | 현대카드S 실제 혜택 | 현대 현대카드S 카드 추천"
"naver-card-10529","현대카드D","현대","174","0.536","3750","400000","5000","1","1","false","28","P2","estimated_rule | not_officially_verified","https://www.hyundaicard.com/cpc/cr/CPCCR0201_01.hc?cardWcd=HCD&eventCode=ANB20","현대카드D 피킹률 | 현대카드D 실제 혜택 | 현대 현대카드D 카드 추천"
"naver-card-10059","KB국민 Green Wave 1.5℃ 카드","KB국민","175","0.536","3750","400000","5000","7","1","false","28","P2","estimated_rule | not_officially_verified","https://m.kbcard.com/CRD/DVIEW/MCAMCXHIACRC0002?allianceCode=09118&mainCC=b","KB국민 Green Wave 1.5℃ 카드 피킹률 | KB국민 Green Wave 1.5℃ 카드 실제 혜택 | KB국민 KB국민 Green Wave 1.5℃ 카드 카드 추천"
"naver-card-1470","KB국민 가온글로벌카드","KB국민","176","0.536","3750","200000","5000","4","1","false","28","P2","estimated_rule | not_officially_verified","https://m.kbcard.com/CRD/DVIEW/MCAMCXHIACRC0002?mainCC=b&allianceCode=09167","KB국민 가온글로벌카드 피킹률 | KB국민 가온글로벌카드 실제 혜택 | KB국민 KB국민 가온글로벌카드 카드 추천"
"naver-card-10619","KB YOU Wish카드","KB국민","177","0.536","3750","400000","5000","2","1","false","28","P2","estimated_rule | not_officially_verified","https://m.kbcard.com/CRD/DVIEW/MCAMCXHIACRC0002?mainCC=b&allianceCode=09780&solicitorcode=7030023030&jehuId=NPAY","KB YOU Wish카드 피킹률 | KB YOU Wish카드 실제 혜택 | KB국민 KB YOU Wish카드 카드 추천"
"naver-card-10297","NH농협 어디로든 그린카드","NH농협","178","0.536","3750","300000","5000","6","1","false","28","P2","estimated_rule | not_officially_verified","https://card.nonghyup.com/index_cardProd.html?SERVICE_ID=IPCC2021R&NAVIGATE_TYPE=1&cd_wrs_sqno=90010490&FromSite=53","NH농협 어디로든 그린카드 피킹률 | NH농협 어디로든 그린카드 실제 혜택 | NH농협 NH농협 어디로든 그린카드 카드 추천"
"naver-card-10543","현대카드M-화물차유가보조금카드","현대","179","0.518","3624","0","300000","2","1","false","63","P1","estimated_rule | single_tier_high_cap | monthly_cap_outlier | not_officially_verified","https://www.hyundaicard.com/cpc/cr/CPCCR0201_01.hc?cardWcd=MLSB","현대카드M-화물차유가보조금카드 피킹률 | 현대카드M-화물차유가보조금카드 실제 혜택 | 현대 현대카드M-화물차유가보조금카드 카드 추천"
"naver-card-10610","현대카드 하이브리드(캐시백형)","현대","180","0.498","3483","300000","5000","2","1","false","28","P2","estimated_rule | not_officially_verified","https://www.hyundaicard.com/cpc/cr/CPCCR0201_01.hc?cardWcd=CCDH&eventCode=ANB02","현대카드 하이브리드(캐시백형) 피킹률 | 현대카드 하이브리드(캐시백형) 실제 혜택 | 현대 현대카드 하이브리드(캐시백형) 카드 추천"
"naver-card-10218","신한카드 EVerywhere","신한","181","0.488","3417","400000","5000","1","1","false","28","P2","estimated_rule | not_officially_verified","https://www.shinhancard.com/pconts/html/card/apply/credit/1219683_2207.html?empSeq=502&utm_source=naver_credit&utm_medium=cpc&utm_campaign=online_mobile_Everywhere","신한카드 EVerywhere 피킹률 | 신한카드 EVerywhere 실제 혜택 | 신한 신한카드 EVerywhere 카드 추천"
"naver-card-10302","아메리칸 익스프레스 블루 KB국민카드","KB국민","182","0.488","3417","300000","5000","2","1","false","28","P2","estimated_rule | not_officially_verified","https://m.kbcard.com/CRD/DVIEW/MCAMCXHIACRC0002?mainCC=b&allianceCode=09115","아메리칸 익스프레스 블루 KB국민카드 피킹률 | 아메리칸 익스프레스 블루 KB국민카드 실제 혜택 | KB국민 아메리칸 익스프레스 블루 KB국민카드 카드 추천"
"naver-card-10301","아메리칸 익스프레스 로즈골드 KB국민카드","KB국민","183","0.488","3417","300000","5000","2","1","false","28","P2","estimated_rule | not_officially_verified","https://kbcard-ad.com/mo/amexrosegold/html/?solicitorcode=7308000178&utm_source=mnaver_platform&utm_medium=cpc&utm_campaign=amexrosegold_card&utm_content=non&utm_term=251020","아메리칸 익스프레스 로즈골드 KB국민카드 피킹률 | 아메리칸 익스프레스 로즈골드 KB국민카드 실제 혜택 | KB국민 아메리칸 익스프레스 로즈골드 KB국민카드 카드 추천"
"naver-card-10225","원더카드2.0 LIVING","하나","184","0.477","3342","400000","5000","5","1","false","8","P3","not_officially_verified","https://m.hanacard.co.kr/MKCDCM1010M.web?CD_PD_SEQ=17343","원더카드2.0 LIVING 피킹률 | 원더카드2.0 LIVING 실제 혜택 | 하나 원더카드2.0 LIVING 카드 추천"
"naver-card-10223","원더카드2.0 DAILY","하나","185","0.477","3342","400000","5000","4","1","false","8","P3","not_officially_verified","https://m.hanacard.co.kr/MKCDCM1010M.web?CD_PD_SEQ=17347","원더카드2.0 DAILY 피킹률 | 원더카드2.0 DAILY 실제 혜택 | 하나 원더카드2.0 DAILY 카드 추천"
"naver-card-10226","원더카드2.0 T","하나","186","0.477","3342","400000","5000","5","1","false","28","P2","estimated_rule | not_officially_verified","https://m.hanacard.co.kr/MKCDCM1010M.web?CD_PD_SEQ=17344","원더카드2.0 T 피킹률 | 원더카드2.0 T 실제 혜택 | 하나 원더카드2.0 T 카드 추천"
"naver-card-1294","KB국민 굿데이올림카드","KB국민","187","0.476","3333","300000","5000","3","1","false","28","P2","estimated_rule | not_officially_verified","https://m.kbcard.com/CRD/DVIEW/MCAMCXHIACRC0002?allianceCode=09063&mainCC=b","KB국민 굿데이올림카드 피킹률 | KB국민 굿데이올림카드 실제 혜택 | KB국민 KB국민 굿데이올림카드 카드 추천"
"naver-card-10611","KB국민 ALL point 카드","KB국민","188","0.476","3333","300000","5000","10","1","false","28","P2","estimated_rule | not_officially_verified","https://m.kbcard.com/CRD/DVIEW/MCAMCXHIACRC0002?mainCC=b&allianceCode=09162&solicitorcode=7030023030&jehuId=NPAY","KB국민 ALL point 카드 피킹률 | KB국민 ALL point 카드 실제 혜택 | KB국민 KB국민 ALL point 카드 카드 추천"
"naver-card-10303","디지로카 Paris","롯데","189","0.476","3333","500000","5000","10","1","false","28","P2","estimated_rule | not_officially_verified","http://m.lottecard.co.kr/spa/card/booth?bId=92356&vtCdKndC=P14728-A14728&npayUseYn=Y&utm_source=sa_naver_cs&utm_medium=cpc&utm_campaign=m_card_application&utm_content=digilocaparis&utm_term=신용카드","디지로카 Paris 피킹률 | 디지로카 Paris 실제 혜택 | 롯데 디지로카 Paris 카드 추천"
"naver-card-10522","삼성 iD SELECT ALL 카드","삼성","190","0.476","3333","400000","5000","7","1","false","28","P2","estimated_rule | not_officially_verified","https://www.samsungcard.com/personal/card/simple-apply/UHPPCA0225M0.jsp?code=AAP1875&alncmpC=QACDMB22&affcode=QACDMB22&BSCPN=BCTS&BSPRG=MNAVERCARD&BSCCN1=MB_%EC%8B%A0%EA%B2%80_AAP1875_%EC%85%80%EC%98%AC&utm_campaign=%EC%85%80%EC%98%AC&utm_medium=CSA&utm_source=%EB%84%A4%EC%9D%B4%EB%B2%84%20%EC%8B%A0%EC%9A%A9%EC%B9%B4%EB%93%9C%20%EA%B2%80%EC%83%89%20%EB%AA%A8%EB%B0%94%EC%9D%BC&utm_term={query}","삼성 iD SELECT ALL 카드 피킹률 | 삼성 iD SELECT ALL 카드 실제 혜택 | 삼성 삼성 iD SELECT ALL 카드 카드 추천"
"naver-card-10328","삼성 iD PLUG-IN 카드","삼성","191","0.476","3333","400000","5000","7","1","false","28","P2","estimated_rule | not_officially_verified","https://www.samsungcard.com/personal/card/simple-apply/UHPPCA0225M0.jsp?code=AAP1825&alncmpC=QACDMB03&affcode=QACDMB03&BSCPN=BCTS&BSPRG=MNAVERCARD&BSCCN1=MB_%EC%8B%A0%EA%B2%80_AAP1825_%EC%82%BC%EC%84%B1%20iD%20PLUG-IN%20%EC%B9%B4%EB%93%9C&utm_campaign=%EC%82%BC%EC%84%B1%20iD%20PLUG-IN%20%EC%B9%B4%EB%93%9C&utm_medium=CSA&utm_source=%EB%84%A4%EC%9D%B4%EB%B2%84%20%EC%8B%A0%EC%9A%A9%EC%B9%B4%EB%93%9C%20%EA%B2%80%EC%83%89%20%EB%AA%A8%EB%B0%94%EC%9D%BC&utm_term={query}","삼성 iD PLUG-IN 카드 피킹률 | 삼성 iD PLUG-IN 카드 실제 혜택 | 삼성 삼성 iD PLUG-IN 카드 카드 추천"
"naver-card-2856","KB국민 Easy on카드","KB국민","192","0.476","3333","500000","5000","2","1","false","28","P2","estimated_rule | not_officially_verified","https://m.kbcard.com/CRD/DVIEW/MCAMCXHIACRC0002?allianceCode=09244&mainCC=b","KB국민 Easy on카드 피킹률 | KB국민 Easy on카드 실제 혜택 | KB국민 KB국민 Easy on카드 카드 추천"
"naver-card-10256","삼성 iD VITA 카드","삼성","193","0.476","3333","500000","5000","5","1","false","28","P2","estimated_rule | not_officially_verified","https://www.samsungcard.com/personal/card/simple-apply/UHPPCA0225M0.jsp?code=AAP1790&alncmpC=QACDMB36&affcode=QACDMB36&BSCPN=BCTS&BSPRG=MNAVERCARD&BSCCN1=MB_%EC%8B%A0%EA%B2%80_AAP1790_%EC%82%BC%EC%84%B1%20iD%20VITA%20%EC%B9%B4%EB%93%9C&utm_campaign=%EC%82%BC%EC%84%B1%20iD%20VITA%20%EC%B9%B4%EB%93%9C&utm_medium=CSA&utm_source=%EB%84%A4%EC%9D%B4%EB%B2%84%20%EC%8B%A0%EC%9A%A9%EC%B9%B4%EB%93%9C%20%EA%B2%80%EC%83%89%20%EB%AA%A8%EB%B0%94%EC%9D%BC&utm_term={query}","삼성 iD VITA 카드 피킹률 | 삼성 iD VITA 카드 실제 혜택 | 삼성 삼성 iD VITA 카드 카드 추천"
"naver-card-10126","삼성 iD ENERGY 카드","삼성","194","0.476","3333","500000","10000","4","1","false","28","P2","estimated_rule | not_officially_verified","https://www.samsungcard.com/personal/card/simple-apply/UHPPCA0225M0.jsp?code=AAP1753&alncmpC=QACDMB04&affcode=QACDMB04&BSCPN=BCTS&BSPRG=MNAVERCARD&BSCCN1=MB_%EC%8B%A0%EA%B2%80_AAP1753_%EC%82%BC%EC%84%B1%20iD%20ENERGY%20%EC%B9%B4%EB%93%9C&utm_campaign=%EC%82%BC%EC%84%B1%20iD%20ENERGY%20%EC%B9%B4%EB%93%9C&utm_medium=CSA&utm_source=%EB%84%A4%EC%9D%B4%EB%B2%84%20%EC%8B%A0%EC%9A%A9%EC%B9%B4%EB%93%9C%20%EA%B2%80%EC%83%89%20%EB%AA%A8%EB%B0%94%EC%9D%BC&utm_term={query}","삼성 iD ENERGY 카드 피킹률 | 삼성 iD ENERGY 카드 실제 혜택 | 삼성 삼성 iD ENERGY 카드 카드 추천"
"naver-card-10103","삼성 iD ALL 카드","삼성","195","0.476","3333","400000","10000","7","1","false","28","P2","estimated_rule | not_officially_verified","https://www.samsungcard.com/personal/card/simple-apply/UHPPCA0225M0.jsp?code=AAP1727&alncmpC=QACDMB02&affcode=QACDMB02&BSCPN=BCTS&BSPRG=MNAVERCARD&BSCCN1=MB_%EC%8B%A0%EA%B2%80_AAP1727_%EC%82%BC%EC%84%B1%20iD%20ALL%20%EC%B9%B4%EB%93%9C&utm_campaign=%EC%82%BC%EC%84%B1%20iD%20ALL%20%EC%B9%B4%EB%93%9C&utm_medium=CSA&utm_source=%EB%84%A4%EC%9D%B4%EB%B2%84%20%EC%8B%A0%EC%9A%A9%EC%B9%B4%EB%93%9C%20%EA%B2%80%EC%83%89%20%EB%AA%A8%EB%B0%94%EC%9D%BC&utm_term={query}","삼성 iD ALL 카드 피킹률 | 삼성 iD ALL 카드 실제 혜택 | 삼성 삼성 iD ALL 카드 카드 추천"
"naver-card-10511","KTX 삼성카드","삼성","196","0.476","3333","400000","5000","4","1","false","28","P2","estimated_rule | not_officially_verified","https://www.samsungcard.com/personal/card/simple-apply/UHPPCA0225M0.jsp?code=AAP1864&alncmpC=QACDMB12&affcode=QACDMB12&BSCPN=BCTS&BSPRG=MNAVERCARD&BSCCN1=MB_%EC%8B%A0%EA%B2%80_AAP1864_KTX%20%EC%82%BC%EC%84%B1%EC%B9%B4%EB%93%9C&utm_campaign=KTX%20%EC%82%BC%EC%84%B1%EC%B9%B4%EB%93%9C&utm_medium=CSA&utm_source=%EB%84%A4%EC%9D%B4%EB%B2%84%20%EC%8B%A0%EC%9A%A9%EC%B9%B4%EB%93%9C%20%EA%B2%80%EC%83%89%20%EB%AA%A8%EB%B0%94%EC%9D%BC&utm_term={query}","KTX 삼성카드 피킹률 | KTX 삼성카드 실제 혜택 | 삼성 KTX 삼성카드 카드 추천"
"naver-card-10338","현대카드Z work Edition2","현대","197","0.476","3333","500000","5000","2","1","false","28","P2","estimated_rule | not_officially_verified","https://www.hyundaicard.com/cpc/cr/CPCCR0201_01.hc?cardWcd=ZWE2&eventCode=DMV0V","현대카드Z work Edition2 피킹률 | 현대카드Z work Edition2 실제 혜택 | 현대 현대카드Z work Edition2 카드 추천"
"naver-card-10337","현대카드Z family Edition2","현대","198","0.476","3333","500000","20000","2","1","false","28","P2","estimated_rule | not_officially_verified","https://www.hyundaicard.com/cpc/cr/CPCCR0201_01.hc?cardWcd=ZFE2&eventCode=DMV02","현대카드Z family Edition2 피킹률 | 현대카드Z family Edition2 실제 혜택 | 현대 현대카드Z family Edition2 카드 추천"
"naver-card-10339","현대카드Z play","현대","199","0.476","3333","500000","20000","2","1","false","28","P2","estimated_rule | not_officially_verified","https://www.hyundaicard.com/cpc/cr/CPCCR0201_01.hc?cardWcd=ZOE2&eventCode=DMV37","현대카드Z play 피킹률 | 현대카드Z play 실제 혜택 | 현대 현대카드Z play 카드 추천"
"naver-card-10557","해피메이트 ibk카드(신용)","IBK기업은행","200","0.476","3333","400000","5000","1","1","false","8","P3","not_officially_verified","https://www.ibk.co.kr/cardbiz/detailBizNew.ibk?&pageId=&PDLN_CD=12&PDGR_CD=11&PDTM_CD=356&PDCD=0001&ad_cd=nvmo&mz_cd=ADGROUN","해피메이트 ibk카드(신용) 피킹률 | 해피메이트 ibk카드(신용) 실제 혜택 | IBK기업은행 해피메이트 ibk카드(신용) 카드 추천"
"naver-card-2332","KB국민 톡톡Pay카드","KB국민","201","0.476","3333","400000","5000","5","1","false","28","P2","estimated_rule | not_officially_verified","https://m.kbcard.com/CRD/DVIEW/MCAMCXHIACRC0002?allianceCode=09231&mainCC=b","KB국민 톡톡Pay카드 피킹률 | KB국민 톡톡Pay카드 실제 혜택 | KB국민 KB국민 톡톡Pay카드 카드 추천"
"naver-card-2857","KB국민 Easy Pick카드","KB국민","202","0.476","3333","500000","5000","2","1","false","28","P2","estimated_rule | not_officially_verified","https://m.kbcard.com/CRD/DVIEW/MCAMCXHIACRC0002?allianceCode=09243&mainCC=b","KB국민 Easy Pick카드 피킹률 | KB국민 Easy Pick카드 실제 혜택 | KB국민 KB국민 Easy Pick카드 카드 추천"
"naver-card-10510","KB전통시장온누리카드","KB국민","203","0.476","3333","400000","5000","2","1","false","28","P2","estimated_rule | not_officially_verified","https://m.kbcard.com/CRD/DVIEW/MCAMCXHIACRC0002?allianceCode=09348&mainCC=b&solicitorcode=7030023030&jehuId=NPAY","KB전통시장온누리카드 피킹률 | KB전통시장온누리카드 실제 혜택 | KB국민 KB전통시장온누리카드 카드 추천"
"naver-card-10410","신한카드 The PET","신한","204","0.476","3333","400000","5000","4","1","false","28","P2","estimated_rule | not_officially_verified","https://www.shinhancard.com/pconts/html/card/apply/credit/1228839_2207.html?EntryLoc2=3477&empSeq=617&btnApp=L0S1H3&utm_source=naver_credit&utm_medium=cpc&utm_campaign=online_mobile_thepet","신한카드 The PET 피킹률 | 신한카드 The PET 실제 혜택 | 신한 신한카드 The PET 카드 추천"
"naver-card-10583","현대홈쇼핑 현대카드 Edition2","현대","205","0.476","3333","400000","5000","2","1","false","28","P2","estimated_rule | not_officially_verified","https://www.hyundaicard.com/cpc/cr/CPCCR0201_01.hc?cardWcd=HDSHE2&eventCode=HHS10","현대홈쇼핑 현대카드 Edition2 피킹률 | 현대홈쇼핑 현대카드 Edition2 실제 혜택 | 현대 현대홈쇼핑 현대카드 Edition2 카드 추천"
"naver-card-10385","SKT-현대카드M Edition3(통신할인형2.0)","현대","206","0.476","3333","500000","25000","2","1","false","28","P2","estimated_rule | not_officially_verified","https://www.hyundaicard.com/cpc/cr/CPCCR0201_01.hc?cardWcd=MSKTE3TP&eventCode=NCL13","SKT-현대카드M Edition3(통신할인형2.0) 피킹률 | SKT-현대카드M Edition3(통신할인형2.0) 실제 혜택 | 현대 SKT-현대카드M Edition3(통신할인형2.0) 카드 추천"
"naver-card-10384","LG U+-현대카드M Edition3(통신할인형2.0)","현대","207","0.476","3333","500000","25000","2","1","false","28","P2","estimated_rule | not_officially_verified","https://www.hyundaicard.com/cpc/cr/CPCCR0201_01.hc?cardflag=RC&cardWcd=MLGTE3","LG U+-현대카드M Edition3(통신할인형2.0) 피킹률 | LG U+-현대카드M Edition3(통신할인형2.0) 실제 혜택 | 현대 LG U+-현대카드M Edition3(통신할인형2.0) 카드 추천"
"naver-card-10383","kt-현대카드M Edition3(통신할인형2.0)","현대","208","0.476","3333","500000","25000","2","1","false","28","P2","estimated_rule | not_officially_verified","https://www.hyundaicard.com/cpc/cr/CPCCR0201_01.hc?cardflag=RC&cardWcd=MKTE3TP","kt-현대카드M Edition3(통신할인형2.0) 피킹률 | kt-현대카드M Edition3(통신할인형2.0) 실제 혜택 | 현대 kt-현대카드M Edition3(통신할인형2.0) 카드 추천"
"naver-card-10420","KB국민 EV카드","KB국민","209","0.476","3333","400000","5000","4","1","false","28","P2","estimated_rule | not_officially_verified","https://m.kbcard.com/CRD/DVIEW/MCAMCXHIACRC0002?allianceCode=00230&mainCC=b","KB국민 EV카드 피킹률 | KB국민 EV카드 실제 혜택 | KB국민 KB국민 EV카드 카드 추천"
"naver-card-10325","코스트코 리워드 현대카드 Edition2","현대","210","0.476","3333","500000","5000","7","1","false","8","P3","not_officially_verified","https://www.hyundaicard.com/cpc/cr/CPCCR0201_01.hc?cardWcd=CSTCE2&eventCode=CCC58&rcPath=L300500000000","코스트코 리워드 현대카드 Edition2 피킹률 | 코스트코 리워드 현대카드 Edition2 실제 혜택 | 현대 코스트코 리워드 현대카드 Edition2 카드 추천"
"naver-card-10577","한화이글스 신한카드","신한","211","0.476","3333","300000","5000","10","1","false","8","P3","not_officially_verified","https://www.shinhancard.com/pconts/html/card/apply/credit/1235111_2207.html?empSeq=502","한화이글스 신한카드 피킹률 | 한화이글스 신한카드 실제 혜택 | 신한 한화이글스 신한카드 카드 추천"
"naver-card-10638","LG헬로비전 신한카드","신한","212","0.452","3167","400000","15000","1","1","false","28","P2","estimated_rule | not_officially_verified","https://www.shinhancard.com/pconts/html/card/apply/credit/1203566_2207.html?empSeq=503","LG헬로비전 신한카드 피킹률 | LG헬로비전 신한카드 실제 혜택 | 신한 LG헬로비전 신한카드 카드 추천"
"naver-card-10447","KB국민 기후동행카드","KB국민","213","0.452","3167","400000","10000","1","1","false","28","P2","estimated_rule | not_officially_verified","https://m.kbcard.com/CRD/DVIEW/MCAMCXHIACRC0002?allianceCode=04918&mainCC=b","KB국민 기후동행카드 피킹률 | KB국민 기후동행카드 실제 혜택 | KB국민 KB국민 기후동행카드 카드 추천"
"naver-card-10639","LG U+ 사장님 통할인 신한카드","신한","214","0.440","3083","700000","42000","1","1","false","43","P2","estimated_rule | single_tier_high_cap | not_officially_verified","https://www.shinhancard.com/pconts/html/card/apply/credit/1196261_2207.html?empSeq=501","LG U+ 사장님 통할인 신한카드 피킹률 | LG U+ 사장님 통할인 신한카드 실제 혜택 | 신한 LG U+ 사장님 통할인 신한카드 카드 추천"
"naver-card-10035","신한카드 국민행복","신한","215","0.393","2750","300000","300000","1","1","false","63","P1","estimated_rule | single_tier_high_cap | monthly_cap_outlier | not_officially_verified","https://www.shinhancard.com/pconts/html/card/apply/credit/1200235_2207.html?EntryLoc2=3040&empSeq=1&btnApp=DP013G&utm_source=naver_credit&utm_medium=cpc&utm_campaign=online_khappy","신한카드 국민행복 피킹률 | 신한카드 국민행복 실제 혜택 | 신한 신한카드 국민행복 카드 추천"
"naver-card-10436","현대백화점카드","현대백화점카드","216","0.393","2750","1","5000","1","1","false","28","P2","estimated_rule | not_officially_verified","http://m.ehyundai.com/mobile/card/VO/main.do?menu=0&r=&event_id=&use_r=","현대백화점카드 피킹률 | 현대백화점카드 실제 혜택 | 현대백화점카드 현대백화점카드 카드 추천"
"naver-card-10612","카드의정석2 SHOPPER","우리","217","0.381","2667","500000","5000","2","1","false","28","P2","estimated_rule | not_officially_verified","https://m.wooricard.com/dcmw/yh1/crd/crd01/M1CRD101S02.do?cdPrdCd=104151&canvasser=88801075&utm_source=naver_cs&utm_medium=cpc&utm_campaign=M_카드섹션&utm_content=%EC%B9%B4%EB%93%9C%EC%9D%98%EC%A0%95%EC%84%9D2%20SHOPPER","카드의정석2 SHOPPER 피킹률 | 카드의정석2 SHOPPER 실제 혜택 | 우리 카드의정석2 SHOPPER 카드 추천"
"naver-card-3878","DailyWith (데일리위드)카드","IBK기업은행","218","0.367","2567","500000","5000","4","1","false","28","P2","estimated_rule | not_officially_verified","https://www.ibk.co.kr/cardbiz/detailBizNew.ibk?pageId=CA01020000&PDLN_CD=12&PDGR_CD=11&PDTM_CD=328&PDCD=0001&ad_cd=nvmo&mz_cd=ADGROUN","DailyWith (데일리위드)카드 피킹률 | DailyWith (데일리위드)카드 실제 혜택 | IBK기업은행 DailyWith (데일리위드)카드 카드 추천"
"naver-card-10216","KB국민 My WE:SH 카드","KB국민","219","0.357","2500","400000","5000","1","1","false","28","P2","estimated_rule | not_officially_verified","https://m.kbcard.com/CRD/DVIEW/MCAMCXHIACRC0002?allianceCode=09923&mainCC=b","KB국민 My WE:SH 카드 피킹률 | KB국민 My WE:SH 카드 실제 혜택 | KB국민 KB국민 My WE:SH 카드 카드 추천"
"naver-card-10499","현대카드 X Save","현대","220","0.357","2500","500000","20000","2","1","false","28","P2","estimated_rule | not_officially_verified","https://www.hyundaicard.com/cpc/cr/CPCCR0201_01.hc?cardWcd=XSAV&eventCode=DMVFT","현대카드 X Save 피킹률 | 현대카드 X Save 실제 혜택 | 현대 현대카드 X Save 카드 추천"
"naver-card-10498","현대카드 X Cut","현대","221","0.357","2500","500000","20000","2","1","false","28","P2","estimated_rule | not_officially_verified","https://www.hyundaicard.com/cpc/cr/CPCCR0201_01.hc?cardWcd=XCUT&eventCode=DMVFE","현대카드 X Cut 피킹률 | 현대카드 X Cut 실제 혜택 | 현대 현대카드 X Cut 카드 추천"
"naver-card-10334","현대카드M","현대","222","0.357","2500","500000","10000","4","1","false","28","P2","estimated_rule | not_officially_verified","https://www.hyundaicard.com/cpc/cr/CPCCR0201_01.hc?cardWcd=ME4&eventCode=DMV3C","현대카드M 피킹률 | 현대카드M 실제 혜택 | 현대 현대카드M 카드 추천"
"naver-card-10378","coway-현대카드M Edition3","현대","223","0.357","2500","500000","20000","1","1","false","28","P2","estimated_rule | not_officially_verified","https://www.hyundaicard.com/cpc/cr/CPCCR0201_01.hc?cardflag=J&cardWcd=MCWYE3","coway-현대카드M Edition3 피킹률 | coway-현대카드M Edition3 실제 혜택 | 현대 coway-현대카드M Edition3 카드 추천"
"naver-card-10405","SILVER FOR 롯데백화점, 현대카드","현대","224","0.357","2500","500000","5000","3","1","false","28","P2","estimated_rule | not_officially_verified","https://www.hyundaicard.com/cpc/cr/CPCCR0201_01.hc?cardWcd=LTTDSHC&eventCode=LTDJY","SILVER FOR 롯데백화점, 현대카드 피킹률 | SILVER FOR 롯데백화점, 현대카드 실제 혜택 | 현대 SILVER FOR 롯데백화점, 현대카드 카드 추천"
"naver-card-10456","올리브영 현대카드","현대","225","0.357","2500","400000","5000","1","1","false","8","P3","not_officially_verified","https://www.hyundaicard.com/cpc/cr/CPCCR0201_01.hc?cardWcd=OLVYHC","올리브영 현대카드 피킹률 | 올리브영 현대카드 실제 혜택 | 현대 올리브영 현대카드 카드 추천"
"naver-card-2886","신한카드 Deep Making","신한","226","0.357","2500","400000","5000","1","1","false","28","P2","estimated_rule | not_officially_verified","https://www.shinhancard.com/pconts/html/card/apply/credit/1188286_2207.html?EntryLoc2=2932&empSeq=501&btnApp=V0M1K3C4&utm_source=naver_credit&utm_medium=cpc&utm_campaign=online_mobile_deepmaking","신한카드 Deep Making 피킹률 | 신한카드 Deep Making 실제 혜택 | 신한 신한카드 Deep Making 카드 추천"
"naver-card-10549","DB손해보험 현대카드","현대","227","0.357","2500","500000","17000","2","1","false","28","P2","estimated_rule | not_officially_verified","https://www.hyundaicard.com/cpc/cr/CPCCR0201_01.hc?cardWcd=MDBI&eventCode=DBI1U","DB손해보험 현대카드 피킹률 | DB손해보험 현대카드 실제 혜택 | 현대 DB손해보험 현대카드 카드 추천"
"naver-card-10458","현대카드 이마트 e카드 Plus","현대","228","0.357","2500","500000","5000","10","1","false","28","P2","estimated_rule | not_officially_verified","https://www.hyundaicard.com/cpc/cr/CPCCR0201_01.hc?cardflag=RC&cardWcd=EMTE3S","현대카드 이마트 e카드 Plus 피킹률 | 현대카드 이마트 e카드 Plus 실제 혜택 | 현대 현대카드 이마트 e카드 Plus 카드 추천"
"naver-card-10546","현대해상 현대카드","현대","229","0.357","2500","500000","17000","2","1","false","28","P2","estimated_rule | not_officially_verified","https://www.hyundaicard.com/cpc/cr/CPCCR0201_01.hc?cardWcd=MHMFI","현대해상 현대카드 피킹률 | 현대해상 현대카드 실제 혜택 | 현대 현대해상 현대카드 카드 추천"
"naver-card-3756","신한카드 MY CAR","신한","230","0.333","2330","400000","10000","5","1","false","28","P2","estimated_rule | not_officially_verified","https://www.shinhancard.com/pconts/html/card/apply/credit/1197177_2207.html?EntryLoc2=4357&empSeq=505&btnApp=E0J1R3E4K&utm_source=naver%5Fcredit&utm_medium=cpc&utm_campaign=online%5Fmobile%5Fmycar","신한카드 MY CAR 피킹률 | 신한카드 MY CAR 실제 혜택 | 신한 신한카드 MY CAR 카드 추천"
"naver-card-10428","LOCA X 기후동행카드","롯데","231","0.327","2292","300000","15000","10","3","false","28","P2","estimated_rule | not_officially_verified","https://m.lottecard.co.kr/spa/card/booth?bId=96054&vtCdKndC=P15638-A15638&npayUseYn=Y&utm_source=sa_naver_cs&utm_medium=cpc&utm_campaign=m_card_application&utm_content=traffic_01&utm_term=신용카드","LOCA X 기후동행카드 피킹률 | LOCA X 기후동행카드 실제 혜택 | 롯데 LOCA X 기후동행카드 카드 추천"
"naver-card-10187","zgm.the pay카드","NH농협","232","0.313","2190","0","100000","2","1","false","63","P1","estimated_rule | single_tier_high_cap | monthly_cap_outlier | not_officially_verified","https://card.nonghyup.com/index_cardProd.html?SERVICE_ID=IPCC2021R&NAVIGATE_TYPE=1&cd_wrs_sqno=90010178&FromSite=53","zgm.the pay카드 피킹률 | zgm.the pay카드 실제 혜택 | NH농협 zgm.the pay카드 카드 추천"
"naver-card-10478","KB국민 올라운드카드","KB국민","233","0.313","2190","400000","5000","3","1","false","8","P3","not_officially_verified","https://kbcard-ad.com/mo/allround/html/?solicitorcode=7308000001&utm_source=mnaver_platform&utm_medium=cpc&utm_campaign=allround_card&utm_content=non&utm_term=260417","KB국민 올라운드카드 피킹률 | KB국민 올라운드카드 실제 혜택 | KB국민 KB국민 올라운드카드 카드 추천"
"naver-card-10450","IBK 포인트 3.8 신용카드","IBK기업은행","234","0.274","1917","500000","5000","3","1","false","28","P2","estimated_rule | not_officially_verified","https://www.ibk.co.kr/cardbiz/detailBizNew.ibk?&pageId=&PDLN_CD=12&PDGR_CD=11&PDTM_CD=347&PDCD=0003&ad_cd=nvmo&mz_cd=ADGROUN","IBK 포인트 3.8 신용카드 피킹률 | IBK 포인트 3.8 신용카드 실제 혜택 | IBK기업은행 IBK 포인트 3.8 신용카드 카드 추천"
"naver-card-10530","현대카드H","현대","235","0.250","1750","400000","5000","1","1","false","28","P2","estimated_rule | not_officially_verified","https://www.hyundaicard.com/cpc/cr/CPCCR0201_01.hc?cardWcd=HCH&eventCode=ANB21","현대카드H 피킹률 | 현대카드H 실제 혜택 | 현대 현대카드H 카드 추천"
"naver-card-10607","KT가족만족 할부 신한카드","신한","236","0.244","1707","300000","10000","1","1","false","28","P2","estimated_rule | not_officially_verified","https://www.shinhancard.com/pconts/html/card/apply/credit/1221484_2207.html?EntryLoc2=3298&empSeq=504 &utm_source=naver_credit&utm_medium=cpc&utm_campaign=online_mobile_ktfamily","KT가족만족 할부 신한카드 피킹률 | KT가족만족 할부 신한카드 실제 혜택 | 신한 KT가족만족 할부 신한카드 카드 추천"
"naver-card-10585","KB국민 NEED Pay 카드","KB국민","237","0.202","1417","400000","3000","2","1","false","28","P2","estimated_rule | not_officially_verified","https://m.kbcard.com/CRD/DVIEW/MCAMCXHIACRC0002?mainCC=b&allianceCode=09800","KB국민 NEED Pay 카드 피킹률 | KB국민 NEED Pay 카드 실제 혜택 | KB국민 KB국민 NEED Pay 카드 카드 추천"
"naver-card-10618","SmileCard Edition3","현대","238","0.186","1303","300000","5000","3","1","false","28","P2","estimated_rule | not_officially_verified","https://www.hyundaicard.com/cpc/cr/CPCCR0201_01.hc?cardWcd=ESPE3","SmileCard Edition3 피킹률 | SmileCard Edition3 실제 혜택 | 현대 SmileCard Edition3 카드 추천"
"naver-card-3958","올바른BAZIC+ 카드","NH농협","239","0.155","1087","400000","5000","5","1","false","28","P2","estimated_rule | not_officially_verified","https://card.nonghyup.com/index_cardProd.html?SERVICE_ID=IPCC2021R&NAVIGATE_TYPE=1&cd_wrs_sqno=90000418&FromSite=53","올바른BAZIC+ 카드 피킹률 | 올바른BAZIC+ 카드 실제 혜택 | NH농협 올바른BAZIC+ 카드 카드 추천"
"naver-card-10237","삼성 iD NOMAD 카드","삼성","240","0.155","1083","500000","5000","4","1","false","8","P3","not_officially_verified","https://www.samsungcard.com/personal/card/simple-apply/UHPPCA0225M0.jsp?code=AAP1786&alncmpC=QACDMB20&affcode=QACDMB20&BSCPN=BCTS&BSPRG=MNAVERCARD&BSCCN1=MB_%EC%8B%A0%EA%B2%80_AAP1786_%EC%82%BC%EC%84%B1%20iD%20NOMAD%20%EC%B9%B4%EB%93%9C&utm_campaign=%EC%82%BC%EC%84%B1%20iD%20NOMAD%20%EC%B9%B4%EB%93%9C&utm_medium=CSA&utm_source=%EB%84%A4%EC%9D%B4%EB%B2%84%20%EC%8B%A0%EC%9A%A9%EC%B9%B4%EB%93%9C%20%EA%B2%80%EC%83%89%20%EB%AA%A8%EB%B0%94%EC%9D%BC&utm_term={query}","삼성 iD NOMAD 카드 피킹률 | 삼성 iD NOMAD 카드 실제 혜택 | 삼성 삼성 iD NOMAD 카드 카드 추천"
"naver-card-10327","신한카드 Point Plan","신한","241","0.155","1083","400000","10000","2","1","false","28","P2","estimated_rule | not_officially_verified","https://www.shinhancard.com/pconts/html/card/apply/credit/1226113_2207.html?EntryLoc2=3447&empSeq=509&btnApp=DP0A1Q3&utm_source=naver_credit&utm_medium=cpc&utm_campaign=online_mobile_pointplan","신한카드 Point Plan 피킹률 | 신한카드 Point Plan 실제 혜택 | 신한 신한카드 Point Plan 카드 추천"
"naver-card-10533","현대카드Z everyday","현대","242","0.155","1083","500000","5000","1","1","false","28","P2","estimated_rule | not_officially_verified","https://www.hyundaicard.com/cpc/cr/CPCCR0201_01.hc?cardWcd=ZWK&eventCode=ANB25","현대카드Z everyday 피킹률 | 현대카드Z everyday 실제 혜택 | 현대 현대카드Z everyday 카드 추천"
"naver-card-10581","현대카드 MC SKYPASS","현대","243","0.143","1000","0","1000","2","1","false","8","P3","not_officially_verified","https://mycompany.hyundaicard.com/cr/in/CRIN1007.do?_method=X01&pageType=newJoin","현대카드 MC SKYPASS 피킹률 | 현대카드 MC SKYPASS 실제 혜택 | 현대 현대카드 MC SKYPASS 카드 추천"
"naver-card-10578","현대카드 MC 주유전용카드","현대","244","0.143","1000","0","1000","3","1","false","28","P2","estimated_rule | not_officially_verified","https://mycompany.hyundaicard.com/cr/in/CRIN1006.do?_method=X02&pageType=newJoin","현대카드 MC 주유전용카드 피킹률 | 현대카드 MC 주유전용카드 실제 혜택 | 현대 현대카드 MC 주유전용카드 카드 추천"
"naver-card-10241","zgm.고향으로카드","NH농협","245","0.143","1000","400000","2000","5","1","false","28","P2","estimated_rule | not_officially_verified","https://card.nonghyup.com/index_cardProd.html?SERVICE_ID=IPCC2021R&NAVIGATE_TYPE=1&cd_wrs_sqno=90010216&FromSite=53","zgm.고향으로카드 피킹률 | zgm.고향으로카드 실제 혜택 | NH농협 zgm.고향으로카드 카드 추천"
"naver-card-3777","올바른NEW HAVE+카드","NH농협","246","0.126","883","400000","23000","2","1","false","28","P2","estimated_rule | not_officially_verified","https://card.nonghyup.com/index_cardProd.html?SERVICE_ID=IPCC2021R&NAVIGATE_TYPE=1&cd_wrs_sqno=90010034&FromSite=53","올바른NEW HAVE+카드 피킹률 | 올바른NEW HAVE+카드 실제 혜택 | NH농협 올바른NEW HAVE+카드 카드 추천"
"naver-card-10424","KB국민 하이패스 2.0","KB국민","247","0.119","833","0","1000","3","1","false","28","P2","estimated_rule | not_officially_verified","https://m.kbcard.com/CRD/DVIEW/MCAMCXHIACRC0002?allianceCode=09178&mainCC=b","KB국민 하이패스 2.0 피킹률 | KB국민 하이패스 2.0 실제 혜택 | KB국민 KB국민 하이패스 2.0 카드 추천"
"naver-card-10486","삼성후불하이패스카드","삼성","248","0.119","833","0","1000","2","1","false","28","P2","estimated_rule | not_officially_verified","https://www.samsungcard.com/personal/card/simple-apply/UHPPCA0225M0.jsp?code=AAP0598&alncmpC=QACDMB20&affcode=QACDMB20&BSCPN=BCTS&BSPRG=MNAVERCARD&BSCCN1=MB_%EC%8B%A0%EA%B2%80_AAP0598_%EC%82%BC%EC%84%B1%ED%9B%84%EB%B6%88%ED%95%98%EC%9D%B4%ED%8C%A8%EC%8A%A4%EC%B9%B4%EB%93%9C&utm_campaign=%EC%82%BC%EC%84%B1%ED%9B%84%EB%B6%88%ED%95%98%EC%9D%B4%ED%8C%A8%EC%8A%A4%EC%B9%B4%EB%93%9C&utm_medium=CSA&utm_source=%EB%84%A4%EC%9D%B4%EB%B2%84%20%EC%8B%A0%EC%9A%A9%EC%B9%B4%EB%93%9C%20%EA%B2%80%EC%83%89%20%EB%AA%A8%EB%B0%94%EC%9D%BC&utm_term={query}","삼성후불하이패스카드 피킹률 | 삼성후불하이패스카드 실제 혜택 | 삼성 삼성후불하이패스카드 카드 추천"
"naver-card-10287","zgm.일본여행중카드","NH농협","249","0.119","833","300000","5000","4","1","false","28","P2","estimated_rule | not_officially_verified","https://card.nonghyup.com/index_cardProd.html?SERVICE_ID=IPCC2021R&NAVIGATE_TYPE=1&cd_wrs_sqno=90010476&FromSite=53","zgm.일본여행중카드 피킹률 | zgm.일본여행중카드 실제 혜택 | NH농협 zgm.일본여행중카드 카드 추천"
"naver-card-10406","삼성 iD ONE 카드","삼성","250","0.119","833","500000","5000","8","1","false","28","P2","estimated_rule | not_officially_verified","https://www.samsungcard.com/personal/card/simple-apply/UHPPCA0225M0.jsp?code=AAP1837&alncmpC=QACDMB22&affcode=QACDMB22&BSCPN=BCTS&BSPRG=MNAVERCARD&BSCCN1=MB_%EC%8B%A0%EA%B2%80_AAP1837_%EC%82%BC%EC%84%B1%20iD%20ONE%20%EC%B9%B4%EB%93%9C&utm_campaign=%EC%82%BC%EC%84%B1%20iD%20ONE%20%EC%B9%B4%EB%93%9C&utm_medium=CSA&utm_source=%EB%84%A4%EC%9D%B4%EB%B2%84%20%EC%8B%A0%EC%9A%A9%EC%B9%B4%EB%93%9C%20%EA%B2%80%EC%83%89%20%EB%AA%A8%EB%B0%94%EC%9D%BC&utm_term={query}","삼성 iD ONE 카드 피킹률 | 삼성 iD ONE 카드 실제 혜택 | 삼성 삼성 iD ONE 카드 카드 추천"
"naver-card-10336","현대카드X","현대","251","0.119","833","500000","20000","2","1","false","28","P2","estimated_rule | not_officially_verified","https://www.hyundaicard.com/cpc/cr/CPCCR0201_01.hc?cardWcd=XPE4&eventCode=DMV57","현대카드X 피킹률 | 현대카드X 실제 혜택 | 현대 현대카드X 카드 추천"
"naver-card-10409","신한카드 Edu Plan+","신한","252","0.110","767","500000","90000","3","1","false","43","P2","estimated_rule | single_tier_high_cap | not_officially_verified","https://www.shinhancard.com/pconts/html/card/apply/credit/1228598_2207.html?EntryLoc2=3479&empSeq=507&btnApp=L0S1H3&utm_source=naver_credit&utm_medium=cpc&utm_campaign=online_mo_eduplanplus&utm_content=card&utm_term={keyword}","신한카드 Edu Plan+ 피킹률 | 신한카드 Edu Plan+ 실제 혜택 | 신한 신한카드 Edu Plan+ 카드 추천"
"naver-card-3776","올바른NEW HAVE카드","NH농협","253","0.097","680","400000","12000","2","1","false","28","P2","estimated_rule | not_officially_verified","https://card.nonghyup.com/index_cardProd.html?SERVICE_ID=IPCC2021R&NAVIGATE_TYPE=1&cd_wrs_sqno=90010035&FromSite=53","올바른NEW HAVE카드 피킹률 | 올바른NEW HAVE카드 실제 혜택 | NH농협 올바른NEW HAVE카드 카드 추천"
"naver-card-10565","현대카드 MC TWO(법인 리워드형)","현대","254","0.083","583","0","1000","3","1","false","28","P2","estimated_rule | not_officially_verified","https://mycompany.hyundaicard.com/cr/in/CRIN1012.do?_method=X01&prdtCd=03083&pageType=newJoin","현대카드 MC TWO(법인 리워드형) 피킹률 | 현대카드 MC TWO(법인 리워드형) 실제 혜택 | 현대 현대카드 MC TWO(법인 리워드형) 카드 추천"
"naver-card-10564","현대카드 MC ONE(법인 리워드형)","현대","255","0.083","583","0","1000","3","1","false","28","P2","estimated_rule | not_officially_verified","https://mycompany.hyundaicard.com/cr/in/CRIN1011.do?_method=X01&prdtCd=03078&pageType=newJoin","현대카드 MC ONE(법인 리워드형) 피킹률 | 현대카드 MC ONE(법인 리워드형) 실제 혜택 | 현대 현대카드 MC ONE(법인 리워드형) 카드 추천"
"naver-card-10582","현대카드 MC ONE(대한항공 마일리지형)","현대","256","0.083","583","0","1000","2","1","false","8","P3","not_officially_verified","https://mycompany.hyundaicard.com/cr/in/CRIN1011.do?_method=X02&pageType=newJoin","현대카드 MC ONE(대한항공 마일리지형) 피킹률 | 현대카드 MC ONE(대한항공 마일리지형) 실제 혜택 | 현대 현대카드 MC ONE(대한항공 마일리지형) 카드 추천"
"naver-card-10080","#Pay 신한카드","신한","257","0.071","500","300000","10000","1","1","false","28","P2","estimated_rule | not_officially_verified","https://www.shinhancard.com/pconts/html/card/apply/credit/1211510_2207.html?empSeq=538&utm_source=naver_credit&utm_medium=cpc&utm_campaign=online_mobile_hashpay","#Pay 신한카드 피킹률 | #Pay 신한카드 실제 혜택 | 신한 #Pay 신한카드 카드 추천"
"naver-card-10627","신한법인카드 Untact+","신한","258","0.042","293","0","1000","4","1","false","28","P2","estimated_rule | not_officially_verified","https://www.shinhancard.com/cconts/html/card_request/card_info/corporate/1203941_7471.html?","신한법인카드 Untact+ 피킹률 | 신한법인카드 Untact+ 실제 혜택 | 신한 신한법인카드 Untact+ 카드 추천"
"naver-card-10541","현대카드X-화물차유가보조금카드(S-OIL)","현대","259","0.030","210","0","300000","2","1","false","63","P1","estimated_rule | single_tier_high_cap | monthly_cap_outlier | not_officially_verified","https://www.hyundaicard.com/cpc/cr/CPCCR0201_01.hc?cardWcd=LSBSOILX&eventCode=NCL7C","현대카드X-화물차유가보조금카드(S-OIL) 피킹률 | 현대카드X-화물차유가보조금카드(S-OIL) 실제 혜택 | 현대 현대카드X-화물차유가보조금카드(S-OIL) 카드 추천"
"naver-card-10542","현대카드X-화물차유가보조금카드(SK에너지)","현대","260","0.029","200","0","300000","2","1","false","63","P1","estimated_rule | single_tier_high_cap | monthly_cap_outlier | not_officially_verified","https://www.hyundaicard.com/cpc/cr/CPCCR0201_01.hc?cardWcd=LSBSKENX&eventCode=NCL7D","현대카드X-화물차유가보조금카드(SK에너지) 피킹률 | 현대카드X-화물차유가보조금카드(SK에너지) 실제 혜택 | 현대 현대카드X-화물차유가보조금카드(SK에너지) 카드 추천"
"naver-card-10105","LOCA LIKIT 1.2","롯데","261","0.024","167","0","1000","10","1","false","28","P2","estimated_rule | not_officially_verified","http://m.lottecard.co.kr/spa/card/booth?bId=102808&vtCdKndC=P13937-A13937&npayUseYn=Y&utm_source=sa_naver_cs&utm_medium=cpc&utm_campaign=m_card_application_cashback&utm_content=localikit12&utm_term=%EC%8B%A0%EC%9A%A9%EC%B9%B4%EB%93%9C","LOCA LIKIT 1.2 피킹률 | LOCA LIKIT 1.2 실제 혜택 | 롯데 LOCA LIKIT 1.2 카드 추천"
"naver-card-10615","LOCA LIKIT 1.5","롯데","262","0.024","167","0","1000","10","1","false","28","P2","estimated_rule | not_officially_verified","http://m.lottecard.co.kr/spa/card/booth?bId=105292&vtCdKndC=P15830-A15830&utm_source=sa_naver_cs&utm_medium=cpc&utm_campaign=m_card_application&utm_content=2604_likit1.5_01&utm_term=신용카드","LOCA LIKIT 1.5 피킹률 | LOCA LIKIT 1.5 실제 혜택 | 롯데 LOCA LIKIT 1.5 카드 추천"
"naver-card-1531","삼성카드 taptap S","삼성","263","0.024","167","0","1000","10","1","false","28","P2","estimated_rule | not_officially_verified","https://www.samsungcard.com/personal/card/simple-apply/UHPPCA0225M0.jsp?code=AAP1482&alncmpC=QACDMB23&affcode=QACDMB23&BSCPN=BCTS&BSPRG=MNAVERCARD&BSCCN1=MB_%EC%8B%A0%EA%B2%80_AAP1482_%EC%82%BC%EC%84%B1%EC%B9%B4%EB%93%9C%20taptap%20S&utm_campaign=%EC%82%BC%EC%84%B1%EC%B9%B4%EB%93%9C%20taptap%20S&utm_medium=CSA&utm_source=%EB%84%A4%EC%9D%B4%EB%B2%84%20%EC%8B%A0%EC%9A%A9%EC%B9%B4%EB%93%9C%20%EA%B2%80%EC%83%89%20%EB%AA%A8%EB%B0%94%EC%9D%BC&utm_term={query}","삼성카드 taptap S 피킹률 | 삼성카드 taptap S 실제 혜택 | 삼성 삼성카드 taptap S 카드 추천"
"naver-card-10438","현대백화점 현대오일뱅크카드","현대백화점카드","264","0.008","55","1","5000","1","1","false","58","P0","fallback_rule | not_officially_verified","http://m.ehyundai.com/mobile/card/VO/main.do?menu=0&r=&event_id=&use_r=","현대백화점 현대오일뱅크카드 피킹률 | 현대백화점 현대오일뱅크카드 실제 혜택 | 현대백화점카드 현대백화점 현대오일뱅크카드 카드 추천"
"naver-card-10623","카드의정석2 SUPER","우리","265","0.000","0","0","100000","2","1","false","63","P1","estimated_rule | single_tier_high_cap | monthly_cap_outlier | not_officially_verified","https://m.wooricard.com/dcmw/yh1/crd/crd01/M1CRD101S02.do?cdPrdCd=500044&canvasser=88801075&utm_source=naver_cs&utm_medium=cpc&utm_campaign=M_카드섹션&utm_content=%EC%B9%B4%EB%93%9C%EC%9D%98%EC%A0%95%EC%84%9D2%20SUPER","카드의정석2 SUPER 피킹률 | 카드의정석2 SUPER 실제 혜택 | 우리 카드의정석2 SUPER 카드 추천"
"naver-card-10332","KB국민 WE:SH Travel 카드","KB국민","266","0.000","0","300000","20000","2","1","false","8","P3","not_officially_verified","https://m.kbcard.com/CRD/DVIEW/MCAMCXHIACRC0002?mainCC=b&allianceCode=09561","KB국민 WE:SH Travel 카드 피킹률 | KB국민 WE:SH Travel 카드 실제 혜택 | KB국민 KB국민 WE:SH Travel 카드 카드 추천"
"naver-card-10305","디지로카 Monaco","롯데","267","0.000","0","1000000","5000","10","1","false","28","P2","estimated_rule | not_officially_verified","http://m.lottecard.co.kr/spa/card/booth?bId=92358&vtCdKndC=P14724-A14724&npayUseYn=Y&utm_source=sa_naver_cs&utm_medium=cpc&utm_campaign=m_card_application&utm_content=digilocamonaco&utm_term=신용카드","디지로카 Monaco 피킹률 | 디지로카 Monaco 실제 혜택 | 롯데 디지로카 Monaco 카드 추천"
"naver-card-10307","롯데카드 텔로 SE","롯데","268","0.000","0","400000","13000","3","1","false","28","P2","estimated_rule | not_officially_verified","http://m.lottecard.co.kr/spa/card/booth?bId=92455&vtCdKndC=P13248-A13248&npayUseYn=Y","롯데카드 텔로 SE 피킹률 | 롯데카드 텔로 SE 실제 혜택 | 롯데 롯데카드 텔로 SE 카드 추천"
"naver-card-3717","KB국민 Easy all 티타늄카드","KB국민","269","0.000","0","500000","4000","1","1","false","58","P0","fallback_rule | not_officially_verified","https://m.kbcard.com/CRD/DVIEW/MCAMCXHIACRC0002?allianceCode=09256&mainCC=b","KB국민 Easy all 티타늄카드 피킹률 | KB국민 Easy all 티타늄카드 실제 혜택 | KB국민 KB국민 Easy all 티타늄카드 카드 추천"
"naver-card-10566","KB국민 NEED Edu카드","KB국민","270","0.000","0","400000","5000","5","1","false","28","P2","estimated_rule | not_officially_verified","https://m.kbcard.com/CRD/DVIEW/MCAMCXHIACRC0002?mainCC=b&allianceCode=09790","KB국민 NEED Edu카드 피킹률 | KB국민 NEED Edu카드 실제 혜택 | KB국민 KB국민 NEED Edu카드 카드 추천"
"naver-card-10558","KB국민 YOU Prime카드","KB국민","271","0.000","0","400000","5000","2","1","false","8","P3","not_officially_verified","https://m.kbcard.com/CRD/DVIEW/MCAMCXHIACRC0002?mainCC=b&allianceCode=09771&solicitorcode=7030023030&jehuId=NPAY","KB국민 YOU Prime카드 피킹률 | KB국민 YOU Prime카드 실제 혜택 | KB국민 KB국민 YOU Prime카드 카드 추천"
"naver-card-10616","LOCA LIKIT 2.0","롯데","272","0.000","0","0","1000","10","1","false","28","P2","estimated_rule | not_officially_verified","http://m.lottecard.co.kr/spa/card/booth?bId=105293&vtCdKndC=P15835-A15835&utm_source=sa_naver_cs&utm_medium=cpc&utm_campaign=m_card_application&utm_content=2604_likit2.0_01&utm_term=신용카드","LOCA LIKIT 2.0 피킹률 | LOCA LIKIT 2.0 실제 혜택 | 롯데 LOCA LIKIT 2.0 카드 추천"
"naver-card-10589","신한카드 Simple Plan","신한","273","0.000","0","0","1000","1","1","false","28","P2","estimated_rule | not_officially_verified","https://www.shinhancard.com/pconts/html/card/apply/credit/1237253_2207.html?EntryLoc2=4486&empSeq=502&utm_source=naver_credit&utm_medium=cpc&utm_campaign=online_mobile_simpleplan","신한카드 Simple Plan 피킹률 | 신한카드 Simple Plan 실제 혜택 | 신한 신한카드 Simple Plan 카드 추천"
"naver-card-10590","신한카드 Simple Plan+","신한","274","0.000","0","0","1000","1","1","false","28","P2","estimated_rule | not_officially_verified","https://www.shinhancard.com/pconts/html/card/apply/credit/1237252_2207.html?EntryLoc2=4487&empSeq=502&utm_source=naver_credit&utm_medium=cpc&utm_campaign=online_mobile_simpleplan+","신한카드 Simple Plan+ 피킹률 | 신한카드 Simple Plan+ 실제 혜택 | 신한 신한카드 Simple Plan+ 카드 추천"
"naver-card-10176","LOCA 나누기 카드","롯데","275","0.000","0","0","1000","1","1","false","58","P0","fallback_rule | not_officially_verified","https://m.lottecard.co.kr/spa/card/booth?bId=78676&vtCdKndC=P14123-A14123&npayUseYn=Y&utm_source=sa_naver_cs&utm_medium=cpc&utm_campaign=m_card_application&utm_content=locadivide&utm_term=%EC%8B%A0%EC%9A%A9%EC%B9%B4%EB%93%9C","LOCA 나누기 카드 피킹률 | LOCA 나누기 카드 실제 혜택 | 롯데 LOCA 나누기 카드 카드 추천"
"naver-card-3856","LOCA CLASSIC (로카 클래식)","롯데","276","0.000","0","1500000","5000","10","1","false","28","P2","estimated_rule | not_officially_verified","https://m.lottecard.co.kr/spa/card/booth?bId=102805&vtCdKndC=P13379-A13379&npayUseYn=Y&utm_source=sa_naver_cs&utm_medium=cpc&utm_campaign=m_card&utm_content=locaclassic&utm_term=%EC%8B%A0%EC%9A%A9%EC%B9%B4%EB%93%9C","LOCA CLASSIC (로카 클래식) 피킹률 | LOCA CLASSIC (로카 클래식) 실제 혜택 | 롯데 LOCA CLASSIC (로카 클래식) 카드 추천"
"naver-card-10033","LOCA MONEY (로카 머니)","롯데","277","0.000","0","0","1000","1","1","false","28","P2","estimated_rule | not_officially_verified","http://m.lottecard.co.kr/spa/card/booth?bId=102807&vtCdKndC=P13561-A13561&npayUseYn=Y&utm_source=sa_naver_cs&utm_medium=cpc&utm_campaign=m_card&utm_content=LOCAMONEY&utm_term=%EC%8B%A0%EC%9A%A9%EC%B9%B4%EB%93%9C","LOCA MONEY (로카 머니) 피킹률 | LOCA MONEY (로카 머니) 실제 혜택 | 롯데 LOCA MONEY (로카 머니) 카드 추천"
"naver-card-10029","LOCA 100","롯데","278","0.000","0","750000","20000","10","1","false","28","P2","estimated_rule | not_officially_verified","https://m.lottecard.co.kr/spa/card/booth?bId=102806&vtCdKndC=P13586-A13586&npayUseYn=Y&utm_source=sa_naver_cs&utm_medium=cpc&utm_campaign=m_card&utm_content=LOCA100&utm_term=%EC%8B%A0%EC%9A%A9%EC%B9%B4%EB%93%9C","LOCA 100 피킹률 | LOCA 100 실제 혜택 | 롯데 LOCA 100 카드 추천"
"naver-card-10402","신한카드 Point Plan+","신한","279","0.000","0","400000","1000","1","1","false","28","P2","estimated_rule | not_officially_verified","https://www.shinhancard.com/pconts/html/card/apply/credit/1228407_2207.html?utm_source=naver_credit&utm_medium=cpc&utm_campaign=online_mobile_pointplanplus","신한카드 Point Plan+ 피킹률 | 신한카드 Point Plan+ 실제 혜택 | 신한 신한카드 Point Plan+ 카드 추천"
"naver-card-10286","카드의정석 EVERY MILE SKYPASS","우리","280","0.000","0","500000","1000","1","1","false","8","P3","not_officially_verified","https://m.wooricard.com/dcmw/yh1/crd/crd01/M1CRD101S02.do?cdPrdCd=102488&canvasser=88801075&utm_source=naver_cs&utm_medium=cpc&utm_campaign=M_%ec%b9%b4%eb%93%9c%ec%84%b9%ec%85%98&utm_content={keyword}&utm_term=EVERY+MILE+SKYPASS","카드의정석 EVERY MILE SKYPASS 피킹률 | 카드의정석 EVERY MILE SKYPASS 실제 혜택 | 우리 카드의정석 EVERY MILE SKYPASS 카드 추천"
"naver-card-10536","우리카드 MILE&POINT","우리","281","0.000","0","500000","1500","3","1","false","28","P2","estimated_rule | not_officially_verified","https://m.wooricard.com/dcmw/yh1/crd/crd01/M1CRD101S02.do?cdPrdCd=104154&canvasser=88801075&utm_source=naver_cs&utm_medium=cpc&utm_campaign=M_%EC%B9%B4%EB%93%9C%EC%84%B9%EC%85%98&utm_content={keyword}&utm_term=%EC%9A%B0%EB%A6%AC%EC%B9%B4%EB%93%9CMILE_POINT","우리카드 MILE&POINT 피킹률 | 우리카드 MILE&POINT 실제 혜택 | 우리 우리카드 MILE&POINT 카드 추천"
"naver-card-10512","우리카드 7CORE","우리","282","0.000","0","500000","4000","2","1","false","28","P2","estimated_rule | not_officially_verified","https://m.wooricard.com/dcmw/yh1/crd/crd01/M1CRD101S02.do?cdPrdCd=103755&canvasser=88801075&utm_source=naver_cs&utm_medium=cpc&utm_campaign=M_%EC%B9%B4%EB%93%9C%EC%84%B9%EC%85%98&utm_content={keyword}&utm_term=%EC%9A%B0%EB%A6%AC%EC%B9%B4%EB%93%9C7CORE","우리카드 7CORE 피킹률 | 우리카드 7CORE 실제 혜택 | 우리 우리카드 7CORE 카드 추천"
"naver-card-10315","ALL 우리카드 Infinite","우리","283","0.000","0","500000","5000","1","1","false","58","P0","fallback_rule | not_officially_verified","https://m.wooricard.com/dcmw/yh1/crd/crd01/M1CRD101S02.do?cdPrdCd=103187&canvasser=88801075&utm_source=naver_cs&utm_medium=cpc&utm_campaign=M_%ec%b9%b4%eb%93%9c%ec%84%b9%ec%85%98&utm_content={keyword}&utm_term=ALL%EC%9A%B0%EB%A6%AC%EC%B9%B4%EB%93%9CInfinite","ALL 우리카드 Infinite 피킹률 | ALL 우리카드 Infinite 실제 혜택 | 우리 ALL 우리카드 Infinite 카드 추천"
"naver-card-10347","카드의정석 EVERY POINT","우리","284","0.000","0","0","1000","10","1","false","28","P2","estimated_rule | not_officially_verified","https://m.wooricard.com/dcmw/yh1/crd/crd01/M1CRD101S02.do?cdPrdCd=102718&canvasser=88801075&utm_source=naver_cs&utm_medium=cpc&utm_campaign=M_%ec%b9%b4%eb%93%9c%ec%84%b9%ec%85%98&utm_content={keyword}&utm_term=EVERYPOINT","카드의정석 EVERY POINT 피킹률 | 카드의정석 EVERY POINT 실제 혜택 | 우리 카드의정석 EVERY POINT 카드 추천"
"naver-card-10316","ALL 우리카드 Premium","우리","285","0.000","0","500000","5000","1","1","false","58","P0","fallback_rule | not_officially_verified","https://m.wooricard.com/dcmw/yh1/crd/crd01/M1CRD101S02.do?cdPrdCd=103188&canvasser=88801075&utm_source=naver_cs&utm_medium=cpc&utm_campaign=M_%ec%b9%b4%eb%93%9c%ec%84%b9%ec%85%98&utm_content={keyword}&utm_term=ALL%EC%9A%B0%EB%A6%AC%EC%B9%B4%EB%93%9CPremium","ALL 우리카드 Premium 피킹률 | ALL 우리카드 Premium 실제 혜택 | 우리 ALL 우리카드 Premium 카드 추천"
"naver-card-10453","롯데멤버스 카드 - 프리미엄","롯데","286","0.000","0","500000","150000","2","1","false","63","P1","estimated_rule | single_tier_high_cap | monthly_cap_outlier | not_officially_verified","http://m.lottecard.co.kr/spa/card/booth?bId=97152&vtCdKndC=P15651-A15651&npayUseYn=Y&utm_source=sa_naver_cs&utm_medium=cpc&utm_campaign=m_card_application&utm_content=2503_members_P_03&utm_term=신용카드","롯데멤버스 카드 - 프리미엄 피킹률 | 롯데멤버스 카드 - 프리미엄 실제 혜택 | 롯데 롯데멤버스 카드 - 프리미엄 카드 추천"
"naver-card-1465","삼성카드 & MILEAGE PLATINUM(스카이패스)","삼성","287","0.000","0","0","1000","7","1","false","8","P3","not_officially_verified","https://www.samsungcard.com/personal/card/cardfinder/UHPPCA0102M0.jsp?code=AAP1452&site=QACDMB08&cmpid=QACDMB08&BSCPN=BCTS&BSPRG=MNAVERCARD&BSCCN1=MB_%EC%8B%A0%EA%B2%80_AAP1452_%EC%82%BC%EC%84%B1%EC%B9%B4%EB%93%9C%EC%95%A4%EB%A7%88%EC%9D%BC%EB%A6%AC%EC%A7%80%ED%94%8C%EB%9E%98%ED%8B%B0%EB%84%98%28%EC%8A%A4%EC%B9%B4%EC%9D%B4%ED%8C%A8%EC%8A%A4%29&utm_source=naver&utm_medium=mcredit&utm_campaign=mileage","삼성카드 & MILEAGE PLATINUM(스카이패스) 피킹률 | 삼성카드 & MILEAGE PLATINUM(스카이패스) 실제 혜택 | 삼성 삼성카드 & MILEAGE PLATINUM(스카이패스) 카드 추천"
"naver-card-2418","삼성카드 스페셜마일리지 (스카이패스)","삼성","288","0.000","0","500000","1000","3","1","false","28","P2","estimated_rule | not_officially_verified","https://www.samsungcard.com/personal/card/simple-apply/UHPPCA0225M0.jsp?code=AAP1484&alncmpC=QACDMB20&affcode=QACDMB20&BSCPN=BCTS&BSPRG=MNAVERCARD&BSCCN1=MB_%EC%8B%A0%EA%B2%80_AAP1484_%EC%82%BC%EC%84%B1%EC%B9%B4%EB%93%9C%20%EC%8A%A4%ED%8E%98%EC%85%9C%EB%A7%88%EC%9D%BC%EB%A6%AC%EC%A7%80%20%28%EC%8A%A4%EC%B9%B4%EC%9D%B4%ED%8C%A8%EC%8A%A4%29&utm_campaign=%EC%82%BC%EC%84%B1%EC%B9%B4%EB%93%9C%20%EC%8A%A4%ED%8E%98%EC%85%9C%EB%A7%88%EC%9D%BC%EB%A6%AC%EC%A7%80%20%28%EC%8A%A4%EC%B9%B4%EC%9D%B4%ED%8C%A8%EC%8A%A4%29&utm_medium=CSA&utm_source=%EB%84%A4%EC%9D%B4%EB%B2%84%20%EC%8B%A0%EC%9A%A9%EC%B9%B4%EB%93%9C%20%EA%B2%80%EC%83%89%20%EB%AA%A8%EB%B0%94%EC%9D%BC&utm_term={query}","삼성카드 스페셜마일리지 (스카이패스) 피킹률 | 삼성카드 스페셜마일리지 (스카이패스) 실제 혜택 | 삼성 삼성카드 스페셜마일리지 (스카이패스) 카드 추천"
"naver-card-10451","IBK 포인트 신용카드","IBK기업은행","289","0.000","0","500000","50000","1","1","false","23","P3","single_tier_high_cap | not_officially_verified","https://www.ibk.co.kr/cardbiz/detailBizNew.ibk?&pageId=&PDLN_CD=12&PDGR_CD=11&PDTM_CD=347&PDCD=0001&ad_cd=nvmo&mz_cd=ADGROUN","IBK 포인트 신용카드 피킹률 | IBK 포인트 신용카드 실제 혜택 | IBK기업은행 IBK 포인트 신용카드 카드 추천"
"naver-card-10236","THE iD. PLATINUM (포인트)","삼성","290","0.000","0","500000","10000","5","1","false","8","P3","not_officially_verified","https://www.samsungcard.com/personal/card/simple-apply/UHPPCA0225M0.jsp?code=AAP1779&alncmpC=QACDMB20&affcode=QACDMB20&BSCPN=BCTS&BSPRG=MNAVERCARD&BSCCN1=MB_%EC%8B%A0%EA%B2%80_AAP1779_THE%20iD.%20PLATINUM%20%28%ED%8F%AC%EC%9D%B8%ED%8A%B8%29&utm_campaign=THE%20iD.%20PLATINUM%20%28%ED%8F%AC%EC%9D%B8%ED%8A%B8%29&utm_medium=CSA&utm_source=%EB%84%A4%EC%9D%B4%EB%B2%84%20%EC%8B%A0%EC%9A%A9%EC%B9%B4%EB%93%9C%20%EA%B2%80%EC%83%89%20%EB%AA%A8%EB%B0%94%EC%9D%BC&utm_term={query}","THE iD. PLATINUM (포인트) 피킹률 | THE iD. PLATINUM (포인트) 실제 혜택 | 삼성 THE iD. PLATINUM (포인트) 카드 추천"
"naver-card-10049","아메리칸 엑스프레스 리저브","삼성","291","0.000","0","1000000","5000","5","1","false","8","P3","not_officially_verified","https://www.samsungcard.com/personal/card/simple-apply/UHPPCA0225M0.jsp?code=AAP1692&alncmpC=QACDMB20&affcode=QACDMB20&BSCPN=BCTS&BSPRG=MNAVERCARD&BSCCN1=MB_%EC%8B%A0%EA%B2%80_AAP1692_%EC%95%84%EB%A9%94%EB%A6%AC%EC%B9%B8%20%EC%97%91%EC%8A%A4%ED%94%84%EB%A0%88%EC%8A%A4%20%EB%A6%AC%EC%A0%80%EB%B8%8C&utm_campaign=%EC%95%84%EB%A9%94%EB%A6%AC%EC%B9%B8%20%EC%97%91%EC%8A%A4%ED%94%84%EB%A0%88%EC%8A%A4%20%EB%A6%AC%EC%A0%80%EB%B8%8C&utm_medium=CSA&utm_source=%EB%84%A4%EC%9D%B4%EB%B2%84%20%EC%8B%A0%EC%9A%A9%EC%B9%B4%EB%93%9C%20%EA%B2%80%EC%83%89%20%EB%AA%A8%EB%B0%94%EC%9D%BC&utm_term={query}","아메리칸 엑스프레스 리저브 피킹률 | 아메리칸 엑스프레스 리저브 실제 혜택 | 삼성 아메리칸 엑스프레스 리저브 카드 추천"
"naver-card-10235","THE iD. TITANIUM (포인트)","삼성","292","0.000","0","500000","5000","1","1","false","8","P3","not_officially_verified","https://www.samsungcard.com/personal/card/simple-apply/UHPPCA0225M0.jsp?code=AAP1777&alncmpC=QACDMB20&affcode=QACDMB20&BSCPN=BCTS&BSPRG=MNAVERCARD&BSCCN1=MB_%EC%8B%A0%EA%B2%80_AAP1777_THE%20iD.%20TITANIUM%20%28%ED%8F%AC%EC%9D%B8%ED%8A%B8%29&utm_campaign=THE%20iD.%20TITANIUM%20%28%ED%8F%AC%EC%9D%B8%ED%8A%B8%29&utm_medium=CSA&utm_source=%EB%84%A4%EC%9D%B4%EB%B2%84%20%EC%8B%A0%EC%9A%A9%EC%B9%B4%EB%93%9C%20%EA%B2%80%EC%83%89%20%EB%AA%A8%EB%B0%94%EC%9D%BC&utm_term={query}","THE iD. TITANIUM (포인트) 피킹률 | THE iD. TITANIUM (포인트) 실제 혜택 | 삼성 THE iD. TITANIUM (포인트) 카드 추천"
"naver-card-10600","BLISS Point (IBK포인트)","IBK기업은행","293","0.000","0","500000","5000","3","1","false","28","P2","estimated_rule | not_officially_verified","https://cardapplication.ibk.co.kr/card/index.do?card_prdc_id=104561&ad_cd=nvmo&mz_cd=ADAGENC&qrYn=Y","BLISS Point (IBK포인트) 피킹률 | BLISS Point (IBK포인트) 실제 혜택 | IBK기업은행 BLISS Point (IBK포인트) 카드 추천"
"naver-card-10601","BLISS Mileage (대한항공)","IBK기업은행","294","0.000","0","500000","5000","2","1","false","28","P2","estimated_rule | not_officially_verified","https://cardapplication.ibk.co.kr/card/index.do?card_prdc_id=104506&ad_cd=nvmo&mz_cd=ADAGENC&qrYn=Y","BLISS Mileage (대한항공) 피킹률 | BLISS Mileage (대한항공) 실제 혜택 | IBK기업은행 BLISS Mileage (대한항공) 카드 추천"
"naver-card-10340","I-MILEAGE(대한항공)","IBK기업은행","295","0.000","0","500000","5000","2","1","false","28","P2","estimated_rule | not_officially_verified","https://www.ibk.co.kr/cardbiz/detailBizNew.ibk?pageId=CA01020000&PDLN_CD=12&PDGR_CD=11&PDTM_CD=344&PDCD=0001&ad_cd=nvmo&mz_cd=ADGROUN","I-MILEAGE(대한항공) 피킹률 | I-MILEAGE(대한항공) 실제 혜택 | IBK기업은행 I-MILEAGE(대한항공) 카드 추천"
"naver-card-10321","KT DC PLUS BC 바로카드","BC","296","0.000","0","300000","13000","2","1","false","28","P2","estimated_rule | not_officially_verified","https://app.paybooc.co.kr/ui/appLink?landingId=P0901PG002W&cardPdctCd=103125&incnChnlDv=Mobile&affiCd=R011","KT DC PLUS BC 바로카드 피킹률 | KT DC PLUS BC 바로카드 실제 혜택 | BC KT DC PLUS BC 바로카드 카드 추천"
"naver-card-10552","BC 바로 Air Master카드","BC","297","0.000","0","500000","5000","1","1","false","8","P3","not_officially_verified","https://app.paybooc.co.kr/ui/appLink?landingId=P0901PG002W&cardPdctCd=104452&incnChnlDv=Mobile&affiCd=R011","BC 바로 Air Master카드 피킹률 | BC 바로 Air Master카드 실제 혜택 | BC BC 바로 Air Master카드 카드 추천"
"naver-card-10553","BC 바로 Air Max 카드","BC","298","0.000","0","500000","5000","1","1","false","8","P3","not_officially_verified","https://app.paybooc.co.kr/ui/appLink?landingId=P0901PG002W&cardPdctCd=104453&incnChnlDv=Mobile&affiCd=R011","BC 바로 Air Max 카드 피킹률 | BC 바로 Air Max 카드 실제 혜택 | BC BC 바로 Air Max 카드 카드 추천"
"naver-card-10357","KT 마이알뜰폰 BC 바로카드","BC","299","0.000","0","300000","13000","2","1","false","28","P2","estimated_rule | not_officially_verified","https://app.paybooc.co.kr/ui/appLink?landingId=P0901PG002W&cardPdctCd=103127&incnChnlDv=Mobile&affiCd=R011","KT 마이알뜰폰 BC 바로카드 피킹률 | KT 마이알뜰폰 BC 바로카드 실제 혜택 | BC KT 마이알뜰폰 BC 바로카드 카드 추천"
"naver-card-10550","THE iD. 1st","삼성","300","0.000","0","500000","5000","1","1","false","8","P3","not_officially_verified","https://www.samsungcard.com/personal/card/simple-apply/UHPPCA0225M0.jsp?code=AAP1886&alncmpC=QACDMB20&affcode=QACDMB20&BSCPN=BCTS&BSPRG=MNAVERCARD&BSCCN1=MB_%EC%8B%A0%EA%B2%80_AAP1886_THE%20iD.%201st&utm_campaign=THE%20iD.%201st&utm_medium=CSA&utm_source=%EB%84%A4%EC%9D%B4%EB%B2%84%20%EC%8B%A0%EC%9A%A9%EC%B9%B4%EB%93%9C%20%EA%B2%80%EC%83%89%20%EB%AA%A8%EB%B0%94%EC%9D%BC&utm_term={query}","THE iD. 1st 피킹률 | THE iD. 1st 실제 혜택 | 삼성 THE iD. 1st 카드 추천"
"naver-card-10266","K-22(Mileage)","IBK기업은행","301","0.000","0","500000","5000","2","1","false","8","P3","not_officially_verified","https://www.ibk.co.kr/cardbiz/detailBizNew.ibk?PDLN_CD=12&PDGR_CD=11&PDTM_CD=340&PDCD=0002&ad_cd=nvmo&mz_cd=ADGROUN","K-22(Mileage) 피킹률 | K-22(Mileage) 실제 혜택 | IBK기업은행 K-22(Mileage) 카드 추천"
"naver-card-10568","THE 1(스카이패스)","삼성","302","0.000","0","500000","5000","1","1","false","8","P3","not_officially_verified","https://www.samsungcard.com/personal/card/simple-apply/UHPPCA0225M0.jsp?code=AAP1450&alncmpC=QACDMB28&affcode=QACDMB28&BSCPN=BCTS&BSPRG=MNAVERCARD&BSCCN1=MB_%EC%8B%A0%EA%B2%80_AAP1450_THE%201%28%EC%8A%A4%EC%B9%B4%EC%9D%B4%ED%8C%A8%EC%8A%A4%29&utm_campaign=THE%201%28%EC%8A%A4%EC%B9%B4%EC%9D%B4%ED%8C%A8%EC%8A%A4%29&utm_medium=CSA&utm_source=%EB%84%A4%EC%9D%B4%EB%B2%84%20%EC%8B%A0%EC%9A%A9%EC%B9%B4%EB%93%9C%20%EA%B2%80%EC%83%89%20%EB%AA%A8%EB%B0%94%EC%9D%BC&utm_term={query}","THE 1(스카이패스) 피킹률 | THE 1(스카이패스) 실제 혜택 | 삼성 THE 1(스카이패스) 카드 추천"
"naver-card-10389","디지로카 Auto","롯데","303","0.000","0","500000","30000","1","1","false","43","P2","estimated_rule | single_tier_high_cap | not_officially_verified","http://m.lottecard.co.kr/spa/card/booth?bId=94315&vtCdKndC=P15590-A15590&npayUseYn=Y&utm_source=sa_naver_cs&utm_medium=cpc&utm_campaign=m_card_application&utm_content=2407_auto_04&utm_term=신용카드","디지로카 Auto 피킹률 | 디지로카 Auto 실제 혜택 | 롯데 디지로카 Auto 카드 추천"
"naver-card-1312","KB국민 마일리지 가온카드(대한항공)","KB국민","304","0.000","0","0","1000","2","1","false","28","P2","estimated_rule | not_officially_verified","https://m.kbcard.com/CRD/DVIEW/MCAMCXHIACRC0002?allianceCode=09153&mainCC=b","KB국민 마일리지 가온카드(대한항공) 피킹률 | KB국민 마일리지 가온카드(대한항공) 실제 혜택 | KB국민 KB국민 마일리지 가온카드(대한항공) 카드 추천"
"naver-card-10514","디지로카 Travel","롯데","305","0.000","0","0","20000","2","1","false","28","P2","estimated_rule | not_officially_verified","http://m.lottecard.co.kr/spa/card/booth?bId=101478&vtCdKndC=P15731-A15731&npayUseYn=Y&utm_source=sa_naver_cs&utm_medium=cpc&utm_campaign=m_card_application&utm_content=2507_travel_01&utm_term=신용카드","디지로카 Travel 피킹률 | 디지로카 Travel 실제 혜택 | 롯데 디지로카 Travel 카드 추천"
"naver-card-10323","현대카드ZERO Edition3(포인트형)","현대","306","0.000","0","0","1000","1","1","false","8","P3","not_officially_verified","https://www.hyundaicard.com/cpc/cr/CPCCR0201_01.hc?cardWcd=MZROE3&eventCode=DMUYH","현대카드ZERO Edition3(포인트형) 피킹률 | 현대카드ZERO Edition3(포인트형) 실제 혜택 | 현대 현대카드ZERO Edition3(포인트형) 카드 추천"
"naver-card-10497","현대카드 ZERO Up","현대","307","0.000","0","0","20000","10","1","false","28","P2","estimated_rule | not_officially_verified","https://www.hyundaicard.com/cpc/cr/CPCCR0201_01.hc?cardWcd=ZRUP&eventCode=DMVHI","현대카드 ZERO Up 피킹률 | 현대카드 ZERO Up 실제 혜택 | 현대 현대카드 ZERO Up 카드 추천"
"naver-card-10335","현대카드MM","현대","308","0.000","0","500000","20000","3","1","false","28","P2","estimated_rule | not_officially_verified","https://www.hyundaicard.com/cpc/cr/CPCCR0201_01.hc?cardWcd=MPE4&eventCode=DMV3P","현대카드MM 피킹률 | 현대카드MM 실제 혜택 | 현대 현대카드MM 카드 추천"
"naver-card-10353","현대카드 Summit","현대","309","0.000","0","500000","20000","1","1","false","28","P2","estimated_rule | not_officially_verified","https://www.hyundaicard.com/cpc/cr/CPCCR0201_01.hc?cardWcd=SPM&eventCode=DMV77","현대카드 Summit 피킹률 | 현대카드 Summit 실제 혜택 | 현대 현대카드 Summit 카드 추천"
"naver-card-10594","the Orange","현대","310","0.000","0","500000","20000","3","1","false","28","P2","estimated_rule | not_officially_verified","https://www.hyundaicard.com/cpc/cr/CPCCR0201_01.hc?cardflag=TO&cardWcd=TO&eventCode=ANB27","the Orange 피킹률 | the Orange 실제 혜택 | 현대 the Orange 카드 추천"
"naver-card-10466","현대카드 Summit CE","현대","311","0.000","0","500000","5000","3","1","false","28","P2","estimated_rule | not_officially_verified","https://www.hyundaicard.com/cpc/cr/CPCCR0201_01.hc?cardwcd=BTMCE&eventCode=DMVF0","현대카드 Summit CE 피킹률 | 현대카드 Summit CE 실제 혜택 | 현대 현대카드 Summit CE 카드 추천"
"naver-card-10322","현대카드ZERO Edition3(할인형)","현대","312","0.000","0","0","10000","3","1","false","28","P2","estimated_rule | not_officially_verified","https://www.hyundaicard.com/cpc/cr/CPCCR0201_01.hc?cardWcd=ZROE3&eventCode=DMUUT","현대카드ZERO Edition3(할인형) 피킹률 | 현대카드ZERO Edition3(할인형) 실제 혜택 | 현대 현대카드ZERO Edition3(할인형) 카드 추천"
"naver-card-10534","현대카드T","현대","313","0.000","0","0","1000","3","1","false","28","P2","estimated_rule | not_officially_verified","https://www.hyundaicard.com/cpc/cr/CPCCR0201_01.hc?cardWcd=HCT&eventCode=ANB24","현대카드T 피킹률 | 현대카드T 실제 혜택 | 현대 현대카드T 카드 추천"
"naver-card-10413","the Pink Edition2","현대","314","0.000","0","1000000","10000","3","1","false","28","P2","estimated_rule | not_officially_verified","https://www.hyundaicard.com/cpc/cr/CPCCR0201_01.hc?cardwcd=TPIE2&eventCode=DMVAC","the Pink Edition2 피킹률 | the Pink Edition2 실제 혜택 | 현대 the Pink Edition2 카드 추천"
"naver-card-10515","디지로카 Travel 프리미엄","롯데","315","0.000","0","0","100000","3","1","false","63","P1","estimated_rule | single_tier_high_cap | monthly_cap_outlier | not_officially_verified","http://m.lottecard.co.kr/spa/card/booth?bId=101479&vtCdKndC=P15736-A15736&npayUseYn=Y&utm_source=sa_naver_cs&utm_medium=cpc&utm_campaign=m_card_application&utm_content=2507_travelP_01&utm_term=신용카드","디지로카 Travel 프리미엄 피킹률 | 디지로카 Travel 프리미엄 실제 혜택 | 롯데 디지로카 Travel 프리미엄 카드 추천"
"naver-card-10525","BIZ THE iD. PLATINUM (포인트)","삼성","316","0.000","0","500000","5000","3","1","false","28","P2","estimated_rule | not_officially_verified","https://www.samsungcard.com/personal/card/simple-apply/UHPPCA0225M0.jsp?code=AAP1802&alncmpC=QACDMB20&affcode=QACDMB20&BSCPN=BCTS&BSPRG=MNAVERCARD&BSCCN1=MB_%EC%8B%A0%EA%B2%80_AAP1802_BIZ%20THE%20iD.%20PLATINUM%20%28%ED%8F%AC%EC%9D%B8%ED%8A%B8%29&utm_campaign=BIZ%20THE%20iD.%20PLATINUM%20%28%ED%8F%AC%EC%9D%B8%ED%8A%B8%29&utm_medium=CSA&utm_source=%EB%84%A4%EC%9D%B4%EB%B2%84%20%EC%8B%A0%EC%9A%A9%EC%B9%B4%EB%93%9C%20%EA%B2%80%EC%83%89%20%EB%AA%A8%EB%B0%94%EC%9D%BC&utm_term={query}","BIZ THE iD. PLATINUM (포인트) 피킹률 | BIZ THE iD. PLATINUM (포인트) 실제 혜택 | 삼성 BIZ THE iD. PLATINUM (포인트) 카드 추천"
"naver-card-10359","현대카드 MX Black Edition2","현대","317","0.000","0","1000000","10000","1","1","false","28","P2","estimated_rule | not_officially_verified","https://www.hyundaicard.com/cpc/cr/CPCCR0201_01.hc?cardWcd=MXBE2&eventCode=DMV85","현대카드 MX Black Edition2 피킹률 | 현대카드 MX Black Edition2 실제 혜택 | 현대 현대카드 MX Black Edition2 카드 추천"
"naver-card-10411","the Green Edition3","현대","318","0.000","0","1000000","15000","2","1","false","28","P2","estimated_rule | not_officially_verified","https://www.hyundaicard.com/cpc/cr/CPCCR0201_01.hc?cardWcd=TGE3&eventCode=DMVB8","the Green Edition3 피킹률 | the Green Edition3 실제 혜택 | 현대 the Green Edition3 카드 추천"
"naver-card-10232","IBK i-ALL 카드","IBK기업은행","319","0.000","0","0","20000","1","1","false","28","P2","estimated_rule | not_officially_verified","https://www.ibk.co.kr/cardbiz/detailBizNew.ibk?PDLN_CD=12&PDGR_CD=11&PDTM_CD=338&PDCD=0001&ad_cd=nvmo&mz_cd=ADGROUN","IBK i-ALL 카드 피킹률 | IBK i-ALL 카드 실제 혜택 | IBK기업은행 IBK i-ALL 카드 카드 추천"
"naver-card-10591","일년의 설렘카드","IBK기업은행","320","0.000","0","5000000","5000","1","1","false","8","P3","not_officially_verified","https://www.ibk.co.kr/cardbiz/detailBizNew.ibk?PDLN_CD=12&PDGR_CD=11&PDTM_CD=310&PDCD=0001&ad_cd=nvpc&mz_cd=ADGROUN","일년의 설렘카드 피킹률 | 일년의 설렘카드 실제 혜택 | IBK기업은행 일년의 설렘카드 카드 추천"
"naver-card-1337","IBK-Syrup카드","IBK기업은행","321","0.000","0","300000","5000","1","1","false","58","P0","fallback_rule | not_officially_verified","https://www.ibk.co.kr/cardbiz/detailBizNew.ibk?pageId=CA01020000&PDLN_CD=12&PDGR_CD=11&PDTM_CD=287&PDCD=0001&ad_cd=nvmo&mz_cd=ADGROUN","IBK-Syrup카드 피킹률 | IBK-Syrup카드 실제 혜택 | IBK기업은행 IBK-Syrup카드 카드 추천"
"naver-card-10265","K-22(Point)","IBK기업은행","322","0.000","0","500000","5000","3","1","false","8","P3","not_officially_verified","https://www.ibk.co.kr/cardbiz/detailBizNew.ibk?PDLN_CD=12&PDGR_CD=11&PDTM_CD=340&PDCD=0001&ad_cd=nvmo&mz_cd=ADGROUN","K-22(Point) 피킹률 | K-22(Point) 실제 혜택 | IBK기업은행 K-22(Point) 카드 추천"
"naver-card-10395","하나 트래블로그 SKYPASS 신용카드","하나","323","0.000","0","0","1000","1","1","false","8","P3","not_officially_verified","https://m.hanacard.co.kr/MKCDCM1010M.web?CD_PD_SEQ=17960","하나 트래블로그 SKYPASS 신용카드 피킹률 | 하나 트래블로그 SKYPASS 신용카드 실제 혜택 | 하나 하나 트래블로그 SKYPASS 신용카드 카드 추천"
"naver-card-10396","트래블로그 PRESTIGE 신용카드","하나","324","0.000","0","500000","5000","2","1","false","8","P3","not_officially_verified","https://m.hanacard.co.kr/MKCDCM1010M.web?CD_PD_SEQ=17976","트래블로그 PRESTIGE 신용카드 피킹률 | 트래블로그 PRESTIGE 신용카드 실제 혜택 | 하나 트래블로그 PRESTIGE 신용카드 카드 추천"
"naver-card-10371","JADE Prime","하나","325","0.000","0","500000","50000","1","1","false","23","P3","single_tier_high_cap | not_officially_verified","https://m.hanacard.co.kr/JADEINTROM.web?CD_PD_SEQ=17844","JADE Prime 피킹률 | JADE Prime 실제 혜택 | 하나 JADE Prime 카드 추천"
"naver-card-10289","신한카드 My TeenS","신한","326","0.000","0","200000","5000","1","1","false","58","P0","fallback_rule | not_officially_verified","https://www.shinhancard.com/pconts/html/card/apply/credit/1210370_2207.html?empSeq=541&utm_source=naver_credit&utm_medium=cpc&utm_campaign=online_mobile_myteens","신한카드 My TeenS 피킹률 | 신한카드 My TeenS 실제 혜택 | 신한 신한카드 My TeenS 카드 추천"
"naver-card-10058","KB국민 KB Pay 챌린지카드","KB국민","327","0.000","0","0","50000","1","1","false","23","P3","single_tier_high_cap | not_officially_verified","https://m.kbcard.com/CRD/DVIEW/MCAMCXHIACRC0002?allianceCode=09113&mainCC=b","KB국민 KB Pay 챌린지카드 피킹률 | KB국민 KB Pay 챌린지카드 실제 혜택 | KB국민 KB국민 KB Pay 챌린지카드 카드 추천"
"naver-card-10544","힐튼 아너스 아멕스 프리미엄","롯데","328","0.000","0","500000","5000","1","1","false","28","P2","estimated_rule | not_officially_verified","http://m.lottecard.co.kr/spa/card/booth?bId=102598&vtCdKndC=P14735-A14735&npayUseYn=Y&utm_source=sa_naver_cs&utm_medium=cpc&utm_campaign=pc_card_application&utm_content=2510_hiltonp_02&utm_term=신용카드","힐튼 아너스 아멕스 프리미엄 피킹률 | 힐튼 아너스 아멕스 프리미엄 실제 혜택 | 롯데 힐튼 아너스 아멕스 프리미엄 카드 추천"
"naver-card-10545","힐튼 아너스 아멕스","롯데","329","0.000","0","500000","247000","1","1","false","63","P1","estimated_rule | single_tier_high_cap | monthly_cap_outlier | not_officially_verified","http://m.lottecard.co.kr/spa/card/booth?bId=102597&vtCdKndC=P14733-A14733&npayUseYn=Y&utm_source=sa_naver_cs&utm_medium=cpc&utm_campaign=m_card_application&utm_content=2510_hilton_01&utm_term=신용카드","힐튼 아너스 아멕스 피킹률 | 힐튼 아너스 아멕스 실제 혜택 | 롯데 힐튼 아너스 아멕스 카드 추천"
"naver-card-10475","KB국민 WE:SH All+ 카드","KB국민","330","0.000","0","400000","2500","3","1","false","28","P2","estimated_rule | not_officially_verified","https://m.kbcard.com/CRD/DVIEW/MCAMCXHIACRC0002?allianceCode=09297&mainCC=b","KB국민 WE:SH All+ 카드 피킹률 | KB국민 WE:SH All+ 카드 실제 혜택 | KB국민 KB국민 WE:SH All+ 카드 카드 추천"
"naver-card-10620","KB NEED Global 카드","KB국민","331","0.000","0","0","1000","1","1","false","28","P2","estimated_rule | not_officially_verified","https://m.kbcard.com/CRD/DVIEW/MCAMCXHIACRC0002?mainCC=b&allianceCode=09137&solicitorcode=7030023030&jehuId=NPAY","KB NEED Global 카드 피킹률 | KB NEED Global 카드 실제 혜택 | KB국민 KB NEED Global 카드 카드 추천"
"naver-card-10422","KB국민 HERITAGE Classic (스카이패스형)","KB국민","332","0.000","0","500000","10000","3","1","false","28","P2","estimated_rule | not_officially_verified","https://m.kbcard.com/CRD/DVIEW/MCAMCXHIACRC0002?allianceCode=09139&mainCC=b&solicitorcode=7030023030&jehuId=NPAY","KB국민 HERITAGE Classic (스카이패스형) 피킹률 | KB국민 HERITAGE Classic (스카이패스형) 실제 혜택 | KB국민 KB국민 HERITAGE Classic (스카이패스형) 카드 추천"
"naver-card-10459","현대카드 Boutique - Copper","현대","333","0.000","0","500000","5000","1","1","false","28","P2","estimated_rule | not_officially_verified","https://www.hyundaicard.com/cpc/cr/CPCCR0201_01.hc?cardwcd=BTCP&eventCode=DMVDZ","현대카드 Boutique - Copper 피킹률 | 현대카드 Boutique - Copper 실제 혜택 | 현대 현대카드 Boutique - Copper 카드 추천"
"naver-card-10460","현대카드 Boutique - Satin","현대","334","0.000","0","500000","5000","1","1","false","28","P2","estimated_rule | not_officially_verified","https://www.hyundaicard.com/cpc/cr/CPCCR0201_01.hc?cardwcd=BTST&eventCode=DMVEY","현대카드 Boutique - Satin 피킹률 | 현대카드 Boutique - Satin 실제 혜택 | 현대 현대카드 Boutique - Satin 카드 추천"
"naver-card-10461","현대카드 Boutique - Velvet","현대","335","0.000","0","500000","5000","1","1","false","28","P2","estimated_rule | not_officially_verified","https://www.hyundaicard.com/cpc/cr/CPCCR0201_01.hc?cardwcd=BTVV&eventCode=DMVE2","현대카드 Boutique - Velvet 피킹률 | 현대카드 Boutique - Velvet 실제 혜택 | 현대 현대카드 Boutique - Velvet 카드 추천"
"naver-card-10481","KB YOU Wish up 카드","KB국민","336","0.000","0","400000","2500","1","1","false","28","P2","estimated_rule | not_officially_verified","https://m.kbcard.com/CRD/DVIEW/MCAMCXHIACRC0002?mainCC=b&allianceCode=09298&solicitorcode=7030023030&jehuId=NPAY","KB YOU Wish up 카드 피킹률 | KB YOU Wish up 카드 실제 혜택 | KB국민 KB YOU Wish up 카드 카드 추천"
"naver-card-10386","KB국민 WE:SH Daily 카드","KB국민","337","0.000","0","400000","3500","1","1","false","28","P2","estimated_rule | not_officially_verified","https://m.kbcard.com/CRD/DVIEW/MCAMCXHIACRC0002?mainCC=b&allianceCode=09570","KB국민 WE:SH Daily 카드 피킹률 | KB국민 WE:SH Daily 카드 실제 혜택 | KB국민 KB국민 WE:SH Daily 카드 카드 추천"
"naver-card-10563","캐시노트 BUSINESS 현대카드","현대","338","0.000","0","1000000","5000","6","1","false","28","P2","estimated_rule | not_officially_verified","https://www.hyundaicard.com/cpc/cr/CPCCR0201_01.hc?cardWcd=SMECN","캐시노트 BUSINESS 현대카드 피킹률 | 캐시노트 BUSINESS 현대카드 실제 혜택 | 현대 캐시노트 BUSINESS 현대카드 카드 추천"
"naver-card-10574","KB국민 All 카드","KB국민","339","0.000","0","400000","40000","2","1","false","43","P2","estimated_rule | single_tier_high_cap | not_officially_verified","https://m.kbcard.com/CRD/DVIEW/MCAMCXHIACRC0002?mainCC=b&allianceCode=09922&solicitorcode=7030023030&jehuId=NPAY","KB국민 All 카드 피킹률 | KB국민 All 카드 실제 혜택 | KB국민 KB국민 All 카드 카드 추천"
"naver-card-10423","KB국민 HERITAGE Classic (할인형)","KB국민","340","0.000","0","500000","10000","2","1","false","28","P2","estimated_rule | not_officially_verified","https://m.kbcard.com/CRD/DVIEW/MCAMCXHIACRC0002?mainCC=b&allianceCode=09138&solicitorcode=7030023030&jehuId=NPAY","KB국민 HERITAGE Classic (할인형) 피킹률 | KB국민 HERITAGE Classic (할인형) 실제 혜택 | KB국민 KB국민 HERITAGE Classic (할인형) 카드 추천"
"naver-card-10628","신한법인카드 SKYPASS","신한","341","0.000","0","0","1000","1","1","false","58","P0","fallback_rule | not_officially_verified","https://www.shinhancard.com/cconts/html/card_request/card_info/mileagesave/2204067_101557.html?","신한법인카드 SKYPASS 피킹률 | 신한법인카드 SKYPASS 실제 혜택 | 신한 신한법인카드 SKYPASS 카드 추천"
"naver-card-10053","메리어트 본보이™ 더 베스트 신한카드","신한","342","0.000","0","300000","5000","1","1","false","58","P0","fallback_rule | not_officially_verified","https://www.shinhancard.com/pconts/html/card/apply/premium/1200288_2205.html?EntryLoc2=3032&empSeq=2&btnApp=dp1&utm_source=naver_credit&utm_medium=cpc&utm_campaign=online_mobile_marriott","메리어트 본보이™ 더 베스트 신한카드 피킹률 | 메리어트 본보이™ 더 베스트 신한카드 실제 혜택 | 신한 메리어트 본보이™ 더 베스트 신한카드 카드 추천"
"naver-card-10469","신한카드 The CLASSIC-S","신한","343","0.000","0","500000","5000","1","1","false","58","P0","fallback_rule | not_officially_verified","https://www.shinhancard.com/pconts/html/card/apply/premium/1196402_2205.html?EntryLoc2=2987&empSeq=566&btnApp=DP1W&utm_source=naver_credit&utm_medium=cpc&utm_campaign=online_mo_classicms&utm_content=card&utm_term={keyword}","신한카드 The CLASSIC-S 피킹률 | 신한카드 The CLASSIC-S 실제 혜택 | 신한 신한카드 The CLASSIC-S 카드 추천"
"naver-card-10467","신한카드 The CLASSIC-V","신한","344","0.000","0","500000","5000","1","1","false","58","P0","fallback_rule | not_officially_verified","https://www.shinhancard.com/pconts/html/card/apply/premium/1216601_2205.html?EntryLoc2=3198&empSeq=555&btnApp=dp01&utm_source=naver_credit&utm_medium=cpc&utm_campaign=online_mo_classicv&utm_content=card&utm_term={keyword}","신한카드 The CLASSIC-V 피킹률 | 신한카드 The CLASSIC-V 실제 혜택 | 신한 신한카드 The CLASSIC-V 카드 추천"
"naver-card-10151","신한카드 플리","신한","345","0.000","0","400000","6000","3","1","false","28","P2","estimated_rule | not_officially_verified","https://www.shinhancard.com/pconts/html/card/apply/credit/1216829_2207.html?empSeq=592&utm_source=naver_credit&utm_medium=cpc&utm_campaign=online_mo_pli&utm_content=card&utm_term={keyword}","신한카드 플리 피킹률 | 신한카드 플리 실제 혜택 | 신한 신한카드 플리 카드 추천"
"naver-card-10207","신한카드 알뜰More(알뜰모아)","신한","346","0.000","0","400000","15000","1","1","false","58","P0","fallback_rule | not_officially_verified","https://www.shinhancard.com/pconts/html/card/apply/credit/1219175_2207.html","신한카드 알뜰More(알뜰모아) 피킹률 | 신한카드 알뜰More(알뜰모아) 실제 혜택 | 신한 신한카드 알뜰More(알뜰모아) 카드 추천"
"naver-card-10260","신한카드 Globus","신한","347","0.000","0","300000","5000","1","1","false","28","P2","estimated_rule | not_officially_verified","https://www.shinhancard.com/pconts/html/card/apply/credit/1221213_2207.html?EntryLoc2=3317&empSeq=503&btnApp=dp01&utm_source=naver%5Fcredit&utm_medium=cpc&utm_campaign=online%5Fmobile%5Fglobus","신한카드 Globus 피킹률 | 신한카드 Globus 실제 혜택 | 신한 신한카드 Globus 카드 추천"
"naver-card-10535","코웨이 신한카드","신한","348","0.000","0","1500000","300000","1","1","false","63","P1","estimated_rule | single_tier_high_cap | monthly_cap_outlier | not_officially_verified","https://www.shinhancard.com/pconts/html/card/apply/credit/1234723_2207.html?EntryLoc=4450&empSeq=503&utm_source=naver_credit&utm_medium=cpc&utm_campaign=online_mobile_coway","코웨이 신한카드 피킹률 | 코웨이 신한카드 실제 혜택 | 신한 코웨이 신한카드 카드 추천"
"naver-card-10491","클래시 트래블카드","NH농협","349","0.000","0","0","30000","4","1","false","43","P2","estimated_rule | single_tier_high_cap | not_officially_verified","https://card.nonghyup.com/index_cardProd.html?SERVICE_ID=IPCC2021R&NAVIGATE_TYPE=1&cd_wrs_sqno=90010544&FromSite=53","클래시 트래블카드 피킹률 | 클래시 트래블카드 실제 혜택 | NH농협 클래시 트래블카드 카드 추천"
"naver-card-10404","GOLD FOR 롯데백화점, 현대카드","현대","350","0.000","0","500000","5000","4","1","false","28","P2","estimated_rule | not_officially_verified","https://www.hyundaicard.com/cpc/cr/CPCCR0201_01.hc?cardWcd=LTTDSHCP&eventCode=LTDJJ","GOLD FOR 롯데백화점, 현대카드 피킹률 | GOLD FOR 롯데백화점, 현대카드 실제 혜택 | 현대 GOLD FOR 롯데백화점, 현대카드 카드 추천"
"naver-card-10465","LGE.COM 신한카드","신한","351","0.000","0","500000","5000","1","1","false","58","P0","fallback_rule | not_officially_verified","https://www.shinhancard.com/pconts/html/card/apply/credit/1228909_2207.html?empSeq=502&utm_source=naver_credit&utm_medium=cpc&utm_campaign=online_mo_lgecom&utm_content=card&utm_term={keyword}","LGE.COM 신한카드 피킹률 | LGE.COM 신한카드 실제 혜택 | 신한 LGE.COM 신한카드 카드 추천"
"naver-card-10076","하나 스카이패스 아멕스 플래티늄","하나","352","0.000","0","500000","5000","1","1","false","28","P2","estimated_rule | not_officially_verified","https://m.hanacard.co.kr/MPACMM100M.web?CD_PD_SEQ=13913","하나 스카이패스 아멕스 플래티늄 피킹률 | 하나 스카이패스 아멕스 플래티늄 실제 혜택 | 하나 하나 스카이패스 아멕스 플래티늄 카드 추천"
"naver-card-10455","11번가 신한카드","신한","353","0.000","0","0","1000","1","1","false","28","P2","estimated_rule | not_officially_verified","https://www.shinhancard.com/pconts/html/card/apply/credit/1188443_2207.html?EntryLoc2=4339&empSeq=514&btnApp=DP0A1Q3&utm_source=naver_credit&utm_medium=cpc&utm_campaign=online_mo_11st&utm_content=card&utm_term={keyword}","11번가 신한카드 피킹률 | 11번가 신한카드 실제 혜택 | 신한 11번가 신한카드 카드 추천"
"naver-card-10622","the Purple(대한항공 마일리지형)","현대","354","0.000","0","500000","5000","1","1","false","58","P0","fallback_rule | not_officially_verified","https://www.hyundaicard.com/cpc/cr/CPCCR0201_01.hc?cardWcd=TPE4&eventCode=ANB05","the Purple(대한항공 마일리지형) 피킹률 | the Purple(대한항공 마일리지형) 실제 혜택 | 현대 the Purple(대한항공 마일리지형) 카드 추천"
"naver-card-10394","현대카드 대한항공카드 060","현대","355","0.000","0","500000","5000","1","1","false","58","P0","fallback_rule | not_officially_verified","https://www.hyundaicard.com/cpc/cr/CPCCR0201_01.hc?cardflag=RC&cardWcd=KALE2T1&eventCode=KAL59","현대카드 대한항공카드 060 피킹률 | 현대카드 대한항공카드 060 실제 혜택 | 현대 현대카드 대한항공카드 060 카드 추천"
"naver-card-10400","현대카드 대한항공카드 300","현대","356","0.000","0","500000","5000","1","1","false","58","P0","fallback_rule | not_officially_verified","https://www.hyundaicard.com/cpc/cr/CPCCR0201_01.hc?cardflag=RC&cardWcd=KALE2T3&eventCode=KAL61","현대카드 대한항공카드 300 피킹률 | 현대카드 대한항공카드 300 실제 혜택 | 현대 현대카드 대한항공카드 300 카드 추천"
"naver-card-10401","현대카드 대한항공카드 the First Edition2","현대","357","0.000","0","500000","5000","1","1","false","28","P2","estimated_rule | not_officially_verified","https://www.hyundaicard.com/cpc/cr/CPCCR0201_01.hc?cardflag=RC&cardWcd=KALE2T4&eventCode=KAL58","현대카드 대한항공카드 the First Edition2 피킹률 | 현대카드 대한항공카드 the First Edition2 실제 혜택 | 현대 현대카드 대한항공카드 the First Edition2 카드 추천"
"naver-card-10621","the Purple(M포인트형)","현대","358","0.000","0","500000","5000","1","1","false","58","P0","fallback_rule | not_officially_verified","https://www.hyundaicard.com/cpc/cr/CPCCR0201_01.hc?cardWcd=TPE4&eventCode=ANB04","the Purple(M포인트형) 피킹률 | the Purple(M포인트형) 실제 혜택 | 현대 the Purple(M포인트형) 카드 추천"
"naver-card-10399","현대카드 대한항공카드 120","현대","359","0.000","0","500000","5000","1","1","false","28","P2","estimated_rule | not_officially_verified","https://www.hyundaicard.com/cpc/cr/CPCCR0201_01.hc?cardWcd=KALE2T2&eventCode=KAL60","현대카드 대한항공카드 120 피킹률 | 현대카드 대한항공카드 120 실제 혜택 | 현대 현대카드 대한항공카드 120 카드 추천"
"naver-card-10562","신한카드 The CLASSIC+(SKYPASS형)","신한","360","0.000","0","300000","300000","1","1","false","43","P2","single_tier_high_cap | monthly_cap_outlier | not_officially_verified","https://www.shinhancard.com/pconts/html/card/apply/premium/1187949_2205.html?EntryLoc2=2770&empSeq=818&utm_source=naver_credit&utm_medium=cpc&utm_campaign=online_mobile_theclassicplus","신한카드 The CLASSIC+(SKYPASS형) 피킹률 | 신한카드 The CLASSIC+(SKYPASS형) 실제 혜택 | 신한 신한카드 The CLASSIC+(SKYPASS형) 카드 추천"
"naver-card-10189","하나 CLUB H 아메리칸 익스프레스 리저브 카드","하나","361","0.000","0","500000","1000","2","1","false","28","P2","estimated_rule | not_officially_verified","https://m.hanacard.co.kr/MKCDCM1010M.web?CD_PD_SEQ=15601","하나 CLUB H 아메리칸 익스프레스 리저브 카드 피킹률 | 하나 CLUB H 아메리칸 익스프레스 리저브 카드 실제 혜택 | 하나 하나 CLUB H 아메리칸 익스프레스 리저브 카드 카드 추천"
"naver-card-10362","현대 아멕스 골드 카드 Edition2","현대","362","0.000","0","500000","1000","1","1","false","58","P0","fallback_rule | not_officially_verified","https://www.hyundaicard.com/cpc/cr/CPCCR0201_01.hc?cardWcd=AMGLE2","현대 아멕스 골드 카드 Edition2 피킹률 | 현대 아멕스 골드 카드 Edition2 실제 혜택 | 현대 현대 아멕스 골드 카드 Edition2 카드 추천"
"naver-card-1243","올바른POINT UP 카드","NH농협","363","0.000","0","400000","14000","1","1","false","28","P2","estimated_rule | not_officially_verified","https://card.nonghyup.com/index_cardProd.html?SERVICE_ID=IPCC2021R&NAVIGATE_TYPE=1&cd_wrs_sqno=90000413&FromSite=53","올바른POINT UP 카드 피킹률 | 올바른POINT UP 카드 실제 혜택 | NH농협 올바른POINT UP 카드 카드 추천"
"naver-card-10361","현대 아멕스 더 플래티넘 카드 Edition2","현대","364","0.000","0","500000","1000","1","1","false","58","P0","fallback_rule | not_officially_verified","https://www.hyundaicard.com/cpc/cr/CPCCR0201_01.hc?cardWcd=AMPTE2","현대 아멕스 더 플래티넘 카드 Edition2 피킹률 | 현대 아멕스 더 플래티넘 카드 Edition2 실제 혜택 | 현대 현대 아멕스 더 플래티넘 카드 Edition2 카드 추천"
"naver-card-10363","현대 아멕스 그린 카드 Edition2","현대","365","0.000","0","500000","1000","1","1","false","58","P0","fallback_rule | not_officially_verified","https://www.hyundaicard.com/cpc/cr/CPCCR0201_01.hc?cardflag=RC&cardWcd=AMGRE2","현대 아멕스 그린 카드 Edition2 피킹률 | 현대 아멕스 그린 카드 Edition2 실제 혜택 | 현대 현대 아멕스 그린 카드 Edition2 카드 추천"
"naver-card-10518","국민내일배움 신한카드 Simple","신한","366","0.000","0","300000","5000","1","1","false","28","P2","estimated_rule | not_officially_verified","https://www.shinhancard.com/pconts/html/card/apply/credit/1195348_2207.html?EntryLoc=2971&empSeq=502&utm_source=naver_credit&utm_medium=cpc&utm_campaign=online_mo_learningcard&utm_content=card&utm_term={keyword}","국민내일배움 신한카드 Simple 피킹률 | 국민내일배움 신한카드 Simple 실제 혜택 | 신한 국민내일배움 신한카드 Simple 카드 추천"
"naver-card-2349","Mile 1.6 대한항공","하나","367","0.000","0","500000","1000","1","1","false","28","P2","estimated_rule | not_officially_verified","https://m.hanacard.co.kr/MWPI420000D.web?_frame=no&CD_PD_SEQ=8418&AR_PHC=J25","Mile 1.6 대한항공 피킹률 | Mile 1.6 대한항공 실제 혜택 | 하나 Mile 1.6 대한항공 카드 추천"
"naver-card-3055","올바른POINT UP+ 카드","NH농협","368","0.000","0","0","1000","1","1","false","28","P2","estimated_rule | not_officially_verified","https://card.nonghyup.com/index_cardProd.html?SERVICE_ID=IPCC2021R&NAVIGATE_TYPE=1&cd_wrs_sqno=90000414&FromSite=53","올바른POINT UP+ 카드 피킹률 | 올바른POINT UP+ 카드 실제 혜택 | NH농협 올바른POINT UP+ 카드 카드 추천"
"naver-card-3257","신한카드 Deep Once","신한","369","0.000","0","400000","5000","1","1","false","58","P0","fallback_rule | not_officially_verified","https://www.shinhancard.com/pconts/html/card/apply/credit/1192802_2207.html?EntryLoc2=2969&empSeq=538&btnApp=DP1W&utm_source=naver%5Fcredit&utm_medium=cpc&utm_campaign=online%5Fmobile%5Fdeeponce","신한카드 Deep Once 피킹률 | 신한카드 Deep Once 실제 혜택 | 신한 신한카드 Deep Once 카드 추천"
"naver-card-10464","신한카드 The Best-XO(스카이패스형)","신한","370","0.000","0","500000","20000","1","1","false","58","P0","fallback_rule | not_officially_verified","https://www.shinhancard.com/pconts/html/card/apply/premium/1231479_2205.html?EntryLoc2=3521&empSeq=521&btnApp=DP1Q&utm_source=naver_credit&utm_medium=cpc&utm_campaign=online_mo_bestxocard&utm_content=card&utm_term={keyword}","신한카드 The Best-XO(스카이패스형) 피킹률 | 신한카드 The Best-XO(스카이패스형) 실제 혜택 | 신한 신한카드 The Best-XO(스카이패스형) 카드 추천"
"naver-card-10429","신한카드 The BEST-F(SKY PASS형)","신한","371","0.000","0","300000","200000","1","1","false","43","P2","single_tier_high_cap | monthly_cap_outlier | not_officially_verified","https://www.shinhancard.com/pconts/html/card/apply/premium/1187948_2205.html?EntryLoc2=2648&empSeq=817&btnApp=L0S1H3&utm_source=naver_credit&utm_medium=cpc&utm_campaign=online_mobile_bestfskypass&utm_content=card&utm_term={keyword}","신한카드 The BEST-F(SKY PASS형) 피킹률 | 신한카드 The BEST-F(SKY PASS형) 실제 혜택 | 신한 신한카드 The BEST-F(SKY PASS형) 카드 추천"
"naver-card-10294","싱가포르항공 크리스플라이어 더 베스트 신한카드","신한","372","0.000","0","500000","2000","1","1","false","8","P3","not_officially_verified","https://www.shinhancard.com/pconts/html/card/apply/premium/1221024_2205.html?EntryLoc2=3340&empSeq=501&btnApp=dp01&utm_source=naver_credit&utm_medium=cpc&utm_campaign=online_mobile_krisflyer","싱가포르항공 크리스플라이어 더 베스트 신한카드 피킹률 | 싱가포르항공 크리스플라이어 더 베스트 신한카드 실제 혜택 | 신한 싱가포르항공 크리스플라이어 더 베스트 신한카드 카드 추천"
"naver-card-10517","신한카드 Haru(Hoshino Resorts)","신한","373","0.000","0","300000","30000","2","1","false","43","P2","estimated_rule | single_tier_high_cap | not_officially_verified","https://www.shinhancard.com/pconts/html/card/apply/credit/1233082_2207.html?empSeq=503&utm_source=naver_credit&utm_medium=cpc&utm_campaign=online_mo_haru&utm_content=card&utm_term={keyword}","신한카드 Haru(Hoshino Resorts) 피킹률 | 신한카드 Haru(Hoshino Resorts) 실제 혜택 | 신한 신한카드 Haru(Hoshino Resorts) 카드 추천"
"naver-card-10372","JADE First","하나","374","0.000","0","500000","20000","5","1","false","28","P2","estimated_rule | not_officially_verified","https://m.hanacard.co.kr/JADEINTROM.web?CD_PD_SEQ=17854","JADE First 피킹률 | JADE First 실제 혜택 | 하나 JADE First 카드 추천"
"naver-card-10496","KB Biz Prime 카드","KB국민","375","0.000","0","1000000","5000","1","1","false","28","P2","estimated_rule | not_officially_verified","https://m.kbcard.com/CRD/DVIEW/MCAMCXHIACRC0002?allianceCode=09106&mainCC=b&solicitorcode=7030023030&jehuId=NPAY","KB Biz Prime 카드 피킹률 | KB Biz Prime 카드 실제 혜택 | KB국민 KB Biz Prime 카드 카드 추천"
"naver-card-2757","KB국민 예다함카드","KB국민","376","0.000","0","300000","10000","1","1","false","58","P0","fallback_rule | not_officially_verified","https://m.kbcard.com/CRD/DVIEW/MCAMCXHIACRC0002?allianceCode=04485&mainCC=b","KB국민 예다함카드 피킹률 | KB국민 예다함카드 실제 혜택 | KB국민 KB국민 예다함카드 카드 추천"
"naver-card-10306","LOCA Professional","롯데","377","0.000","0","0","1000","10","1","false","28","P2","estimated_rule | not_officially_verified","http://m.lottecard.co.kr/spa/card/booth?bId=92360&vtCdKndC=P14715-A14715&npayUseYn=Y&utm_source=sa_naver_cs&utm_medium=cpc&utm_campaign=m_card_application&utm_content=2312_locaprofessional_19&utm_term=%EC%8B%A0%EC%9A%A9%EC%B9%B4%EB%93%9C","LOCA Professional 피킹률 | LOCA Professional 실제 혜택 | 롯데 LOCA Professional 카드 추천"
"naver-card-10634","신한카드 ECO Plan","신한","378","0.000","0","300000","1000","1","1","false","28","P2","estimated_rule | not_officially_verified","https://www.shinhancard.com/pconts/html/card/apply/credit/1238499_2207.html?EntryLoc2=4508&empSeq=501&utm_source=naver_credit&utm_medium=cpc&utm_campaign=online_mo_ecoplan","신한카드 ECO Plan 피킹률 | 신한카드 ECO Plan 실제 혜택 | 신한 신한카드 ECO Plan 카드 추천"
"naver-card-10277","LOCA PLATINUM(할인형)","롯데","379","0.000","0","0","100000","10","1","false","63","P1","estimated_rule | single_tier_high_cap | monthly_cap_outlier | not_officially_verified","https://m.lottecard.co.kr/spa/card/booth?bId=88701&vtCdKndC=P13383-A13383&npayUseYn=Y","LOCA PLATINUM(할인형) 피킹률 | LOCA PLATINUM(할인형) 실제 혜택 | 롯데 LOCA PLATINUM(할인형) 카드 추천"
"naver-card-4096","롯데백화점 FLEX 카드","롯데","380","0.000","0","500000","5000","4","1","false","28","P2","estimated_rule | not_officially_verified","https://m.lottecard.co.kr/app/LPBOHAA_V100.lc?bId=56925&vtCdKndC=P13512-A13512&npayUseYn=Y&utm_source=sa_naver_cs&utm_medium=cpc&utm_campaign=m_card&utm_content=flex&utm_term=%EC%8B%A0%EC%9A%A9%EC%B9%B4%EB%93%9C","롯데백화점 FLEX 카드 피킹률 | 롯데백화점 FLEX 카드 실제 혜택 | 롯데 롯데백화점 FLEX 카드 카드 추천"
"naver-card-10567","신한카드 THE BEST-F(캐시백형)","신한","381","0.000","0","300000","200000","1","1","false","43","P2","single_tier_high_cap | monthly_cap_outlier | not_officially_verified","https://www.shinhancard.com/pconts/html/card/apply/premium/1187948_2205.html?EntryLoc2=2648&empSeq=817&btnApp=L0S1H3&utm_source=naver_credit&utm_medium=cpc&utm_campaign=online_mobile_bestfcashback&utm_content=card&utm_term={keyword}","신한카드 THE BEST-F(캐시백형) 피킹률 | 신한카드 THE BEST-F(캐시백형) 실제 혜택 | 신한 신한카드 THE BEST-F(캐시백형) 카드 추천"
"naver-card-10555","신한카드 The Best-XO(마이신한포인트형)","신한","382","0.000","0","500000","20000","4","1","false","8","P3","not_officially_verified","https://www.shinhancard.com/pconts/html/card/apply/premium/1231479_2205.html?EntryLoc2=3521&empSeq=521&btnApp=DP1Q&utm_source=naver_credit&utm_medium=cpc&utm_campaign=online_mo_bestxocard&utm_content=card&utm_term={keyword}","신한카드 The Best-XO(마이신한포인트형) 피킹률 | 신한카드 The Best-XO(마이신한포인트형) 실제 혜택 | 신한 신한카드 The Best-XO(마이신한포인트형) 카드 추천"
"naver-card-10477","신한카드 The CLASSIC-Y","신한","383","0.000","0","300000","20000","1","1","false","28","P2","estimated_rule | not_officially_verified","https://www.shinhancard.com/pconts/html/card/apply/premium/1187940_2205.html?EntryLoc2=2733&empSeq=806&btnApp=DP1W&utm_source=naver_credit&utm_medium=cpc&utm_campaign=online_mo_classicy&utm_content=card&utm_term={keyword}","신한카드 The CLASSIC-Y 피킹률 | 신한카드 The CLASSIC-Y 실제 혜택 | 신한 신한카드 The CLASSIC-Y 카드 추천"
"naver-card-3258","신한카드 Deep Once Plus","신한","384","0.000","0","400000","5000","1","1","false","58","P0","fallback_rule | not_officially_verified","https://www.shinhancard.com/pconts/html/card/apply/credit/1192801_2207.html?EntryLoc2=2970&empSeq=504&btnApp=E0F1O3J4&utm_source=naver%5Fcredit&utm_medium=cpc&utm_campaign=online%5Fmobile%5Fdeeponceplus","신한카드 Deep Once Plus 피킹률 | 신한카드 Deep Once Plus 실제 혜택 | 신한 신한카드 Deep Once Plus 카드 추천"
"naver-card-10559","신한카드 The CLASSIC NEO","신한","385","0.000","0","400000","5000","1","1","false","8","P3","not_officially_verified","https://www.shinhancard.com/pconts/html/card/apply/premium/1236160_2205.html?EntryLoc2=4481&empSeq=506&utm_source=naver_credit&utm_medium=cpc&utm_campaign=online_mobile_theclassicneo","신한카드 The CLASSIC NEO 피킹률 | 신한카드 The CLASSIC NEO 실제 혜택 | 신한 신한카드 The CLASSIC NEO 카드 추천"
"naver-card-10630","신한법인카드","신한","386","0.000","0","0","1000","1","1","false","28","P2","estimated_rule | not_officially_verified","https://www.shinhancard.com/cconts/html/card_request/card_info/corporate/1203904_7471.html?","신한법인카드 피킹률 | 신한법인카드 실제 혜택 | 신한 신한법인카드 카드 추천"
"naver-card-10571","LOCA Biz+","롯데","387","0.000","0","1000000","200000","9","1","false","63","P1","estimated_rule | single_tier_high_cap | monthly_cap_outlier | not_officially_verified","http://m.lottecard.co.kr/spa/card/booth?bId=103748&npayUseYn=Y&vtCdKndC=P15769-A15769&utm_source=sa_naver_cs&utm_medium=cpc&utm_campaign=m_card_application&utm_content=2601_bizplus_01&utm_term=신용카드","LOCA Biz+ 피킹률 | LOCA Biz+ 실제 혜택 | 롯데 LOCA Biz+ 카드 추천"
"naver-card-10632","대한항공 신한법인 크레딧 신용카드","신한","388","0.000","0","0","1000","1","1","false","58","P0","fallback_rule | not_officially_verified","https://www.shinhancard.com/cconts/html/card_request/card_info/corporate/1227983_7471.html?","대한항공 신한법인 크레딧 신용카드 피킹률 | 대한항공 신한법인 크레딧 신용카드 실제 혜택 | 신한 대한항공 신한법인 크레딧 신용카드 카드 추천"
"naver-card-10495","KB MyBiz 사장님든든 기업카드","KB국민","389","0.000","0","2000000","70000","2","1","false","43","P2","estimated_rule | single_tier_high_cap | not_officially_verified","https://mbiz.kbcard.com/CXEHMPGCD0004.cms?mainCC=b&allianceCode=01542","KB MyBiz 사장님든든 기업카드 피킹률 | KB MyBiz 사장님든든 기업카드 실제 혜택 | KB국민 KB MyBiz 사장님든든 기업카드 카드 추천"
"naver-card-10629","신한법인카드 Business Trip","신한","390","0.000","0","0","1000","1","1","false","28","P2","estimated_rule | not_officially_verified","https://www.shinhancard.com/cconts/html/card_request/card_info/pointsave/1215232_5572.html?","신한법인카드 Business Trip 피킹률 | 신한법인카드 Business Trip 실제 혜택 | 신한 신한법인카드 Business Trip 카드 추천"
"naver-card-10631","신한법인 Point Plus 신용카드","신한","391","0.000","0","0","1000","2","1","false","28","P2","estimated_rule | not_officially_verified","https://www.shinhancard.com/cconts/html/card_request/card_info/corporate/1230286_7471.html?","신한법인 Point Plus 신용카드 피킹률 | 신한법인 Point Plus 신용카드 실제 혜택 | 신한 신한법인 Point Plus 신용카드 카드 추천"
