"calculation_id","card_id","scenario_id","profile_name","monthly_spend","applied_tier_id","gross_monthly_saving","monthly_fee","net_monthly_saving","picking_rate","effective_monthly_cap","matched_benefit","calculation_status","exported_at"
"naver-card-10304-balanced_30","naver-card-10304","balanced_30","균형 30만원","300000","naver-card-10304-tier-1-0","910.12","1666.6666666666667","0","0","20000","910.12","calculable","2026-06-11T11:14:42.801Z"
"naver-card-10304-balanced_50","naver-card-10304","balanced_50","균형 50만원","500000","naver-card-10304-tier-1-0","1516.8400000000001","1666.6666666666667","0","0","20000","1516.8400000000001","calculable","2026-06-11T11:14:42.801Z"
"naver-card-10304-balanced_70","naver-card-10304","balanced_70","균형 70만원","700000","naver-card-10304-tier-1-0","2123.59","1666.6666666666667","456.9233333333334","0.0653","20000","2123.59","calculable","2026-06-11T11:14:42.801Z"
"naver-card-10304-balanced_100","naver-card-10304","balanced_100","균형 100만원","1000000","naver-card-10304-tier-1-0","3033.6900000000005","1666.6666666666667","1367.0233333333338","0.1367","20000","3033.6900000000005","calculable","2026-06-11T11:14:42.801Z"
"naver-card-10304-balanced_120","naver-card-10304","balanced_120","균형 120만원","1200000","naver-card-10304-tier-1-0","3640.46","1666.6666666666667","1973.7933333333333","0.1645","20000","3640.46","calculable","2026-06-11T11:14:42.801Z"
"naver-card-10623-balanced_30","naver-card-10623","balanced_30","균형 30만원","300000","naver-card-10623-tier-1-0","370.8","2500","0","0","10000","370.8","calculable","2026-06-11T11:14:42.801Z"
"naver-card-10623-balanced_50","naver-card-10623","balanced_50","균형 50만원","500000","naver-card-10623-tier-1-0","617.94","2500","0","0","10000","617.94","calculable","2026-06-11T11:14:42.801Z"
"naver-card-10623-balanced_70","naver-card-10623","balanced_70","균형 70만원","700000","naver-card-10623-tier-1-0","865.14","2500","0","0","10000","865.14","calculable","2026-06-11T11:14:42.801Z"
"naver-card-10623-balanced_100","naver-card-10623","balanced_100","균형 100만원","1000000","naver-card-10623-tier-1-0","1235.9","2500","0","0","10000","1235.9","calculable","2026-06-11T11:14:42.801Z"
"naver-card-10623-balanced_120","naver-card-10623","balanced_120","균형 120만원","1200000","naver-card-10623-tier-1-0","1483.16","2500","0","0","10000","1483.16","calculable","2026-06-11T11:14:42.801Z"
"naver-card-1530-balanced_30","naver-card-1530","balanced_30","균형 30만원","300000","naver-card-1530-tier-1-300000","12640.6","833.3333333333334","11807.266666666666","3.9358","20000","12640.6","calculable","2026-06-11T11:14:42.801Z"
"naver-card-1530-balanced_50","naver-card-1530","balanced_50","균형 50만원","500000","naver-card-1530-tier-1-300000","19269.5","833.3333333333334","18436.166666666668","3.6872","20000","19269.5","calculable","2026-06-11T11:14:42.801Z"
"naver-card-1530-balanced_70","naver-card-1530","balanced_70","균형 70만원","700000","naver-card-1530-tier-1-300000","20000","833.3333333333334","19166.666666666668","2.7381","20000","22977.4","calculable","2026-06-11T11:14:42.801Z"
"naver-card-1530-balanced_100","naver-card-1530","balanced_100","균형 100만원","1000000","naver-card-1530-tier-1-300000","20000","833.3333333333334","19166.666666666668","1.9167","20000","25000","calculable","2026-06-11T11:14:42.801Z"
"naver-card-1530-balanced_120","naver-card-1530","balanced_120","균형 120만원","1200000","naver-card-1530-tier-1-300000","20000","833.3333333333334","19166.666666666668","1.5972","20000","25000","calculable","2026-06-11T11:14:42.801Z"
"naver-card-10333-balanced_30","naver-card-10333","balanced_30","균형 30만원","300000","naver-card-10333-tier-1-300000","1730.9110000000003","1000","730.9110000000003","0.2436","20000","1730.9110000000003","calculable","2026-06-11T11:14:42.801Z"
"naver-card-10333-balanced_50","naver-card-10333","balanced_50","균형 50만원","500000","naver-card-10333-tier-1-300000","2884.817","1000","1884.817","0.377","20000","2884.817","calculable","2026-06-11T11:14:42.801Z"
"naver-card-10333-balanced_70","naver-card-10333","balanced_70","균형 70만원","700000","naver-card-10333-tier-1-300000","4038.749","1000","3038.749","0.4341","20000","4038.749","calculable","2026-06-11T11:14:42.801Z"
"naver-card-10333-balanced_100","naver-card-10333","balanced_100","균형 100만원","1000000","naver-card-10333-tier-1-300000","5769.647","1000","4769.647","0.477","20000","5769.647","calculable","2026-06-11T11:14:42.801Z"
"naver-card-10333-balanced_120","naver-card-10333","balanced_120","균형 120만원","1200000","naver-card-10333-tier-1-300000","6923.6050000000005","1000","5923.6050000000005","0.4936","20000","6923.6050000000005","calculable","2026-06-11T11:14:42.801Z"
"naver-card-10105-balanced_30","naver-card-10105","balanced_30","균형 30만원","300000","naver-card-10105-tier-1-0","1896.075","833.3333333333334","1062.7416666666668","0.3542","20000","1896.075","calculable","2026-06-11T11:14:42.801Z"
"naver-card-10105-balanced_50","naver-card-10105","balanced_50","균형 50만원","500000","naver-card-10105-tier-1-0","3160.095","833.3333333333334","2326.7616666666663","0.4654","20000","3160.095","calculable","2026-06-11T11:14:42.801Z"
"naver-card-10105-balanced_70","naver-card-10105","balanced_70","균형 70만원","700000","naver-card-10105-tier-1-0","4424.1449999999995","833.3333333333334","3590.811666666666","0.513","20000","4424.1449999999995","calculable","2026-06-11T11:14:42.801Z"
"naver-card-10105-balanced_100","naver-card-10105","balanced_100","균형 100만원","1000000","naver-card-10105-tier-1-0","6320.204999999999","833.3333333333334","5486.871666666666","0.5487","20000","6320.204999999999","calculable","2026-06-11T11:14:42.801Z"
"naver-card-10105-balanced_120","naver-card-10105","balanced_120","균형 120만원","1200000","naver-card-10105-tier-1-0","7584.269999999999","833.3333333333334","6750.936666666666","0.5626","20000","7584.269999999999","calculable","2026-06-11T11:14:42.801Z"
"naver-card-10615-balanced_30","naver-card-10615","balanced_30","균형 30만원","300000","naver-card-10615-tier-1-0","1896.075","833.3333333333334","1062.7416666666668","0.3542","20000","1896.075","calculable","2026-06-11T11:14:42.801Z"
"naver-card-10615-balanced_50","naver-card-10615","balanced_50","균형 50만원","500000","naver-card-10615-tier-1-0","3160.095","833.3333333333334","2326.7616666666663","0.4654","20000","3160.095","calculable","2026-06-11T11:14:42.801Z"
"naver-card-10615-balanced_70","naver-card-10615","balanced_70","균형 70만원","700000","naver-card-10615-tier-1-0","4424.1449999999995","833.3333333333334","3590.811666666666","0.513","20000","4424.1449999999995","calculable","2026-06-11T11:14:42.801Z"
"naver-card-10615-balanced_100","naver-card-10615","balanced_100","균형 100만원","1000000","naver-card-10615-tier-1-0","6320.204999999999","833.3333333333334","5486.871666666666","0.5487","20000","6320.204999999999","calculable","2026-06-11T11:14:42.801Z"
"naver-card-10615-balanced_120","naver-card-10615","balanced_120","균형 120만원","1200000","naver-card-10615-tier-1-0","7584.27","833.3333333333334","6750.936666666667","0.5626","20000","7584.27","calculable","2026-06-11T11:14:42.801Z"
"naver-card-10375-balanced_30","naver-card-10375","balanced_30","균형 30만원","300000","naver-card-10375-tier-1-0","1685.4","1666.6666666666667","18.73333333333335","0.0062","20000","1685.4","calculable","2026-06-11T11:14:42.801Z"
"naver-card-10375-balanced_50","naver-card-10375","balanced_50","균형 50만원","500000","naver-card-10375-tier-1-0","2808.96","1666.6666666666667","1142.2933333333333","0.2285","20000","2808.96","calculable","2026-06-11T11:14:42.801Z"
"naver-card-10375-balanced_70","naver-card-10375","balanced_70","균형 70만원","700000","naver-card-10375-tier-1-0","3932.58","1666.6666666666667","2265.913333333333","0.3237","20000","3932.58","calculable","2026-06-11T11:14:42.801Z"
"naver-card-10375-balanced_100","naver-card-10375","balanced_100","균형 100만원","1000000","naver-card-10375-tier-1-0","5617.9400000000005","1666.6666666666667","3951.2733333333335","0.3951","20000","5617.9400000000005","calculable","2026-06-11T11:14:42.801Z"
"naver-card-10375-balanced_120","naver-card-10375","balanced_120","균형 120만원","1200000","naver-card-10375-tier-1-0","6741.58","1666.6666666666667","5074.913333333333","0.4229","20000","6741.58","calculable","2026-06-11T11:14:42.801Z"
"naver-card-10176-balanced_30","naver-card-10176","balanced_30","균형 30만원","300000","naver-card-10176-tier-1-0","185.4","1666.6666666666667","0","0","10000","185.4","calculable","2026-06-11T11:14:42.801Z"
"naver-card-10176-balanced_50","naver-card-10176","balanced_50","균형 50만원","500000","naver-card-10176-tier-1-0","308.97","1666.6666666666667","0","0","10000","308.97","calculable","2026-06-11T11:14:42.801Z"
"naver-card-10176-balanced_70","naver-card-10176","balanced_70","균형 70만원","700000","naver-card-10176-tier-1-0","432.57","1666.6666666666667","0","0","10000","432.57","calculable","2026-06-11T11:14:42.801Z"
"naver-card-10176-balanced_100","naver-card-10176","balanced_100","균형 100만원","1000000","naver-card-10176-tier-1-0","617.95","1666.6666666666667","0","0","10000","617.95","calculable","2026-06-11T11:14:42.801Z"
"naver-card-10176-balanced_120","naver-card-10176","balanced_120","균형 120만원","1200000","naver-card-10176-tier-1-0","741.58","1666.6666666666667","0","0","10000","741.58","calculable","2026-06-11T11:14:42.801Z"
"naver-card-10141-balanced_30","naver-card-10141","balanced_30","균형 30만원","300000","","0","1666.6666666666667","0","0","0","0","partial","2026-06-11T11:14:42.801Z"
"naver-card-10141-balanced_50","naver-card-10141","balanced_50","균형 50만원","500000","naver-card-10141-tier-1-500000","16011.100000000002","1666.6666666666667","14344.433333333336","2.8689","32000","16011.100000000002","calculable","2026-06-11T11:14:42.801Z"
"naver-card-10141-balanced_70","naver-card-10141","balanced_70","균형 70만원","700000","naver-card-10141-tier-1-500000","22415.6","1666.6666666666667","20748.93333333333","2.9641","32000","22415.6","calculable","2026-06-11T11:14:42.801Z"
"naver-card-10141-balanced_100","naver-card-10141","balanced_100","균형 100만원","1000000","naver-card-10141-tier-1-500000","28921.1","1666.6666666666667","27254.43333333333","2.7254","32000","28921.1","calculable","2026-06-11T11:14:42.801Z"
"naver-card-10141-balanced_120","naver-card-10141","balanced_120","균형 120만원","1200000","naver-card-10141-tier-1-500000","31415.8","1666.6666666666667","29749.13333333333","2.4791","32000","31415.8","calculable","2026-06-11T11:14:42.801Z"
"naver-card-10157-balanced_30","naver-card-10157","balanced_30","균형 30만원","300000","naver-card-10157-tier-1-0","12134.9","583.3333333333334","11551.566666666666","3.8505","20000","12134.9","calculable","2026-06-11T11:14:42.801Z"
"naver-card-10157-balanced_50","naver-card-10157","balanced_50","균형 50만원","500000","naver-card-10157-tier-1-0","19045","583.3333333333334","18461.666666666668","3.6923","20000","19045","calculable","2026-06-11T11:14:42.801Z"
"naver-card-10157-balanced_70","naver-card-10157","balanced_70","균형 70만원","700000","naver-card-10157-tier-1-0","20000","583.3333333333334","19416.666666666668","2.7738","20000","23370.800000000003","calculable","2026-06-11T11:14:42.801Z"
"naver-card-10157-balanced_100","naver-card-10157","balanced_100","균형 100만원","1000000","naver-card-10157-tier-1-0","20000","583.3333333333334","19416.666666666668","1.9417","20000","25000","calculable","2026-06-11T11:14:42.801Z"
"naver-card-10157-balanced_120","naver-card-10157","balanced_120","균형 120만원","1200000","naver-card-10157-tier-1-0","20000","583.3333333333334","19416.666666666668","1.6181","20000","25000","calculable","2026-06-11T11:14:42.801Z"
"naver-card-10307-balanced_30","naver-card-10307","balanced_30","균형 30만원","300000","","0","2083.3333333333335","0","0","0","0","partial","2026-06-11T11:14:42.801Z"
"naver-card-10307-balanced_50","naver-card-10307","balanced_50","균형 50만원","500000","naver-card-10307-tier-1-400000","1938.15","2083.3333333333335","0","0","10000","1938.15","calculable","2026-06-11T11:14:42.801Z"
"naver-card-10307-balanced_70","naver-card-10307","balanced_70","균형 70만원","700000","naver-card-10307-tier-1-400000","2713.44","2083.3333333333335","630.1066666666666","0.09","10000","2713.44","calculable","2026-06-11T11:14:42.801Z"
"naver-card-10307-balanced_100","naver-card-10307","balanced_100","균형 100만원","1000000","naver-card-10307-tier-1-400000","3876.33","2083.3333333333335","1792.9966666666664","0.1793","10000","3876.33","calculable","2026-06-11T11:14:42.801Z"
"naver-card-10307-balanced_120","naver-card-10307","balanced_120","균형 120만원","1200000","naver-card-10307-tier-1-400000","4651.709999999999","2083.3333333333335","2568.3766666666656","0.214","10000","4651.709999999999","calculable","2026-06-11T11:14:42.801Z"
"naver-card-1531-balanced_30","naver-card-1531","balanced_30","균형 30만원","300000","naver-card-1531-tier-1-0","1365.18","833.3333333333334","531.8466666666667","0.1773","20000","1365.18","calculable","2026-06-11T11:14:42.801Z"
"naver-card-1531-balanced_50","naver-card-1531","balanced_50","균형 50만원","500000","naver-card-1531-tier-1-0","2275.27","833.3333333333334","1441.9366666666665","0.2884","20000","2275.27","calculable","2026-06-11T11:14:42.801Z"
"naver-card-1531-balanced_70","naver-card-1531","balanced_70","균형 70만원","700000","naver-card-1531-tier-1-0","3185.38","833.3333333333334","2352.0466666666666","0.336","20000","3185.38","calculable","2026-06-11T11:14:42.801Z"
"naver-card-1531-balanced_100","naver-card-1531","balanced_100","균형 100만원","1000000","naver-card-1531-tier-1-0","4550.55","833.3333333333334","3717.2166666666667","0.3717","20000","4550.55","calculable","2026-06-11T11:14:42.801Z"
"naver-card-1531-balanced_120","naver-card-1531","balanced_120","균형 120만원","1200000","naver-card-1531-tier-1-0","5460.68","833.3333333333334","4627.346666666667","0.3856","20000","5460.68","calculable","2026-06-11T11:14:42.801Z"
"naver-card-10309-balanced_30","naver-card-10309","balanced_30","균형 30만원","300000","naver-card-10309-tier-1-300000","606.75","1666.6666666666667","0","0","10000","606.75","calculable","2026-06-11T11:14:42.801Z"
"naver-card-10309-balanced_50","naver-card-10309","balanced_50","균형 50만원","500000","naver-card-10309-tier-1-300000","1011.24","1666.6666666666667","0","0","10000","1011.24","calculable","2026-06-11T11:14:42.801Z"
"naver-card-10309-balanced_70","naver-card-10309","balanced_70","균형 70만원","700000","naver-card-10309-tier-1-300000","1415.73","1666.6666666666667","0","0","10000","1415.73","calculable","2026-06-11T11:14:42.801Z"
"naver-card-10309-balanced_100","naver-card-10309","balanced_100","균형 100만원","1000000","naver-card-10309-tier-1-300000","2022.48","1666.6666666666667","355.8133333333333","0.0356","10000","2022.48","calculable","2026-06-11T11:14:42.801Z"
"naver-card-10309-balanced_120","naver-card-10309","balanced_120","균형 120만원","1200000","naver-card-10309-tier-1-300000","2426.97","1666.6666666666667","760.3033333333331","0.0634","10000","2426.97","calculable","2026-06-11T11:14:42.801Z"
"naver-card-10452-balanced_30","naver-card-10452","balanced_30","균형 30만원","300000","naver-card-10452-tier-1-200000","6741.6","2500","4241.6","1.4139","20000","6741.6","calculable","2026-06-11T11:14:42.801Z"
"naver-card-10452-balanced_50","naver-card-10452","balanced_50","균형 50만원","500000","naver-card-10452-tier-1-200000","11236","2500","8736","1.7472","20000","11236","calculable","2026-06-11T11:14:42.801Z"
"naver-card-10452-balanced_70","naver-card-10452","balanced_70","균형 70만원","700000","naver-card-10452-tier-1-200000","15730.349999999999","2500","13230.349999999999","1.89","20000","15730.349999999999","calculable","2026-06-11T11:14:42.801Z"
"naver-card-10452-balanced_100","naver-card-10452","balanced_100","균형 100만원","1000000","naver-card-10452-tier-1-200000","20000","2500","17500","1.75","20000","20674.2","calculable","2026-06-11T11:14:42.801Z"
"naver-card-10452-balanced_120","naver-card-10452","balanced_120","균형 120만원","1200000","naver-card-10452-tier-1-200000","20000","2500","17500","1.4583","20000","22415.75","calculable","2026-06-11T11:14:42.801Z"
"naver-card-10522-balanced_30","naver-card-10522","balanced_30","균형 30만원","300000","","0","1666.6666666666667","0","0","0","0","partial","2026-06-11T11:14:42.801Z"
"naver-card-10522-balanced_50","naver-card-10522","balanced_50","균형 50만원","500000","naver-card-10522-tier-1-400000","16516.7","1666.6666666666667","14850.033333333335","2.97","20000","16516.7","calculable","2026-06-11T11:14:42.801Z"
"naver-card-10522-balanced_70","naver-card-10522","balanced_70","균형 70만원","700000","naver-card-10522-tier-1-400000","20000","1666.6666666666667","18333.333333333332","2.619","20000","21123.5","calculable","2026-06-11T11:14:42.801Z"
"naver-card-10522-balanced_100","naver-card-10522","balanced_100","균형 100만원","1000000","naver-card-10522-tier-1-400000","20000","1666.6666666666667","18333.333333333332","1.8333","20000","23370.8","calculable","2026-06-11T11:14:42.801Z"
"naver-card-10522-balanced_120","naver-card-10522","balanced_120","균형 120만원","1200000","naver-card-10522-tier-1-400000","20000","1666.6666666666667","18333.333333333332","1.5278","20000","24044.9","calculable","2026-06-11T11:14:42.801Z"
"naver-card-10332-balanced_30","naver-card-10332","balanced_30","균형 30만원","300000","naver-card-10332-tier-1-300000","1331.47","2083.3333333333335","0","0","20000","1331.47","calculable","2026-06-11T11:14:42.801Z"
"naver-card-10332-balanced_50","naver-card-10332","balanced_50","균형 50만원","500000","naver-card-10332-tier-1-300000","2219.09","2083.3333333333335","135.75666666666666","0.0272","20000","2219.09","calculable","2026-06-11T11:14:42.801Z"
"naver-card-10332-balanced_70","naver-card-10332","balanced_70","균형 70만원","700000","naver-card-10332-tier-1-300000","3106.7300000000005","2083.3333333333335","1023.396666666667","0.1462","20000","3106.7300000000005","calculable","2026-06-11T11:14:42.801Z"
"naver-card-10332-balanced_100","naver-card-10332","balanced_100","균형 100만원","1000000","naver-card-10332-tier-1-300000","4438.1900000000005","2083.3333333333335","2354.856666666667","0.2355","20000","4438.1900000000005","calculable","2026-06-11T11:14:42.801Z"
"naver-card-10332-balanced_120","naver-card-10332","balanced_120","균형 120만원","1200000","naver-card-10332-tier-1-300000","5325.85","2083.3333333333335","3242.516666666667","0.2702","20000","5325.85","calculable","2026-06-11T11:14:42.801Z"
"naver-card-10102-balanced_30","naver-card-10102","balanced_30","균형 30만원","300000","naver-card-10102-tier-1-300000","14663","1666.6666666666667","12996.333333333334","4.3321","20000","14663","calculable","2026-06-11T11:14:42.801Z"
"naver-card-10102-balanced_50","naver-card-10102","balanced_50","균형 50만원","500000","naver-card-10102-tier-1-300000","20000","1666.6666666666667","18333.333333333332","3.6667","20000","22584.100000000002","calculable","2026-06-11T11:14:42.801Z"
"naver-card-10102-balanced_70","naver-card-10102","balanced_70","균형 70만원","700000","naver-card-10102-tier-1-300000","20000","1666.6666666666667","18333.333333333332","2.619","20000","24325.7","calculable","2026-06-11T11:14:42.801Z"
"naver-card-10102-balanced_100","naver-card-10102","balanced_100","균형 100만원","1000000","naver-card-10102-tier-1-300000","20000","1666.6666666666667","18333.333333333332","1.8333","20000","25000","calculable","2026-06-11T11:14:42.801Z"
"naver-card-10102-balanced_120","naver-card-10102","balanced_120","균형 120만원","1200000","naver-card-10102-tier-1-300000","20000","1666.6666666666667","18333.333333333332","1.5278","20000","25000","calculable","2026-06-11T11:14:42.801Z"
"naver-card-1294-balanced_30","naver-card-1294","balanced_30","균형 30만원","300000","naver-card-1294-tier-1-300000","13146.1","1666.6666666666667","11479.433333333334","3.8265","20000","13146.1","calculable","2026-06-11T11:14:42.801Z"
"naver-card-1294-balanced_50","naver-card-1294","balanced_50","균형 50만원","500000","naver-card-1294-tier-1-300000","20000","1666.6666666666667","18333.333333333332","3.6667","20000","20730.4","calculable","2026-06-11T11:14:42.801Z"
"naver-card-1294-balanced_70","naver-card-1294","balanced_70","균형 70만원","700000","naver-card-1294-tier-1-300000","20000","1666.6666666666667","18333.333333333332","2.619","20000","24438.2","calculable","2026-06-11T11:14:42.801Z"
"naver-card-1294-balanced_100","naver-card-1294","balanced_100","균형 100만원","1000000","naver-card-1294-tier-1-300000","20000","1666.6666666666667","18333.333333333332","1.8333","20000","25000","calculable","2026-06-11T11:14:42.801Z"
"naver-card-1294-balanced_120","naver-card-1294","balanced_120","균형 120만원","1200000","naver-card-1294-tier-1-300000","20000","1666.6666666666667","18333.333333333332","1.5278","20000","25000","calculable","2026-06-11T11:14:42.801Z"
"naver-card-10343-balanced_30","naver-card-10343","balanced_30","균형 30만원","300000","","0","1666.6666666666667","0","0","0","0","partial","2026-06-11T11:14:42.801Z"
"naver-card-10343-balanced_50","naver-card-10343","balanced_50","균형 50만원","500000","naver-card-10343-tier-1-500000","10533.65","1666.6666666666667","8866.983333333334","1.7734","32000","10533.65","calculable","2026-06-11T11:14:42.801Z"
"naver-card-10343-balanced_70","naver-card-10343","balanced_70","균형 70만원","700000","naver-card-10343-tier-1-500000","14747.15","1666.6666666666667","13080.483333333334","1.8686","32000","14747.15","calculable","2026-06-11T11:14:42.801Z"
"naver-card-10343-balanced_100","naver-card-10343","balanced_100","균형 100만원","1000000","naver-card-10343-tier-1-500000","21067.35","1666.6666666666667","19400.68333333333","1.9401","32000","21067.35","calculable","2026-06-11T11:14:42.801Z"
"naver-card-10343-balanced_120","naver-card-10343","balanced_120","균형 120만원","1200000","naver-card-10343-tier-1-500000","25280.95","1666.6666666666667","23614.283333333333","1.9679","32000","25280.95","calculable","2026-06-11T11:14:42.801Z"
"naver-card-1684-balanced_30","naver-card-1684","balanced_30","균형 30만원","300000","naver-card-1684-tier-1-300000","3707.9","833.3333333333334","2874.5666666666666","0.9582","10000","3707.9","calculable","2026-06-11T11:14:42.801Z"
"naver-card-1684-balanced_50","naver-card-1684","balanced_50","균형 50만원","500000","naver-card-1684-tier-1-300000","6179.8","833.3333333333334","5346.466666666667","1.0693","10000","6179.8","calculable","2026-06-11T11:14:42.801Z"
"naver-card-1684-balanced_70","naver-card-1684","balanced_70","균형 70만원","700000","naver-card-1684-tier-1-300000","8651.7","833.3333333333334","7818.366666666668","1.1169","10000","8651.7","calculable","2026-06-11T11:14:42.801Z"
"naver-card-1684-balanced_100","naver-card-1684","balanced_100","균형 100만원","1000000","naver-card-1684-tier-1-300000","10000","833.3333333333334","9166.666666666666","0.9167","10000","10000","calculable","2026-06-11T11:14:42.801Z"
"naver-card-1684-balanced_120","naver-card-1684","balanced_120","균형 120만원","1200000","naver-card-1684-tier-1-300000","10000","833.3333333333334","9166.666666666666","0.7639","10000","10000","calculable","2026-06-11T11:14:42.801Z"
"naver-card-10310-balanced_30","naver-card-10310","balanced_30","균형 30만원","300000","","0","1666.6666666666667","0","0","0","0","partial","2026-06-11T11:14:42.801Z"
"naver-card-10310-balanced_50","naver-card-10310","balanced_50","균형 50만원","500000","naver-card-10310-tier-1-400000","1011.24","1666.6666666666667","0","0","10000","1011.24","calculable","2026-06-11T11:14:42.801Z"
"naver-card-10310-balanced_70","naver-card-10310","balanced_70","균형 70만원","700000","naver-card-10310-tier-1-400000","1415.73","1666.6666666666667","0","0","10000","1415.73","calculable","2026-06-11T11:14:42.801Z"
"naver-card-10310-balanced_100","naver-card-10310","balanced_100","균형 100만원","1000000","naver-card-10310-tier-1-400000","2022.48","1666.6666666666667","355.8133333333333","0.0356","10000","2022.48","calculable","2026-06-11T11:14:42.801Z"
"naver-card-10310-balanced_120","naver-card-10310","balanced_120","균형 120만원","1200000","naver-card-10310-tier-1-400000","2426.97","1666.6666666666667","760.3033333333331","0.0634","10000","2426.97","calculable","2026-06-11T11:14:42.801Z"
"naver-card-10216-balanced_30","naver-card-10216","balanced_30","균형 30만원","300000","","0","1250","0","0","0","0","partial","2026-06-11T11:14:42.801Z"
"naver-card-10216-balanced_50","naver-card-10216","balanced_50","균형 50만원","500000","naver-card-10216-tier-1-400000","20000","1250","18750","3.75","20000","20674.2","calculable","2026-06-11T11:14:42.801Z"
"naver-card-10216-balanced_70","naver-card-10216","balanced_70","균형 70만원","700000","naver-card-10216-tier-1-400000","20000","1250","18750","2.6786","20000","23651.7","calculable","2026-06-11T11:14:42.801Z"
"naver-card-10216-balanced_100","naver-card-10216","balanced_100","균형 100만원","1000000","naver-card-10216-tier-1-400000","20000","1250","18750","1.875","20000","25000","calculable","2026-06-11T11:14:42.801Z"
"naver-card-10216-balanced_120","naver-card-10216","balanced_120","균형 120만원","1200000","naver-card-10216-tier-1-400000","20000","1250","18750","1.5625","20000","25000","calculable","2026-06-11T11:14:42.801Z"
"naver-card-115-balanced_30","naver-card-115","balanced_30","균형 30만원","300000","naver-card-115-tier-1-300000","13146.100000000002","416.6666666666667","12729.433333333336","4.2431","20000","13146.100000000002","calculable","2026-06-11T11:14:42.801Z"
"naver-card-115-balanced_50","naver-card-115","balanced_50","균형 50만원","500000","naver-card-115-tier-1-300000","20000","416.6666666666667","19583.333333333332","3.9167","20000","21236","calculable","2026-06-11T11:14:42.801Z"
"naver-card-115-balanced_70","naver-card-115","balanced_70","균형 70만원","700000","naver-card-115-tier-1-300000","20000","416.6666666666667","19583.333333333332","2.7976","20000","24438.2","calculable","2026-06-11T11:14:42.801Z"
"naver-card-115-balanced_100","naver-card-115","balanced_100","균형 100만원","1000000","naver-card-115-tier-1-300000","20000","416.6666666666667","19583.333333333332","1.9583","20000","25000","calculable","2026-06-11T11:14:42.801Z"
"naver-card-115-balanced_120","naver-card-115","balanced_120","균형 120만원","1200000","naver-card-115-tier-1-300000","20000","416.6666666666667","19583.333333333332","1.6319","20000","25000","calculable","2026-06-11T11:14:42.801Z"
"naver-card-1408-balanced_30","naver-card-1408","balanced_30","균형 30만원","300000","naver-card-1408-tier-1-300000","10281","1250","9031","3.0103","20000","10281","calculable","2026-06-11T11:14:42.801Z"
"naver-card-1408-balanced_50","naver-card-1408","balanced_50","균형 50만원","500000","naver-card-1408-tier-1-300000","15954.9","1250","14704.9","2.941","20000","15954.9","calculable","2026-06-11T11:14:42.801Z"
"naver-card-1408-balanced_70","naver-card-1408","balanced_70","균형 70만원","700000","naver-card-1408-tier-1-300000","20000","1250","18750","2.6786","20000","20337","calculable","2026-06-11T11:14:42.801Z"
"naver-card-1408-balanced_100","naver-card-1408","balanced_100","균형 100만원","1000000","naver-card-1408-tier-1-300000","20000","1250","18750","1.875","20000","23370.8","calculable","2026-06-11T11:14:42.801Z"
"naver-card-1408-balanced_120","naver-card-1408","balanced_120","균형 120만원","1200000","naver-card-1408-tier-1-300000","20000","1250","18750","1.5625","20000","24044.9","calculable","2026-06-11T11:14:42.801Z"
"naver-card-10611-balanced_30","naver-card-10611","balanced_30","균형 30만원","300000","naver-card-10611-tier-1-300000","1038.205","1666.6666666666667","0","0","20000","1038.205","calculable","2026-06-11T11:14:42.801Z"
"naver-card-10611-balanced_50","naver-card-10611","balanced_50","균형 50만원","500000","naver-card-10611-tier-1-300000","1730.3439999999998","1666.6666666666667","63.67733333333308","0.0127","20000","1730.3439999999998","calculable","2026-06-11T11:14:42.801Z"
"naver-card-10611-balanced_70","naver-card-10611","balanced_70","균형 70만원","700000","naver-card-10611-tier-1-300000","2422.476","1666.6666666666667","755.8093333333334","0.108","20000","2422.476","calculable","2026-06-11T11:14:42.801Z"
"naver-card-10611-balanced_100","naver-card-10611","balanced_100","균형 100만원","1000000","naver-card-10611-tier-1-300000","3460.6879999999996","1666.6666666666667","1794.021333333333","0.1794","20000","3460.6879999999996","calculable","2026-06-11T11:14:42.801Z"
"naver-card-10611-balanced_120","naver-card-10611","balanced_120","균형 120만원","1200000","naver-card-10611-tier-1-300000","4152.806","1666.6666666666667","2486.1393333333326","0.2072","20000","4152.806","calculable","2026-06-11T11:14:42.801Z"
"naver-card-10612-balanced_30","naver-card-10612","balanced_30","균형 30만원","300000","","0","2333.3333333333335","0","0","0","0","partial","2026-06-11T11:14:42.801Z"
"naver-card-10612-balanced_50","naver-card-10612","balanced_50","균형 50만원","500000","naver-card-10612-tier-1-500000","9269.5","2333.3333333333335","6936.166666666666","1.3872","28000","9269.5","calculable","2026-06-11T11:14:42.801Z"
"naver-card-10612-balanced_70","naver-card-10612","balanced_70","균형 70만원","700000","naver-card-10612-tier-1-500000","12977.400000000001","2333.3333333333335","10644.066666666668","1.5206","28000","12977.400000000001","calculable","2026-06-11T11:14:42.801Z"
"naver-card-10612-balanced_100","naver-card-10612","balanced_100","균형 100만원","1000000","naver-card-10612-tier-1-500000","18539.1","2333.3333333333335","16205.766666666665","1.6206","28000","18539.1","calculable","2026-06-11T11:14:42.801Z"
"naver-card-10612-balanced_120","naver-card-10612","balanced_120","균형 120만원","1200000","naver-card-10612-tier-1-500000","21415.8","2333.3333333333335","19082.466666666667","1.5902","28000","21415.8","calculable","2026-06-11T11:14:42.801Z"
"naver-card-10358-balanced_30","naver-card-10358","balanced_30","균형 30만원","300000","","0","2250","0","0","0","0","partial","2026-06-11T11:14:42.801Z"
"naver-card-10358-balanced_50","naver-card-10358","balanced_50","균형 50만원","500000","naver-card-10358-tier-1-400000","15954.900000000001","2250","13704.900000000001","2.741","20000","15954.900000000001","calculable","2026-06-11T11:14:42.801Z"
"naver-card-10358-balanced_70","naver-card-10358","balanced_70","균형 70만원","700000","naver-card-10358-tier-1-400000","19044.8","2250","16794.8","2.3993","20000","19044.8","calculable","2026-06-11T11:14:42.801Z"
"naver-card-10358-balanced_100","naver-card-10358","balanced_100","균형 100만원","1000000","naver-card-10358-tier-1-400000","20000","2250","17750","1.775","20000","20000","calculable","2026-06-11T11:14:42.801Z"
"naver-card-10358-balanced_120","naver-card-10358","balanced_120","균형 120만원","1200000","naver-card-10358-tier-1-400000","20000","2250","17750","1.4792","20000","20000","calculable","2026-06-11T11:14:42.801Z"
"naver-card-2337-balanced_30","naver-card-2337","balanced_30","균형 30만원","300000","naver-card-2337-tier-1-300000","11629.300000000001","833.3333333333334","10795.966666666667","3.5987","20000","11629.300000000001","calculable","2026-06-11T11:14:42.801Z"
"naver-card-2337-balanced_50","naver-card-2337","balanced_50","균형 50만원","500000","naver-card-2337-tier-1-300000","18763.9","833.3333333333334","17930.56666666667","3.5861","20000","18763.9","calculable","2026-06-11T11:14:42.801Z"
"naver-card-2337-balanced_70","naver-card-2337","balanced_70","균형 70만원","700000","naver-card-2337-tier-1-300000","20000","833.3333333333334","19166.666666666668","2.7381","20000","22977.4","calculable","2026-06-11T11:14:42.801Z"
"naver-card-2337-balanced_100","naver-card-2337","balanced_100","균형 100만원","1000000","naver-card-2337-tier-1-300000","20000","833.3333333333334","19166.666666666668","1.9167","20000","25000","calculable","2026-06-11T11:14:42.801Z"
"naver-card-2337-balanced_120","naver-card-2337","balanced_120","균형 120만원","1200000","naver-card-2337-tier-1-300000","20000","833.3333333333334","19166.666666666668","1.5972","20000","25000","calculable","2026-06-11T11:14:42.801Z"
"naver-card-10286-balanced_30","naver-card-10286","balanced_30","균형 30만원","300000","","0","3250","0","0","0","0","partial","2026-06-11T11:14:42.801Z"
"naver-card-10286-balanced_50","naver-card-10286","balanced_50","균형 50만원","500000","naver-card-10286-tier-1-500000","308.97","3250","0","0","16000","308.97","calculable","2026-06-11T11:14:42.801Z"
"naver-card-10286-balanced_70","naver-card-10286","balanced_70","균형 70만원","700000","naver-card-10286-tier-1-500000","432.57","3250","0","0","16000","432.57","calculable","2026-06-11T11:14:42.801Z"
"naver-card-10286-balanced_100","naver-card-10286","balanced_100","균형 100만원","1000000","naver-card-10286-tier-1-500000","617.95","3250","0","0","16000","617.95","calculable","2026-06-11T11:14:42.801Z"
"naver-card-10286-balanced_120","naver-card-10286","balanced_120","균형 120만원","1200000","naver-card-10286-tier-1-500000","741.58","3250","0","0","16000","741.58","calculable","2026-06-11T11:14:42.801Z"
"naver-card-10616-balanced_30","naver-card-10616","balanced_30","균형 30만원","300000","naver-card-10616-tier-1-0","2528.1000000000004","1666.6666666666667","861.4333333333336","0.2871","20000","2528.1000000000004","calculable","2026-06-11T11:14:42.801Z"
"naver-card-10616-balanced_50","naver-card-10616","balanced_50","균형 50만원","500000","naver-card-10616-tier-1-0","4213.46","1666.6666666666667","2546.793333333333","0.5094","20000","4213.46","calculable","2026-06-11T11:14:42.801Z"
"naver-card-10616-balanced_70","naver-card-10616","balanced_70","균형 70만원","700000","naver-card-10616-tier-1-0","5898.860000000001","1666.6666666666667","4232.193333333334","0.6046","20000","5898.860000000001","calculable","2026-06-11T11:14:42.801Z"
"naver-card-10616-balanced_100","naver-card-10616","balanced_100","균형 100만원","1000000","naver-card-10616-tier-1-0","8426.94","1666.6666666666667","6760.2733333333335","0.676","20000","8426.94","calculable","2026-06-11T11:14:42.801Z"
"naver-card-10616-balanced_120","naver-card-10616","balanced_120","균형 120만원","1200000","naver-card-10616-tier-1-0","10112.36","1666.6666666666667","8445.693333333335","0.7038","20000","10112.36","calculable","2026-06-11T11:14:42.801Z"
"naver-card-10303-balanced_30","naver-card-10303","balanced_30","균형 30만원","300000","naver-card-10303-tier-1-0","4550.599999999999","1666.6666666666667","2883.9333333333325","0.9613","20000","4550.599999999999","calculable","2026-06-11T11:14:42.801Z"
"naver-card-10303-balanced_50","naver-card-10303","balanced_50","균형 50만원","500000","naver-card-10303-tier-1-0","7584.2","1666.6666666666667","5917.533333333333","1.1835","20000","7584.2","calculable","2026-06-11T11:14:42.801Z"
"naver-card-10303-balanced_70","naver-card-10303","balanced_70","균형 70만원","700000","naver-card-10303-tier-1-0","10617.95","1666.6666666666667","8951.283333333335","1.2788","20000","10617.95","calculable","2026-06-11T11:14:42.801Z"
"naver-card-10303-balanced_100","naver-card-10303","balanced_100","균형 100만원","1000000","naver-card-10303-tier-1-0","13988.65","1666.6666666666667","12321.983333333334","1.2322","20000","13988.65","calculable","2026-06-11T11:14:42.801Z"
"naver-card-10303-balanced_120","naver-card-10303","balanced_120","균형 120만원","1200000","naver-card-10303-tier-1-0","15786.55","1666.6666666666667","14119.883333333333","1.1767","20000","15786.55","calculable","2026-06-11T11:14:42.801Z"
"naver-card-1322-balanced_30","naver-card-1322","balanced_30","균형 30만원","300000","naver-card-1322-tier-1-300000","9269.7","0","9269.7","3.0899","20000","9269.7","calculable","2026-06-11T11:14:42.801Z"
"naver-card-1322-balanced_50","naver-card-1322","balanced_50","균형 50만원","500000","naver-card-1322-tier-1-300000","14269.5","0","14269.5","2.8539","20000","14269.5","calculable","2026-06-11T11:14:42.801Z"
"naver-card-1322-balanced_70","naver-card-1322","balanced_70","균형 70만원","700000","naver-card-1322-tier-1-300000","16685.300000000003","0","16685.300000000003","2.3836","20000","16685.300000000003","calculable","2026-06-11T11:14:42.801Z"
"naver-card-1322-balanced_100","naver-card-1322","balanced_100","균형 100만원","1000000","naver-card-1322-tier-1-300000","18370.8","0","18370.8","1.8371","20000","18370.8","calculable","2026-06-11T11:14:42.801Z"
"naver-card-1322-balanced_120","naver-card-1322","balanced_120","균형 120만원","1200000","naver-card-1322-tier-1-300000","19044.9","0","19044.9","1.5871","20000","19044.9","calculable","2026-06-11T11:14:42.801Z"
"naver-card-10218-balanced_30","naver-card-10218","balanced_30","균형 30만원","300000","","0","1583.3333333333333","0","0","0","0","partial","2026-06-11T11:14:42.801Z"
"naver-card-10218-balanced_50","naver-card-10218","balanced_50","균형 50만원","500000","naver-card-10218-tier-1-400000","17640.3","1583.3333333333333","16056.966666666665","3.2114","20000","17640.3","calculable","2026-06-11T11:14:42.801Z"
"naver-card-10218-balanced_70","naver-card-10218","balanced_70","균형 70만원","700000","naver-card-10218-tier-1-400000","20000","1583.3333333333333","18416.666666666668","2.631","20000","22696.5","calculable","2026-06-11T11:14:42.801Z"
"naver-card-10218-balanced_100","naver-card-10218","balanced_100","균형 100만원","1000000","naver-card-10218-tier-1-400000","20000","1583.3333333333333","18416.666666666668","1.8417","20000","25000","calculable","2026-06-11T11:14:42.801Z"
"naver-card-10218-balanced_120","naver-card-10218","balanced_120","균형 120만원","1200000","naver-card-10218-tier-1-400000","20000","1583.3333333333333","18416.666666666668","1.5347","20000","25000","calculable","2026-06-11T11:14:42.801Z"
"naver-card-10045-balanced_30","naver-card-10045","balanced_30","균형 30만원","300000","naver-card-10045-tier-1-300000","7904.54","0","7904.54","2.6348","20000","7904.54","calculable","2026-06-11T11:14:42.801Z"
"naver-card-10045-balanced_50","naver-card-10045","balanced_50","균형 50만원","500000","naver-card-10045-tier-1-300000","13174.070000000003","0","13174.070000000003","2.6348","20000","13174.070000000003","calculable","2026-06-11T11:14:42.801Z"
"naver-card-10045-balanced_70","naver-card-10045","balanced_70","균형 70만원","700000","naver-card-10045-tier-1-300000","17387.55","0","17387.55","2.4839","20000","17387.55","calculable","2026-06-11T11:14:42.801Z"
"naver-card-10045-balanced_100","naver-card-10045","balanced_100","균형 100만원","1000000","naver-card-10045-tier-1-300000","20000","0","20000","2","20000","21404.33","calculable","2026-06-11T11:14:42.801Z"
"naver-card-10045-balanced_120","naver-card-10045","balanced_120","균형 120만원","1200000","naver-card-10045-tier-1-300000","20000","0","20000","1.6667","20000","22831.43","calculable","2026-06-11T11:14:42.801Z"
"naver-card-10108-balanced_30","naver-card-10108","balanced_30","균형 30만원","300000","","0","833.3333333333334","0","0","0","0","partial","2026-06-11T11:14:42.801Z"
"naver-card-10108-balanced_50","naver-card-10108","balanced_50","균형 50만원","500000","naver-card-10108-tier-1-400000","1264.03","833.3333333333334","430.6966666666666","0.0861","15000","1264.03","calculable","2026-06-11T11:14:42.801Z"
"naver-card-10108-balanced_70","naver-card-10108","balanced_70","균형 70만원","700000","naver-card-10108-tier-1-400000","1769.65","833.3333333333334","936.3166666666667","0.1338","15000","1769.65","calculable","2026-06-11T11:14:42.801Z"
"naver-card-10108-balanced_100","naver-card-10108","balanced_100","균형 100만원","1000000","naver-card-10108-tier-1-400000","2528.07","833.3333333333334","1694.7366666666667","0.1695","15000","2528.07","calculable","2026-06-11T11:14:42.801Z"
"naver-card-10108-balanced_120","naver-card-10108","balanced_120","균형 120만원","1200000","naver-card-10108-tier-1-400000","3033.7200000000003","833.3333333333334","2200.3866666666668","0.1834","15000","3033.7200000000003","calculable","2026-06-11T11:14:42.801Z"
"naver-card-277-balanced_30","naver-card-277","balanced_30","균형 30만원","300000","naver-card-277-tier-1-300000","5140.5","1500","3640.5","1.2135","20000","5140.5","calculable","2026-06-11T11:14:42.801Z"
"naver-card-277-balanced_50","naver-card-277","balanced_50","균형 50만원","500000","naver-card-277-tier-1-300000","8567.35","1500","7067.35","1.4135","20000","8567.35","calculable","2026-06-11T11:14:42.801Z"
"naver-card-277-balanced_70","naver-card-277","balanced_70","균형 70만원","700000","naver-card-277-tier-1-300000","11994.3","1500","10494.3","1.4992","20000","11994.3","calculable","2026-06-11T11:14:42.801Z"
"naver-card-277-balanced_100","naver-card-277","balanced_100","균형 100만원","1000000","naver-card-277-tier-1-300000","15954.95","1500","14454.95","1.4455","20000","15954.95","calculable","2026-06-11T11:14:42.801Z"
"naver-card-277-balanced_120","naver-card-277","balanced_120","균형 120만원","1200000","naver-card-277-tier-1-300000","17752.85","1500","16252.849999999999","1.3544","20000","17752.85","calculable","2026-06-11T11:14:42.801Z"
"naver-card-1571-balanced_30","naver-card-1571","balanced_30","균형 30만원","300000","","0","2666.6666666666665","0","0","0","0","partial","2026-06-11T11:14:42.801Z"
"naver-card-1571-balanced_50","naver-card-1571","balanced_50","균형 50만원","500000","naver-card-1571-tier-1-500000","2162.91","2666.6666666666665","0","0","32000","2162.91","calculable","2026-06-11T11:14:42.801Z"
"naver-card-1571-balanced_70","naver-card-1571","balanced_70","균형 70만원","700000","naver-card-1571-tier-1-500000","3028.07","2666.6666666666665","361.40333333333365","0.0516","32000","3028.07","calculable","2026-06-11T11:14:42.801Z"
"naver-card-1571-balanced_100","naver-card-1571","balanced_100","균형 100만원","1000000","naver-card-1571-tier-1-500000","4325.83","2666.6666666666665","1659.1633333333334","0.1659","32000","4325.83","calculable","2026-06-11T11:14:42.801Z"
"naver-card-1571-balanced_120","naver-card-1571","balanced_120","균형 120만원","1200000","naver-card-1571-tier-1-500000","5191.02","2666.6666666666665","2524.353333333334","0.2104","32000","5191.02","calculable","2026-06-11T11:14:42.801Z"
"naver-card-2776-balanced_30","naver-card-2776","balanced_30","균형 30만원","300000","naver-card-2776-tier-1-300000","11797.800000000001","1250","10547.800000000001","3.5159","20000","11797.800000000001","calculable","2026-06-11T11:14:42.801Z"
"naver-card-2776-balanced_50","naver-card-2776","balanced_50","균형 50만원","500000","naver-card-2776-tier-1-300000","17809","1250","16559","3.3118","20000","17809","calculable","2026-06-11T11:14:42.801Z"
"naver-card-2776-balanced_70","naver-card-2776","balanced_70","균형 70만원","700000","naver-card-2776-tier-1-300000","18932.6","1250","17682.6","2.5261","20000","18932.6","calculable","2026-06-11T11:14:42.801Z"
"naver-card-2776-balanced_100","naver-card-2776","balanced_100","균형 100만원","1000000","naver-card-2776-tier-1-300000","20000","1250","18750","1.875","20000","20000","calculable","2026-06-11T11:14:42.801Z"
"naver-card-2776-balanced_120","naver-card-2776","balanced_120","균형 120만원","1200000","naver-card-2776-tier-1-300000","20000","1250","18750","1.5625","20000","20000","calculable","2026-06-11T11:14:42.801Z"
"naver-card-10126-balanced_30","naver-card-10126","balanced_30","균형 30만원","300000","","0","1666.6666666666667","0","0","0","0","partial","2026-06-11T11:14:42.801Z"
"naver-card-10126-balanced_50","naver-card-10126","balanced_50","균형 50만원","500000","naver-card-10126-tier-1-500000","16572.9","1666.6666666666667","14906.233333333335","2.9812","32000","16572.9","calculable","2026-06-11T11:14:42.801Z"
"naver-card-10126-balanced_70","naver-card-10126","balanced_70","균형 70만원","700000","naver-card-10126-tier-1-500000","23202.1","1666.6666666666667","21535.43333333333","3.0765","32000","23202.1","calculable","2026-06-11T11:14:42.801Z"
"naver-card-10126-balanced_100","naver-card-10126","balanced_100","균형 100만원","1000000","naver-card-10126-tier-1-500000","28921.1","1666.6666666666667","27254.43333333333","2.7254","32000","28921.1","calculable","2026-06-11T11:14:42.801Z"
"naver-card-10126-balanced_120","naver-card-10126","balanced_120","균형 120만원","1200000","naver-card-10126-tier-1-500000","31415.8","1666.6666666666667","29749.13333333333","2.4791","32000","31415.8","calculable","2026-06-11T11:14:42.801Z"
"naver-card-10238-balanced_30","naver-card-10238","balanced_30","균형 30만원","300000","naver-card-10238-tier-1-300000","13314.7","833.3333333333334","12481.366666666667","4.1605","20000","13314.7","calculable","2026-06-11T11:14:42.801Z"
"naver-card-10238-balanced_50","naver-card-10238","balanced_50","균형 50만원","500000","naver-card-10238-tier-1-300000","20000","833.3333333333334","19166.666666666668","3.8333","20000","20954.9","calculable","2026-06-11T11:14:42.801Z"
"naver-card-10238-balanced_70","naver-card-10238","balanced_70","균형 70만원","700000","naver-card-10238-tier-1-300000","20000","833.3333333333334","19166.666666666668","2.7381","20000","24044.8","calculable","2026-06-11T11:14:42.801Z"
"naver-card-10238-balanced_100","naver-card-10238","balanced_100","균형 100만원","1000000","naver-card-10238-tier-1-300000","20000","833.3333333333334","19166.666666666668","1.9167","20000","25000","calculable","2026-06-11T11:14:42.801Z"
"naver-card-10238-balanced_120","naver-card-10238","balanced_120","균형 120만원","1200000","naver-card-10238-tier-1-300000","20000","833.3333333333334","19166.666666666668","1.5972","20000","25000","calculable","2026-06-11T11:14:42.801Z"
"naver-card-2676-balanced_30","naver-card-2676","balanced_30","균형 30만원","300000","","0","1250","0","0","0","0","partial","2026-06-11T11:14:42.801Z"
"naver-card-2676-balanced_50","naver-card-2676","balanced_50","균형 50만원","500000","naver-card-2676-tier-1-400000","9831.5","1250","8581.5","1.7163","20000","9831.5","calculable","2026-06-11T11:14:42.801Z"
"naver-card-2676-balanced_70","naver-card-2676","balanced_70","균형 70만원","700000","naver-card-2676-tier-1-400000","13764.050000000001","1250","12514.050000000001","1.7877","20000","13764.050000000001","calculable","2026-06-11T11:14:42.801Z"
"naver-card-2676-balanced_100","naver-card-2676","balanced_100","균형 100만원","1000000","naver-card-2676-tier-1-400000","17865.2","1250","16615.2","1.6615","20000","17865.2","calculable","2026-06-11T11:14:42.801Z"
"naver-card-2676-balanced_120","naver-card-2676","balanced_120","균형 120만원","1200000","naver-card-2676-tier-1-400000","19044.95","1250","17794.95","1.4829","20000","19044.95","calculable","2026-06-11T11:14:42.801Z"
"naver-card-1465-balanced_30","naver-card-1465","balanced_30","균형 30만원","300000","naver-card-1465-tier-1-0","1078.6599999999999","3916.6666666666665","0","0","20000","1078.6599999999999","calculable","2026-06-11T11:14:42.801Z"
"naver-card-1465-balanced_50","naver-card-1465","balanced_50","균형 50만원","500000","naver-card-1465-tier-1-0","1797.7600000000002","3916.6666666666665","0","0","20000","1797.7600000000002","calculable","2026-06-11T11:14:42.801Z"
"naver-card-1465-balanced_70","naver-card-1465","balanced_70","균형 70만원","700000","naver-card-1465-tier-1-0","2516.8600000000006","3916.6666666666665","0","0","20000","2516.8600000000006","calculable","2026-06-11T11:14:42.801Z"
"naver-card-1465-balanced_100","naver-card-1465","balanced_100","균형 100만원","1000000","naver-card-1465-tier-1-0","3595.5200000000004","3916.6666666666665","0","0","20000","3595.5200000000004","calculable","2026-06-11T11:14:42.801Z"
"naver-card-1465-balanced_120","naver-card-1465","balanced_120","균형 120만원","1200000","naver-card-1465-tier-1-0","4314.610000000001","3916.6666666666665","397.94333333333407","0.0332","20000","4314.610000000001","calculable","2026-06-11T11:14:42.801Z"
"naver-card-10103-balanced_30","naver-card-10103","balanced_30","균형 30만원","300000","","0","1666.6666666666667","0","0","0","0","partial","2026-06-11T11:14:42.801Z"
"naver-card-10103-balanced_50","naver-card-10103","balanced_50","균형 50만원","500000","naver-card-10103-tier-1-400000","10252.75","1666.6666666666667","8586.083333333334","1.7172","20000","10252.75","calculable","2026-06-11T11:14:42.801Z"
"naver-card-10103-balanced_70","naver-card-10103","balanced_70","균형 70만원","700000","naver-card-10103-tier-1-400000","14353.85","1666.6666666666667","12687.183333333334","1.8125","20000","14353.85","calculable","2026-06-11T11:14:42.801Z"
"naver-card-10103-balanced_100","naver-card-10103","balanced_100","균형 100만원","1000000","naver-card-10103-tier-1-400000","19325.75","1666.6666666666667","17659.083333333332","1.7659","20000","19325.75","calculable","2026-06-11T11:14:42.801Z"
"naver-card-10103-balanced_120","naver-card-10103","balanced_120","균형 120만원","1200000","naver-card-10103-tier-1-400000","20000","1666.6666666666667","18333.333333333332","1.5278","20000","21797.800000000003","calculable","2026-06-11T11:14:42.801Z"
"naver-card-3881-balanced_30","naver-card-3881","balanced_30","균형 30만원","300000","naver-card-3881-tier-1-300000","1078.6599999999999","833.3333333333334","245.32666666666648","0.0818","20000","1078.6599999999999","calculable","2026-06-11T11:14:42.801Z"
"naver-card-3881-balanced_50","naver-card-3881","balanced_50","균형 50만원","500000","naver-card-3881-tier-1-300000","1797.7600000000002","833.3333333333334","964.4266666666668","0.1929","20000","1797.7600000000002","calculable","2026-06-11T11:14:42.801Z"
"naver-card-3881-balanced_70","naver-card-3881","balanced_70","균형 70만원","700000","naver-card-3881-tier-1-300000","2516.86","833.3333333333334","1683.5266666666666","0.2405","20000","2516.86","calculable","2026-06-11T11:14:42.801Z"
"naver-card-3881-balanced_100","naver-card-3881","balanced_100","균형 100만원","1000000","naver-card-3881-tier-1-300000","3595.5200000000004","833.3333333333334","2762.186666666667","0.2762","20000","3595.5200000000004","calculable","2026-06-11T11:14:42.801Z"
"naver-card-3881-balanced_120","naver-card-3881","balanced_120","균형 120만원","1200000","naver-card-3881-tier-1-300000","4314.610000000001","833.3333333333334","3481.276666666667","0.2901","20000","4314.610000000001","calculable","2026-06-11T11:14:42.801Z"
"naver-card-10328-balanced_30","naver-card-10328","balanced_30","균형 30만원","300000","","0","1666.6666666666667","0","0","0","0","partial","2026-06-11T11:14:42.801Z"
"naver-card-10328-balanced_50","naver-card-10328","balanced_50","균형 50만원","500000","naver-card-10328-tier-1-400000","11460.5","1666.6666666666667","9793.833333333334","1.9588","15000","11460.5","calculable","2026-06-11T11:14:42.801Z"
"naver-card-10328-balanced_70","naver-card-10328","balanced_70","균형 70만원","700000","naver-card-10328-tier-1-400000","14044.8","1666.6666666666667","12378.133333333333","1.7683","15000","14044.8","calculable","2026-06-11T11:14:42.801Z"
"naver-card-10328-balanced_100","naver-card-10328","balanced_100","균형 100만원","1000000","naver-card-10328-tier-1-400000","15000","1666.6666666666667","13333.333333333334","1.3333","15000","15000","calculable","2026-06-11T11:14:42.801Z"
"naver-card-10328-balanced_120","naver-card-10328","balanced_120","균형 120만원","1200000","naver-card-10328-tier-1-400000","15000","1666.6666666666667","13333.333333333334","1.1111","15000","15000","calculable","2026-06-11T11:14:42.801Z"
"naver-card-10406-balanced_30","naver-card-10406","balanced_30","균형 30만원","300000","","0","4166.666666666667","0","0","0","0","partial","2026-06-11T11:14:42.801Z"
"naver-card-10406-balanced_50","naver-card-10406","balanced_50","균형 50만원","500000","naver-card-10406-tier-1-500000","20505.5","4166.666666666667","16338.833333333332","3.2678","32000","20505.5","calculable","2026-06-11T11:14:42.801Z"
"naver-card-10406-balanced_70","naver-card-10406","balanced_70","균형 70만원","700000","naver-card-10406-tier-1-500000","28056","4166.666666666667","23889.333333333332","3.4128","32000","28056","calculable","2026-06-11T11:14:42.801Z"
"naver-card-10406-balanced_100","naver-card-10406","balanced_100","균형 100만원","1000000","naver-card-10406-tier-1-500000","32000","4166.666666666667","27833.333333333332","2.7833","32000","35662.7","calculable","2026-06-11T11:14:42.801Z"
"naver-card-10406-balanced_120","naver-card-10406","balanced_120","균형 120만원","1200000","naver-card-10406-tier-1-500000","32000","4166.666666666667","27833.333333333332","2.3194","32000","39415.8","calculable","2026-06-11T11:14:42.801Z"
"naver-card-10355-balanced_30","naver-card-10355","balanced_30","균형 30만원","300000","naver-card-10355-tier-1-300000","14494.400000000001","583.3333333333334","13911.066666666668","4.637","20000","14494.400000000001","calculable","2026-06-11T11:14:42.801Z"
"naver-card-10355-balanced_50","naver-card-10355","balanced_50","균형 50만원","500000","naver-card-10355-tier-1-300000","20000","583.3333333333334","19416.666666666668","3.8833","20000","22303.4","calculable","2026-06-11T11:14:42.801Z"
"naver-card-10355-balanced_70","naver-card-10355","balanced_70","균형 70만원","700000","naver-card-10355-tier-1-300000","20000","583.3333333333334","19416.666666666668","2.7738","20000","23932.6","calculable","2026-06-11T11:14:42.801Z"
"naver-card-10355-balanced_100","naver-card-10355","balanced_100","균형 100만원","1000000","naver-card-10355-tier-1-300000","20000","583.3333333333334","19416.666666666668","1.9417","20000","25000","calculable","2026-06-11T11:14:42.801Z"
"naver-card-10355-balanced_120","naver-card-10355","balanced_120","균형 120만원","1200000","naver-card-10355-tier-1-300000","20000","583.3333333333334","19416.666666666668","1.6181","20000","25000","calculable","2026-06-11T11:14:42.801Z"
"naver-card-10256-balanced_30","naver-card-10256","balanced_30","균형 30만원","300000","","0","1666.6666666666667","0","0","0","0","partial","2026-06-11T11:14:42.801Z"
"naver-card-10256-balanced_50","naver-card-10256","balanced_50","균형 50만원","500000","naver-card-10256-tier-1-500000","14044.8","1666.6666666666667","12378.133333333333","2.4756","32000","14044.8","calculable","2026-06-11T11:14:42.801Z"
"naver-card-10256-balanced_70","naver-card-10256","balanced_70","균형 70만원","700000","naver-card-10256-tier-1-500000","19662.800000000003","1666.6666666666667","17996.133333333335","2.5709","32000","19662.800000000003","calculable","2026-06-11T11:14:42.801Z"
"naver-card-10256-balanced_100","naver-card-10256","balanced_100","균형 100만원","1000000","naver-card-10256-tier-1-500000","27100.9","1666.6666666666667","25434.233333333334","2.5434","32000","27100.9","calculable","2026-06-11T11:14:42.801Z"
"naver-card-10256-balanced_120","naver-card-10256","balanced_120","균형 120만원","1200000","naver-card-10256-tier-1-500000","30831.5","1666.6666666666667","29164.833333333332","2.4304","32000","30831.5","calculable","2026-06-11T11:14:42.801Z"
"naver-card-10589-balanced_30","naver-card-10589","balanced_30","균형 30만원","300000","naver-card-10589-tier-1-0","370.8","1250","0","0","10000","370.8","calculable","2026-06-11T11:14:42.801Z"
"naver-card-10589-balanced_50","naver-card-10589","balanced_50","균형 50만원","500000","naver-card-10589-tier-1-0","617.94","1250","0","0","10000","617.94","calculable","2026-06-11T11:14:42.801Z"
"naver-card-10589-balanced_70","naver-card-10589","balanced_70","균형 70만원","700000","naver-card-10589-tier-1-0","865.14","1250","0","0","10000","865.14","calculable","2026-06-11T11:14:42.801Z"
"naver-card-10589-balanced_100","naver-card-10589","balanced_100","균형 100만원","1000000","naver-card-10589-tier-1-0","1235.9","1250","0","0","10000","1235.9","calculable","2026-06-11T11:14:42.801Z"
"naver-card-10589-balanced_120","naver-card-10589","balanced_120","균형 120만원","1200000","naver-card-10589-tier-1-0","1483.16","1250","233.16000000000008","0.0194","10000","1483.16","calculable","2026-06-11T11:14:42.801Z"
"naver-card-10451-balanced_30","naver-card-10451","balanced_30","균형 30만원","300000","","0","1750","0","0","0","0","partial","2026-06-11T11:14:42.801Z"
"naver-card-10451-balanced_50","naver-card-10451","balanced_50","균형 50만원","500000","naver-card-10451-tier-1-500000","2039.334","1750","289.33400000000006","0.0579","10000","2039.334","calculable","2026-06-11T11:14:42.801Z"
"naver-card-10451-balanced_70","naver-card-10451","balanced_70","균형 70만원","700000","naver-card-10451-tier-1-500000","2855.061","1750","1105.0610000000001","0.1579","10000","2855.061","calculable","2026-06-11T11:14:42.801Z"
"naver-card-10451-balanced_100","naver-card-10451","balanced_100","균형 100만원","1000000","naver-card-10451-tier-1-500000","4078.668","1750","2328.668","0.2329","10000","4078.668","calculable","2026-06-11T11:14:42.801Z"
"naver-card-10451-balanced_120","naver-card-10451","balanced_120","균형 120만원","1200000","naver-card-10451-tier-1-500000","4894.395","1750","3144.3950000000004","0.262","10000","4894.395","calculable","2026-06-11T11:14:42.801Z"
"naver-card-10268-balanced_30","naver-card-10268","balanced_30","균형 30만원","300000","naver-card-10268-tier-1-300000","11629.3","500","11129.3","3.7098","20000","11629.3","calculable","2026-06-11T11:14:42.801Z"
"naver-card-10268-balanced_50","naver-card-10268","balanced_50","균형 50만원","500000","naver-card-10268-tier-1-300000","18763.9","500","18263.9","3.6528","20000","18763.9","calculable","2026-06-11T11:14:42.801Z"
"naver-card-10268-balanced_70","naver-card-10268","balanced_70","균형 70만원","700000","naver-card-10268-tier-1-300000","20000","500","19500","2.7857","20000","22977.4","calculable","2026-06-11T11:14:42.801Z"
"naver-card-10268-balanced_100","naver-card-10268","balanced_100","균형 100만원","1000000","naver-card-10268-tier-1-300000","20000","500","19500","1.95","20000","25000","calculable","2026-06-11T11:14:42.801Z"
"naver-card-10268-balanced_120","naver-card-10268","balanced_120","균형 120만원","1200000","naver-card-10268-tier-1-300000","20000","500","19500","1.625","20000","25000","calculable","2026-06-11T11:14:42.801Z"
"naver-card-10463-balanced_30","naver-card-10463","balanced_30","균형 30만원","300000","","0","1250","0","0","0","0","partial","2026-06-11T11:14:42.801Z"
"naver-card-10463-balanced_50","naver-card-10463","balanced_50","균형 50만원","500000","naver-card-10463-tier-1-400000","14550.6","1250","13300.6","2.6601","20000","14550.6","calculable","2026-06-11T11:14:42.801Z"
"naver-card-10463-balanced_70","naver-card-10463","balanced_70","균형 70만원","700000","naver-card-10463-tier-1-400000","18370.800000000003","1250","17120.800000000003","2.4458","20000","18370.800000000003","calculable","2026-06-11T11:14:42.801Z"
"naver-card-10463-balanced_100","naver-card-10463","balanced_100","균형 100만원","1000000","naver-card-10463-tier-1-400000","20000","1250","18750","1.875","20000","20000","calculable","2026-06-11T11:14:42.801Z"
"naver-card-10463-balanced_120","naver-card-10463","balanced_120","균형 120만원","1200000","naver-card-10463-tier-1-400000","20000","1250","18750","1.5625","20000","20000","calculable","2026-06-11T11:14:42.801Z"
"naver-card-10236-balanced_30","naver-card-10236","balanced_30","균형 30만원","300000","","0","17916.666666666668","0","0","0","0","partial","2026-06-11T11:14:42.801Z"
"naver-card-10236-balanced_50","naver-card-10236","balanced_50","균형 50만원","500000","naver-card-10236-tier-1-500000","2233.125","17916.666666666668","0","0","24000","2233.125","calculable","2026-06-11T11:14:42.801Z"
"naver-card-10236-balanced_70","naver-card-10236","balanced_70","균형 70만원","700000","naver-card-10236-tier-1-500000","3126.39","17916.666666666668","0","0","24000","3126.39","calculable","2026-06-11T11:14:42.801Z"
"naver-card-10236-balanced_100","naver-card-10236","balanced_100","균형 100만원","1000000","naver-card-10236-tier-1-500000","4466.264999999999","17916.666666666668","0","0","24000","4466.264999999999","calculable","2026-06-11T11:14:42.801Z"
"naver-card-10236-balanced_120","naver-card-10236","balanced_120","균형 120만원","1200000","naver-card-10236-tier-1-500000","5359.5599999999995","17916.666666666668","0","0","24000","5359.5599999999995","calculable","2026-06-11T11:14:42.801Z"
"naver-card-10592-balanced_30","naver-card-10592","balanced_30","균형 30만원","300000","","0","2083.3333333333335","0","0","0","0","partial","2026-06-11T11:14:42.801Z"
"naver-card-10592-balanced_50","naver-card-10592","balanced_50","균형 50만원","500000","naver-card-10592-tier-1-400000","10421.250000000002","2083.3333333333335","8337.916666666668","1.6676","20000","10421.250000000002","calculable","2026-06-11T11:14:42.801Z"
"naver-card-10592-balanced_70","naver-card-10592","balanced_70","균형 70만원","700000","naver-card-10592-tier-1-400000","14084.18","2083.3333333333335","12000.846666666666","1.7144","20000","14084.18","calculable","2026-06-11T11:14:42.801Z"
"naver-card-10592-balanced_100","naver-card-10592","balanced_100","균형 100만원","1000000","naver-card-10592-tier-1-400000","17977.370000000003","2083.3333333333335","15894.036666666669","1.5894","20000","17977.370000000003","calculable","2026-06-11T11:14:42.801Z"
"naver-card-10592-balanced_120","naver-card-10592","balanced_120","균형 120만원","1200000","naver-card-10592-tier-1-400000","19719.120000000003","2083.3333333333335","17635.78666666667","1.4696","20000","19719.120000000003","calculable","2026-06-11T11:14:42.801Z"
"naver-card-3896-balanced_30","naver-card-3896","balanced_30","균형 30만원","300000","naver-card-3896-tier-1-300000","1238.7749999999999","833.3333333333334","405.4416666666665","0.1351","15000","1238.7749999999999","calculable","2026-06-11T11:14:42.801Z"
"naver-card-3896-balanced_50","naver-card-3896","balanced_50","균형 50만원","500000","naver-card-3896-tier-1-300000","2064.585","833.3333333333334","1231.2516666666666","0.2463","15000","2064.585","calculable","2026-06-11T11:14:42.801Z"
"naver-card-3896-balanced_70","naver-card-3896","balanced_70","균형 70만원","700000","naver-card-3896-tier-1-300000","2890.4249999999997","833.3333333333334","2057.0916666666662","0.2939","15000","2890.4249999999997","calculable","2026-06-11T11:14:42.801Z"
"naver-card-3896-balanced_100","naver-card-3896","balanced_100","균형 100만원","1000000","naver-card-3896-tier-1-300000","4129.1849999999995","833.3333333333334","3295.851666666666","0.3296","15000","4129.1849999999995","calculable","2026-06-11T11:14:42.801Z"
"naver-card-3896-balanced_120","naver-card-3896","balanced_120","균형 120만원","1200000","naver-card-3896-tier-1-300000","4955.07","833.3333333333334","4121.736666666667","0.3435","15000","4955.07","calculable","2026-06-11T11:14:42.801Z"
"naver-card-10049-balanced_30","naver-card-10049","balanced_30","균형 30만원","300000","","0","12500","0","0","0","0","partial","2026-06-11T11:14:42.801Z"
"naver-card-10049-balanced_50","naver-card-10049","balanced_50","균형 50만원","500000","","0","12500","0","0","0","0","partial","2026-06-11T11:14:42.801Z"
"naver-card-10049-balanced_70","naver-card-10049","balanced_70","균형 70만원","700000","","0","12500","0","0","0","0","partial","2026-06-11T11:14:42.801Z"
"naver-card-10049-balanced_100","naver-card-10049","balanced_100","균형 100만원","1000000","naver-card-10049-tier-1-1000000","15955","12500","3455","0.3455","48000","15955","calculable","2026-06-11T11:14:42.801Z"
"naver-card-10049-balanced_120","naver-card-10049","balanced_120","균형 120만원","1200000","naver-card-10049-tier-1-1000000","19146.08","12500","6646.080000000002","0.5538","48000","19146.08","calculable","2026-06-11T11:14:42.801Z"
"naver-card-10590-balanced_30","naver-card-10590","balanced_30","균형 30만원","300000","naver-card-10590-tier-1-0","1112.38","3916.6666666666665","0","0","10000","1112.38","calculable","2026-06-11T11:14:42.801Z"
"naver-card-10590-balanced_50","naver-card-10590","balanced_50","균형 50만원","500000","naver-card-10590-tier-1-0","1853.9","3916.6666666666665","0","0","10000","1853.9","calculable","2026-06-11T11:14:42.801Z"
"naver-card-10590-balanced_70","naver-card-10590","balanced_70","균형 70만원","700000","naver-card-10590-tier-1-0","2595.48","3916.6666666666665","0","0","10000","2595.48","calculable","2026-06-11T11:14:42.801Z"
"naver-card-10590-balanced_100","naver-card-10590","balanced_100","균형 100만원","1000000","naver-card-10590-tier-1-0","3707.82","3916.6666666666665","0","0","10000","3707.82","calculable","2026-06-11T11:14:42.801Z"
"naver-card-10590-balanced_120","naver-card-10590","balanced_120","균형 120만원","1200000","naver-card-10590-tier-1-0","4449.46","3916.6666666666665","532.7933333333335","0.0444","10000","4449.46","calculable","2026-06-11T11:14:42.801Z"
"naver-card-10450-balanced_30","naver-card-10450","balanced_30","균형 30만원","300000","","0","3083.3333333333335","0","0","0","0","partial","2026-06-11T11:14:42.801Z"
"naver-card-10450-balanced_50","naver-card-10450","balanced_50","균형 50만원","500000","naver-card-10450-tier-1-500000","4016.8700000000003","3083.3333333333335","933.5366666666669","0.1867","10000","4016.8700000000003","calculable","2026-06-11T11:14:42.801Z"
"naver-card-10450-balanced_70","naver-card-10450","balanced_70","균형 70만원","700000","naver-card-10450-tier-1-500000","5623.6050000000005","3083.3333333333335","2540.271666666667","0.3629","10000","5623.6050000000005","calculable","2026-06-11T11:14:42.801Z"
"naver-card-10450-balanced_100","naver-card-10450","balanced_100","균형 100만원","1000000","naver-card-10450-tier-1-500000","8033.740000000001","3083.3333333333335","4950.406666666668","0.495","10000","8033.740000000001","calculable","2026-06-11T11:14:42.801Z"
"naver-card-10450-balanced_120","naver-card-10450","balanced_120","균형 120만원","1200000","naver-card-10450-tier-1-500000","9640.475","3083.3333333333335","6557.141666666666","0.5464","10000","9640.475","calculable","2026-06-11T11:14:42.801Z"
"naver-card-10235-balanced_30","naver-card-10235","balanced_30","균형 30만원","300000","","0","57916.666666666664","0","0","0","0","partial","2026-06-11T11:14:42.801Z"
"naver-card-10235-balanced_50","naver-card-10235","balanced_50","균형 50만원","500000","naver-card-10235-tier-1-500000","1390.425","57916.666666666664","0","0","16000","1390.425","calculable","2026-06-11T11:14:42.801Z"
"naver-card-10235-balanced_70","naver-card-10235","balanced_70","균형 70만원","700000","naver-card-10235-tier-1-500000","1946.61","57916.666666666664","0","0","16000","1946.61","calculable","2026-06-11T11:14:42.801Z"
"naver-card-10235-balanced_100","naver-card-10235","balanced_100","균형 100만원","1000000","naver-card-10235-tier-1-500000","2780.865","57916.666666666664","0","0","16000","2780.865","calculable","2026-06-11T11:14:42.801Z"
"naver-card-10235-balanced_120","naver-card-10235","balanced_120","균형 120만원","1200000","naver-card-10235-tier-1-500000","3337.095","57916.666666666664","0","0","16000","3337.095","calculable","2026-06-11T11:14:42.801Z"
"naver-card-10568-balanced_30","naver-card-10568","balanced_30","균형 30만원","300000","","0","20416.666666666668","0","0","0","0","partial","2026-06-11T11:14:42.801Z"
"naver-card-10568-balanced_50","naver-card-10568","balanced_50","균형 50만원","500000","naver-card-10568-tier-1-500000","1938.19","20416.666666666668","0","0","32000","1938.19","calculable","2026-06-11T11:14:42.801Z"
"naver-card-10568-balanced_70","naver-card-10568","balanced_70","균형 70만원","700000","naver-card-10568-tier-1-500000","2713.4700000000003","20416.666666666668","0","0","32000","2713.4700000000003","calculable","2026-06-11T11:14:42.801Z"
"naver-card-10568-balanced_100","naver-card-10568","balanced_100","균형 100만원","1000000","naver-card-10568-tier-1-500000","3876.3900000000003","20416.666666666668","0","0","32000","3876.3900000000003","calculable","2026-06-11T11:14:42.801Z"
"naver-card-10568-balanced_120","naver-card-10568","balanced_120","균형 120만원","1200000","naver-card-10568-tier-1-500000","4651.6900000000005","20416.666666666668","0","0","32000","4651.6900000000005","calculable","2026-06-11T11:14:42.801Z"
"naver-card-10579-balanced_30","naver-card-10579","balanced_30","균형 30만원","300000","naver-card-10579-tier-1-300000","606.75","1666.6666666666667","0","0","10000","606.75","calculable","2026-06-11T11:14:42.801Z"
"naver-card-10579-balanced_50","naver-card-10579","balanced_50","균형 50만원","500000","naver-card-10579-tier-1-300000","1011.24","1666.6666666666667","0","0","10000","1011.24","calculable","2026-06-11T11:14:42.801Z"
"naver-card-10579-balanced_70","naver-card-10579","balanced_70","균형 70만원","700000","naver-card-10579-tier-1-300000","1415.73","1666.6666666666667","0","0","10000","1415.73","calculable","2026-06-11T11:14:42.801Z"
"naver-card-10579-balanced_100","naver-card-10579","balanced_100","균형 100만원","1000000","naver-card-10579-tier-1-300000","2022.48","1666.6666666666667","355.8133333333333","0.0356","10000","2022.48","calculable","2026-06-11T11:14:42.801Z"
"naver-card-10579-balanced_120","naver-card-10579","balanced_120","균형 120만원","1200000","naver-card-10579-tier-1-300000","2426.97","1666.6666666666667","760.3033333333331","0.0634","10000","2426.97","calculable","2026-06-11T11:14:42.801Z"
"naver-card-10184-balanced_30","naver-card-10184","balanced_30","균형 30만원","300000","","0","1250","0","0","0","0","partial","2026-06-11T11:14:42.801Z"
"naver-card-10184-balanced_50","naver-card-10184","balanced_50","균형 50만원","500000","naver-card-10184-tier-1-400000","19269.5","1250","18019.5","3.6039","20000","19269.5","calculable","2026-06-11T11:14:42.801Z"
"naver-card-10184-balanced_70","naver-card-10184","balanced_70","균형 70만원","700000","naver-card-10184-tier-1-400000","20000","1250","18750","2.6786","20000","22977.4","calculable","2026-06-11T11:14:42.801Z"
"naver-card-10184-balanced_100","naver-card-10184","balanced_100","균형 100만원","1000000","naver-card-10184-tier-1-400000","20000","1250","18750","1.875","20000","25000","calculable","2026-06-11T11:14:42.801Z"
"naver-card-10184-balanced_120","naver-card-10184","balanced_120","균형 120만원","1200000","naver-card-10184-tier-1-400000","20000","1250","18750","1.5625","20000","25000","calculable","2026-06-11T11:14:42.801Z"
"naver-card-3878-balanced_30","naver-card-3878","balanced_30","균형 30만원","300000","","0","833.3333333333334","0","0","0","0","partial","2026-06-11T11:14:42.801Z"
"naver-card-3878-balanced_50","naver-card-3878","balanced_50","균형 50만원","500000","naver-card-3878-tier-1-500000","2191.02","833.3333333333334","1357.6866666666665","0.2715","32000","2191.02","calculable","2026-06-11T11:14:42.801Z"
"naver-card-3878-balanced_70","naver-card-3878","balanced_70","균형 70만원","700000","naver-card-3878-tier-1-500000","3067.42","833.3333333333334","2234.0866666666666","0.3192","32000","3067.42","calculable","2026-06-11T11:14:42.801Z"
"naver-card-3878-balanced_100","naver-card-3878","balanced_100","균형 100만원","1000000","naver-card-3878-tier-1-500000","4382.04","833.3333333333334","3548.7066666666665","0.3549","32000","4382.04","calculable","2026-06-11T11:14:42.801Z"
"naver-card-3878-balanced_120","naver-card-3878","balanced_120","균형 120만원","1200000","naver-card-3878-tier-1-500000","5258.42","833.3333333333334","4425.086666666667","0.3688","32000","5258.42","calculable","2026-06-11T11:14:42.801Z"
"naver-card-10349-balanced_30","naver-card-10349","balanced_30","균형 30만원","300000","","0","833.3333333333334","0","0","0","0","partial","2026-06-11T11:14:42.801Z"
"naver-card-10349-balanced_50","naver-card-10349","balanced_50","균형 50만원","500000","naver-card-10349-tier-1-400000","17584.100000000002","833.3333333333334","16750.76666666667","3.3502","20000","17584.100000000002","calculable","2026-06-11T11:14:42.801Z"
"naver-card-10349-balanced_70","naver-card-10349","balanced_70","균형 70만원","700000","naver-card-10349-tier-1-400000","19325.7","833.3333333333334","18492.36666666667","2.6418","20000","19325.7","calculable","2026-06-11T11:14:42.801Z"
"naver-card-10349-balanced_100","naver-card-10349","balanced_100","균형 100만원","1000000","naver-card-10349-tier-1-400000","20000","833.3333333333334","19166.666666666668","1.9167","20000","20000","calculable","2026-06-11T11:14:42.801Z"
"naver-card-10349-balanced_120","naver-card-10349","balanced_120","균형 120만원","1200000","naver-card-10349-tier-1-400000","20000","833.3333333333334","19166.666666666668","1.5972","20000","20000","calculable","2026-06-11T11:14:42.801Z"
"naver-card-10311-balanced_30","naver-card-10311","balanced_30","균형 30만원","300000","naver-card-10311-tier-1-300000","6573.099999999999","833.3333333333334","5739.766666666666","1.9133","20000","6573.099999999999","calculable","2026-06-11T11:14:42.801Z"
"naver-card-10311-balanced_50","naver-card-10311","balanced_50","균형 50만원","500000","naver-card-10311-tier-1-300000","10954.9","833.3333333333334","10121.566666666666","2.0243","20000","10954.9","calculable","2026-06-11T11:14:42.801Z"
"naver-card-10311-balanced_70","naver-card-10311","balanced_70","균형 70만원","700000","naver-card-10311-tier-1-300000","15337","833.3333333333334","14503.666666666666","2.072","20000","15337","calculable","2026-06-11T11:14:42.801Z"
"naver-card-10311-balanced_100","naver-card-10311","balanced_100","균형 100만원","1000000","naver-card-10311-tier-1-300000","18370.8","833.3333333333334","17537.466666666667","1.7537","20000","18370.8","calculable","2026-06-11T11:14:42.801Z"
"naver-card-10311-balanced_120","naver-card-10311","balanced_120","균형 120만원","1200000","naver-card-10311-tier-1-300000","19044.9","833.3333333333334","18211.56666666667","1.5176","20000","19044.9","calculable","2026-06-11T11:14:42.801Z"
"naver-card-3857-balanced_30","naver-card-3857","balanced_30","균형 30만원","300000","naver-card-3857-tier-1-240000","8258.5","833.3333333333334","7425.166666666667","2.4751","20000","8258.5","calculable","2026-06-11T11:14:42.801Z"
"naver-card-3857-balanced_50","naver-card-3857","balanced_50","균형 50만원","500000","naver-card-3857-tier-1-240000","12584.1","833.3333333333334","11750.766666666666","2.3502","20000","12584.1","calculable","2026-06-11T11:14:42.801Z"
"naver-card-3857-balanced_70","naver-card-3857","balanced_70","균형 70만원","700000","naver-card-3857-tier-1-240000","15617.900000000001","833.3333333333334","14784.566666666668","2.1121","20000","15617.900000000001","calculable","2026-06-11T11:14:42.801Z"
"naver-card-3857-balanced_100","naver-card-3857","balanced_100","균형 100만원","1000000","naver-card-3857-tier-1-240000","18370.8","833.3333333333334","17537.466666666667","1.7537","20000","18370.8","calculable","2026-06-11T11:14:42.801Z"
"naver-card-3857-balanced_120","naver-card-3857","balanced_120","균형 120만원","1200000","naver-card-3857-tier-1-240000","19044.9","833.3333333333334","18211.56666666667","1.5176","20000","19044.9","calculable","2026-06-11T11:14:42.801Z"
"naver-card-10550-balanced_30","naver-card-10550","balanced_30","균형 30만원","300000","naver-card-10550-tier-1-150000","1129.22","12500","0","0","20000","1129.22","calculable","2026-06-11T11:14:42.801Z"
"naver-card-10550-balanced_50","naver-card-10550","balanced_50","균형 50만원","500000","naver-card-10550-tier-1-150000","1882.0100000000002","12500","0","0","20000","1882.0100000000002","calculable","2026-06-11T11:14:42.801Z"
"naver-card-10550-balanced_70","naver-card-10550","balanced_70","균형 70만원","700000","naver-card-10550-tier-1-150000","2634.83","12500","0","0","20000","2634.83","calculable","2026-06-11T11:14:42.801Z"
"naver-card-10550-balanced_100","naver-card-10550","balanced_100","균형 100만원","1000000","naver-card-10550-tier-1-150000","3764.0300000000007","12500","0","0","20000","3764.0300000000007","calculable","2026-06-11T11:14:42.801Z"
"naver-card-10550-balanced_120","naver-card-10550","balanced_120","균형 120만원","1200000","naver-card-10550-tier-1-150000","4516.860000000001","12500","0","0","20000","4516.860000000001","calculable","2026-06-11T11:14:42.801Z"
"naver-card-10315-balanced_30","naver-card-10315","balanced_30","균형 30만원","300000","","0","41666.666666666664","0","0","0","0","partial","2026-06-11T11:14:42.801Z"
"naver-card-10315-balanced_50","naver-card-10315","balanced_50","균형 50만원","500000","naver-card-10315-tier-1-500000","926.95","41666.666666666664","0","0","16000","926.95","calculable","2026-06-11T11:14:42.801Z"
"naver-card-10315-balanced_70","naver-card-10315","balanced_70","균형 70만원","700000","naver-card-10315-tier-1-500000","1297.74","41666.666666666664","0","0","16000","1297.74","calculable","2026-06-11T11:14:42.801Z"
"naver-card-10315-balanced_100","naver-card-10315","balanced_100","균형 100만원","1000000","naver-card-10315-tier-1-500000","1853.91","41666.666666666664","0","0","16000","1853.91","calculable","2026-06-11T11:14:42.801Z"
"naver-card-10315-balanced_120","naver-card-10315","balanced_120","균형 120만원","1200000","naver-card-10315-tier-1-500000","2224.73","41666.666666666664","0","0","16000","2224.73","calculable","2026-06-11T11:14:42.801Z"
"naver-card-10480-balanced_30","naver-card-10480","balanced_30","균형 30만원","300000","naver-card-10480-tier-1-300000","1095.51","666.6666666666666","428.84333333333336","0.1429","20000","1095.51","calculable","2026-06-11T11:14:42.801Z"
"naver-card-10480-balanced_50","naver-card-10480","balanced_50","균형 50만원","500000","naver-card-10480-tier-1-300000","1825.8300000000002","666.6666666666666","1159.1633333333334","0.2318","20000","1825.8300000000002","calculable","2026-06-11T11:14:42.801Z"
"naver-card-10480-balanced_70","naver-card-10480","balanced_70","균형 70만원","700000","naver-card-10480-tier-1-300000","2556.17","666.6666666666666","1889.5033333333336","0.2699","20000","2556.17","calculable","2026-06-11T11:14:42.801Z"
"naver-card-10480-balanced_100","naver-card-10480","balanced_100","균형 100만원","1000000","naver-card-10480-tier-1-300000","3651.67","666.6666666666666","2985.0033333333336","0.2985","20000","3651.67","calculable","2026-06-11T11:14:42.801Z"
"naver-card-10480-balanced_120","naver-card-10480","balanced_120","균형 120만원","1200000","naver-card-10480-tier-1-300000","4382.03","666.6666666666666","3715.3633333333332","0.3096","20000","4382.03","calculable","2026-06-11T11:14:42.801Z"
"naver-card-10237-balanced_30","naver-card-10237","balanced_30","균형 30만원","300000","","0","3916.6666666666665","0","0","0","0","partial","2026-06-11T11:14:42.801Z"
"naver-card-10237-balanced_50","naver-card-10237","balanced_50","균형 50만원","500000","naver-card-10237-tier-1-500000","1432.5700000000002","3916.6666666666665","0","0","24000","1432.5700000000002","calculable","2026-06-11T11:14:42.801Z"
"naver-card-10237-balanced_70","naver-card-10237","balanced_70","균형 70만원","700000","naver-card-10237-tier-1-500000","2005.6100000000001","3916.6666666666665","0","0","24000","2005.6100000000001","calculable","2026-06-11T11:14:42.801Z"
"naver-card-10237-balanced_100","naver-card-10237","balanced_100","균형 100만원","1000000","naver-card-10237-tier-1-500000","2865.15","3916.6666666666665","0","0","24000","2865.15","calculable","2026-06-11T11:14:42.801Z"
"naver-card-10237-balanced_120","naver-card-10237","balanced_120","균형 120만원","1200000","naver-card-10237-tier-1-500000","3438.21","3916.6666666666665","0","0","24000","3438.21","calculable","2026-06-11T11:14:42.801Z"
"naver-card-10523-balanced_30","naver-card-10523","balanced_30","균형 30만원","300000","naver-card-10523-tier-1-300000","14663.000000000002","1666.6666666666667","12996.333333333336","4.3321","20000","14663.000000000002","calculable","2026-06-11T11:14:42.801Z"
"naver-card-10523-balanced_50","naver-card-10523","balanced_50","균형 50만원","500000","naver-card-10523-tier-1-300000","20000","1666.6666666666667","18333.333333333332","3.6667","20000","22584.100000000002","calculable","2026-06-11T11:14:42.801Z"
"naver-card-10523-balanced_70","naver-card-10523","balanced_70","균형 70만원","700000","naver-card-10523-tier-1-300000","20000","1666.6666666666667","18333.333333333332","2.619","20000","24325.7","calculable","2026-06-11T11:14:42.801Z"
"naver-card-10523-balanced_100","naver-card-10523","balanced_100","균형 100만원","1000000","naver-card-10523-tier-1-300000","20000","1666.6666666666667","18333.333333333332","1.8333","20000","25000","calculable","2026-06-11T11:14:42.801Z"
"naver-card-10523-balanced_120","naver-card-10523","balanced_120","균형 120만원","1200000","naver-card-10523-tier-1-300000","20000","1666.6666666666667","18333.333333333332","1.5278","20000","25000","calculable","2026-06-11T11:14:42.801Z"
"naver-card-10462-balanced_30","naver-card-10462","balanced_30","균형 30만원","300000","","0","1250","0","0","0","0","partial","2026-06-11T11:14:42.801Z"
"naver-card-10462-balanced_50","naver-card-10462","balanced_50","균형 50만원","500000","naver-card-10462-tier-1-400000","14550.6","1250","13300.6","2.6601","20000","14550.6","calculable","2026-06-11T11:14:42.801Z"
"naver-card-10462-balanced_70","naver-card-10462","balanced_70","균형 70만원","700000","naver-card-10462-tier-1-400000","18370.800000000003","1250","17120.800000000003","2.4458","20000","18370.800000000003","calculable","2026-06-11T11:14:42.801Z"
"naver-card-10462-balanced_100","naver-card-10462","balanced_100","균형 100만원","1000000","naver-card-10462-tier-1-400000","20000","1250","18750","1.875","20000","20000","calculable","2026-06-11T11:14:42.801Z"
"naver-card-10462-balanced_120","naver-card-10462","balanced_120","균형 120만원","1200000","naver-card-10462-tier-1-400000","20000","1250","18750","1.5625","20000","20000","calculable","2026-06-11T11:14:42.801Z"
"naver-card-247-balanced_30","naver-card-247","balanced_30","균형 30만원","300000","naver-card-247-tier-1-0","1331.4700000000003","416.6666666666667","914.8033333333335","0.3049","20000","1331.4700000000003","calculable","2026-06-11T11:14:42.801Z"
"naver-card-247-balanced_50","naver-card-247","balanced_50","균형 50만원","500000","naver-card-247-tier-1-0","2219.09","416.6666666666667","1802.4233333333334","0.3605","20000","2219.09","calculable","2026-06-11T11:14:42.801Z"
"naver-card-247-balanced_70","naver-card-247","balanced_70","균형 70만원","700000","naver-card-247-tier-1-0","3106.7300000000005","416.6666666666667","2690.063333333334","0.3843","20000","3106.7300000000005","calculable","2026-06-11T11:14:42.801Z"
"naver-card-247-balanced_100","naver-card-247","balanced_100","균형 100만원","1000000","naver-card-247-tier-1-0","4438.19","416.6666666666667","4021.523333333333","0.4022","20000","4438.19","calculable","2026-06-11T11:14:42.801Z"
"naver-card-247-balanced_120","naver-card-247","balanced_120","균형 120만원","1200000","naver-card-247-tier-1-0","5325.85","416.6666666666667","4909.183333333333","0.4091","20000","5325.85","calculable","2026-06-11T11:14:42.801Z"
"naver-card-4047-balanced_30","naver-card-4047","balanced_30","균형 30만원","300000","naver-card-4047-tier-1-300000","6016.92","0","6016.92","2.0056","20000","6016.92","calculable","2026-06-11T11:14:42.801Z"
"naver-card-4047-balanced_50","naver-card-4047","balanced_50","균형 50만원","500000","naver-card-4047-tier-1-300000","10027.990000000002","0","10027.990000000002","2.0056","20000","10027.990000000002","calculable","2026-06-11T11:14:42.801Z"
"naver-card-4047-balanced_70","naver-card-4047","balanced_70","균형 70만원","700000","naver-card-4047-tier-1-300000","12983.08","0","12983.08","1.8547","20000","12983.08","calculable","2026-06-11T11:14:42.801Z"
"naver-card-4047-balanced_100","naver-card-4047","balanced_100","균형 100만원","1000000","naver-card-4047-tier-1-300000","16404.33","0","16404.33","1.6404","20000","16404.33","calculable","2026-06-11T11:14:42.801Z"
"naver-card-4047-balanced_120","naver-card-4047","balanced_120","균형 120만원","1200000","naver-card-4047-tier-1-300000","17831.43","0","17831.43","1.486","20000","17831.43","calculable","2026-06-11T11:14:42.801Z"
"naver-card-10596-balanced_30","naver-card-10596","balanced_30","균형 30만원","300000","","0","1250","0","0","0","0","partial","2026-06-11T11:14:42.801Z"
"naver-card-10596-balanced_50","naver-card-10596","balanced_50","균형 50만원","500000","naver-card-10596-tier-1-400000","14550.6","1250","13300.6","2.6601","20000","14550.6","calculable","2026-06-11T11:14:42.801Z"
"naver-card-10596-balanced_70","naver-card-10596","balanced_70","균형 70만원","700000","naver-card-10596-tier-1-400000","18370.800000000003","1250","17120.800000000003","2.4458","20000","18370.800000000003","calculable","2026-06-11T11:14:42.801Z"
"naver-card-10596-balanced_100","naver-card-10596","balanced_100","균형 100만원","1000000","naver-card-10596-tier-1-400000","20000","1250","18750","1.875","20000","20000","calculable","2026-06-11T11:14:42.801Z"
"naver-card-10596-balanced_120","naver-card-10596","balanced_120","균형 120만원","1200000","naver-card-10596-tier-1-400000","20000","1250","18750","1.5625","20000","20000","calculable","2026-06-11T11:14:42.801Z"
"naver-card-1695-balanced_30","naver-card-1695","balanced_30","균형 30만원","300000","naver-card-1695-tier-1-300000","10281","833.3333333333334","9447.666666666666","3.1492","20000","10281","calculable","2026-06-11T11:14:42.801Z"
"naver-card-1695-balanced_50","naver-card-1695","balanced_50","균형 50만원","500000","naver-card-1695-tier-1-300000","15954.900000000001","833.3333333333334","15121.566666666668","3.0243","20000","15954.900000000001","calculable","2026-06-11T11:14:42.801Z"
"naver-card-1695-balanced_70","naver-card-1695","balanced_70","균형 70만원","700000","naver-card-1695-tier-1-300000","19044.8","833.3333333333334","18211.466666666667","2.6016","20000","19044.8","calculable","2026-06-11T11:14:42.801Z"
"naver-card-1695-balanced_100","naver-card-1695","balanced_100","균형 100만원","1000000","naver-card-1695-tier-1-300000","20000","833.3333333333334","19166.666666666668","1.9167","20000","20000","calculable","2026-06-11T11:14:42.801Z"
"naver-card-1695-balanced_120","naver-card-1695","balanced_120","균형 120만원","1200000","naver-card-1695-tier-1-300000","20000","833.3333333333334","19166.666666666668","1.5972","20000","20000","calculable","2026-06-11T11:14:42.801Z"
"naver-card-10284-balanced_30","naver-card-10284","balanced_30","균형 30만원","300000","naver-card-10284-tier-1-300000","10955.2","1666.6666666666667","9288.533333333335","3.0962","30000","10955.2","calculable","2026-06-11T11:14:42.801Z"
"naver-card-10284-balanced_50","naver-card-10284","balanced_50","균형 50만원","500000","naver-card-10284-tier-1-300000","18258.3","1666.6666666666667","16591.63333333333","3.3183","30000","18258.3","calculable","2026-06-11T11:14:42.801Z"
"naver-card-10284-balanced_70","naver-card-10284","balanced_70","균형 70만원","700000","naver-card-10284-tier-1-300000","24044.8","1666.6666666666667","22378.13333333333","3.1969","30000","24044.8","calculable","2026-06-11T11:14:42.801Z"
"naver-card-10284-balanced_100","naver-card-10284","balanced_100","균형 100만원","1000000","naver-card-10284-tier-1-300000","27921.1","1666.6666666666667","26254.43333333333","2.6254","30000","27921.1","calculable","2026-06-11T11:14:42.801Z"
"naver-card-10284-balanced_120","naver-card-10284","balanced_120","균형 120만원","1200000","naver-card-10284-tier-1-300000","29915.8","1666.6666666666667","28249.13333333333","2.3541","30000","29915.8","calculable","2026-06-11T11:14:42.801Z"
"naver-card-10552-balanced_30","naver-card-10552","balanced_30","균형 30만원","300000","","0","2416.6666666666665","0","0","0","0","partial","2026-06-11T11:14:42.801Z"
"naver-card-10552-balanced_50","naver-card-10552","balanced_50","균형 50만원","500000","naver-card-10552-tier-1-500000","0","2416.6666666666665","0","0","10000","0","calculable","2026-06-11T11:14:42.801Z"
"naver-card-10552-balanced_70","naver-card-10552","balanced_70","균형 70만원","700000","naver-card-10552-tier-1-500000","0","2416.6666666666665","0","0","10000","0","calculable","2026-06-11T11:14:42.801Z"
"naver-card-10552-balanced_100","naver-card-10552","balanced_100","균형 100만원","1000000","naver-card-10552-tier-1-500000","0","2416.6666666666665","0","0","10000","0","calculable","2026-06-11T11:14:42.801Z"
"naver-card-10552-balanced_120","naver-card-10552","balanced_120","균형 120만원","1200000","naver-card-10552-tier-1-500000","0","2416.6666666666665","0","0","10000","0","calculable","2026-06-11T11:14:42.801Z"
"naver-card-10071-balanced_30","naver-card-10071","balanced_30","균형 30만원","300000","","0","833.3333333333334","0","0","0","0","partial","2026-06-11T11:14:42.801Z"
"naver-card-10071-balanced_50","naver-card-10071","balanced_50","균형 50만원","500000","naver-card-10071-tier-1-400000","2162.91","833.3333333333334","1329.5766666666664","0.2659","20000","2162.91","calculable","2026-06-11T11:14:42.801Z"
"naver-card-10071-balanced_70","naver-card-10071","balanced_70","균형 70만원","700000","naver-card-10071-tier-1-400000","3028.08","833.3333333333334","2194.7466666666664","0.3135","20000","3028.08","calculable","2026-06-11T11:14:42.801Z"
"naver-card-10071-balanced_100","naver-card-10071","balanced_100","균형 100만원","1000000","naver-card-10071-tier-1-400000","4325.83","833.3333333333334","3492.4966666666664","0.3492","20000","4325.83","calculable","2026-06-11T11:14:42.801Z"
"naver-card-10071-balanced_120","naver-card-10071","balanced_120","균형 120만원","1200000","naver-card-10071-tier-1-400000","5191.01","833.3333333333334","4357.676666666667","0.3631","20000","5191.01","calculable","2026-06-11T11:14:42.801Z"
"naver-card-3959-balanced_30","naver-card-3959","balanced_30","균형 30만원","300000","naver-card-3959-tier-1-300000","13146.1","1250","11896.1","3.9654","100000","13146.1","calculable","2026-06-11T11:14:42.801Z"
"naver-card-3959-balanced_50","naver-card-3959","balanced_50","균형 50만원","500000","naver-card-3959-tier-1-300000","21910.2","1250","20660.2","4.132","100000","21910.2","calculable","2026-06-11T11:14:42.801Z"
"naver-card-3959-balanced_70","naver-card-3959","balanced_70","균형 70만원","700000","naver-card-3959-tier-1-300000","30674.199999999997","1250","29424.199999999997","4.2035","100000","30674.199999999997","calculable","2026-06-11T11:14:42.801Z"
"naver-card-3959-balanced_100","naver-card-3959","balanced_100","균형 100만원","1000000","naver-card-3959-tier-1-300000","43820.4","1250","42570.4","4.257","100000","43820.4","calculable","2026-06-11T11:14:42.801Z"
"naver-card-3959-balanced_120","naver-card-3959","balanced_120","균형 120만원","1200000","naver-card-3959-tier-1-300000","52584.3","1250","51334.3","4.2779","100000","52584.3","calculable","2026-06-11T11:14:42.801Z"
"naver-card-10593-balanced_30","naver-card-10593","balanced_30","균형 30만원","300000","naver-card-10593-tier-1-0","7078.700000000001","1666.6666666666667","5412.033333333334","1.804","15000","7078.700000000001","calculable","2026-06-11T11:14:42.801Z"
"naver-card-10593-balanced_50","naver-card-10593","balanced_50","균형 50만원","500000","naver-card-10593-tier-1-0","11179.8","1666.6666666666667","9513.133333333333","1.9026","15000","11179.8","calculable","2026-06-11T11:14:42.801Z"
"naver-card-10593-balanced_70","naver-card-10593","balanced_70","균형 70만원","700000","naver-card-10593-tier-1-0","13651.7","1666.6666666666667","11985.033333333335","1.7121","15000","13651.7","calculable","2026-06-11T11:14:42.801Z"
"naver-card-10593-balanced_100","naver-card-10593","balanced_100","균형 100만원","1000000","naver-card-10593-tier-1-0","15000","1666.6666666666667","13333.333333333334","1.3333","15000","15000","calculable","2026-06-11T11:14:42.801Z"
"naver-card-10593-balanced_120","naver-card-10593","balanced_120","균형 120만원","1200000","naver-card-10593-tier-1-0","15000","1666.6666666666667","13333.333333333334","1.1111","15000","15000","calculable","2026-06-11T11:14:42.801Z"
"naver-card-10512-balanced_30","naver-card-10512","balanced_30","균형 30만원","300000","","0","4166.666666666667","0","0","0","0","partial","2026-06-11T11:14:42.801Z"
"naver-card-10512-balanced_50","naver-card-10512","balanced_50","균형 50만원","500000","naver-card-10512-tier-1-500000","21348.4","4166.666666666667","17181.733333333334","3.4363","32000","21348.4","calculable","2026-06-11T11:14:42.801Z"
"naver-card-10512-balanced_70","naver-card-10512","balanced_70","균형 70만원","700000","naver-card-10512-tier-1-500000","29236.000000000004","4166.666666666667","25069.333333333336","3.5813","32000","29236.000000000004","calculable","2026-06-11T11:14:42.801Z"
"naver-card-10512-balanced_100","naver-card-10512","balanced_100","균형 100만원","1000000","naver-card-10512-tier-1-500000","32000","4166.666666666667","27833.333333333332","2.7833","32000","32000","calculable","2026-06-11T11:14:42.801Z"
"naver-card-10512-balanced_120","naver-card-10512","balanced_120","균형 120만원","1200000","naver-card-10512-tier-1-500000","32000","4166.666666666667","27833.333333333332","2.3194","32000","32000","calculable","2026-06-11T11:14:42.801Z"
"naver-card-10511-balanced_30","naver-card-10511","balanced_30","균형 30만원","300000","","0","1666.6666666666667","0","0","0","0","partial","2026-06-11T11:14:42.801Z"
"naver-card-10511-balanced_50","naver-card-10511","balanced_50","균형 50만원","500000","naver-card-10511-tier-1-400000","12977.58","1666.6666666666667","11310.913333333334","2.2622","20000","12977.58","calculable","2026-06-11T11:14:42.801Z"
"naver-card-10511-balanced_70","naver-card-10511","balanced_70","균형 70만원","700000","naver-card-10511-tier-1-400000","18168.535","1666.6666666666667","16501.868333333332","2.3574","20000","18168.535","calculable","2026-06-11T11:14:42.801Z"
"naver-card-10511-balanced_100","naver-card-10511","balanced_100","균형 100만원","1000000","naver-card-10511-tier-1-400000","20000","1666.6666666666667","18333.333333333332","1.8333","20000","22977.579999999998","calculable","2026-06-11T11:14:42.801Z"
"naver-card-10511-balanced_120","naver-card-10511","balanced_120","균형 120만원","1200000","naver-card-10511-tier-1-400000","20000","1666.6666666666667","18333.333333333332","1.5278","20000","23707.88","calculable","2026-06-11T11:14:42.801Z"
"naver-card-10554-balanced_30","naver-card-10554","balanced_30","균형 30만원","300000","naver-card-10554-tier-1-0","8376.48","1583.3333333333333","6793.1466666666665","2.2644","20000","8376.48","calculable","2026-06-11T11:14:42.801Z"
"naver-card-10554-balanced_50","naver-card-10554","balanced_50","균형 50만원","500000","naver-card-10554-tier-1-0","13960.590000000002","1583.3333333333333","12377.256666666668","2.4755","20000","13960.590000000002","calculable","2026-06-11T11:14:42.801Z"
"naver-card-10554-balanced_70","naver-card-10554","balanced_70","균형 70만원","700000","naver-card-10554-tier-1-0","17983.08","1583.3333333333333","16399.74666666667","2.3428","20000","17983.08","calculable","2026-06-11T11:14:42.801Z"
"naver-card-10554-balanced_100","naver-card-10554","balanced_100","균형 100만원","1000000","naver-card-10554-tier-1-0","19325.65","1583.3333333333333","17742.31666666667","1.7742","20000","19325.65","calculable","2026-06-11T11:14:42.801Z"
"naver-card-10554-balanced_120","naver-card-10554","balanced_120","균형 120만원","1200000","naver-card-10554-tier-1-0","20000","1583.3333333333333","18416.666666666668","1.5347","20000","20000","calculable","2026-06-11T11:14:42.801Z"
"naver-card-10454-balanced_30","naver-card-10454","balanced_30","균형 30만원","300000","","0","1666.6666666666667","0","0","0","0","partial","2026-06-11T11:14:42.801Z"
"naver-card-10454-balanced_50","naver-card-10454","balanced_50","균형 50만원","500000","naver-card-10454-tier-1-400000","20000","1666.6666666666667","18333.333333333332","3.6667","20000","20393.100000000002","calculable","2026-06-11T11:14:42.801Z"
"naver-card-10454-balanced_70","naver-card-10454","balanced_70","균형 70만원","700000","naver-card-10454-tier-1-400000","20000","1666.6666666666667","18333.333333333332","2.619","20000","23258.3","calculable","2026-06-11T11:14:42.801Z"
"naver-card-10454-balanced_100","naver-card-10454","balanced_100","균형 100만원","1000000","naver-card-10454-tier-1-400000","20000","1666.6666666666667","18333.333333333332","1.8333","20000","25000","calculable","2026-06-11T11:14:42.801Z"
"naver-card-10454-balanced_120","naver-card-10454","balanced_120","균형 120만원","1200000","naver-card-10454-tier-1-400000","20000","1666.6666666666667","18333.333333333332","1.5278","20000","25000","calculable","2026-06-11T11:14:42.801Z"
"naver-card-3856-balanced_30","naver-card-3856","balanced_30","균형 30만원","300000","","0","1666.6666666666667","0","0","0","0","partial","2026-06-11T11:14:42.801Z"
"naver-card-3856-balanced_50","naver-card-3856","balanced_50","균형 50만원","500000","naver-card-3856-tier-1-500000","2275.27","1666.6666666666667","608.6033333333332","0.1217","32000","2275.27","calculable","2026-06-11T11:14:42.801Z"
"naver-card-3856-balanced_70","naver-card-3856","balanced_70","균형 70만원","700000","naver-card-3856-tier-1-500000","3185.3900000000003","1666.6666666666667","1518.7233333333336","0.217","32000","3185.3900000000003","calculable","2026-06-11T11:14:42.801Z"
"naver-card-3856-balanced_100","naver-card-3856","balanced_100","균형 100만원","1000000","naver-card-3856-tier-1-500000","4550.55","1666.6666666666667","2883.883333333333","0.2884","32000","4550.55","calculable","2026-06-11T11:14:42.801Z"
"naver-card-3856-balanced_120","naver-card-3856","balanced_120","균형 120만원","1200000","naver-card-3856-tier-1-500000","5460.68","1666.6666666666667","3794.0133333333333","0.3162","32000","5460.68","calculable","2026-06-11T11:14:42.801Z"
"naver-card-10536-balanced_30","naver-card-10536","balanced_30","균형 30만원","300000","","0","6250","0","0","0","0","partial","2026-06-11T11:14:42.801Z"
"naver-card-10536-balanced_50","naver-card-10536","balanced_50","균형 50만원","500000","naver-card-10536-tier-1-500000","926.95","6250","0","0","24000","926.95","calculable","2026-06-11T11:14:42.801Z"
"naver-card-10536-balanced_70","naver-card-10536","balanced_70","균형 70만원","700000","naver-card-10536-tier-1-500000","1297.74","6250","0","0","24000","1297.74","calculable","2026-06-11T11:14:42.801Z"
"naver-card-10536-balanced_100","naver-card-10536","balanced_100","균형 100만원","1000000","naver-card-10536-tier-1-500000","1853.91","6250","0","0","24000","1853.91","calculable","2026-06-11T11:14:42.801Z"
"naver-card-10536-balanced_120","naver-card-10536","balanced_120","균형 120만원","1200000","naver-card-10536-tier-1-500000","2224.73","6250","0","0","24000","2224.73","calculable","2026-06-11T11:14:42.801Z"
"naver-card-10106-balanced_30","naver-card-10106","balanced_30","균형 30만원","300000","","0","833.3333333333334","0","0","0","0","partial","2026-06-11T11:14:42.801Z"
"naver-card-10106-balanced_50","naver-card-10106","balanced_50","균형 50만원","500000","naver-card-10106-tier-1-400000","1685.4","833.3333333333334","852.0666666666667","0.1704","15000","1685.4","calculable","2026-06-11T11:14:42.801Z"
"naver-card-10106-balanced_70","naver-card-10106","balanced_70","균형 70만원","700000","naver-card-10106-tier-1-400000","2359.56","833.3333333333334","1526.2266666666665","0.218","15000","2359.56","calculable","2026-06-11T11:14:42.801Z"
"naver-card-10106-balanced_100","naver-card-10106","balanced_100","균형 100만원","1000000","naver-card-10106-tier-1-400000","3370.8","833.3333333333334","2537.4666666666667","0.2537","15000","3370.8","calculable","2026-06-11T11:14:42.801Z"
"naver-card-10106-balanced_120","naver-card-10106","balanced_120","균형 120만원","1200000","naver-card-10106-tier-1-400000","4044.94","833.3333333333334","3211.6066666666666","0.2676","15000","4044.94","calculable","2026-06-11T11:14:42.801Z"
"naver-card-10391-balanced_30","naver-card-10391","balanced_30","균형 30만원","300000","","0","2500","0","0","0","0","partial","2026-06-11T11:14:42.801Z"
"naver-card-10391-balanced_50","naver-card-10391","balanced_50","균형 50만원","500000","naver-card-10391-tier-1-500000","3342.5700000000006","2500","842.5700000000006","0.1685","16000","3342.5700000000006","calculable","2026-06-11T11:14:42.801Z"
"naver-card-10391-balanced_70","naver-card-10391","balanced_70","균형 70만원","700000","naver-card-10391-tier-1-500000","4679.710000000001","2500","2179.710000000001","0.3114","16000","4679.710000000001","calculable","2026-06-11T11:14:42.801Z"
"naver-card-10391-balanced_100","naver-card-10391","balanced_100","균형 100만원","1000000","naver-card-10391-tier-1-500000","6685.210000000001","2500","4185.210000000001","0.4185","16000","6685.210000000001","calculable","2026-06-11T11:14:42.801Z"
"naver-card-10391-balanced_120","naver-card-10391","balanced_120","균형 120만원","1200000","naver-card-10391-tier-1-500000","8022.490000000001","2500","5522.490000000001","0.4602","16000","8022.490000000001","calculable","2026-06-11T11:14:42.801Z"
"naver-card-10600-balanced_30","naver-card-10600","balanced_30","균형 30만원","300000","","0","8250","0","0","0","0","partial","2026-06-11T11:14:42.801Z"
"naver-card-10600-balanced_50","naver-card-10600","balanced_50","균형 50만원","500000","naver-card-10600-tier-1-500000","4634.75","8250","0","0","16000","4634.75","calculable","2026-06-11T11:14:42.801Z"
"naver-card-10600-balanced_70","naver-card-10600","balanced_70","균형 70만원","700000","naver-card-10600-tier-1-500000","6488.700000000001","8250","0","0","16000","6488.700000000001","calculable","2026-06-11T11:14:42.801Z"
"naver-card-10600-balanced_100","naver-card-10600","balanced_100","균형 100만원","1000000","naver-card-10600-tier-1-500000","9269.55","8250","1019.5499999999993","0.102","16000","9269.55","calculable","2026-06-11T11:14:42.801Z"
"naver-card-10600-balanced_120","naver-card-10600","balanced_120","균형 120만원","1200000","naver-card-10600-tier-1-500000","11123.65","8250","2873.6499999999996","0.2395","16000","11123.65","calculable","2026-06-11T11:14:42.801Z"
"naver-card-10267-balanced_30","naver-card-10267","balanced_30","균형 30만원","300000","naver-card-10267-tier-1-300000","10786.5","666.6666666666666","10119.833333333334","3.3733","20000","10786.5","calculable","2026-06-11T11:14:42.801Z"
"naver-card-10267-balanced_50","naver-card-10267","balanced_50","균형 50만원","500000","naver-card-10267-tier-1-300000","17359.6","666.6666666666666","16692.93333333333","3.3386","20000","17359.6","calculable","2026-06-11T11:14:42.801Z"
"naver-card-10267-balanced_70","naver-card-10267","balanced_70","균형 70만원","700000","naver-card-10267-tier-1-300000","20000","666.6666666666666","19333.333333333332","2.7619","20000","21011.300000000003","calculable","2026-06-11T11:14:42.801Z"
"naver-card-10267-balanced_100","naver-card-10267","balanced_100","균형 100만원","1000000","naver-card-10267-tier-1-300000","20000","666.6666666666666","19333.333333333332","1.9333","20000","23370.8","calculable","2026-06-11T11:14:42.801Z"
"naver-card-10267-balanced_120","naver-card-10267","balanced_120","균형 120만원","1200000","naver-card-10267-tier-1-300000","20000","666.6666666666666","19333.333333333332","1.6111","20000","24044.9","calculable","2026-06-11T11:14:42.801Z"
"naver-card-10376-balanced_30","naver-card-10376","balanced_30","균형 30만원","300000","","0","1000","0","0","0","0","partial","2026-06-11T11:14:42.801Z"
"naver-card-10376-balanced_50","naver-card-10376","balanced_50","균형 50만원","500000","naver-card-10376-tier-1-400000","20000","1000","19000","3.8","20000","20674.2","calculable","2026-06-11T11:14:42.801Z"
"naver-card-10376-balanced_70","naver-card-10376","balanced_70","균형 70만원","700000","naver-card-10376-tier-1-400000","20000","1000","19000","2.7143","20000","23651.7","calculable","2026-06-11T11:14:42.801Z"
"naver-card-10376-balanced_100","naver-card-10376","balanced_100","균형 100만원","1000000","naver-card-10376-tier-1-400000","20000","1000","19000","1.9","20000","25000","calculable","2026-06-11T11:14:42.801Z"
"naver-card-10376-balanced_120","naver-card-10376","balanced_120","균형 120만원","1200000","naver-card-10376-tier-1-400000","20000","1000","19000","1.5833","20000","25000","calculable","2026-06-11T11:14:42.801Z"
"naver-card-10344-balanced_30","naver-card-10344","balanced_30","균형 30만원","300000","naver-card-10344-tier-1-300000","9606.800000000001","1000","8606.800000000001","2.8689","20000","9606.800000000001","calculable","2026-06-11T11:14:42.801Z"
"naver-card-10344-balanced_50","naver-card-10344","balanced_50","균형 50만원","500000","naver-card-10344-tier-1-300000","15393.100000000002","1000","14393.100000000002","2.8786","20000","15393.100000000002","calculable","2026-06-11T11:14:42.801Z"
"naver-card-10344-balanced_70","naver-card-10344","balanced_70","균형 70만원","700000","naver-card-10344-tier-1-300000","18258.3","1000","17258.3","2.4655","20000","18258.3","calculable","2026-06-11T11:14:42.801Z"
"naver-card-10344-balanced_100","naver-card-10344","balanced_100","균형 100만원","1000000","naver-card-10344-tier-1-300000","20000","1000","19000","1.9","20000","20000","calculable","2026-06-11T11:14:42.801Z"
"naver-card-10344-balanced_120","naver-card-10344","balanced_120","균형 120만원","1200000","naver-card-10344-tier-1-300000","20000","1000","19000","1.5833","20000","20000","calculable","2026-06-11T11:14:42.801Z"
"naver-card-10553-balanced_30","naver-card-10553","balanced_30","균형 30만원","300000","","0","3583.3333333333335","0","0","0","0","partial","2026-06-11T11:14:42.801Z"
"naver-card-10553-balanced_50","naver-card-10553","balanced_50","균형 50만원","500000","naver-card-10553-tier-1-500000","308.97","3583.3333333333335","0","0","16000","308.97","calculable","2026-06-11T11:14:42.801Z"
"naver-card-10553-balanced_70","naver-card-10553","balanced_70","균형 70만원","700000","naver-card-10553-tier-1-500000","432.57","3583.3333333333335","0","0","16000","432.57","calculable","2026-06-11T11:14:42.801Z"
"naver-card-10553-balanced_100","naver-card-10553","balanced_100","균형 100만원","1000000","naver-card-10553-tier-1-500000","617.95","3583.3333333333335","0","0","16000","617.95","calculable","2026-06-11T11:14:42.801Z"
"naver-card-10553-balanced_120","naver-card-10553","balanced_120","균형 120만원","1200000","naver-card-10553-tier-1-500000","741.58","3583.3333333333335","0","0","16000","741.58","calculable","2026-06-11T11:14:42.801Z"
"naver-card-10492-balanced_30","naver-card-10492","balanced_30","균형 30만원","300000","","0","1833.3333333333333","0","0","0","0","partial","2026-06-11T11:14:42.801Z"
"naver-card-10492-balanced_50","naver-card-10492","balanced_50","균형 50만원","500000","naver-card-10492-tier-1-500000","2595.492","1833.3333333333333","762.1586666666669","0.1524","32000","2595.492","calculable","2026-06-11T11:14:42.801Z"
"naver-card-10492-balanced_70","naver-card-10492","balanced_70","균형 70만원","700000","naver-card-10492-tier-1-500000","3633.708","1833.3333333333333","1800.3746666666668","0.2572","32000","3633.708","calculable","2026-06-11T11:14:42.801Z"
"naver-card-10492-balanced_100","naver-card-10492","balanced_100","균형 100만원","1000000","naver-card-10492-tier-1-500000","5190.996","1833.3333333333333","3357.662666666667","0.3358","32000","5190.996","calculable","2026-06-11T11:14:42.801Z"
"naver-card-10492-balanced_120","naver-card-10492","balanced_120","균형 120만원","1200000","naver-card-10492-tier-1-500000","6229.212","1833.3333333333333","4395.878666666667","0.3663","32000","6229.212","calculable","2026-06-11T11:14:42.801Z"
"naver-card-2226-balanced_30","naver-card-2226","balanced_30","균형 30만원","300000","naver-card-2226-tier-1-300000","2780.91","0","2780.91","0.927","20000","2780.91","calculable","2026-06-11T11:14:42.801Z"
"naver-card-2226-balanced_50","naver-card-2226","balanced_50","균형 50만원","500000","naver-card-2226-tier-1-300000","4634.79","0","4634.79","0.927","20000","4634.79","calculable","2026-06-11T11:14:42.801Z"
"naver-card-2226-balanced_70","naver-card-2226","balanced_70","균형 70만원","700000","naver-card-2226-tier-1-300000","6488.7","0","6488.7","0.927","20000","6488.7","calculable","2026-06-11T11:14:42.801Z"
"naver-card-2226-balanced_100","naver-card-2226","balanced_100","균형 100만원","1000000","naver-card-2226-tier-1-300000","9269.609999999999","0","9269.609999999999","0.927","20000","9269.609999999999","calculable","2026-06-11T11:14:42.801Z"
"naver-card-2226-balanced_120","naver-card-2226","balanced_120","균형 120만원","1200000","naver-card-2226-tier-1-300000","11123.609999999999","0","11123.609999999999","0.927","20000","11123.609999999999","calculable","2026-06-11T11:14:42.801Z"
"naver-card-10107-balanced_30","naver-card-10107","balanced_30","균형 30만원","300000","","0","833.3333333333334","0","0","0","0","partial","2026-06-11T11:14:42.801Z"
"naver-card-10107-balanced_50","naver-card-10107","balanced_50","균형 50만원","500000","naver-card-10107-tier-1-400000","1067.42","833.3333333333334","234.0866666666667","0.0468","15000","1067.42","calculable","2026-06-11T11:14:42.801Z"
"naver-card-10107-balanced_70","naver-card-10107","balanced_70","균형 70만원","700000","naver-card-10107-tier-1-400000","1494.39","833.3333333333334","661.0566666666667","0.0944","15000","1494.39","calculable","2026-06-11T11:14:42.801Z"
"naver-card-10107-balanced_100","naver-card-10107","balanced_100","균형 100만원","1000000","naver-card-10107-tier-1-400000","2134.84","833.3333333333334","1301.5066666666667","0.1302","15000","2134.84","calculable","2026-06-11T11:14:42.801Z"
"naver-card-10107-balanced_120","naver-card-10107","balanced_120","균형 120만원","1200000","naver-card-10107-tier-1-400000","2561.8","833.3333333333334","1728.4666666666667","0.144","15000","2561.8","calculable","2026-06-11T11:14:42.801Z"
"naver-card-10348-balanced_30","naver-card-10348","balanced_30","균형 30만원","300000","naver-card-10348-tier-1-300000","2983.17","1000","1983.17","0.6611","20000","2983.17","calculable","2026-06-11T11:14:42.801Z"
"naver-card-10348-balanced_50","naver-card-10348","balanced_50","균형 50만원","500000","naver-card-10348-tier-1-300000","4971.87","1000","3971.87","0.7944","20000","4971.87","calculable","2026-06-11T11:14:42.801Z"
"naver-card-10348-balanced_70","naver-card-10348","balanced_70","균형 70만원","700000","naver-card-10348-tier-1-300000","6960.629999999999","1000","5960.629999999999","0.8515","20000","6960.629999999999","calculable","2026-06-11T11:14:42.801Z"
"naver-card-10348-balanced_100","naver-card-10348","balanced_100","균형 100만원","1000000","naver-card-10348-tier-1-300000","9943.769999999999","1000","8943.769999999999","0.8944","20000","9943.769999999999","calculable","2026-06-11T11:14:42.801Z"
"naver-card-10348-balanced_120","naver-card-10348","balanced_120","균형 120만원","1200000","naver-card-10348-tier-1-300000","11932.589999999998","1000","10932.589999999998","0.911","20000","11932.589999999998","calculable","2026-06-11T11:14:42.801Z"
"naver-card-10504-balanced_30","naver-card-10504","balanced_30","균형 30만원","300000","naver-card-10504-tier-1-300000","84.27","1666.6666666666667","0","0","10000","84.27","calculable","2026-06-11T11:14:42.801Z"
"naver-card-10504-balanced_50","naver-card-10504","balanced_50","균형 50만원","500000","naver-card-10504-tier-1-300000","140.45000000000002","1666.6666666666667","0","0","10000","140.45000000000002","calculable","2026-06-11T11:14:42.801Z"
"naver-card-10504-balanced_70","naver-card-10504","balanced_70","균형 70만원","700000","naver-card-10504-tier-1-300000","196.63","1666.6666666666667","0","0","10000","196.63","calculable","2026-06-11T11:14:42.801Z"
"naver-card-10504-balanced_100","naver-card-10504","balanced_100","균형 100만원","1000000","naver-card-10504-tier-1-300000","280.90000000000003","1666.6666666666667","0","0","10000","280.90000000000003","calculable","2026-06-11T11:14:42.801Z"
"naver-card-10504-balanced_120","naver-card-10504","balanced_120","균형 120만원","1200000","naver-card-10504-tier-1-300000","337.08","1666.6666666666667","0","0","10000","337.08","calculable","2026-06-11T11:14:42.801Z"
"naver-card-10039-balanced_30","naver-card-10039","balanced_30","균형 30만원","300000","","0","0","0","0","0","0","partial","2026-06-11T11:14:42.801Z"
"naver-card-10039-balanced_50","naver-card-10039","balanced_50","균형 50만원","500000","naver-card-10039-tier-1-400000","8567.35","0","8567.35","1.7135","20000","8567.35","calculable","2026-06-11T11:14:42.801Z"
"naver-card-10039-balanced_70","naver-card-10039","balanced_70","균형 70만원","700000","naver-card-10039-tier-1-400000","11994.3","0","11994.3","1.7135","20000","11994.3","calculable","2026-06-11T11:14:42.801Z"
"naver-card-10039-balanced_100","naver-card-10039","balanced_100","균형 100만원","1000000","naver-card-10039-tier-1-400000","15954.95","0","15954.95","1.5955","20000","15954.95","calculable","2026-06-11T11:14:42.801Z"
"naver-card-10039-balanced_120","naver-card-10039","balanced_120","균형 120만원","1200000","naver-card-10039-tier-1-400000","17752.85","0","17752.85","1.4794","20000","17752.85","calculable","2026-06-11T11:14:42.801Z"
"naver-card-10338-balanced_30","naver-card-10338","balanced_30","균형 30만원","300000","","0","1666.6666666666667","0","0","0","0","partial","2026-06-11T11:14:42.801Z"
"naver-card-10338-balanced_50","naver-card-10338","balanced_50","균형 50만원","500000","naver-card-10338-tier-1-500000","22190.9","1666.6666666666667","20524.233333333334","4.1048","32000","22190.9","calculable","2026-06-11T11:14:42.801Z"
"naver-card-10338-balanced_70","naver-card-10338","balanced_70","균형 70만원","700000","naver-card-10338-tier-1-500000","30415.600000000002","1666.6666666666667","28748.933333333334","4.107","32000","30415.600000000002","calculable","2026-06-11T11:14:42.801Z"
"naver-card-10338-balanced_100","naver-card-10338","balanced_100","균형 100만원","1000000","naver-card-10338-tier-1-500000","32000","1666.6666666666667","30333.333333333332","3.0333","32000","35797.5","calculable","2026-06-11T11:14:42.801Z"
"naver-card-10338-balanced_120","naver-card-10338","balanced_120","균형 120만원","1200000","naver-card-10338-tier-1-500000","32000","1666.6666666666667","30333.333333333332","2.5278","32000","38157.4","calculable","2026-06-11T11:14:42.801Z"
"naver-card-10403-balanced_30","naver-card-10403","balanced_30","균형 30만원","300000","naver-card-10403-tier-1-0","2595.5199999999995","1000","1595.5199999999995","0.5318","20000","2595.5199999999995","calculable","2026-06-11T11:14:42.801Z"
"naver-card-10403-balanced_50","naver-card-10403","balanced_50","균형 50만원","500000","naver-card-10403-tier-1-0","4325.82","1000","3325.8199999999997","0.6652","20000","4325.82","calculable","2026-06-11T11:14:42.801Z"
"naver-card-10403-balanced_70","naver-card-10403","balanced_70","균형 70만원","700000","naver-card-10403-tier-1-0","6056.18","1000","5056.18","0.7223","20000","6056.18","calculable","2026-06-11T11:14:42.801Z"
"naver-card-10403-balanced_100","naver-card-10403","balanced_100","균형 100만원","1000000","naver-card-10403-tier-1-0","8651.66","1000","7651.66","0.7652","20000","8651.66","calculable","2026-06-11T11:14:42.801Z"
"naver-card-10403-balanced_120","naver-card-10403","balanced_120","균형 120만원","1200000","naver-card-10403-tier-1-0","10382.02","1000","9382.02","0.7818","20000","10382.02","calculable","2026-06-11T11:14:42.801Z"
"naver-card-10514-balanced_30","naver-card-10514","balanced_30","균형 30만원","300000","naver-card-10514-tier-1-0","1112.37","1666.6666666666667","0","0","10000","1112.37","calculable","2026-06-11T11:14:42.801Z"
"naver-card-10514-balanced_50","naver-card-10514","balanced_50","균형 50만원","500000","naver-card-10514-tier-1-0","1853.9399999999998","1666.6666666666667","187.27333333333308","0.0375","10000","1853.9399999999998","calculable","2026-06-11T11:14:42.801Z"
"naver-card-10514-balanced_70","naver-card-10514","balanced_70","균형 70만원","700000","naver-card-10514-tier-1-0","2595.5099999999998","1666.6666666666667","928.843333333333","0.1327","10000","2595.5099999999998","calculable","2026-06-11T11:14:42.801Z"
"naver-card-10514-balanced_100","naver-card-10514","balanced_100","균형 100만원","1000000","naver-card-10514-tier-1-0","3707.8799999999997","1666.6666666666667","2041.213333333333","0.2041","10000","3707.8799999999997","calculable","2026-06-11T11:14:42.801Z"
"naver-card-10514-balanced_120","naver-card-10514","balanced_120","균형 120만원","1200000","naver-card-10514-tier-1-0","4449.45","1666.6666666666667","2782.783333333333","0.2319","10000","4449.45","calculable","2026-06-11T11:14:42.801Z"
"naver-card-10509-balanced_30","naver-card-10509","balanced_30","균형 30만원","300000","naver-card-10509-tier-1-300000","2528.1","1666.6666666666667","861.4333333333332","0.2871","20000","2528.1","calculable","2026-06-11T11:14:42.801Z"
"naver-card-10509-balanced_50","naver-card-10509","balanced_50","균형 50만원","500000","naver-card-10509-tier-1-300000","4213.46","1666.6666666666667","2546.793333333333","0.5094","20000","4213.46","calculable","2026-06-11T11:14:42.801Z"
"naver-card-10509-balanced_70","naver-card-10509","balanced_70","균형 70만원","700000","naver-card-10509-tier-1-300000","5898.860000000001","1666.6666666666667","4232.193333333334","0.6046","20000","5898.860000000001","calculable","2026-06-11T11:14:42.801Z"
"naver-card-10509-balanced_100","naver-card-10509","balanced_100","균형 100만원","1000000","naver-card-10509-tier-1-300000","8426.94","1666.6666666666667","6760.2733333333335","0.676","20000","8426.94","calculable","2026-06-11T11:14:42.801Z"
"naver-card-10509-balanced_120","naver-card-10509","balanced_120","균형 120만원","1200000","naver-card-10509-tier-1-300000","10112.36","1666.6666666666667","8445.693333333335","0.7038","20000","10112.36","calculable","2026-06-11T11:14:42.801Z"
"naver-card-10130-balanced_30","naver-card-10130","balanced_30","균형 30만원","300000","","0","1666.6666666666667","0","0","0","0","partial","2026-06-11T11:14:42.801Z"
"naver-card-10130-balanced_50","naver-card-10130","balanced_50","균형 50만원","500000","naver-card-10130-tier-1-500000","20505.5","1666.6666666666667","18838.833333333332","3.7678","32000","20505.5","calculable","2026-06-11T11:14:42.801Z"
"naver-card-10130-balanced_70","naver-card-10130","balanced_70","균형 70만원","700000","naver-card-10130-tier-1-500000","28056","1666.6666666666667","26389.333333333332","3.7699","32000","28056","calculable","2026-06-11T11:14:42.801Z"
"naver-card-10130-balanced_100","naver-card-10130","balanced_100","균형 100만원","1000000","naver-card-10130-tier-1-500000","32000","1666.6666666666667","30333.333333333332","3.0333","32000","35662.7","calculable","2026-06-11T11:14:42.801Z"
"naver-card-10130-balanced_120","naver-card-10130","balanced_120","균형 120만원","1200000","naver-card-10130-tier-1-500000","32000","1666.6666666666667","30333.333333333332","2.5278","32000","39415.8","calculable","2026-06-11T11:14:42.801Z"
"naver-card-10323-balanced_30","naver-card-10323","balanced_30","균형 30만원","300000","naver-card-10323-tier-1-0","1537.08","1250","287.0799999999999","0.0957","20000","1537.08","calculable","2026-06-11T11:14:42.801Z"
"naver-card-10323-balanced_50","naver-card-10323","balanced_50","균형 50만원","500000","naver-card-10323-tier-1-0","2561.808","1250","1311.808","0.2624","20000","2561.808","calculable","2026-06-11T11:14:42.801Z"
"naver-card-10323-balanced_70","naver-card-10323","balanced_70","균형 70만원","700000","naver-card-10323-tier-1-0","3586.5119999999997","1250","2336.5119999999997","0.3338","20000","3586.5119999999997","calculable","2026-06-11T11:14:42.801Z"
"naver-card-10323-balanced_100","naver-card-10323","balanced_100","균형 100만원","1000000","naver-card-10323-tier-1-0","5123.616","1250","3873.616","0.3874","20000","5123.616","calculable","2026-06-11T11:14:42.801Z"
"naver-card-10323-balanced_120","naver-card-10323","balanced_120","균형 120만원","1200000","naver-card-10323-tier-1-0","6148.320000000001","1250","4898.320000000001","0.4082","20000","6148.320000000001","calculable","2026-06-11T11:14:42.801Z"
"naver-card-10347-balanced_30","naver-card-10347","balanced_30","균형 30만원","300000","naver-card-10347-tier-1-0","1051.688","1000","51.6880000000001","0.0172","20000","1051.688","calculable","2026-06-11T11:14:42.801Z"
"naver-card-10347-balanced_50","naver-card-10347","balanced_50","균형 50만원","500000","naver-card-10347-tier-1-0","1752.816","1000","752.816","0.1506","20000","1752.816","calculable","2026-06-11T11:14:42.801Z"
"naver-card-10347-balanced_70","naver-card-10347","balanced_70","균형 70만원","700000","naver-card-10347-tier-1-0","2453.9439999999995","1000","1453.9439999999995","0.2077","20000","2453.9439999999995","calculable","2026-06-11T11:14:42.801Z"
"naver-card-10347-balanced_100","naver-card-10347","balanced_100","균형 100만원","1000000","naver-card-10347-tier-1-0","3505.632","1000","2505.632","0.2506","20000","3505.632","calculable","2026-06-11T11:14:42.801Z"
"naver-card-10347-balanced_120","naver-card-10347","balanced_120","균형 120만원","1200000","naver-card-10347-tier-1-0","4206.736","1000","3206.736","0.2672","20000","4206.736","calculable","2026-06-11T11:14:42.801Z"
"naver-card-10601-balanced_30","naver-card-10601","balanced_30","균형 30만원","300000","","0","8250","0","0","0","0","partial","2026-06-11T11:14:42.801Z"
"naver-card-10601-balanced_50","naver-card-10601","balanced_50","균형 50만원","500000","naver-card-10601-tier-1-500000","926.95","8250","0","0","24000","926.95","calculable","2026-06-11T11:14:42.801Z"
"naver-card-10601-balanced_70","naver-card-10601","balanced_70","균형 70만원","700000","naver-card-10601-tier-1-500000","1297.74","8250","0","0","24000","1297.74","calculable","2026-06-11T11:14:42.801Z"
"naver-card-10601-balanced_100","naver-card-10601","balanced_100","균형 100만원","1000000","naver-card-10601-tier-1-500000","1853.91","8250","0","0","24000","1853.91","calculable","2026-06-11T11:14:42.801Z"
"naver-card-10601-balanced_120","naver-card-10601","balanced_120","균형 120만원","1200000","naver-card-10601-tier-1-500000","2224.73","8250","0","0","24000","2224.73","calculable","2026-06-11T11:14:42.801Z"
"naver-card-10134-balanced_30","naver-card-10134","balanced_30","균형 30만원","300000","","0","2500","0","0","0","0","partial","2026-06-11T11:14:42.801Z"
"naver-card-10134-balanced_50","naver-card-10134","balanced_50","균형 50만원","500000","naver-card-10134-tier-1-500000","6151.65","2500","3651.6499999999996","0.7303","32000","6151.65","calculable","2026-06-11T11:14:42.801Z"
"naver-card-10134-balanced_70","naver-card-10134","balanced_70","균형 70만원","700000","naver-card-10134-tier-1-500000","8612.31","2500","6112.3099999999995","0.8732","32000","8612.31","calculable","2026-06-11T11:14:42.801Z"
"naver-card-10134-balanced_100","naver-card-10134","balanced_100","균형 100만원","1000000","naver-card-10134-tier-1-500000","12303.329999999998","2500","9803.329999999998","0.9803","32000","12303.329999999998","calculable","2026-06-11T11:14:42.801Z"
"naver-card-10134-balanced_120","naver-card-10134","balanced_120","균형 120만원","1200000","naver-card-10134-tier-1-500000","14764.079999999998","2500","12264.079999999998","1.022","32000","14764.079999999998","calculable","2026-06-11T11:14:42.801Z"
"naver-card-10357-balanced_30","naver-card-10357","balanced_30","균형 30만원","300000","naver-card-10357-tier-1-300000","404.5","1666.6666666666667","0","0","10000","404.5","calculable","2026-06-11T11:14:42.801Z"
"naver-card-10357-balanced_50","naver-card-10357","balanced_50","균형 50만원","500000","naver-card-10357-tier-1-300000","674.16","1666.6666666666667","0","0","10000","674.16","calculable","2026-06-11T11:14:42.801Z"
"naver-card-10357-balanced_70","naver-card-10357","balanced_70","균형 70만원","700000","naver-card-10357-tier-1-300000","943.82","1666.6666666666667","0","0","10000","943.82","calculable","2026-06-11T11:14:42.801Z"
"naver-card-10357-balanced_100","naver-card-10357","balanced_100","균형 100만원","1000000","naver-card-10357-tier-1-300000","1348.32","1666.6666666666667","0","0","10000","1348.32","calculable","2026-06-11T11:14:42.801Z"
"naver-card-10357-balanced_120","naver-card-10357","balanced_120","균형 120만원","1200000","naver-card-10357-tier-1-300000","1617.98","1666.6666666666667","0","0","10000","1617.98","calculable","2026-06-11T11:14:42.801Z"
"naver-card-10317-balanced_30","naver-card-10317","balanced_30","균형 30만원","300000","naver-card-10317-tier-1-300000","13651.800000000001","1250","12401.800000000001","4.1339","40000","13651.800000000001","calculable","2026-06-11T11:14:42.801Z"
"naver-card-10317-balanced_50","naver-card-10317","balanced_50","균형 50만원","500000","naver-card-10317-tier-1-300000","22752.7","1250","21502.7","4.3005","40000","22752.7","calculable","2026-06-11T11:14:42.801Z"
"naver-card-10317-balanced_70","naver-card-10317","balanced_70","균형 70만원","700000","naver-card-10317-tier-1-300000","31853.8","1250","30603.8","4.372","40000","31853.8","calculable","2026-06-11T11:14:42.801Z"
"naver-card-10317-balanced_100","naver-card-10317","balanced_100","균형 100만원","1000000","naver-card-10317-tier-1-300000","40000","1250","38750","3.875","40000","41909.9","calculable","2026-06-11T11:14:42.801Z"
"naver-card-10317-balanced_120","naver-card-10317","balanced_120","균형 120만원","1200000","naver-card-10317-tier-1-300000","40000","1250","38750","3.2292","40000","45505.7","calculable","2026-06-11T11:14:42.801Z"
"naver-card-10354-balanced_30","naver-card-10354","balanced_30","균형 30만원","300000","naver-card-10354-tier-1-200000","5814.650000000001","166.66666666666666","5647.983333333334","1.8827","20000","5814.650000000001","calculable","2026-06-11T11:14:42.801Z"
"naver-card-10354-balanced_50","naver-card-10354","balanced_50","균형 50만원","500000","naver-card-10354-tier-1-200000","9690.95","166.66666666666666","9524.283333333335","1.9049","20000","9690.95","calculable","2026-06-11T11:14:42.801Z"
"naver-card-10354-balanced_70","naver-card-10354","balanced_70","균형 70만원","700000","naver-card-10354-tier-1-200000","13567.350000000002","166.66666666666666","13400.683333333336","1.9144","20000","13567.350000000002","calculable","2026-06-11T11:14:42.801Z"
"naver-card-10354-balanced_100","naver-card-10354","balanced_100","균형 100만원","1000000","naver-card-10354-tier-1-200000","19325.75","166.66666666666666","19159.083333333332","1.9159","20000","19325.75","calculable","2026-06-11T11:14:42.801Z"
"naver-card-10354-balanced_120","naver-card-10354","balanced_120","균형 120만원","1200000","naver-card-10354-tier-1-200000","20000","166.66666666666666","19833.333333333332","1.6528","20000","21797.800000000003","calculable","2026-06-11T11:14:42.801Z"
"naver-card-10337-balanced_30","naver-card-10337","balanced_30","균형 30만원","300000","","0","1666.6666666666667","0","0","0","0","partial","2026-06-11T11:14:42.801Z"
"naver-card-10337-balanced_50","naver-card-10337","balanced_50","균형 50만원","500000","naver-card-10337-tier-1-500000","14606.8","1666.6666666666667","12940.133333333333","2.588","32000","14606.8","calculable","2026-06-11T11:14:42.801Z"
"naver-card-10337-balanced_70","naver-card-10337","balanced_70","균형 70만원","700000","naver-card-10337-tier-1-500000","19797.800000000003","1666.6666666666667","18131.133333333335","2.5902","32000","19797.800000000003","calculable","2026-06-11T11:14:42.801Z"
"naver-card-10337-balanced_100","naver-card-10337","balanced_100","균형 100만원","1000000","naver-card-10337-tier-1-500000","24854","1666.6666666666667","23187.333333333332","2.3187","32000","24854","calculable","2026-06-11T11:14:42.801Z"
"naver-card-10337-balanced_120","naver-card-10337","balanced_120","균형 120만원","1200000","naver-card-10337-tier-1-500000","28044.9","1666.6666666666667","26378.233333333334","2.1982","32000","28044.9","calculable","2026-06-11T11:14:42.801Z"
"naver-card-10169-balanced_30","naver-card-10169","balanced_30","균형 30만원","300000","naver-card-10169-tier-1-150000","3387.66","416.6666666666667","2970.9933333333333","0.9903","20000","3387.66","calculable","2026-06-11T11:14:42.801Z"
"naver-card-10169-balanced_50","naver-card-10169","balanced_50","균형 50만원","500000","naver-card-10169-tier-1-150000","5646.03","416.6666666666667","5229.363333333333","1.0459","20000","5646.03","calculable","2026-06-11T11:14:42.801Z"
"naver-card-10169-balanced_70","naver-card-10169","balanced_70","균형 70만원","700000","naver-card-10169-tier-1-150000","7904.46","416.6666666666667","7487.793333333333","1.0697","20000","7904.46","calculable","2026-06-11T11:14:42.801Z"
"naver-card-10169-balanced_100","naver-card-10169","balanced_100","균형 100만원","1000000","naver-card-10169-tier-1-150000","11292.089999999998","416.6666666666667","10875.423333333332","1.0875","20000","11292.089999999998","calculable","2026-06-11T11:14:42.801Z"
"naver-card-10169-balanced_120","naver-card-10169","balanced_120","균형 120만원","1200000","naver-card-10169-tier-1-150000","13550.58","416.6666666666667","13133.913333333334","1.0945","20000","13550.58","calculable","2026-06-11T11:14:42.801Z"
"naver-card-10340-balanced_30","naver-card-10340","balanced_30","균형 30만원","300000","","0","3416.6666666666665","0","0","0","0","partial","2026-06-11T11:14:42.801Z"
"naver-card-10340-balanced_50","naver-card-10340","balanced_50","균형 50만원","500000","naver-card-10340-tier-1-500000","870.7700000000001","3416.6666666666665","0","0","24000","870.7700000000001","calculable","2026-06-11T11:14:42.801Z"
"naver-card-10340-balanced_70","naver-card-10340","balanced_70","균형 70만원","700000","naver-card-10340-tier-1-500000","1219.09","3416.6666666666665","0","0","24000","1219.09","calculable","2026-06-11T11:14:42.801Z"
"naver-card-10340-balanced_100","naver-card-10340","balanced_100","균형 100만원","1000000","naver-card-10340-tier-1-500000","1741.5500000000002","3416.6666666666665","0","0","24000","1741.5500000000002","calculable","2026-06-11T11:14:42.801Z"
"naver-card-10340-balanced_120","naver-card-10340","balanced_120","균형 120만원","1200000","naver-card-10340-tier-1-500000","2089.89","3416.6666666666665","0","0","24000","2089.89","calculable","2026-06-11T11:14:42.801Z"
"naver-card-10485-balanced_30","naver-card-10485","balanced_30","균형 30만원","300000","","0","4166.666666666667","0","0","0","0","partial","2026-06-11T11:14:42.801Z"
"naver-card-10485-balanced_50","naver-card-10485","balanced_50","균형 50만원","500000","naver-card-10485-tier-1-400000","20000","4166.666666666667","15833.333333333332","3.1667","20000","20674.2","calculable","2026-06-11T11:14:42.801Z"
"naver-card-10485-balanced_70","naver-card-10485","balanced_70","균형 70만원","700000","naver-card-10485-tier-1-400000","20000","4166.666666666667","15833.333333333332","2.2619","20000","23651.7","calculable","2026-06-11T11:14:42.801Z"
"naver-card-10485-balanced_100","naver-card-10485","balanced_100","균형 100만원","1000000","naver-card-10485-tier-1-400000","20000","4166.666666666667","15833.333333333332","1.5833","20000","25000","calculable","2026-06-11T11:14:42.801Z"
"naver-card-10485-balanced_120","naver-card-10485","balanced_120","균형 120만원","1200000","naver-card-10485-tier-1-400000","20000","4166.666666666667","15833.333333333332","1.3194","20000","25000","calculable","2026-06-11T11:14:42.801Z"
"naver-card-10334-balanced_30","naver-card-10334","balanced_30","균형 30만원","300000","","0","2500","0","0","0","0","partial","2026-06-11T11:14:42.801Z"
"naver-card-10334-balanced_50","naver-card-10334","balanced_50","균형 50만원","500000","naver-card-10334-tier-1-500000","11516.9","2500","9016.9","1.8034","32000","11516.9","calculable","2026-06-11T11:14:42.801Z"
"naver-card-10334-balanced_70","naver-card-10334","balanced_70","균형 70만원","700000","naver-card-10334-tier-1-500000","16123.65","2500","13623.65","1.9462","32000","16123.65","calculable","2026-06-11T11:14:42.801Z"
"naver-card-10334-balanced_100","naver-card-10334","balanced_100","균형 100만원","1000000","naver-card-10334-tier-1-500000","23033.8","2500","20533.8","2.0534","32000","23033.8","calculable","2026-06-11T11:14:42.801Z"
"naver-card-10334-balanced_120","naver-card-10334","balanced_120","균형 120만원","1200000","naver-card-10334-tier-1-500000","27640.45","2500","25140.45","2.095","32000","27640.45","calculable","2026-06-11T11:14:42.801Z"
"naver-card-10502-balanced_30","naver-card-10502","balanced_30","균형 30만원","300000","naver-card-10502-tier-1-300000","84.27","1666.6666666666667","0","0","10000","84.27","calculable","2026-06-11T11:14:42.801Z"
"naver-card-10502-balanced_50","naver-card-10502","balanced_50","균형 50만원","500000","naver-card-10502-tier-1-300000","140.45000000000002","1666.6666666666667","0","0","10000","140.45000000000002","calculable","2026-06-11T11:14:42.801Z"
"naver-card-10502-balanced_70","naver-card-10502","balanced_70","균형 70만원","700000","naver-card-10502-tier-1-300000","196.63","1666.6666666666667","0","0","10000","196.63","calculable","2026-06-11T11:14:42.801Z"
"naver-card-10502-balanced_100","naver-card-10502","balanced_100","균형 100만원","1000000","naver-card-10502-tier-1-300000","280.90000000000003","1666.6666666666667","0","0","10000","280.90000000000003","calculable","2026-06-11T11:14:42.801Z"
"naver-card-10502-balanced_120","naver-card-10502","balanced_120","균형 120만원","1200000","naver-card-10502-tier-1-300000","337.08","1666.6666666666667","0","0","10000","337.08","calculable","2026-06-11T11:14:42.801Z"
"naver-card-10534-balanced_30","naver-card-10534","balanced_30","균형 30만원","300000","naver-card-10534-tier-1-0","2056.2000000000003","1250","806.2000000000003","0.2687","20000","2056.2000000000003","calculable","2026-06-11T11:14:42.801Z"
"naver-card-10534-balanced_50","naver-card-10534","balanced_50","균형 50만원","500000","naver-card-10534-tier-1-0","3426.94","1250","2176.94","0.4354","20000","3426.94","calculable","2026-06-11T11:14:42.801Z"
"naver-card-10534-balanced_70","naver-card-10534","balanced_70","균형 70만원","700000","naver-card-10534-tier-1-0","4797.72","1250","3547.7200000000003","0.5068","20000","4797.72","calculable","2026-06-11T11:14:42.801Z"
"naver-card-10534-balanced_100","naver-card-10534","balanced_100","균형 100만원","1000000","naver-card-10534-tier-1-0","6853.900000000001","1250","5603.900000000001","0.5604","20000","6853.900000000001","calculable","2026-06-11T11:14:42.801Z"
"naver-card-10534-balanced_120","naver-card-10534","balanced_120","균형 120만원","1200000","naver-card-10534-tier-1-0","8224.740000000002","1250","6974.740000000002","0.5812","20000","8224.740000000002","calculable","2026-06-11T11:14:42.801Z"
"naver-card-10497-balanced_30","naver-card-10497","balanced_30","균형 30만원","300000","naver-card-10497-tier-1-0","1644.96","2500","0","0","20000","1644.96","calculable","2026-06-11T11:14:42.801Z"
"naver-card-10497-balanced_50","naver-card-10497","balanced_50","균형 50만원","500000","naver-card-10497-tier-1-0","2741.552","2500","241.55200000000013","0.0483","20000","2741.552","calculable","2026-06-11T11:14:42.801Z"
"naver-card-10497-balanced_70","naver-card-10497","balanced_70","균형 70만원","700000","naver-card-10497-tier-1-0","3838.176","2500","1338.176","0.1912","20000","3838.176","calculable","2026-06-11T11:14:42.801Z"
"naver-card-10497-balanced_100","naver-card-10497","balanced_100","균형 100만원","1000000","naver-card-10497-tier-1-0","5483.12","2500","2983.12","0.2983","20000","5483.12","calculable","2026-06-11T11:14:42.801Z"
"naver-card-10497-balanced_120","naver-card-10497","balanced_120","균형 120만원","1200000","naver-card-10497-tier-1-0","6579.792","2500","4079.7920000000004","0.34","20000","6579.792","calculable","2026-06-11T11:14:42.801Z"
"naver-card-10580-balanced_30","naver-card-10580","balanced_30","균형 30만원","300000","","0","2750","0","0","0","0","partial","2026-06-11T11:14:42.801Z"
"naver-card-10580-balanced_50","naver-card-10580","balanced_50","균형 50만원","500000","naver-card-10580-tier-1-500000","2780.85","2750","30.84999999999991","0.0062","16000","2780.85","calculable","2026-06-11T11:14:42.801Z"
"naver-card-10580-balanced_70","naver-card-10580","balanced_70","균형 70만원","700000","naver-card-10580-tier-1-500000","3893.22","2750","1143.2199999999998","0.1633","16000","3893.22","calculable","2026-06-11T11:14:42.801Z"
"naver-card-10580-balanced_100","naver-card-10580","balanced_100","균형 100만원","1000000","naver-card-10580-tier-1-500000","5561.73","2750","2811.7299999999996","0.2812","16000","5561.73","calculable","2026-06-11T11:14:42.801Z"
"naver-card-10580-balanced_120","naver-card-10580","balanced_120","균형 120만원","1200000","naver-card-10580-tier-1-500000","6674.19","2750","3924.1899999999996","0.327","16000","6674.19","calculable","2026-06-11T11:14:42.801Z"
"naver-card-10398-balanced_30","naver-card-10398","balanced_30","균형 30만원","300000","naver-card-10398-tier-1-0","10281","1000","9281","3.0937","20000","10281","calculable","2026-06-11T11:14:42.801Z"
"naver-card-10398-balanced_50","naver-card-10398","balanced_50","균형 50만원","500000","naver-card-10398-tier-1-0","15954.900000000001","1000","14954.900000000001","2.991","20000","15954.900000000001","calculable","2026-06-11T11:14:42.801Z"
"naver-card-10398-balanced_70","naver-card-10398","balanced_70","균형 70만원","700000","naver-card-10398-tier-1-0","19044.8","1000","18044.8","2.5778","20000","19044.8","calculable","2026-06-11T11:14:42.801Z"
"naver-card-10398-balanced_100","naver-card-10398","balanced_100","균형 100만원","1000000","naver-card-10398-tier-1-0","20000","1000","19000","1.9","20000","20000","calculable","2026-06-11T11:14:42.801Z"
"naver-card-10398-balanced_120","naver-card-10398","balanced_120","균형 120만원","1200000","naver-card-10398-tier-1-0","20000","1000","19000","1.5833","20000","20000","calculable","2026-06-11T11:14:42.801Z"
"naver-card-10428-balanced_30","naver-card-10428","balanced_30","균형 30만원","300000","naver-card-10428-tier-1-300000","665.735","833.3333333333334","0","0","20000","665.735","calculable","2026-06-11T11:14:42.801Z"
"naver-card-10428-balanced_50","naver-card-10428","balanced_50","균형 50만원","500000","naver-card-10428-tier-1-300000","1109.545","833.3333333333334","276.2116666666667","0.0552","20000","1109.545","calculable","2026-06-11T11:14:42.801Z"
"naver-card-10428-balanced_70","naver-card-10428","balanced_70","균형 70만원","700000","naver-card-10428-tier-1-300000","1553.3650000000002","833.3333333333334","720.0316666666669","0.1029","20000","1553.3650000000002","calculable","2026-06-11T11:14:42.801Z"
"naver-card-10428-balanced_100","naver-card-10428","balanced_100","균형 100만원","1000000","naver-card-10428-tier-1-300000","2219.0950000000003","833.3333333333334","1385.7616666666668","0.1386","20000","2219.0950000000003","calculable","2026-06-11T11:14:42.801Z"
"naver-card-10428-balanced_120","naver-card-10428","balanced_120","균형 120만원","1200000","naver-card-10428-tier-1-300000","2662.925","833.3333333333334","1829.5916666666667","0.1525","20000","2662.925","calculable","2026-06-11T11:14:42.801Z"
"naver-card-10447-balanced_30","naver-card-10447","balanced_30","균형 30만원","300000","","0","833.3333333333334","0","0","0","0","partial","2026-06-11T11:14:42.801Z"
"naver-card-10447-balanced_50","naver-card-10447","balanced_50","균형 50만원","500000","naver-card-10447-tier-1-400000","18988.800000000003","833.3333333333334","18155.46666666667","3.6311","20000","18988.800000000003","calculable","2026-06-11T11:14:42.801Z"
"naver-card-10447-balanced_70","naver-card-10447","balanced_70","균형 70만원","700000","naver-card-10447-tier-1-400000","20000","833.3333333333334","19166.666666666668","2.7381","20000","21292.199999999997","calculable","2026-06-11T11:14:42.801Z"
"naver-card-10447-balanced_100","naver-card-10447","balanced_100","균형 100만원","1000000","naver-card-10447-tier-1-400000","20000","833.3333333333334","19166.666666666668","1.9167","20000","23370.8","calculable","2026-06-11T11:14:42.801Z"
"naver-card-10447-balanced_120","naver-card-10447","balanced_120","균형 120만원","1200000","naver-card-10447-tier-1-400000","20000","833.3333333333334","19166.666666666668","1.5972","20000","24044.9","calculable","2026-06-11T11:14:42.801Z"
"naver-card-10540-balanced_30","naver-card-10540","balanced_30","균형 30만원","300000","naver-card-10540-tier-1-300000","2000","416.6666666666667","1583.3333333333333","0.5278","2000","4000","calculable","2026-06-11T11:14:42.801Z"
"naver-card-10540-balanced_50","naver-card-10540","balanced_50","균형 50만원","500000","naver-card-10540-tier-1-300000","2000","416.6666666666667","1583.3333333333333","0.3167","2000","4000","calculable","2026-06-11T11:14:42.801Z"
"naver-card-10540-balanced_70","naver-card-10540","balanced_70","균형 70만원","700000","naver-card-10540-tier-1-300000","2000","416.6666666666667","1583.3333333333333","0.2262","2000","4000","calculable","2026-06-11T11:14:42.801Z"
"naver-card-10540-balanced_100","naver-card-10540","balanced_100","균형 100만원","1000000","naver-card-10540-tier-1-300000","2000","416.6666666666667","1583.3333333333333","0.1583","2000","4000","calculable","2026-06-11T11:14:42.801Z"
"naver-card-10540-balanced_120","naver-card-10540","balanced_120","균형 120만원","1200000","naver-card-10540-tier-1-300000","2000","416.6666666666667","1583.3333333333333","0.1319","2000","4000","calculable","2026-06-11T11:14:42.801Z"
"naver-card-10321-balanced_30","naver-card-10321","balanced_30","균형 30만원","300000","naver-card-10321-tier-1-300000","404.5","1000","0","0","10000","404.5","calculable","2026-06-11T11:14:42.801Z"
"naver-card-10321-balanced_50","naver-card-10321","balanced_50","균형 50만원","500000","naver-card-10321-tier-1-300000","674.16","1000","0","0","10000","674.16","calculable","2026-06-11T11:14:42.801Z"
"naver-card-10321-balanced_70","naver-card-10321","balanced_70","균형 70만원","700000","naver-card-10321-tier-1-300000","943.82","1000","0","0","10000","943.82","calculable","2026-06-11T11:14:42.801Z"
"naver-card-10321-balanced_100","naver-card-10321","balanced_100","균형 100만원","1000000","naver-card-10321-tier-1-300000","1348.32","1000","348.31999999999994","0.0348","10000","1348.32","calculable","2026-06-11T11:14:42.801Z"
"naver-card-10321-balanced_120","naver-card-10321","balanced_120","균형 120만원","1200000","naver-card-10321-tier-1-300000","1617.98","1000","617.98","0.0515","10000","1617.98","calculable","2026-06-11T11:14:42.801Z"
"naver-card-10538-balanced_30","naver-card-10538","balanced_30","균형 30만원","300000","naver-card-10538-tier-1-130000","2983.17","12500","0","0","20000","2983.17","calculable","2026-06-11T11:14:42.801Z"
"naver-card-10538-balanced_50","naver-card-10538","balanced_50","균형 50만원","500000","naver-card-10538-tier-1-130000","4971.87","12500","0","0","20000","4971.87","calculable","2026-06-11T11:14:42.801Z"
"naver-card-10538-balanced_70","naver-card-10538","balanced_70","균형 70만원","700000","naver-card-10538-tier-1-130000","6960.66","12500","0","0","20000","6960.66","calculable","2026-06-11T11:14:42.801Z"
"naver-card-10538-balanced_100","naver-card-10538","balanced_100","균형 100만원","1000000","naver-card-10538-tier-1-130000","9943.769999999999","12500","0","0","20000","9943.769999999999","calculable","2026-06-11T11:14:42.801Z"
"naver-card-10538-balanced_120","naver-card-10538","balanced_120","균형 120만원","1200000","naver-card-10538-tier-1-130000","11932.59","12500","0","0","20000","11932.59","calculable","2026-06-11T11:14:42.801Z"
"naver-card-1360-balanced_30","naver-card-1360","balanced_30","균형 30만원","300000","naver-card-1360-tier-1-200000","5814.650000000001","166.66666666666666","5647.983333333334","1.8827","20000","5814.650000000001","calculable","2026-06-11T11:14:42.801Z"
"naver-card-1360-balanced_50","naver-card-1360","balanced_50","균형 50만원","500000","naver-card-1360-tier-1-200000","9690.95","166.66666666666666","9524.283333333335","1.9049","20000","9690.95","calculable","2026-06-11T11:14:42.801Z"
"naver-card-1360-balanced_70","naver-card-1360","balanced_70","균형 70만원","700000","naver-card-1360-tier-1-200000","13567.349999999999","166.66666666666666","13400.683333333332","1.9144","20000","13567.349999999999","calculable","2026-06-11T11:14:42.801Z"
"naver-card-1360-balanced_100","naver-card-1360","balanced_100","균형 100만원","1000000","naver-card-1360-tier-1-200000","19325.75","166.66666666666666","19159.083333333332","1.9159","20000","19325.75","calculable","2026-06-11T11:14:42.801Z"
"naver-card-1360-balanced_120","naver-card-1360","balanced_120","균형 120만원","1200000","naver-card-1360-tier-1-200000","20000","166.66666666666666","19833.333333333332","1.6528","20000","21797.8","calculable","2026-06-11T11:14:42.801Z"
"naver-card-10424-balanced_30","naver-card-10424","balanced_30","균형 30만원","300000","naver-card-10424-tier-1-0","55.619","166.66666666666666","0","0","10000","55.619","calculable","2026-06-11T11:14:42.801Z"
"naver-card-10424-balanced_50","naver-card-10424","balanced_50","균형 50만원","500000","naver-card-10424-tier-1-0","92.69500000000001","166.66666666666666","0","0","10000","92.69500000000001","calculable","2026-06-11T11:14:42.801Z"
"naver-card-10424-balanced_70","naver-card-10424","balanced_70","균형 70만원","700000","naver-card-10424-tier-1-0","129.774","166.66666666666666","0","0","10000","129.774","calculable","2026-06-11T11:14:42.801Z"
"naver-card-10424-balanced_100","naver-card-10424","balanced_100","균형 100만원","1000000","naver-card-10424-tier-1-0","185.39100000000002","166.66666666666666","18.724333333333362","0.0019","10000","185.39100000000002","calculable","2026-06-11T11:14:42.801Z"
"naver-card-10424-balanced_120","naver-card-10424","balanced_120","균형 120만원","1200000","naver-card-10424-tier-1-0","222.473","166.66666666666666","55.806333333333356","0.0047","10000","222.473","calculable","2026-06-11T11:14:42.801Z"
"naver-card-10353-balanced_30","naver-card-10353","balanced_30","균형 30만원","300000","naver-card-10353-tier-1-150000","926.97","16666.666666666668","0","0","20000","926.97","calculable","2026-06-11T11:14:42.801Z"
"naver-card-10353-balanced_50","naver-card-10353","balanced_50","균형 50만원","500000","naver-card-10353-tier-1-150000","1544.93","16666.666666666668","0","0","20000","1544.93","calculable","2026-06-11T11:14:42.801Z"
"naver-card-10353-balanced_70","naver-card-10353","balanced_70","균형 70만원","700000","naver-card-10353-tier-1-150000","2162.91","16666.666666666668","0","0","20000","2162.91","calculable","2026-06-11T11:14:42.801Z"
"naver-card-10353-balanced_100","naver-card-10353","balanced_100","균형 100만원","1000000","naver-card-10353-tier-1-150000","3089.8700000000003","16666.666666666668","0","0","20000","3089.8700000000003","calculable","2026-06-11T11:14:42.801Z"
"naver-card-10353-balanced_120","naver-card-10353","balanced_120","균형 120만원","1200000","naver-card-10353-tier-1-150000","3707.8700000000003","16666.666666666668","0","0","20000","3707.8700000000003","calculable","2026-06-11T11:14:42.801Z"
"naver-card-10335-balanced_30","naver-card-10335","balanced_30","균형 30만원","300000","","0","5833.333333333333","0","0","0","0","partial","2026-06-11T11:14:42.801Z"
"naver-card-10335-balanced_50","naver-card-10335","balanced_50","균형 50만원","500000","naver-card-10335-tier-1-500000","3075.825","5833.333333333333","0","0","32000","3075.825","calculable","2026-06-11T11:14:42.801Z"
"naver-card-10335-balanced_70","naver-card-10335","balanced_70","균형 70만원","700000","naver-card-10335-tier-1-500000","4306.17","5833.333333333333","0","0","32000","4306.17","calculable","2026-06-11T11:14:42.801Z"
"naver-card-10335-balanced_100","naver-card-10335","balanced_100","균형 100만원","1000000","naver-card-10335-tier-1-500000","6151.664999999999","5833.333333333333","318.331666666666","0.0318","32000","6151.664999999999","calculable","2026-06-11T11:14:42.801Z"
"naver-card-10335-balanced_120","naver-card-10335","balanced_120","균형 120만원","1200000","naver-card-10335-tier-1-500000","7382.039999999999","5833.333333333333","1548.706666666666","0.1291","32000","7382.039999999999","calculable","2026-06-11T11:14:42.801Z"
"naver-card-10531-balanced_30","naver-card-10531","balanced_30","균형 30만원","300000","","0","1250","0","0","0","0","partial","2026-06-11T11:14:42.801Z"
"naver-card-10531-balanced_50","naver-card-10531","balanced_50","균형 50만원","500000","naver-card-10531-tier-1-400000","14831.300000000001","1250","13581.300000000001","2.7163","20000","14831.300000000001","calculable","2026-06-11T11:14:42.801Z"
"naver-card-10531-balanced_70","naver-card-10531","balanced_70","균형 70만원","700000","naver-card-10531-tier-1-400000","18763.9","1250","17513.9","2.502","20000","18763.9","calculable","2026-06-11T11:14:42.801Z"
"naver-card-10531-balanced_100","naver-card-10531","balanced_100","균형 100만원","1000000","naver-card-10531-tier-1-400000","20000","1250","18750","1.875","20000","20000","calculable","2026-06-11T11:14:42.801Z"
"naver-card-10531-balanced_120","naver-card-10531","balanced_120","균형 120만원","1200000","naver-card-10531-tier-1-400000","20000","1250","18750","1.5625","20000","20000","calculable","2026-06-11T11:14:42.801Z"
"naver-card-10533-balanced_30","naver-card-10533","balanced_30","균형 30만원","300000","","0","1666.6666666666667","0","0","0","0","partial","2026-06-11T11:14:42.801Z"
"naver-card-10533-balanced_50","naver-card-10533","balanced_50","균형 50만원","500000","naver-card-10533-tier-1-500000","20786.600000000002","1666.6666666666667","19119.933333333334","3.824","32000","20786.600000000002","calculable","2026-06-11T11:14:42.801Z"
"naver-card-10533-balanced_70","naver-card-10533","balanced_70","균형 70만원","700000","naver-card-10533-tier-1-500000","29101.1","1666.6666666666667","27434.43333333333","3.9192","32000","29101.1","calculable","2026-06-11T11:14:42.801Z"
"naver-card-10533-balanced_100","naver-card-10533","balanced_100","균형 100만원","1000000","naver-card-10533-tier-1-500000","32000","1666.6666666666667","30333.333333333332","3.0333","32000","37483.2","calculable","2026-06-11T11:14:42.801Z"
"naver-card-10533-balanced_120","naver-card-10533","balanced_120","균형 120만원","1200000","naver-card-10533-tier-1-500000","32000","1666.6666666666667","30333.333333333332","2.5278","32000","40000","calculable","2026-06-11T11:14:42.801Z"
"naver-card-10503-balanced_30","naver-card-10503","balanced_30","균형 30만원","300000","naver-card-10503-tier-1-300000","84.27","1666.6666666666667","0","0","10000","84.27","calculable","2026-06-11T11:14:42.801Z"
"naver-card-10503-balanced_50","naver-card-10503","balanced_50","균형 50만원","500000","naver-card-10503-tier-1-300000","140.45000000000002","1666.6666666666667","0","0","10000","140.45000000000002","calculable","2026-06-11T11:14:42.801Z"
"naver-card-10503-balanced_70","naver-card-10503","balanced_70","균형 70만원","700000","naver-card-10503-tier-1-300000","196.63","1666.6666666666667","0","0","10000","196.63","calculable","2026-06-11T11:14:42.801Z"
"naver-card-10503-balanced_100","naver-card-10503","balanced_100","균형 100만원","1000000","naver-card-10503-tier-1-300000","280.90000000000003","1666.6666666666667","0","0","10000","280.90000000000003","calculable","2026-06-11T11:14:42.801Z"
"naver-card-10503-balanced_120","naver-card-10503","balanced_120","균형 120만원","1200000","naver-card-10503-tier-1-300000","337.08","1666.6666666666667","0","0","10000","337.08","calculable","2026-06-11T11:14:42.801Z"
"naver-card-10532-balanced_30","naver-card-10532","balanced_30","균형 30만원","300000","","0","1250","0","0","0","0","partial","2026-06-11T11:14:42.801Z"
"naver-card-10532-balanced_50","naver-card-10532","balanced_50","균형 50만원","500000","naver-card-10532-tier-1-400000","20000","1250","18750","3.75","20000","21797.800000000003","calculable","2026-06-11T11:14:42.801Z"
"naver-card-10532-balanced_70","naver-card-10532","balanced_70","균형 70만원","700000","naver-card-10532-tier-1-400000","20000","1250","18750","2.6786","20000","23932.6","calculable","2026-06-11T11:14:42.801Z"
"naver-card-10532-balanced_100","naver-card-10532","balanced_100","균형 100만원","1000000","naver-card-10532-tier-1-400000","20000","1250","18750","1.875","20000","25000","calculable","2026-06-11T11:14:42.801Z"
"naver-card-10532-balanced_120","naver-card-10532","balanced_120","균형 120만원","1200000","naver-card-10532-tier-1-400000","20000","1250","18750","1.5625","20000","25000","calculable","2026-06-11T11:14:42.801Z"
"naver-card-10440-balanced_30","naver-card-10440","balanced_30","균형 30만원","300000","naver-card-10440-tier-1-300000","11966.4","583.3333333333334","11383.066666666666","3.7944","20000","11966.4","calculable","2026-06-11T11:14:42.801Z"
"naver-card-10440-balanced_50","naver-card-10440","balanced_50","균형 50만원","500000","naver-card-10440-tier-1-300000","18763.9","583.3333333333334","18180.56666666667","3.6361","20000","18763.9","calculable","2026-06-11T11:14:42.801Z"
"naver-card-10440-balanced_70","naver-card-10440","balanced_70","균형 70만원","700000","naver-card-10440-tier-1-300000","20000","583.3333333333334","19416.666666666668","2.7738","20000","22977.4","calculable","2026-06-11T11:14:42.801Z"
"naver-card-10440-balanced_100","naver-card-10440","balanced_100","균형 100만원","1000000","naver-card-10440-tier-1-300000","20000","583.3333333333334","19416.666666666668","1.9417","20000","25000","calculable","2026-06-11T11:14:42.801Z"
"naver-card-10440-balanced_120","naver-card-10440","balanced_120","균형 120만원","1200000","naver-card-10440-tier-1-300000","20000","583.3333333333334","19416.666666666668","1.6181","20000","25000","calculable","2026-06-11T11:14:42.801Z"
"naver-card-10266-balanced_30","naver-card-10266","balanced_30","균형 30만원","300000","","0","18250","0","0","0","0","partial","2026-06-11T11:14:42.801Z"
"naver-card-10266-balanced_50","naver-card-10266","balanced_50","균형 50만원","500000","naver-card-10266-tier-1-500000","1938.19","18250","0","0","32000","1938.19","calculable","2026-06-11T11:14:42.801Z"
"naver-card-10266-balanced_70","naver-card-10266","balanced_70","균형 70만원","700000","naver-card-10266-tier-1-500000","2713.4700000000003","18250","0","0","32000","2713.4700000000003","calculable","2026-06-11T11:14:42.801Z"
"naver-card-10266-balanced_100","naver-card-10266","balanced_100","균형 100만원","1000000","naver-card-10266-tier-1-500000","3876.3900000000003","18250","0","0","32000","3876.3900000000003","calculable","2026-06-11T11:14:42.801Z"
"naver-card-10266-balanced_120","naver-card-10266","balanced_120","균형 120만원","1200000","naver-card-10266-tier-1-500000","4651.6900000000005","18250","0","0","32000","4651.6900000000005","calculable","2026-06-11T11:14:42.801Z"
"naver-card-10413-balanced_30","naver-card-10413","balanced_30","균형 30만원","300000","","0","12500","0","0","0","0","partial","2026-06-11T11:14:42.801Z"
"naver-card-10413-balanced_50","naver-card-10413","balanced_50","균형 50만원","500000","","0","12500","0","0","0","0","partial","2026-06-11T11:14:42.801Z"
"naver-card-10413-balanced_70","naver-card-10413","balanced_70","균형 70만원","700000","","0","12500","0","0","0","0","partial","2026-06-11T11:14:42.801Z"
"naver-card-10413-balanced_100","naver-card-10413","balanced_100","균형 100만원","1000000","naver-card-10413-tier-1-1000000","21629.15","12500","9129.150000000001","0.9129","48000","21629.15","calculable","2026-06-11T11:14:42.801Z"
"naver-card-10413-balanced_120","naver-card-10413","balanced_120","균형 120만원","1200000","naver-card-10413-tier-1-1000000","25955.100000000002","12500","13455.100000000002","1.1213","48000","25955.100000000002","calculable","2026-06-11T11:14:42.801Z"
"naver-card-10490-balanced_30","naver-card-10490","balanced_30","균형 30만원","300000","","0","1250","0","0","0","0","partial","2026-06-11T11:14:42.801Z"
"naver-card-10490-balanced_50","naver-card-10490","balanced_50","균형 50만원","500000","naver-card-10490-tier-1-400000","20000","1250","18750","3.75","20000","20674.2","calculable","2026-06-11T11:14:42.801Z"
"naver-card-10490-balanced_70","naver-card-10490","balanced_70","균형 70만원","700000","naver-card-10490-tier-1-400000","20000","1250","18750","2.6786","20000","23651.7","calculable","2026-06-11T11:14:42.801Z"
"naver-card-10490-balanced_100","naver-card-10490","balanced_100","균형 100만원","1000000","naver-card-10490-tier-1-400000","20000","1250","18750","1.875","20000","25000","calculable","2026-06-11T11:14:42.801Z"
"naver-card-10490-balanced_120","naver-card-10490","balanced_120","균형 120만원","1200000","naver-card-10490-tier-1-400000","20000","1250","18750","1.5625","20000","25000","calculable","2026-06-11T11:14:42.801Z"
"naver-card-1573-balanced_30","naver-card-1573","balanced_30","균형 30만원","300000","naver-card-1573-tier-1-300000","3893.2799999999997","416.6666666666667","3476.6133333333332","1.1589","10000","3893.2799999999997","calculable","2026-06-11T11:14:42.801Z"
"naver-card-1573-balanced_50","naver-card-1573","balanced_50","균형 50만원","500000","naver-card-1573-tier-1-300000","6488.73","416.6666666666667","6072.063333333333","1.2144","10000","6488.73","calculable","2026-06-11T11:14:42.801Z"
"naver-card-1573-balanced_70","naver-card-1573","balanced_70","균형 70만원","700000","naver-card-1573-tier-1-300000","9084.24","416.6666666666667","8667.573333333334","1.2382","10000","9084.24","calculable","2026-06-11T11:14:42.801Z"
"naver-card-1573-balanced_100","naver-card-1573","balanced_100","균형 100만원","1000000","naver-card-1573-tier-1-300000","10000","416.6666666666667","9583.333333333334","0.9583","10000","11376.33","calculable","2026-06-11T11:14:42.801Z"
"naver-card-1573-balanced_120","naver-card-1573","balanced_120","균형 120만원","1200000","naver-card-1573-tier-1-300000","10000","416.6666666666667","9583.333333333334","0.7986","10000","12151.71","calculable","2026-06-11T11:14:42.801Z"
"naver-card-10291-balanced_30","naver-card-10291","balanced_30","균형 30만원","300000","","0","1500","0","0","0","0","partial","2026-06-11T11:14:42.801Z"
"naver-card-10291-balanced_50","naver-card-10291","balanced_50","균형 50만원","500000","naver-card-10291-tier-1-400000","10000","1500","8500","1.7","10000","12500","calculable","2026-06-11T11:14:42.801Z"
"naver-card-10291-balanced_70","naver-card-10291","balanced_70","균형 70만원","700000","naver-card-10291-tier-1-400000","10000","1500","8500","1.2143","10000","12500","calculable","2026-06-11T11:14:42.801Z"
"naver-card-10291-balanced_100","naver-card-10291","balanced_100","균형 100만원","1000000","naver-card-10291-tier-1-400000","10000","1500","8500","0.85","10000","12500","calculable","2026-06-11T11:14:42.801Z"
"naver-card-10291-balanced_120","naver-card-10291","balanced_120","균형 120만원","1200000","naver-card-10291-tier-1-400000","10000","1500","8500","0.7083","10000","12500","calculable","2026-06-11T11:14:42.801Z"
"naver-card-10444-balanced_30","naver-card-10444","balanced_30","균형 30만원","300000","","0","750","0","0","0","0","partial","2026-06-11T11:14:42.801Z"
"naver-card-10444-balanced_50","naver-card-10444","balanced_50","균형 50만원","500000","naver-card-10444-tier-1-400000","20000","750","19250","3.85","20000","20898.7","calculable","2026-06-11T11:14:42.801Z"
"naver-card-10444-balanced_70","naver-card-10444","balanced_70","균형 70만원","700000","naver-card-10444-tier-1-400000","20000","750","19250","2.75","20000","23258.300000000003","calculable","2026-06-11T11:14:42.801Z"
"naver-card-10444-balanced_100","naver-card-10444","balanced_100","균형 100만원","1000000","naver-card-10444-tier-1-400000","20000","750","19250","1.925","20000","25000","calculable","2026-06-11T11:14:42.801Z"
"naver-card-10444-balanced_120","naver-card-10444","balanced_120","균형 120만원","1200000","naver-card-10444-tier-1-400000","20000","750","19250","1.6042","20000","25000","calculable","2026-06-11T11:14:42.801Z"
"naver-card-1715-balanced_30","naver-card-1715","balanced_30","균형 30만원","300000","","0","1000","0","0","0","0","partial","2026-06-11T11:14:42.801Z"
"naver-card-1715-balanced_50","naver-card-1715","balanced_50","균형 50만원","500000","naver-card-1715-tier-1-500000","21348.4","1000","20348.4","4.0697","32000","21348.4","calculable","2026-06-11T11:14:42.801Z"
"naver-card-1715-balanced_70","naver-card-1715","balanced_70","균형 70만원","700000","naver-card-1715-tier-1-500000","29235.9","1000","28235.9","4.0337","32000","29235.9","calculable","2026-06-11T11:14:42.801Z"
"naver-card-1715-balanced_100","naver-card-1715","balanced_100","균형 100만원","1000000","naver-card-1715-tier-1-500000","32000","1000","31000","3.1","32000","36359.6","calculable","2026-06-11T11:14:42.801Z"
"naver-card-1715-balanced_120","naver-card-1715","balanced_120","균형 120만원","1200000","naver-card-1715-tier-1-500000","32000","1000","31000","2.5833","32000","38741.6","calculable","2026-06-11T11:14:42.801Z"
"naver-card-1889-balanced_30","naver-card-1889","balanced_30","균형 30만원","300000","naver-card-1889-tier-1-300000","11561.800000000001","1000","10561.800000000001","3.5206","12000","11561.800000000001","calculable","2026-06-11T11:14:42.801Z"
"naver-card-1889-balanced_50","naver-card-1889","balanced_50","균형 50만원","500000","naver-card-1889-tier-1-300000","12000","1000","11000","2.2","12000","13685.4","calculable","2026-06-11T11:14:42.801Z"
"naver-card-1889-balanced_70","naver-card-1889","balanced_70","균형 70만원","700000","naver-card-1889-tier-1-300000","12000","1000","11000","1.5714","12000","14359.6","calculable","2026-06-11T11:14:42.801Z"
"naver-card-1889-balanced_100","naver-card-1889","balanced_100","균형 100만원","1000000","naver-card-1889-tier-1-300000","12000","1000","11000","1.1","12000","15000","calculable","2026-06-11T11:14:42.801Z"
"naver-card-1889-balanced_120","naver-card-1889","balanced_120","균형 120만원","1200000","naver-card-1889-tier-1-300000","12000","1000","11000","0.9167","12000","15000","calculable","2026-06-11T11:14:42.801Z"
"naver-card-1340-balanced_30","naver-card-1340","balanced_30","균형 30만원","300000","naver-card-1340-tier-1-300000","13314.7","416.6666666666667","12898.033333333335","4.2993","40000","13314.7","calculable","2026-06-11T11:14:42.801Z"
"naver-card-1340-balanced_50","naver-card-1340","balanced_50","균형 50만원","500000","naver-card-1340-tier-1-300000","22190.9","416.6666666666667","21774.233333333334","4.3548","40000","22190.9","calculable","2026-06-11T11:14:42.801Z"
"naver-card-1340-balanced_70","naver-card-1340","balanced_70","균형 70만원","700000","naver-card-1340-tier-1-300000","31067.300000000003","416.6666666666667","30650.633333333335","4.3787","40000","31067.300000000003","calculable","2026-06-11T11:14:42.801Z"
"naver-card-1340-balanced_100","naver-card-1340","balanced_100","균형 100만원","1000000","naver-card-1340-tier-1-300000","40000","416.6666666666667","39583.333333333336","3.9583","40000","41909.9","calculable","2026-06-11T11:14:42.801Z"
"naver-card-1340-balanced_120","naver-card-1340","balanced_120","균형 120만원","1200000","naver-card-1340-tier-1-300000","40000","416.6666666666667","39583.333333333336","3.2986","40000","45505.7","calculable","2026-06-11T11:14:42.801Z"
"naver-card-10389-balanced_30","naver-card-10389","balanced_30","균형 30만원","300000","","0","2500","0","0","0","0","partial","2026-06-11T11:14:42.801Z"
"naver-card-10389-balanced_50","naver-card-10389","balanced_50","균형 50만원","500000","naver-card-10389-tier-1-500000","646.05","2500","0","0","16000","646.05","calculable","2026-06-11T11:14:42.801Z"
"naver-card-10389-balanced_70","naver-card-10389","balanced_70","균형 70만원","700000","naver-card-10389-tier-1-500000","904.48","2500","0","0","16000","904.48","calculable","2026-06-11T11:14:42.801Z"
"naver-card-10389-balanced_100","naver-card-10389","balanced_100","균형 100만원","1000000","naver-card-10389-tier-1-500000","1292.1100000000001","2500","0","0","16000","1292.1100000000001","calculable","2026-06-11T11:14:42.801Z"
"naver-card-10389-balanced_120","naver-card-10389","balanced_120","균형 120만원","1200000","naver-card-10389-tier-1-500000","1550.5700000000002","2500","0","0","16000","1550.5700000000002","calculable","2026-06-11T11:14:42.801Z"
"naver-card-10232-balanced_30","naver-card-10232","balanced_30","균형 30만원","300000","naver-card-10232-tier-1-0","724.72","1166.6666666666667","0","0","20000","724.72","calculable","2026-06-11T11:14:42.801Z"
"naver-card-10232-balanced_50","naver-card-10232","balanced_50","균형 50만원","500000","naver-card-10232-tier-1-0","1207.8700000000001","1166.6666666666667","41.203333333333376","0.0082","20000","1207.8700000000001","calculable","2026-06-11T11:14:42.801Z"
"naver-card-10232-balanced_70","naver-card-10232","balanced_70","균형 70만원","700000","naver-card-10232-tier-1-0","1691.0149999999999","1166.6666666666667","524.3483333333331","0.0749","20000","1691.0149999999999","calculable","2026-06-11T11:14:42.801Z"
"naver-card-10232-balanced_100","naver-card-10232","balanced_100","균형 100만원","1000000","naver-card-10232-tier-1-0","2415.7400000000002","1166.6666666666667","1249.0733333333335","0.1249","20000","2415.7400000000002","calculable","2026-06-11T11:14:42.801Z"
"naver-card-10232-balanced_120","naver-card-10232","balanced_120","균형 120만원","1200000","naver-card-10232-tier-1-0","2898.875","1166.6666666666667","1732.2083333333333","0.1444","20000","2898.875","calculable","2026-06-11T11:14:42.801Z"
"naver-card-10591-balanced_30","naver-card-10591","balanced_30","균형 30만원","300000","naver-card-10591-tier-1-0","556.19","833.3333333333334","0","0","10000","556.19","calculable","2026-06-11T11:14:42.801Z"
"naver-card-10591-balanced_50","naver-card-10591","balanced_50","균형 50만원","500000","naver-card-10591-tier-1-0","926.95","833.3333333333334","93.61666666666667","0.0187","10000","926.95","calculable","2026-06-11T11:14:42.801Z"
"naver-card-10591-balanced_70","naver-card-10591","balanced_70","균형 70만원","700000","naver-card-10591-tier-1-0","1297.74","833.3333333333334","464.40666666666664","0.0663","10000","1297.74","calculable","2026-06-11T11:14:42.801Z"
"naver-card-10591-balanced_100","naver-card-10591","balanced_100","균형 100만원","1000000","naver-card-10591-tier-1-0","1853.91","833.3333333333334","1020.5766666666667","0.1021","10000","1853.91","calculable","2026-06-11T11:14:42.801Z"
"naver-card-10591-balanced_120","naver-card-10591","balanced_120","균형 120만원","1200000","naver-card-10591-tier-1-0","2224.73","833.3333333333334","1391.3966666666665","0.1159","10000","2224.73","calculable","2026-06-11T11:14:42.801Z"
"naver-card-2345-balanced_30","naver-card-2345","balanced_30","균형 30만원","300000","naver-card-2345-tier-1-300000","2780.91","0","2780.91","0.927","20000","2780.91","calculable","2026-06-11T11:14:42.801Z"
"naver-card-2345-balanced_50","naver-card-2345","balanced_50","균형 50만원","500000","naver-card-2345-tier-1-300000","4634.79","0","4634.79","0.927","20000","4634.79","calculable","2026-06-11T11:14:42.801Z"
"naver-card-2345-balanced_70","naver-card-2345","balanced_70","균형 70만원","700000","naver-card-2345-tier-1-300000","6488.7300000000005","0","6488.7300000000005","0.927","20000","6488.7300000000005","calculable","2026-06-11T11:14:42.801Z"
"naver-card-2345-balanced_100","naver-card-2345","balanced_100","균형 100만원","1000000","naver-card-2345-tier-1-300000","9269.609999999999","0","9269.609999999999","0.927","20000","9269.609999999999","calculable","2026-06-11T11:14:42.801Z"
"naver-card-2345-balanced_120","naver-card-2345","balanced_120","균형 120만원","1200000","naver-card-2345-tier-1-300000","11123.61","0","11123.61","0.927","20000","11123.61","calculable","2026-06-11T11:14:42.801Z"
"naver-card-1337-balanced_30","naver-card-1337","balanced_30","균형 30만원","300000","naver-card-1337-tier-1-300000","370.79","583.3333333333334","0","0","10000","370.79","calculable","2026-06-11T11:14:42.801Z"
"naver-card-1337-balanced_50","naver-card-1337","balanced_50","균형 50만원","500000","naver-card-1337-tier-1-300000","617.98","583.3333333333334","34.64666666666665","0.0069","10000","617.98","calculable","2026-06-11T11:14:42.801Z"
"naver-card-1337-balanced_70","naver-card-1337","balanced_70","균형 70만원","700000","naver-card-1337-tier-1-300000","865.1700000000001","583.3333333333334","281.8366666666667","0.0403","10000","865.1700000000001","calculable","2026-06-11T11:14:42.801Z"
"naver-card-1337-balanced_100","naver-card-1337","balanced_100","균형 100만원","1000000","naver-card-1337-tier-1-300000","1235.96","583.3333333333334","652.6266666666667","0.0653","10000","1235.96","calculable","2026-06-11T11:14:42.801Z"
"naver-card-1337-balanced_120","naver-card-1337","balanced_120","균형 120만원","1200000","naver-card-1337-tier-1-300000","1483.15","583.3333333333334","899.8166666666667","0.075","10000","1483.15","calculable","2026-06-11T11:14:42.801Z"
"naver-card-10194-balanced_30","naver-card-10194","balanced_30","균형 30만원","300000","naver-card-10194-tier-1-200000","660.6800000000001","0","660.6800000000001","0.2202","15000","660.6800000000001","calculable","2026-06-11T11:14:42.801Z"
"naver-card-10194-balanced_50","naver-card-10194","balanced_50","균형 50만원","500000","naver-card-10194-tier-1-200000","1101.112","0","1101.112","0.2202","15000","1101.112","calculable","2026-06-11T11:14:42.801Z"
"naver-card-10194-balanced_70","naver-card-10194","balanced_70","균형 70만원","700000","naver-card-10194-tier-1-200000","1541.56","0","1541.56","0.2202","15000","1541.56","calculable","2026-06-11T11:14:42.801Z"
"naver-card-10194-balanced_100","naver-card-10194","balanced_100","균형 100만원","1000000","naver-card-10194-tier-1-200000","2202.232","0","2202.232","0.2202","15000","2202.232","calculable","2026-06-11T11:14:42.801Z"
"naver-card-10194-balanced_120","naver-card-10194","balanced_120","균형 120만원","1200000","naver-card-10194-tier-1-200000","2642.704","0","2642.704","0.2202","15000","2642.704","calculable","2026-06-11T11:14:42.801Z"
"naver-card-2348-balanced_30","naver-card-2348","balanced_30","균형 30만원","300000","naver-card-2348-tier-1-300000","2983.17","0","2983.17","0.9944","20000","2983.17","calculable","2026-06-11T11:14:42.801Z"
"naver-card-2348-balanced_50","naver-card-2348","balanced_50","균형 50만원","500000","naver-card-2348-tier-1-300000","4971.87","0","4971.87","0.9944","20000","4971.87","calculable","2026-06-11T11:14:42.801Z"
"naver-card-2348-balanced_70","naver-card-2348","balanced_70","균형 70만원","700000","naver-card-2348-tier-1-300000","6960.66","0","6960.66","0.9944","20000","6960.66","calculable","2026-06-11T11:14:42.801Z"
"naver-card-2348-balanced_100","naver-card-2348","balanced_100","균형 100만원","1000000","naver-card-2348-tier-1-300000","9943.769999999999","0","9943.769999999999","0.9944","20000","9943.769999999999","calculable","2026-06-11T11:14:42.801Z"
"naver-card-2348-balanced_120","naver-card-2348","balanced_120","균형 120만원","1200000","naver-card-2348-tier-1-300000","11932.589999999998","0","11932.589999999998","0.9944","20000","11932.589999999998","calculable","2026-06-11T11:14:42.801Z"
"naver-card-10265-balanced_30","naver-card-10265","balanced_30","균형 30만원","300000","","0","18250","0","0","0","0","partial","2026-06-11T11:14:42.801Z"
"naver-card-10265-balanced_50","naver-card-10265","balanced_50","균형 50만원","500000","naver-card-10265-tier-1-500000","2387.63","18250","0","0","32000","2387.63","calculable","2026-06-11T11:14:42.801Z"
"naver-card-10265-balanced_70","naver-card-10265","balanced_70","균형 70만원","700000","naver-card-10265-tier-1-500000","3342.6800000000003","18250","0","0","32000","3342.6800000000003","calculable","2026-06-11T11:14:42.801Z"
"naver-card-10265-balanced_100","naver-card-10265","balanced_100","균형 100만원","1000000","naver-card-10265-tier-1-500000","4775.27","18250","0","0","32000","4775.27","calculable","2026-06-11T11:14:42.801Z"
"naver-card-10265-balanced_120","naver-card-10265","balanced_120","균형 120만원","1200000","naver-card-10265-tier-1-500000","5730.34","18250","0","0","32000","5730.34","calculable","2026-06-11T11:14:42.801Z"
"naver-card-10594-balanced_30","naver-card-10594","balanced_30","균형 30만원","300000","","0","16666.666666666668","0","0","0","0","partial","2026-06-11T11:14:42.801Z"
"naver-card-10594-balanced_50","naver-card-10594","balanced_50","균형 50만원","500000","naver-card-10594-tier-1-500000","2050.55","16666.666666666668","0","0","32000","2050.55","calculable","2026-06-11T11:14:42.801Z"
"naver-card-10594-balanced_70","naver-card-10594","balanced_70","균형 70만원","700000","naver-card-10594-tier-1-500000","2870.78","16666.666666666668","0","0","32000","2870.78","calculable","2026-06-11T11:14:42.801Z"
"naver-card-10594-balanced_100","naver-card-10594","balanced_100","균형 100만원","1000000","naver-card-10594-tier-1-500000","4101.11","16666.666666666668","0","0","32000","4101.11","calculable","2026-06-11T11:14:42.801Z"
"naver-card-10594-balanced_120","naver-card-10594","balanced_120","균형 120만원","1200000","naver-card-10594-tier-1-500000","4921.35","16666.666666666668","0","0","32000","4921.35","calculable","2026-06-11T11:14:42.801Z"
"naver-card-10614-balanced_30","naver-card-10614","balanced_30","균형 30만원","300000","naver-card-10614-tier-1-300000","12303.400000000001","416.6666666666667","11886.733333333335","3.9622","20000","12303.400000000001","calculable","2026-06-11T11:14:42.801Z"
"naver-card-10614-balanced_50","naver-card-10614","balanced_50","균형 50만원","500000","naver-card-10614-tier-1-300000","19269.5","416.6666666666667","18852.833333333332","3.7706","20000","19269.5","calculable","2026-06-11T11:14:42.801Z"
"naver-card-10614-balanced_70","naver-card-10614","balanced_70","균형 70만원","700000","naver-card-10614-tier-1-300000","20000","416.6666666666667","19583.333333333332","2.7976","20000","21685.3","calculable","2026-06-11T11:14:42.801Z"
"naver-card-10614-balanced_100","naver-card-10614","balanced_100","균형 100만원","1000000","naver-card-10614-tier-1-300000","20000","416.6666666666667","19583.333333333332","1.9583","20000","23370.8","calculable","2026-06-11T11:14:42.801Z"
"naver-card-10614-balanced_120","naver-card-10614","balanced_120","균형 120만원","1200000","naver-card-10614-tier-1-300000","20000","416.6666666666667","19583.333333333332","1.6319","20000","24044.9","calculable","2026-06-11T11:14:42.801Z"
"naver-card-10557-balanced_30","naver-card-10557","balanced_30","균형 30만원","300000","","0","1666.6666666666667","0","0","0","0","partial","2026-06-11T11:14:42.801Z"
"naver-card-10557-balanced_50","naver-card-10557","balanced_50","균형 50만원","500000","naver-card-10557-tier-1-400000","10000","1666.6666666666667","8333.333333333334","1.6667","10000","10000","calculable","2026-06-11T11:14:42.801Z"
"naver-card-10557-balanced_70","naver-card-10557","balanced_70","균형 70만원","700000","naver-card-10557-tier-1-400000","10000","1666.6666666666667","8333.333333333334","1.1905","10000","10000","calculable","2026-06-11T11:14:42.801Z"
"naver-card-10557-balanced_100","naver-card-10557","balanced_100","균형 100만원","1000000","naver-card-10557-tier-1-400000","10000","1666.6666666666667","8333.333333333334","0.8333","10000","10000","calculable","2026-06-11T11:14:42.801Z"
"naver-card-10557-balanced_120","naver-card-10557","balanced_120","균형 120만원","1200000","naver-card-10557-tier-1-400000","10000","1666.6666666666667","8333.333333333334","0.6944","10000","10000","calculable","2026-06-11T11:14:42.801Z"
"naver-card-10524-balanced_30","naver-card-10524","balanced_30","균형 30만원","300000","naver-card-10524-tier-1-300000","606.75","1916.6666666666667","0","0","10000","606.75","calculable","2026-06-11T11:14:42.801Z"
"naver-card-10524-balanced_50","naver-card-10524","balanced_50","균형 50만원","500000","naver-card-10524-tier-1-300000","1011.24","1916.6666666666667","0","0","10000","1011.24","calculable","2026-06-11T11:14:42.801Z"
"naver-card-10524-balanced_70","naver-card-10524","balanced_70","균형 70만원","700000","naver-card-10524-tier-1-300000","1415.73","1916.6666666666667","0","0","10000","1415.73","calculable","2026-06-11T11:14:42.801Z"
"naver-card-10524-balanced_100","naver-card-10524","balanced_100","균형 100만원","1000000","naver-card-10524-tier-1-300000","2022.48","1916.6666666666667","105.81333333333328","0.0106","10000","2022.48","calculable","2026-06-11T11:14:42.801Z"
"naver-card-10524-balanced_120","naver-card-10524","balanced_120","균형 120만원","1200000","naver-card-10524-tier-1-300000","2426.97","1916.6666666666667","510.30333333333306","0.0425","10000","2426.97","calculable","2026-06-11T11:14:42.801Z"
"naver-card-10316-balanced_30","naver-card-10316","balanced_30","균형 30만원","300000","","0","12500","0","0","0","0","partial","2026-06-11T11:14:42.801Z"
"naver-card-10316-balanced_50","naver-card-10316","balanced_50","균형 50만원","500000","naver-card-10316-tier-1-500000","926.95","12500","0","0","16000","926.95","calculable","2026-06-11T11:14:42.801Z"
"naver-card-10316-balanced_70","naver-card-10316","balanced_70","균형 70만원","700000","naver-card-10316-tier-1-500000","1297.74","12500","0","0","16000","1297.74","calculable","2026-06-11T11:14:42.801Z"
"naver-card-10316-balanced_100","naver-card-10316","balanced_100","균형 100만원","1000000","naver-card-10316-tier-1-500000","1853.91","12500","0","0","16000","1853.91","calculable","2026-06-11T11:14:42.801Z"
"naver-card-10316-balanced_120","naver-card-10316","balanced_120","균형 120만원","1200000","naver-card-10316-tier-1-500000","2224.73","12500","0","0","16000","2224.73","calculable","2026-06-11T11:14:42.801Z"
"naver-card-10639-balanced_30","naver-card-10639","balanced_30","균형 30만원","300000","","0","2916.6666666666665","0","0","0","0","partial","2026-06-11T11:14:42.801Z"
"naver-card-10639-balanced_50","naver-card-10639","balanced_50","균형 50만원","500000","","0","2916.6666666666665","0","0","0","0","partial","2026-06-11T11:14:42.801Z"
"naver-card-10639-balanced_70","naver-card-10639","balanced_70","균형 70만원","700000","naver-card-10639-tier-1-700000","1415.73","2916.6666666666665","0","0","42000","1415.73","calculable","2026-06-11T11:14:42.801Z"
"naver-card-10639-balanced_100","naver-card-10639","balanced_100","균형 100만원","1000000","naver-card-10639-tier-1-700000","2022.48","2916.6666666666665","0","0","42000","2022.48","calculable","2026-06-11T11:14:42.801Z"
"naver-card-10639-balanced_120","naver-card-10639","balanced_120","균형 120만원","1200000","naver-card-10639-tier-1-700000","2426.97","2916.6666666666665","0","0","42000","2426.97","calculable","2026-06-11T11:14:42.801Z"
"naver-card-10501-balanced_30","naver-card-10501","balanced_30","균형 30만원","300000","","0","1166.6666666666667","0","0","0","0","partial","2026-06-11T11:14:42.801Z"
"naver-card-10501-balanced_50","naver-card-10501","balanced_50","균형 50만원","500000","naver-card-10501-tier-1-500000","11236.000000000002","1166.6666666666667","10069.333333333336","2.0139","32000","11236.000000000002","calculable","2026-06-11T11:14:42.801Z"
"naver-card-10501-balanced_70","naver-card-10501","balanced_70","균형 70만원","700000","naver-card-10501-tier-1-500000","15730.349999999999","1166.6666666666667","14563.683333333332","2.0805","32000","15730.349999999999","calculable","2026-06-11T11:14:42.801Z"
"naver-card-10501-balanced_100","naver-card-10501","balanced_100","균형 100만원","1000000","naver-card-10501-tier-1-500000","22472.000000000004","1166.6666666666667","21305.333333333336","2.1305","32000","22472.000000000004","calculable","2026-06-11T11:14:42.801Z"
"naver-card-10501-balanced_120","naver-card-10501","balanced_120","균형 120만원","1200000","naver-card-10501-tier-1-500000","26966.25","1166.6666666666667","25799.583333333332","2.15","32000","26966.25","calculable","2026-06-11T11:14:42.801Z"
"naver-card-10613-balanced_30","naver-card-10613","balanced_30","균형 30만원","300000","naver-card-10613-tier-1-300000","6488.8","416.6666666666667","6072.133333333333","2.024","20000","6488.8","calculable","2026-06-11T11:14:42.801Z"
"naver-card-10613-balanced_50","naver-card-10613","balanced_50","균형 50만원","500000","naver-card-10613-tier-1-300000","10814.550000000001","416.6666666666667","10397.883333333335","2.0796","20000","10814.550000000001","calculable","2026-06-11T11:14:42.801Z"
"naver-card-10613-balanced_70","naver-card-10613","balanced_70","균형 70만원","700000","naver-card-10613-tier-1-300000","15140.400000000001","416.6666666666667","14723.733333333335","2.1034","20000","15140.400000000001","calculable","2026-06-11T11:14:42.801Z"
"naver-card-10613-balanced_100","naver-card-10613","balanced_100","균형 100만원","1000000","naver-card-10613-tier-1-300000","20000","416.6666666666667","19583.333333333332","1.9583","20000","20393.15","calculable","2026-06-11T11:14:42.801Z"
"naver-card-10613-balanced_120","naver-card-10613","balanced_120","균형 120만원","1200000","naver-card-10613-tier-1-300000","20000","416.6666666666667","19583.333333333332","1.6319","20000","22078.7","calculable","2026-06-11T11:14:42.801Z"
"naver-card-10299-balanced_30","naver-card-10299","balanced_30","균형 30만원","300000","naver-card-10299-tier-1-300000","11629.300000000001","1250","10379.300000000001","3.4598","20000","11629.300000000001","calculable","2026-06-11T11:14:42.801Z"
"naver-card-10299-balanced_50","naver-card-10299","balanced_50","균형 50만원","500000","naver-card-10299-tier-1-300000","17584.100000000002","1250","16334.100000000002","3.2668","20000","17584.100000000002","calculable","2026-06-11T11:14:42.801Z"
"naver-card-10299-balanced_70","naver-card-10299","balanced_70","균형 70만원","700000","naver-card-10299-tier-1-300000","19325.7","1250","18075.7","2.5822","20000","19325.7","calculable","2026-06-11T11:14:42.801Z"
"naver-card-10299-balanced_100","naver-card-10299","balanced_100","균형 100만원","1000000","naver-card-10299-tier-1-300000","20000","1250","18750","1.875","20000","20000","calculable","2026-06-11T11:14:42.801Z"
"naver-card-10299-balanced_120","naver-card-10299","balanced_120","균형 120만원","1200000","naver-card-10299-tier-1-300000","20000","1250","18750","1.5625","20000","20000","calculable","2026-06-11T11:14:42.801Z"
"naver-card-10597-balanced_30","naver-card-10597","balanced_30","균형 30만원","300000","naver-card-10597-tier-1-0","1112.37","1666.6666666666667","0","0","50000","1112.37","calculable","2026-06-11T11:14:42.801Z"
"naver-card-10597-balanced_50","naver-card-10597","balanced_50","균형 50만원","500000","naver-card-10597-tier-1-0","1853.9399999999998","1666.6666666666667","187.27333333333308","0.0375","50000","1853.9399999999998","calculable","2026-06-11T11:14:42.801Z"
"naver-card-10597-balanced_70","naver-card-10597","balanced_70","균형 70만원","700000","naver-card-10597-tier-1-0","2595.5099999999998","1666.6666666666667","928.843333333333","0.1327","50000","2595.5099999999998","calculable","2026-06-11T11:14:42.801Z"
"naver-card-10597-balanced_100","naver-card-10597","balanced_100","균형 100만원","1000000","naver-card-10597-tier-1-0","3707.8799999999997","1666.6666666666667","2041.213333333333","0.2041","50000","3707.8799999999997","calculable","2026-06-11T11:14:42.801Z"
"naver-card-10597-balanced_120","naver-card-10597","balanced_120","균형 120만원","1200000","naver-card-10597-tier-1-0","4449.45","1666.6666666666667","2782.783333333333","0.2319","50000","4449.45","calculable","2026-06-11T11:14:42.801Z"
"naver-card-10486-balanced_30","naver-card-10486","balanced_30","균형 30만원","300000","naver-card-10486-tier-1-0","1854","166.66666666666666","1687.3333333333333","0.5624","10000","1854","calculable","2026-06-11T11:14:42.801Z"
"naver-card-10486-balanced_50","naver-card-10486","balanced_50","균형 50만원","500000","naver-card-10486-tier-1-0","3089.7000000000003","166.66666666666666","2923.0333333333338","0.5846","10000","3089.7000000000003","calculable","2026-06-11T11:14:42.801Z"
"naver-card-10486-balanced_70","naver-card-10486","balanced_70","균형 70만원","700000","naver-card-10486-tier-1-0","4325.7","166.66666666666666","4159.033333333333","0.5941","10000","4325.7","calculable","2026-06-11T11:14:42.801Z"
"naver-card-10486-balanced_100","naver-card-10486","balanced_100","균형 100만원","1000000","naver-card-10486-tier-1-0","6179.5","166.66666666666666","6012.833333333333","0.6013","10000","6179.5","calculable","2026-06-11T11:14:42.801Z"
"naver-card-10486-balanced_120","naver-card-10486","balanced_120","균형 120만원","1200000","naver-card-10486-tier-1-0","7415.8","166.66666666666666","7249.133333333333","0.6041","10000","7415.8","calculable","2026-06-11T11:14:42.801Z"
"naver-card-1312-balanced_30","naver-card-1312","balanced_30","균형 30만원","300000","naver-card-1312-tier-1-0","370.79","1250","0","0","10000","370.79","calculable","2026-06-11T11:14:42.801Z"
"naver-card-1312-balanced_50","naver-card-1312","balanced_50","균형 50만원","500000","naver-card-1312-tier-1-0","617.98","1250","0","0","10000","617.98","calculable","2026-06-11T11:14:42.801Z"
"naver-card-1312-balanced_70","naver-card-1312","balanced_70","균형 70만원","700000","naver-card-1312-tier-1-0","865.1700000000001","1250","0","0","10000","865.1700000000001","calculable","2026-06-11T11:14:42.801Z"
"naver-card-1312-balanced_100","naver-card-1312","balanced_100","균형 100만원","1000000","naver-card-1312-tier-1-0","1235.96","1250","0","0","10000","1235.96","calculable","2026-06-11T11:14:42.801Z"
"naver-card-1312-balanced_120","naver-card-1312","balanced_120","균형 120만원","1200000","naver-card-1312-tier-1-0","1483.15","1250","233.1500000000001","0.0194","10000","1483.15","calculable","2026-06-11T11:14:42.801Z"
"naver-card-10610-balanced_30","naver-card-10610","balanced_30","균형 30만원","300000","naver-card-10610-tier-1-300000","3893.2799999999997","416.6666666666667","3476.6133333333332","1.1589","20000","3893.2799999999997","calculable","2026-06-11T11:14:42.801Z"
"naver-card-10610-balanced_50","naver-card-10610","balanced_50","균형 50만원","500000","naver-card-10610-tier-1-300000","6488.73","416.6666666666667","6072.063333333333","1.2144","20000","6488.73","calculable","2026-06-11T11:14:42.801Z"
"naver-card-10610-balanced_70","naver-card-10610","balanced_70","균형 70만원","700000","naver-card-10610-tier-1-300000","9084.24","416.6666666666667","8667.573333333334","1.2382","20000","9084.24","calculable","2026-06-11T11:14:42.801Z"
"naver-card-10610-balanced_100","naver-card-10610","balanced_100","균형 100만원","1000000","naver-card-10610-tier-1-300000","12977.489999999998","416.6666666666667","12560.823333333332","1.2561","20000","12977.489999999998","calculable","2026-06-11T11:14:42.801Z"
"naver-card-10610-balanced_120","naver-card-10610","balanced_120","균형 120만원","1200000","naver-card-10610-tier-1-300000","15573.059999999998","416.6666666666667","15156.393333333332","1.263","20000","15573.059999999998","calculable","2026-06-11T11:14:42.801Z"
"naver-card-10516-balanced_30","naver-card-10516","balanced_30","균형 30만원","300000","naver-card-10516-tier-1-300000","84.27","1666.6666666666667","0","0","10000","84.27","calculable","2026-06-11T11:14:42.801Z"
"naver-card-10516-balanced_50","naver-card-10516","balanced_50","균형 50만원","500000","naver-card-10516-tier-1-300000","140.45000000000002","1666.6666666666667","0","0","10000","140.45000000000002","calculable","2026-06-11T11:14:42.801Z"
"naver-card-10516-balanced_70","naver-card-10516","balanced_70","균형 70만원","700000","naver-card-10516-tier-1-300000","196.63","1666.6666666666667","0","0","10000","196.63","calculable","2026-06-11T11:14:42.801Z"
"naver-card-10516-balanced_100","naver-card-10516","balanced_100","균형 100만원","1000000","naver-card-10516-tier-1-300000","280.90000000000003","1666.6666666666667","0","0","10000","280.90000000000003","calculable","2026-06-11T11:14:42.801Z"
"naver-card-10516-balanced_120","naver-card-10516","balanced_120","균형 120만원","1200000","naver-card-10516-tier-1-300000","337.08","1666.6666666666667","0","0","10000","337.08","calculable","2026-06-11T11:14:42.801Z"
"naver-card-10035-balanced_30","naver-card-10035","balanced_30","균형 30만원","300000","naver-card-10035-tier-1-300000","9606.800000000001","0","9606.800000000001","3.2023","20000","9606.800000000001","calculable","2026-06-11T11:14:42.801Z"
"naver-card-10035-balanced_50","naver-card-10035","balanced_50","균형 50만원","500000","naver-card-10035-tier-1-300000","14775.1","0","14775.1","2.955","20000","14775.1","calculable","2026-06-11T11:14:42.801Z"
"naver-card-10035-balanced_70","naver-card-10035","balanced_70","균형 70만원","700000","naver-card-10035-tier-1-300000","16685.3","0","16685.3","2.3836","20000","16685.3","calculable","2026-06-11T11:14:42.801Z"
"naver-card-10035-balanced_100","naver-card-10035","balanced_100","균형 100만원","1000000","naver-card-10035-tier-1-300000","18370.8","0","18370.8","1.8371","20000","18370.8","calculable","2026-06-11T11:14:42.801Z"
"naver-card-10035-balanced_120","naver-card-10035","balanced_120","균형 120만원","1200000","naver-card-10035-tier-1-300000","19044.9","0","19044.9","1.5871","20000","19044.9","calculable","2026-06-11T11:14:42.801Z"
"naver-card-10320-balanced_30","naver-card-10320","balanced_30","균형 30만원","300000","","0","9583.333333333334","0","0","0","0","partial","2026-06-11T11:14:42.801Z"
"naver-card-10320-balanced_50","naver-card-10320","balanced_50","균형 50만원","500000","naver-card-10320-tier-1-500000","9269.5","9583.333333333334","0","0","16000","9269.5","calculable","2026-06-11T11:14:42.801Z"
"naver-card-10320-balanced_70","naver-card-10320","balanced_70","균형 70만원","700000","naver-card-10320-tier-1-500000","12325.7","9583.333333333334","2742.366666666667","0.3918","16000","12325.7","calculable","2026-06-11T11:14:42.801Z"
"naver-card-10320-balanced_100","naver-card-10320","balanced_100","균형 100만원","1000000","naver-card-10320-tier-1-500000","14179.5","9583.333333333334","4596.166666666666","0.4596","16000","14179.5","calculable","2026-06-11T11:14:42.801Z"
"naver-card-10320-balanced_120","naver-card-10320","balanced_120","균형 120만원","1200000","naver-card-10320-tier-1-500000","15415.8","9583.333333333334","5832.466666666665","0.486","16000","15415.8","calculable","2026-06-11T11:14:42.801Z"
"naver-card-10558-balanced_30","naver-card-10558","balanced_30","균형 30만원","300000","","0","2500","0","0","0","0","partial","2026-06-11T11:14:42.801Z"
"naver-card-10558-balanced_50","naver-card-10558","balanced_50","균형 50만원","500000","naver-card-10558-tier-1-400000","2106.73","2500","0","0","20000","2106.73","calculable","2026-06-11T11:14:42.801Z"
"naver-card-10558-balanced_70","naver-card-10558","balanced_70","균형 70만원","700000","naver-card-10558-tier-1-400000","2949.4300000000003","2500","449.4300000000003","0.0642","20000","2949.4300000000003","calculable","2026-06-11T11:14:42.801Z"
"naver-card-10558-balanced_100","naver-card-10558","balanced_100","균형 100만원","1000000","naver-card-10558-tier-1-400000","4213.47","2500","1713.4700000000003","0.1713","20000","4213.47","calculable","2026-06-11T11:14:42.801Z"
"naver-card-10558-balanced_120","naver-card-10558","balanced_120","균형 120만원","1200000","naver-card-10558-tier-1-400000","5056.1900000000005","2500","2556.1900000000005","0.213","20000","5056.1900000000005","calculable","2026-06-11T11:14:42.801Z"
"naver-card-10530-balanced_30","naver-card-10530","balanced_30","균형 30만원","300000","","0","1250","0","0","0","0","partial","2026-06-11T11:14:42.801Z"
"naver-card-10530-balanced_50","naver-card-10530","balanced_50","균형 50만원","500000","naver-card-10530-tier-1-400000","13145.900000000001","1250","11895.900000000001","2.3792","20000","13145.900000000001","calculable","2026-06-11T11:14:42.801Z"
"naver-card-10530-balanced_70","naver-card-10530","balanced_70","균형 70만원","700000","naver-card-10530-tier-1-400000","16404.4","1250","15154.400000000001","2.1649","20000","16404.4","calculable","2026-06-11T11:14:42.801Z"
"naver-card-10530-balanced_100","naver-card-10530","balanced_100","균형 100만원","1000000","naver-card-10530-tier-1-400000","18370.8","1250","17120.8","1.7121","20000","18370.8","calculable","2026-06-11T11:14:42.801Z"
"naver-card-10530-balanced_120","naver-card-10530","balanced_120","균형 120만원","1200000","naver-card-10530-tier-1-400000","19044.9","1250","17794.9","1.4829","20000","19044.9","calculable","2026-06-11T11:14:42.801Z"
"naver-card-10359-balanced_30","naver-card-10359","balanced_30","균형 30만원","300000","","0","16666.666666666668","0","0","0","0","partial","2026-06-11T11:14:42.801Z"
"naver-card-10359-balanced_50","naver-card-10359","balanced_50","균형 50만원","500000","","0","16666.666666666668","0","0","0","0","partial","2026-06-11T11:14:42.801Z"
"naver-card-10359-balanced_70","naver-card-10359","balanced_70","균형 70만원","700000","","0","16666.666666666668","0","0","0","0","partial","2026-06-11T11:14:42.801Z"
"naver-card-10359-balanced_100","naver-card-10359","balanced_100","균형 100만원","1000000","naver-card-10359-tier-1-1000000","41775.1","16666.666666666668","25108.43333333333","2.5108","48000","41775.1","calculable","2026-06-11T11:14:42.801Z"
"naver-card-10359-balanced_120","naver-card-10359","balanced_120","균형 120만원","1200000","naver-card-10359-tier-1-1000000","46247.3","16666.666666666668","29580.633333333335","2.4651","48000","46247.3","calculable","2026-06-11T11:14:42.801Z"
"naver-card-10395-balanced_30","naver-card-10395","balanced_30","균형 30만원","300000","naver-card-10395-tier-1-0","185.4","4000","0","0","10000","185.4","calculable","2026-06-11T11:14:42.801Z"
"naver-card-10395-balanced_50","naver-card-10395","balanced_50","균형 50만원","500000","naver-card-10395-tier-1-0","308.97","4000","0","0","10000","308.97","calculable","2026-06-11T11:14:42.801Z"
"naver-card-10395-balanced_70","naver-card-10395","balanced_70","균형 70만원","700000","naver-card-10395-tier-1-0","432.57","4000","0","0","10000","432.57","calculable","2026-06-11T11:14:42.801Z"
"naver-card-10395-balanced_100","naver-card-10395","balanced_100","균형 100만원","1000000","naver-card-10395-tier-1-0","617.95","4000","0","0","10000","617.95","calculable","2026-06-11T11:14:42.801Z"
"naver-card-10395-balanced_120","naver-card-10395","balanced_120","균형 120만원","1200000","naver-card-10395-tier-1-0","741.58","4000","0","0","10000","741.58","calculable","2026-06-11T11:14:42.801Z"
"naver-card-710-balanced_30","naver-card-710","balanced_30","균형 30만원","300000","naver-card-710-tier-1-200000","10955.1","0","10955.1","3.6517","20000","10955.1","calculable","2026-06-11T11:14:42.801Z"
"naver-card-710-balanced_50","naver-card-710","balanced_50","균형 50만원","500000","naver-card-710-tier-1-200000","17078.500000000004","0","17078.500000000004","3.4157","20000","17078.500000000004","calculable","2026-06-11T11:14:42.801Z"
"naver-card-710-balanced_70","naver-card-710","balanced_70","균형 70만원","700000","naver-card-710-tier-1-200000","19325.7","0","19325.7","2.7608","20000","19325.7","calculable","2026-06-11T11:14:42.801Z"
"naver-card-710-balanced_100","naver-card-710","balanced_100","균형 100만원","1000000","naver-card-710-tier-1-200000","20000","0","20000","2","20000","20000","calculable","2026-06-11T11:14:42.801Z"
"naver-card-710-balanced_120","naver-card-710","balanced_120","균형 120만원","1200000","naver-card-710-tier-1-200000","20000","0","20000","1.6667","20000","20000","calculable","2026-06-11T11:14:42.801Z"
"naver-card-10414-balanced_30","naver-card-10414","balanced_30","균형 30만원","300000","","0","25000","0","0","0","0","partial","2026-06-11T11:14:42.801Z"
"naver-card-10414-balanced_50","naver-card-10414","balanced_50","균형 50만원","500000","naver-card-10414-tier-1-500000","1544.93","25000","0","0","32000","1544.93","calculable","2026-06-11T11:14:42.801Z"
"naver-card-10414-balanced_70","naver-card-10414","balanced_70","균형 70만원","700000","naver-card-10414-tier-1-500000","2162.91","25000","0","0","32000","2162.91","calculable","2026-06-11T11:14:42.801Z"
"naver-card-10414-balanced_100","naver-card-10414","balanced_100","균형 100만원","1000000","naver-card-10414-tier-1-500000","3089.87","25000","0","0","32000","3089.87","calculable","2026-06-11T11:14:42.801Z"
"naver-card-10414-balanced_120","naver-card-10414","balanced_120","균형 120만원","1200000","naver-card-10414-tier-1-500000","3707.87","25000","0","0","32000","3707.87","calculable","2026-06-11T11:14:42.801Z"
"naver-card-2332-balanced_30","naver-card-2332","balanced_30","균형 30만원","300000","","0","1666.6666666666667","0","0","0","0","partial","2026-06-11T11:14:42.801Z"
"naver-card-2332-balanced_50","naver-card-2332","balanced_50","균형 50만원","500000","naver-card-2332-tier-1-400000","20000","1666.6666666666667","18333.333333333332","3.6667","20000","22303.4","calculable","2026-06-11T11:14:42.801Z"
"naver-card-2332-balanced_70","naver-card-2332","balanced_70","균형 70만원","700000","naver-card-2332-tier-1-400000","20000","1666.6666666666667","18333.333333333332","2.619","20000","23932.6","calculable","2026-06-11T11:14:42.801Z"
"naver-card-2332-balanced_100","naver-card-2332","balanced_100","균형 100만원","1000000","naver-card-2332-tier-1-400000","20000","1666.6666666666667","18333.333333333332","1.8333","20000","25000","calculable","2026-06-11T11:14:42.801Z"
"naver-card-2332-balanced_120","naver-card-2332","balanced_120","균형 120만원","1200000","naver-card-2332-tier-1-400000","20000","1666.6666666666667","18333.333333333332","1.5278","20000","25000","calculable","2026-06-11T11:14:42.801Z"
"naver-card-10642-balanced_30","naver-card-10642","balanced_30","균형 30만원","300000","naver-card-10642-tier-1-300000","455.06","1833.3333333333333","0","0","20000","455.06","calculable","2026-06-11T11:14:42.801Z"
"naver-card-10642-balanced_50","naver-card-10642","balanced_50","균형 50만원","500000","naver-card-10642-tier-1-300000","758.4300000000001","1833.3333333333333","0","0","20000","758.4300000000001","calculable","2026-06-11T11:14:42.801Z"
"naver-card-10642-balanced_70","naver-card-10642","balanced_70","균형 70만원","700000","naver-card-10642-tier-1-300000","1061.8000000000002","1833.3333333333333","0","0","20000","1061.8000000000002","calculable","2026-06-11T11:14:42.801Z"
"naver-card-10642-balanced_100","naver-card-10642","balanced_100","균형 100만원","1000000","naver-card-10642-tier-1-300000","1516.8600000000001","1833.3333333333333","0","0","20000","1516.8600000000001","calculable","2026-06-11T11:14:42.801Z"
"naver-card-10642-balanced_120","naver-card-10642","balanced_120","균형 120만원","1200000","naver-card-10642-tier-1-300000","1820.23","1833.3333333333333","0","0","20000","1820.23","calculable","2026-06-11T11:14:42.801Z"
"naver-card-10515-balanced_30","naver-card-10515","balanced_30","균형 30만원","300000","naver-card-10515-tier-1-0","2780.95","8333.333333333334","0","0","10000","2780.95","calculable","2026-06-11T11:14:42.801Z"
"naver-card-10515-balanced_50","naver-card-10515","balanced_50","균형 50만원","500000","naver-card-10515-tier-1-0","4634.75","8333.333333333334","0","0","10000","4634.75","calculable","2026-06-11T11:14:42.801Z"
"naver-card-10515-balanced_70","naver-card-10515","balanced_70","균형 70만원","700000","naver-card-10515-tier-1-0","6488.700000000001","8333.333333333334","0","0","10000","6488.700000000001","calculable","2026-06-11T11:14:42.801Z"
"naver-card-10515-balanced_100","naver-card-10515","balanced_100","균형 100만원","1000000","naver-card-10515-tier-1-0","8089.75","8333.333333333334","0","0","10000","8089.75","calculable","2026-06-11T11:14:42.801Z"
"naver-card-10515-balanced_120","naver-card-10515","balanced_120","균형 120만원","1200000","naver-card-10515-tier-1-0","8707.9","8333.333333333334","374.5666666666657","0.0312","10000","8707.9","calculable","2026-06-11T11:14:42.801Z"
"naver-card-10544-balanced_30","naver-card-10544","balanced_30","균형 30만원","300000","","0","41416.666666666664","0","0","0","0","partial","2026-06-11T11:14:42.801Z"
"naver-card-10544-balanced_50","naver-card-10544","balanced_50","균형 50만원","500000","naver-card-10544-tier-1-500000","926.95","41416.666666666664","0","0","16000","926.95","calculable","2026-06-11T11:14:42.801Z"
"naver-card-10544-balanced_70","naver-card-10544","balanced_70","균형 70만원","700000","naver-card-10544-tier-1-500000","1297.74","41416.666666666664","0","0","16000","1297.74","calculable","2026-06-11T11:14:42.801Z"
"naver-card-10544-balanced_100","naver-card-10544","balanced_100","균형 100만원","1000000","naver-card-10544-tier-1-500000","1853.91","41416.666666666664","0","0","16000","1853.91","calculable","2026-06-11T11:14:42.801Z"
"naver-card-10544-balanced_120","naver-card-10544","balanced_120","균형 120만원","1200000","naver-card-10544-tier-1-500000","2224.73","41416.666666666664","0","0","16000","2224.73","calculable","2026-06-11T11:14:42.801Z"
"naver-card-10585-balanced_30","naver-card-10585","balanced_30","균형 30만원","300000","","0","1583.3333333333333","0","0","0","0","partial","2026-06-11T11:14:42.801Z"
"naver-card-10585-balanced_50","naver-card-10585","balanced_50","균형 50만원","500000","naver-card-10585-tier-1-360000","13089.7","1583.3333333333333","11506.366666666667","2.3013","15000","13089.7","calculable","2026-06-11T11:14:42.801Z"
"naver-card-10585-balanced_70","naver-card-10585","balanced_70","균형 70만원","700000","naver-card-10585-tier-1-360000","14325.7","1583.3333333333333","12742.366666666667","1.8203","15000","14325.7","calculable","2026-06-11T11:14:42.801Z"
"naver-card-10585-balanced_100","naver-card-10585","balanced_100","균형 100만원","1000000","naver-card-10585-tier-1-360000","15000","1583.3333333333333","13416.666666666666","1.3417","15000","15000","calculable","2026-06-11T11:14:42.801Z"
"naver-card-10585-balanced_120","naver-card-10585","balanced_120","균형 120만원","1200000","naver-card-10585-tier-1-360000","15000","1583.3333333333333","13416.666666666666","1.1181","15000","15000","calculable","2026-06-11T11:14:42.801Z"
"naver-card-10566-balanced_30","naver-card-10566","balanced_30","균형 30만원","300000","","0","2083.3333333333335","0","0","0","0","partial","2026-06-11T11:14:42.801Z"
"naver-card-10566-balanced_50","naver-card-10566","balanced_50","균형 50만원","500000","naver-card-10566-tier-1-400000","6685.4","2083.3333333333335","4602.066666666666","0.9204","15000","6685.4","calculable","2026-06-11T11:14:42.801Z"
"naver-card-10566-balanced_70","naver-card-10566","balanced_70","균형 70만원","700000","naver-card-10566-tier-1-400000","7359.6","2083.3333333333335","5276.266666666666","0.7538","15000","7359.6","calculable","2026-06-11T11:14:42.801Z"
"naver-card-10566-balanced_100","naver-card-10566","balanced_100","균형 100만원","1000000","naver-card-10566-tier-1-400000","8370.8","2083.3333333333335","6287.466666666665","0.6287","15000","8370.8","calculable","2026-06-11T11:14:42.801Z"
"naver-card-10566-balanced_120","naver-card-10566","balanced_120","균형 120만원","1200000","naver-card-10566-tier-1-400000","9044.9","2083.3333333333335","6961.566666666666","0.5801","15000","9044.9","calculable","2026-06-11T11:14:42.801Z"
"naver-card-10411-balanced_30","naver-card-10411","balanced_30","균형 30만원","300000","","0","12500","0","0","0","0","partial","2026-06-11T11:14:42.801Z"
"naver-card-10411-balanced_50","naver-card-10411","balanced_50","균형 50만원","500000","","0","12500","0","0","0","0","partial","2026-06-11T11:14:42.801Z"
"naver-card-10411-balanced_70","naver-card-10411","balanced_70","균형 70만원","700000","","0","12500","0","0","0","0","partial","2026-06-11T11:14:42.801Z"
"naver-card-10411-balanced_100","naver-card-10411","balanced_100","균형 100만원","1000000","naver-card-10411-tier-1-1000000","24438.15","12500","11938.150000000001","1.1938","48000","24438.15","calculable","2026-06-11T11:14:42.801Z"
"naver-card-10411-balanced_120","naver-card-10411","balanced_120","균형 120만원","1200000","naver-card-10411-tier-1-1000000","29325.850000000002","12500","16825.850000000002","1.4022","48000","29325.850000000002","calculable","2026-06-11T11:14:42.801Z"
"naver-card-2612-balanced_30","naver-card-2612","balanced_30","균형 30만원","300000","naver-card-2612-tier-1-240000","7685.424","1250","6435.424","2.1451","20000","7685.424","calculable","2026-06-11T11:14:42.801Z"
"naver-card-2612-balanced_50","naver-card-2612","balanced_50","균형 50만원","500000","naver-card-2612-tier-1-240000","12809.04","1250","11559.04","2.3118","20000","12809.04","calculable","2026-06-11T11:14:42.801Z"
"naver-card-2612-balanced_70","naver-card-2612","balanced_70","균형 70만원","700000","naver-card-2612-tier-1-240000","17932.599","1250","16682.599","2.3832","20000","17932.599","calculable","2026-06-11T11:14:42.801Z"
"naver-card-2612-balanced_100","naver-card-2612","balanced_100","균형 100만원","1000000","naver-card-2612-tier-1-240000","20000","1250","18750","1.875","20000","22044.972","calculable","2026-06-11T11:14:42.801Z"
"naver-card-2612-balanced_120","naver-card-2612","balanced_120","균형 120만원","1200000","naver-card-2612-tier-1-240000","20000","1250","18750","1.5625","20000","23453.955","calculable","2026-06-11T11:14:42.801Z"
"naver-card-99-balanced_30","naver-card-99","balanced_30","균형 30만원","300000","naver-card-99-tier-1-300000","5730.35","416.6666666666667","5313.683333333333","1.7712","20000","5730.35","calculable","2026-06-11T11:14:42.801Z"
"naver-card-99-balanced_50","naver-card-99","balanced_50","균형 50만원","500000","naver-card-99-tier-1-300000","9550.6","416.6666666666667","9133.933333333334","1.8268","20000","9550.6","calculable","2026-06-11T11:14:42.801Z"
"naver-card-99-balanced_70","naver-card-99","balanced_70","균형 70만원","700000","naver-card-99-tier-1-300000","13370.800000000001","416.6666666666667","12954.133333333335","1.8506","20000","13370.800000000001","calculable","2026-06-11T11:14:42.801Z"
"naver-card-99-balanced_100","naver-card-99","balanced_100","균형 100만원","1000000","naver-card-99-tier-1-300000","17865.2","416.6666666666667","17448.533333333333","1.7449","20000","17865.2","calculable","2026-06-11T11:14:42.801Z"
"naver-card-99-balanced_120","naver-card-99","balanced_120","균형 120만원","1200000","naver-card-99-tier-1-300000","19044.95","416.6666666666667","18628.283333333333","1.5524","20000","19044.95","calculable","2026-06-11T11:14:42.801Z"
"naver-card-10412-balanced_30","naver-card-10412","balanced_30","균형 30만원","300000","","0","41666.666666666664","0","0","0","0","partial","2026-06-11T11:14:42.801Z"
"naver-card-10412-balanced_50","naver-card-10412","balanced_50","균형 50만원","500000","naver-card-10412-tier-1-500000","1544.93","41666.666666666664","0","0","32000","1544.93","calculable","2026-06-11T11:14:42.801Z"
"naver-card-10412-balanced_70","naver-card-10412","balanced_70","균형 70만원","700000","naver-card-10412-tier-1-500000","2162.91","41666.666666666664","0","0","32000","2162.91","calculable","2026-06-11T11:14:42.801Z"
"naver-card-10412-balanced_100","naver-card-10412","balanced_100","균형 100만원","1000000","naver-card-10412-tier-1-500000","3089.87","41666.666666666664","0","0","32000","3089.87","calculable","2026-06-11T11:14:42.801Z"
"naver-card-10412-balanced_120","naver-card-10412","balanced_120","균형 120만원","1200000","naver-card-10412-tier-1-500000","3707.87","41666.666666666664","0","0","32000","3707.87","calculable","2026-06-11T11:14:42.801Z"
"naver-card-10529-balanced_30","naver-card-10529","balanced_30","균형 30만원","300000","","0","1250","0","0","0","0","partial","2026-06-11T11:14:42.801Z"
"naver-card-10529-balanced_50","naver-card-10529","balanced_50","균형 50만원","500000","naver-card-10529-tier-1-400000","20000","1250","18750","3.75","20000","22303.4","calculable","2026-06-11T11:14:42.801Z"
"naver-card-10529-balanced_70","naver-card-10529","balanced_70","균형 70만원","700000","naver-card-10529-tier-1-400000","20000","1250","18750","2.6786","20000","23932.6","calculable","2026-06-11T11:14:42.801Z"
"naver-card-10529-balanced_100","naver-card-10529","balanced_100","균형 100만원","1000000","naver-card-10529-tier-1-400000","20000","1250","18750","1.875","20000","25000","calculable","2026-06-11T11:14:42.801Z"
"naver-card-10529-balanced_120","naver-card-10529","balanced_120","균형 120만원","1200000","naver-card-10529-tier-1-400000","20000","1250","18750","1.5625","20000","25000","calculable","2026-06-11T11:14:42.801Z"
"naver-card-10339-balanced_30","naver-card-10339","balanced_30","균형 30만원","300000","","0","1666.6666666666667","0","0","0","0","partial","2026-06-11T11:14:42.801Z"
"naver-card-10339-balanced_50","naver-card-10339","balanced_50","균형 50만원","500000","naver-card-10339-tier-1-500000","14325.7","1666.6666666666667","12659.033333333335","2.5318","24000","14325.7","calculable","2026-06-11T11:14:42.801Z"
"naver-card-10339-balanced_70","naver-card-10339","balanced_70","균형 70만원","700000","naver-card-10339-tier-1-500000","19404.4","1666.6666666666667","17737.733333333334","2.534","24000","19404.4","calculable","2026-06-11T11:14:42.801Z"
"naver-card-10339-balanced_100","naver-card-10339","balanced_100","균형 100만원","1000000","naver-card-10339-tier-1-500000","22179.5","1666.6666666666667","20512.833333333332","2.0513","24000","22179.5","calculable","2026-06-11T11:14:42.801Z"
"naver-card-10339-balanced_120","naver-card-10339","balanced_120","균형 120만원","1200000","naver-card-10339-tier-1-500000","23415.8","1666.6666666666667","21749.13333333333","1.8124","24000","23415.8","calculable","2026-06-11T11:14:42.801Z"
"naver-card-10478-balanced_30","naver-card-10478","balanced_30","균형 30만원","300000","","0","1250","0","0","0","0","partial","2026-06-11T11:14:42.801Z"
"naver-card-10478-balanced_50","naver-card-10478","balanced_50","균형 50만원","500000","naver-card-10478-tier-1-400000","11236","1250","9986","1.9972","20000","11236","calculable","2026-06-11T11:14:42.801Z"
"naver-card-10478-balanced_70","naver-card-10478","balanced_70","균형 70만원","700000","naver-card-10478-tier-1-400000","15730.35","1250","14480.35","2.0686","20000","15730.35","calculable","2026-06-11T11:14:42.801Z"
"naver-card-10478-balanced_100","naver-card-10478","balanced_100","균형 100만원","1000000","naver-card-10478-tier-1-400000","20000","1250","18750","1.875","20000","20674.2","calculable","2026-06-11T11:14:42.801Z"
"naver-card-10478-balanced_120","naver-card-10478","balanced_120","균형 120만원","1200000","naver-card-10478-tier-1-400000","20000","1250","18750","1.5625","20000","22415.75","calculable","2026-06-11T11:14:42.801Z"
"naver-card-10302-balanced_30","naver-card-10302","balanced_30","균형 30만원","300000","naver-card-10302-tier-1-300000","11292.3","1583.3333333333333","9708.966666666665","3.2363","20000","11292.3","calculable","2026-06-11T11:14:42.801Z"
"naver-card-10302-balanced_50","naver-card-10302","balanced_50","균형 50만원","500000","naver-card-10302-tier-1-300000","17640.3","1583.3333333333333","16056.966666666665","3.2114","20000","17640.3","calculable","2026-06-11T11:14:42.801Z"
"naver-card-10302-balanced_70","naver-card-10302","balanced_70","균형 70만원","700000","naver-card-10302-tier-1-300000","20000","1583.3333333333333","18416.666666666668","2.631","20000","22696.500000000004","calculable","2026-06-11T11:14:42.801Z"
"naver-card-10302-balanced_100","naver-card-10302","balanced_100","균형 100만원","1000000","naver-card-10302-tier-1-300000","20000","1583.3333333333333","18416.666666666668","1.8417","20000","25000","calculable","2026-06-11T11:14:42.801Z"
"naver-card-10302-balanced_120","naver-card-10302","balanced_120","균형 120만원","1200000","naver-card-10302-tier-1-300000","20000","1583.3333333333333","18416.666666666668","1.5347","20000","25000","calculable","2026-06-11T11:14:42.801Z"
"naver-card-3717-balanced_30","naver-card-3717","balanced_30","균형 30만원","300000","","0","2500","0","0","0","0","partial","2026-06-11T11:14:42.801Z"
"naver-card-3717-balanced_50","naver-card-3717","balanced_50","균형 50만원","500000","naver-card-3717-tier-1-500000","1994.37","2500","0","0","32000","1994.37","calculable","2026-06-11T11:14:42.801Z"
"naver-card-3717-balanced_70","naver-card-3717","balanced_70","균형 70만원","700000","naver-card-3717-tier-1-500000","2792.13","2500","292.1300000000001","0.0417","32000","2792.13","calculable","2026-06-11T11:14:42.801Z"
"naver-card-3717-balanced_100","naver-card-3717","balanced_100","균형 100만원","1000000","naver-card-3717-tier-1-500000","3988.75","2500","1488.75","0.1489","32000","3988.75","calculable","2026-06-11T11:14:42.801Z"
"naver-card-3717-balanced_120","naver-card-3717","balanced_120","균형 120만원","1200000","naver-card-3717-tier-1-500000","4786.51","2500","2286.51","0.1905","32000","4786.51","calculable","2026-06-11T11:14:42.801Z"
"naver-card-1692-balanced_30","naver-card-1692","balanced_30","균형 30만원","300000","naver-card-1692-tier-1-300000","14831.5","833.3333333333334","13998.166666666666","4.6661","20000","14831.5","calculable","2026-06-11T11:14:42.801Z"
"naver-card-1692-balanced_50","naver-card-1692","balanced_50","균형 50만원","500000","naver-card-1692-tier-1-300000","20000","833.3333333333334","19166.666666666668","3.8333","20000","22865.2","calculable","2026-06-11T11:14:42.801Z"
"naver-card-1692-balanced_70","naver-card-1692","balanced_70","균형 70만원","700000","naver-card-1692-tier-1-300000","20000","833.3333333333334","19166.666666666668","2.7381","20000","24719.1","calculable","2026-06-11T11:14:42.801Z"
"naver-card-1692-balanced_100","naver-card-1692","balanced_100","균형 100만원","1000000","naver-card-1692-tier-1-300000","20000","833.3333333333334","19166.666666666668","1.9167","20000","25000","calculable","2026-06-11T11:14:42.801Z"
"naver-card-1692-balanced_120","naver-card-1692","balanced_120","균형 120만원","1200000","naver-card-1692-tier-1-300000","20000","833.3333333333334","19166.666666666668","1.5972","20000","25000","calculable","2026-06-11T11:14:42.801Z"
"naver-card-3638-balanced_30","naver-card-3638","balanced_30","균형 30만원","300000","naver-card-3638-tier-1-300000","3539.31","833.3333333333334","2705.9766666666665","0.902","20000","3539.31","calculable","2026-06-11T11:14:42.801Z"
"naver-card-3638-balanced_50","naver-card-3638","balanced_50","균형 50만원","500000","naver-card-3638-tier-1-300000","5898.9","833.3333333333334","5065.566666666667","1.0131","20000","5898.9","calculable","2026-06-11T11:14:42.801Z"
"naver-card-3638-balanced_70","naver-card-3638","balanced_70","균형 70만원","700000","naver-card-3638-tier-1-300000","8258.46","833.3333333333334","7425.126666666666","1.0607","20000","8258.46","calculable","2026-06-11T11:14:42.801Z"
"naver-card-3638-balanced_100","naver-card-3638","balanced_100","균형 100만원","1000000","naver-card-3638-tier-1-300000","11797.8","833.3333333333334","10964.466666666665","1.0964","20000","11797.8","calculable","2026-06-11T11:14:42.801Z"
"naver-card-3638-balanced_120","naver-card-3638","balanced_120","균형 120만원","1200000","naver-card-3638-tier-1-300000","14157.27","833.3333333333334","13323.936666666666","1.1103","20000","14157.27","calculable","2026-06-11T11:14:42.801Z"
"naver-card-10499-balanced_30","naver-card-10499","balanced_30","균형 30만원","300000","","0","2500","0","0","0","0","partial","2026-06-11T11:14:42.801Z"
"naver-card-10499-balanced_50","naver-card-10499","balanced_50","균형 50만원","500000","naver-card-10499-tier-1-500000","7724.65","2500","5224.65","1.0449","32000","7724.65","calculable","2026-06-11T11:14:42.801Z"
"naver-card-10499-balanced_70","naver-card-10499","balanced_70","균형 70만원","700000","naver-card-10499-tier-1-500000","10814.550000000001","2500","8314.550000000001","1.1878","32000","10814.550000000001","calculable","2026-06-11T11:14:42.801Z"
"naver-card-10499-balanced_100","naver-card-10499","balanced_100","균형 100만원","1000000","naver-card-10499-tier-1-500000","15449.349999999999","2500","12949.349999999999","1.2949","32000","15449.349999999999","calculable","2026-06-11T11:14:42.801Z"
"naver-card-10499-balanced_120","naver-card-10499","balanced_120","균형 120만원","1200000","naver-card-10499-tier-1-500000","18539.35","2500","16039.349999999999","1.3366","32000","18539.35","calculable","2026-06-11T11:14:42.801Z"
"naver-card-2856-balanced_30","naver-card-2856","balanced_30","균형 30만원","300000","","0","1666.6666666666667","0","0","0","0","partial","2026-06-11T11:14:42.801Z"
"naver-card-2856-balanced_50","naver-card-2856","balanced_50","균형 50만원","500000","naver-card-2856-tier-1-500000","11376.35","1666.6666666666667","9709.683333333334","1.9419","32000","11376.35","calculable","2026-06-11T11:14:42.801Z"
"naver-card-2856-balanced_70","naver-card-2856","balanced_70","균형 70만원","700000","naver-card-2856-tier-1-500000","15926.95","1666.6666666666667","14260.283333333335","2.0372","32000","15926.95","calculable","2026-06-11T11:14:42.801Z"
"naver-card-2856-balanced_100","naver-card-2856","balanced_100","균형 100만원","1000000","naver-card-2856-tier-1-500000","22752.75","1666.6666666666667","21086.083333333332","2.1086","32000","22752.75","calculable","2026-06-11T11:14:42.801Z"
"naver-card-2856-balanced_120","naver-card-2856","balanced_120","균형 120만원","1200000","naver-card-2856-tier-1-500000","27303.4","1666.6666666666667","25636.733333333334","2.1364","32000","27303.4","calculable","2026-06-11T11:14:42.801Z"
"naver-card-2857-balanced_30","naver-card-2857","balanced_30","균형 30만원","300000","","0","1666.6666666666667","0","0","0","0","partial","2026-06-11T11:14:42.801Z"
"naver-card-2857-balanced_50","naver-card-2857","balanced_50","균형 50만원","500000","naver-card-2857-tier-1-500000","11095.45","1666.6666666666667","9428.783333333335","1.8858","32000","11095.45","calculable","2026-06-11T11:14:42.801Z"
"naver-card-2857-balanced_70","naver-card-2857","balanced_70","균형 70만원","700000","naver-card-2857-tier-1-500000","15533.650000000001","1666.6666666666667","13866.983333333335","1.981","32000","15533.650000000001","calculable","2026-06-11T11:14:42.801Z"
"naver-card-2857-balanced_100","naver-card-2857","balanced_100","균형 100만원","1000000","naver-card-2857-tier-1-500000","22190.95","1666.6666666666667","20524.283333333333","2.0524","32000","22190.95","calculable","2026-06-11T11:14:42.801Z"
"naver-card-2857-balanced_120","naver-card-2857","balanced_120","균형 120만원","1200000","naver-card-2857-tier-1-500000","26629.250000000004","1666.6666666666667","24962.583333333336","2.0802","32000","26629.250000000004","calculable","2026-06-11T11:14:42.801Z"
"naver-card-1451-balanced_30","naver-card-1451","balanced_30","균형 30만원","300000","naver-card-1451-tier-1-300000","8612.45","1250","7362.450000000001","2.4542","20000","8612.45","calculable","2026-06-11T11:14:42.801Z"
"naver-card-1451-balanced_50","naver-card-1451","balanced_50","균형 50만원","500000","naver-card-1451-tier-1-300000","14353.850000000002","1250","13103.850000000002","2.6208","20000","14353.850000000002","calculable","2026-06-11T11:14:42.801Z"
"naver-card-1451-balanced_70","naver-card-1451","balanced_70","균형 70만원","700000","naver-card-1451-tier-1-300000","19039.2","1250","17789.2","2.5413","20000","19039.2","calculable","2026-06-11T11:14:42.801Z"
"naver-card-1451-balanced_100","naver-card-1451","balanced_100","균형 100만원","1000000","naver-card-1451-tier-1-300000","20000","1250","18750","1.875","20000","23763.890000000003","calculable","2026-06-11T11:14:42.801Z"
"naver-card-1451-balanced_120","naver-card-1451","balanced_120","균형 120만원","1200000","naver-card-1451-tier-1-300000","20000","1250","18750","1.5625","20000","25000","calculable","2026-06-11T11:14:42.801Z"
"naver-card-10336-balanced_30","naver-card-10336","balanced_30","균형 30만원","300000","","0","4166.666666666667","0","0","0","0","partial","2026-06-11T11:14:42.801Z"
"naver-card-10336-balanced_50","naver-card-10336","balanced_50","균형 50만원","500000","naver-card-10336-tier-1-500000","2219.09","4166.666666666667","0","0","32000","2219.09","calculable","2026-06-11T11:14:42.801Z"
"naver-card-10336-balanced_70","naver-card-10336","balanced_70","균형 70만원","700000","naver-card-10336-tier-1-500000","3106.73","4166.666666666667","0","0","32000","3106.73","calculable","2026-06-11T11:14:42.801Z"
"naver-card-10336-balanced_100","naver-card-10336","balanced_100","균형 100만원","1000000","naver-card-10336-tier-1-500000","4438.1900000000005","4166.666666666667","271.52333333333354","0.0272","32000","4438.1900000000005","calculable","2026-06-11T11:14:42.801Z"
"naver-card-10336-balanced_120","naver-card-10336","balanced_120","균형 120만원","1200000","naver-card-10336-tier-1-500000","5325.85","4166.666666666667","1159.1833333333334","0.0966","32000","5325.85","calculable","2026-06-11T11:14:42.801Z"
"naver-card-10498-balanced_30","naver-card-10498","balanced_30","균형 30만원","300000","","0","2500","0","0","0","0","partial","2026-06-11T11:14:42.801Z"
"naver-card-10498-balanced_50","naver-card-10498","balanced_50","균형 50만원","500000","naver-card-10498-tier-1-500000","9410.050000000001","2500","6910.050000000001","1.382","32000","9410.050000000001","calculable","2026-06-11T11:14:42.801Z"
"naver-card-10498-balanced_70","naver-card-10498","balanced_70","균형 70만원","700000","naver-card-10498-tier-1-500000","13174.15","2500","10674.15","1.5249","32000","13174.15","calculable","2026-06-11T11:14:42.801Z"
"naver-card-10498-balanced_100","naver-card-10498","balanced_100","균형 100만원","1000000","naver-card-10498-tier-1-500000","18820.15","2500","16320.150000000001","1.632","32000","18820.15","calculable","2026-06-11T11:14:42.801Z"
"naver-card-10498-balanced_120","naver-card-10498","balanced_120","균형 120만원","1200000","naver-card-10498-tier-1-500000","22584.300000000003","2500","20084.300000000003","1.6737","32000","22584.300000000003","calculable","2026-06-11T11:14:42.801Z"
"naver-card-10058-balanced_30","naver-card-10058","balanced_30","균형 30만원","300000","naver-card-10058-tier-1-0","370.79","1250","0","0","54000","370.79","calculable","2026-06-11T11:14:42.801Z"
"naver-card-10058-balanced_50","naver-card-10058","balanced_50","균형 50만원","500000","naver-card-10058-tier-1-0","617.98","1250","0","0","54000","617.98","calculable","2026-06-11T11:14:42.801Z"
"naver-card-10058-balanced_70","naver-card-10058","balanced_70","균형 70만원","700000","naver-card-10058-tier-1-0","865.1700000000001","1250","0","0","54000","865.1700000000001","calculable","2026-06-11T11:14:42.801Z"
"naver-card-10058-balanced_100","naver-card-10058","balanced_100","균형 100만원","1000000","naver-card-10058-tier-1-0","1235.96","1250","0","0","54000","1235.96","calculable","2026-06-11T11:14:42.801Z"
"naver-card-10058-balanced_120","naver-card-10058","balanced_120","균형 120만원","1200000","naver-card-10058-tier-1-0","1483.15","1250","233.1500000000001","0.0194","54000","1483.15","calculable","2026-06-11T11:14:42.801Z"
"naver-card-10453-balanced_30","naver-card-10453","balanced_30","균형 30만원","300000","","0","12500","0","0","0","0","partial","2026-06-11T11:14:42.801Z"
"naver-card-10453-balanced_50","naver-card-10453","balanced_50","균형 50만원","500000","naver-card-10453-tier-1-500000","1573.0399999999995","12500","0","0","32000","1573.0399999999995","calculable","2026-06-11T11:14:42.801Z"
"naver-card-10453-balanced_70","naver-card-10453","balanced_70","균형 70만원","700000","naver-card-10453-tier-1-500000","2202.249","12500","0","0","32000","2202.249","calculable","2026-06-11T11:14:42.801Z"
"naver-card-10453-balanced_100","naver-card-10453","balanced_100","균형 100만원","1000000","naver-card-10453-tier-1-500000","3146.079999999999","12500","0","0","32000","3146.079999999999","calculable","2026-06-11T11:14:42.801Z"
"naver-card-10453-balanced_120","naver-card-10453","balanced_120","균형 120만원","1200000","naver-card-10453-tier-1-500000","3775.2819999999992","12500","0","0","32000","3775.2819999999992","calculable","2026-06-11T11:14:42.801Z"
"naver-card-10448-balanced_30","naver-card-10448","balanced_30","균형 30만원","300000","","0","25000","0","0","0","0","partial","2026-06-11T11:14:42.801Z"
"naver-card-10448-balanced_50","naver-card-10448","balanced_50","균형 50만원","500000","naver-card-10448-tier-1-500000","3665.7149999999997","25000","0","0","32000","3665.7149999999997","calculable","2026-06-11T11:14:42.801Z"
"naver-card-10448-balanced_70","naver-card-10448","balanced_70","균형 70만원","700000","naver-card-10448-tier-1-500000","5132.01","25000","0","0","32000","5132.01","calculable","2026-06-11T11:14:42.801Z"
"naver-card-10448-balanced_100","naver-card-10448","balanced_100","균형 100만원","1000000","naver-card-10448-tier-1-500000","7331.444999999999","25000","0","0","32000","7331.444999999999","calculable","2026-06-11T11:14:42.801Z"
"naver-card-10448-balanced_120","naver-card-10448","balanced_120","균형 120만원","1200000","naver-card-10448-tier-1-500000","8797.755","25000","0","0","32000","8797.755","calculable","2026-06-11T11:14:42.801Z"
"naver-card-10301-balanced_30","naver-card-10301","balanced_30","균형 30만원","300000","naver-card-10301-tier-1-300000","13314.699999999999","1583.3333333333333","11731.366666666665","3.9105","20000","13314.699999999999","calculable","2026-06-11T11:14:42.801Z"
"naver-card-10301-balanced_50","naver-card-10301","balanced_50","균형 50만원","500000","naver-card-10301-tier-1-300000","20000","1583.3333333333333","18416.666666666668","3.6833","20000","20393.100000000002","calculable","2026-06-11T11:14:42.801Z"
"naver-card-10301-balanced_70","naver-card-10301","balanced_70","균형 70만원","700000","naver-card-10301-tier-1-300000","20000","1583.3333333333333","18416.666666666668","2.631","20000","23258.3","calculable","2026-06-11T11:14:42.801Z"
"naver-card-10301-balanced_100","naver-card-10301","balanced_100","균형 100만원","1000000","naver-card-10301-tier-1-300000","20000","1583.3333333333333","18416.666666666668","1.8417","20000","25000","calculable","2026-06-11T11:14:42.801Z"
"naver-card-10301-balanced_120","naver-card-10301","balanced_120","균형 120만원","1200000","naver-card-10301-tier-1-300000","20000","1583.3333333333333","18416.666666666668","1.5347","20000","25000","calculable","2026-06-11T11:14:42.801Z"
"naver-card-3076-balanced_30","naver-card-3076","balanced_30","균형 30만원","300000","naver-card-3076-tier-1-200000","10955.1","0","10955.1","3.6517","20000","10955.1","calculable","2026-06-11T11:14:42.801Z"
"naver-card-3076-balanced_50","naver-card-3076","balanced_50","균형 50만원","500000","naver-card-3076-tier-1-200000","17078.500000000004","0","17078.500000000004","3.4157","20000","17078.500000000004","calculable","2026-06-11T11:14:42.801Z"
"naver-card-3076-balanced_70","naver-card-3076","balanced_70","균형 70만원","700000","naver-card-3076-tier-1-200000","19325.7","0","19325.7","2.7608","20000","19325.7","calculable","2026-06-11T11:14:42.801Z"
"naver-card-3076-balanced_100","naver-card-3076","balanced_100","균형 100만원","1000000","naver-card-3076-tier-1-200000","20000","0","20000","2","20000","20000","calculable","2026-06-11T11:14:42.801Z"
"naver-card-3076-balanced_120","naver-card-3076","balanced_120","균형 120만원","1200000","naver-card-3076-tier-1-200000","20000","0","20000","1.6667","20000","20000","calculable","2026-06-11T11:14:42.801Z"
"naver-card-10475-balanced_30","naver-card-10475","balanced_30","균형 30만원","300000","","0","4583.333333333333","0","0","0","0","partial","2026-06-11T11:14:42.801Z"
"naver-card-10475-balanced_50","naver-card-10475","balanced_50","균형 50만원","500000","naver-card-10475-tier-1-400000","11460.5","4583.333333333333","6877.166666666667","1.3754","15000","11460.5","calculable","2026-06-11T11:14:42.801Z"
"naver-card-10475-balanced_70","naver-card-10475","balanced_70","균형 70만원","700000","naver-card-10475-tier-1-400000","14044.800000000001","4583.333333333333","9461.466666666667","1.3516","15000","14044.800000000001","calculable","2026-06-11T11:14:42.801Z"
"naver-card-10475-balanced_100","naver-card-10475","balanced_100","균형 100만원","1000000","naver-card-10475-tier-1-400000","15000","4583.333333333333","10416.666666666668","1.0417","15000","15000","calculable","2026-06-11T11:14:42.801Z"
"naver-card-10475-balanced_120","naver-card-10475","balanced_120","균형 120만원","1200000","naver-card-10475-tier-1-400000","15000","4583.333333333333","10416.666666666668","0.8681","15000","15000","calculable","2026-06-11T11:14:42.801Z"
"naver-card-10620-balanced_30","naver-card-10620","balanced_30","균형 30만원","300000","naver-card-10620-tier-1-0","648.9000000000001","2500","0","0","10000","648.9000000000001","calculable","2026-06-11T11:14:42.801Z"
"naver-card-10620-balanced_50","naver-card-10620","balanced_50","균형 50만원","500000","naver-card-10620-tier-1-0","1081.3950000000002","2500","0","0","10000","1081.3950000000002","calculable","2026-06-11T11:14:42.801Z"
"naver-card-10620-balanced_70","naver-card-10620","balanced_70","균형 70만원","700000","naver-card-10620-tier-1-0","1513.9950000000001","2500","0","0","10000","1513.9950000000001","calculable","2026-06-11T11:14:42.801Z"
"naver-card-10620-balanced_100","naver-card-10620","balanced_100","균형 100만원","1000000","naver-card-10620-tier-1-0","2162.8250000000003","2500","0","0","10000","2162.8250000000003","calculable","2026-06-11T11:14:42.801Z"
"naver-card-10620-balanced_120","naver-card-10620","balanced_120","균형 120만원","1200000","naver-card-10620-tier-1-0","2595.53","2500","95.5300000000002","0.008","10000","2595.53","calculable","2026-06-11T11:14:42.801Z"
"naver-card-10422-balanced_30","naver-card-10422","balanced_30","균형 30만원","300000","naver-card-10422-tier-1-110000","758.44","13083.333333333334","0","0","20000","758.44","calculable","2026-06-11T11:14:42.801Z"
"naver-card-10422-balanced_50","naver-card-10422","balanced_50","균형 50만원","500000","naver-card-10422-tier-1-110000","1264.03","13083.333333333334","0","0","20000","1264.03","calculable","2026-06-11T11:14:42.801Z"
"naver-card-10422-balanced_70","naver-card-10422","balanced_70","균형 70만원","700000","naver-card-10422-tier-1-110000","1769.65","13083.333333333334","0","0","20000","1769.65","calculable","2026-06-11T11:14:42.801Z"
"naver-card-10422-balanced_100","naver-card-10422","balanced_100","균형 100만원","1000000","naver-card-10422-tier-1-110000","2528.07","13083.333333333334","0","0","20000","2528.07","calculable","2026-06-11T11:14:42.801Z"
"naver-card-10422-balanced_120","naver-card-10422","balanced_120","균형 120만원","1200000","naver-card-10422-tier-1-110000","3033.7200000000003","13083.333333333334","0","0","20000","3033.7200000000003","calculable","2026-06-11T11:14:42.801Z"
"naver-card-10459-balanced_30","naver-card-10459","balanced_30","균형 30만원","300000","","0","6666.666666666667","0","0","0","0","partial","2026-06-11T11:14:42.801Z"
"naver-card-10459-balanced_50","naver-card-10459","balanced_50","균형 50만원","500000","naver-card-10459-tier-1-500000","2162.9100000000003","6666.666666666667","0","0","32000","2162.9100000000003","calculable","2026-06-11T11:14:42.801Z"
"naver-card-10459-balanced_70","naver-card-10459","balanced_70","균형 70만원","700000","naver-card-10459-tier-1-500000","3028.08","6666.666666666667","0","0","32000","3028.08","calculable","2026-06-11T11:14:42.801Z"
"naver-card-10459-balanced_100","naver-card-10459","balanced_100","균형 100만원","1000000","naver-card-10459-tier-1-500000","4325.83","6666.666666666667","0","0","32000","4325.83","calculable","2026-06-11T11:14:42.801Z"
"naver-card-10459-balanced_120","naver-card-10459","balanced_120","균형 120만원","1200000","naver-card-10459-tier-1-500000","5191.02","6666.666666666667","0","0","32000","5191.02","calculable","2026-06-11T11:14:42.801Z"
"naver-card-10460-balanced_30","naver-card-10460","balanced_30","균형 30만원","300000","","0","6666.666666666667","0","0","0","0","partial","2026-06-11T11:14:42.801Z"
"naver-card-10460-balanced_50","naver-card-10460","balanced_50","균형 50만원","500000","naver-card-10460-tier-1-500000","2106.73","6666.666666666667","0","0","32000","2106.73","calculable","2026-06-11T11:14:42.801Z"
"naver-card-10460-balanced_70","naver-card-10460","balanced_70","균형 70만원","700000","naver-card-10460-tier-1-500000","2949.4300000000003","6666.666666666667","0","0","32000","2949.4300000000003","calculable","2026-06-11T11:14:42.801Z"
"naver-card-10460-balanced_100","naver-card-10460","balanced_100","균형 100만원","1000000","naver-card-10460-tier-1-500000","4213.47","6666.666666666667","0","0","32000","4213.47","calculable","2026-06-11T11:14:42.801Z"
"naver-card-10460-balanced_120","naver-card-10460","balanced_120","균형 120만원","1200000","naver-card-10460-tier-1-500000","5056.18","6666.666666666667","0","0","32000","5056.18","calculable","2026-06-11T11:14:42.801Z"
"naver-card-10466-balanced_30","naver-card-10466","balanced_30","균형 30만원","300000","","0","6666.666666666667","0","0","0","0","partial","2026-06-11T11:14:42.801Z"
"naver-card-10466-balanced_50","naver-card-10466","balanced_50","균형 50만원","500000","naver-card-10466-tier-1-500000","7724.65","6666.666666666667","1057.9833333333327","0.2116","32000","7724.65","calculable","2026-06-11T11:14:42.801Z"
"naver-card-10466-balanced_70","naver-card-10466","balanced_70","균형 70만원","700000","naver-card-10466-tier-1-500000","10814.550000000001","6666.666666666667","4147.883333333334","0.5926","32000","10814.550000000001","calculable","2026-06-11T11:14:42.801Z"
"naver-card-10466-balanced_100","naver-card-10466","balanced_100","균형 100만원","1000000","naver-card-10466-tier-1-500000","15449.349999999999","6666.666666666667","8782.68333333333","0.8783","32000","15449.349999999999","calculable","2026-06-11T11:14:42.801Z"
"naver-card-10466-balanced_120","naver-card-10466","balanced_120","균형 120만원","1200000","naver-card-10466-tier-1-500000","18539.35","6666.666666666667","11872.68333333333","0.9894","32000","18539.35","calculable","2026-06-11T11:14:42.801Z"
"naver-card-10481-balanced_30","naver-card-10481","balanced_30","균형 30만원","300000","","0","4166.666666666667","0","0","0","0","partial","2026-06-11T11:14:42.801Z"
"naver-card-10481-balanced_50","naver-card-10481","balanced_50","균형 50만원","500000","naver-card-10481-tier-1-400000","19269.5","4166.666666666667","15102.833333333332","3.0206","20000","19269.5","calculable","2026-06-11T11:14:42.801Z"
"naver-card-10481-balanced_70","naver-card-10481","balanced_70","균형 70만원","700000","naver-card-10481-tier-1-400000","20000","4166.666666666667","15833.333333333332","2.2619","20000","22977.4","calculable","2026-06-11T11:14:42.801Z"
"naver-card-10481-balanced_100","naver-card-10481","balanced_100","균형 100만원","1000000","naver-card-10481-tier-1-400000","20000","4166.666666666667","15833.333333333332","1.5833","20000","25000","calculable","2026-06-11T11:14:42.801Z"
"naver-card-10481-balanced_120","naver-card-10481","balanced_120","균형 120만원","1200000","naver-card-10481-tier-1-400000","20000","4166.666666666667","15833.333333333332","1.3194","20000","25000","calculable","2026-06-11T11:14:42.801Z"
"naver-card-10449-balanced_30","naver-card-10449","balanced_30","균형 30만원","300000","","0","41666.666666666664","0","0","0","0","partial","2026-06-11T11:14:42.801Z"
"naver-card-10449-balanced_50","naver-card-10449","balanced_50","균형 50만원","500000","naver-card-10449-tier-1-500000","3160.095","41666.666666666664","0","0","32000","3160.095","calculable","2026-06-11T11:14:42.801Z"
"naver-card-10449-balanced_70","naver-card-10449","balanced_70","균형 70만원","700000","naver-card-10449-tier-1-500000","4424.1449999999995","41666.666666666664","0","0","32000","4424.1449999999995","calculable","2026-06-11T11:14:42.801Z"
"naver-card-10449-balanced_100","naver-card-10449","balanced_100","균형 100만원","1000000","naver-card-10449-tier-1-500000","6320.204999999999","41666.666666666664","0","0","32000","6320.204999999999","calculable","2026-06-11T11:14:42.801Z"
"naver-card-10449-balanced_120","naver-card-10449","balanced_120","균형 120만원","1200000","naver-card-10449-tier-1-500000","7584.2699999999995","41666.666666666664","0","0","32000","7584.2699999999995","calculable","2026-06-11T11:14:42.801Z"
"naver-card-10461-balanced_30","naver-card-10461","balanced_30","균형 30만원","300000","","0","6666.666666666667","0","0","0","0","partial","2026-06-11T11:14:42.801Z"
"naver-card-10461-balanced_50","naver-card-10461","balanced_50","균형 50만원","500000","naver-card-10461-tier-1-500000","1825.8300000000002","6666.666666666667","0","0","32000","1825.8300000000002","calculable","2026-06-11T11:14:42.801Z"
"naver-card-10461-balanced_70","naver-card-10461","balanced_70","균형 70만원","700000","naver-card-10461-tier-1-500000","2556.16","6666.666666666667","0","0","32000","2556.16","calculable","2026-06-11T11:14:42.801Z"
"naver-card-10461-balanced_100","naver-card-10461","balanced_100","균형 100만원","1000000","naver-card-10461-tier-1-500000","3651.67","6666.666666666667","0","0","32000","3651.67","calculable","2026-06-11T11:14:42.801Z"
"naver-card-10461-balanced_120","naver-card-10461","balanced_120","균형 120만원","1200000","naver-card-10461-tier-1-500000","4382.030000000001","6666.666666666667","0","0","32000","4382.030000000001","calculable","2026-06-11T11:14:42.801Z"
"naver-card-10510-balanced_30","naver-card-10510","balanced_30","균형 30만원","300000","","0","1666.6666666666667","0","0","0","0","partial","2026-06-11T11:14:42.801Z"
"naver-card-10510-balanced_50","naver-card-10510","balanced_50","균형 50만원","500000","naver-card-10510-tier-1-400000","8089.700000000001","1666.6666666666667","6423.033333333334","1.2846","10000","8089.700000000001","calculable","2026-06-11T11:14:42.801Z"
"naver-card-10510-balanced_70","naver-card-10510","balanced_70","균형 70만원","700000","naver-card-10510-tier-1-400000","9325.7","1666.6666666666667","7659.033333333334","1.0941","10000","9325.7","calculable","2026-06-11T11:14:42.801Z"
"naver-card-10510-balanced_100","naver-card-10510","balanced_100","균형 100만원","1000000","naver-card-10510-tier-1-400000","10000","1666.6666666666667","8333.333333333334","0.8333","10000","10000","calculable","2026-06-11T11:14:42.801Z"
"naver-card-10510-balanced_120","naver-card-10510","balanced_120","균형 120만원","1200000","naver-card-10510-tier-1-400000","10000","1666.6666666666667","8333.333333333334","0.6944","10000","10000","calculable","2026-06-11T11:14:42.801Z"
"naver-card-835-balanced_30","naver-card-835","balanced_30","균형 30만원","300000","naver-card-835-tier-1-300000","7584.4","0","7584.4","2.5281","15000","7584.4","calculable","2026-06-11T11:14:42.801Z"
"naver-card-835-balanced_50","naver-card-835","balanced_50","균형 50만원","500000","naver-card-835-tier-1-300000","11460.5","0","11460.5","2.2921","15000","11460.5","calculable","2026-06-11T11:14:42.801Z"
"naver-card-835-balanced_70","naver-card-835","balanced_70","균형 70만원","700000","naver-card-835-tier-1-300000","14044.800000000001","0","14044.800000000001","2.0064","15000","14044.800000000001","calculable","2026-06-11T11:14:42.801Z"
"naver-card-835-balanced_100","naver-card-835","balanced_100","균형 100만원","1000000","naver-card-835-tier-1-300000","15000","0","15000","1.5","15000","15000","calculable","2026-06-11T11:14:42.801Z"
"naver-card-835-balanced_120","naver-card-835","balanced_120","균형 120만원","1200000","naver-card-835-tier-1-300000","15000","0","15000","1.25","15000","15000","calculable","2026-06-11T11:14:42.801Z"
"naver-card-1470-balanced_30","naver-card-1470","balanced_30","균형 30만원","300000","naver-card-1470-tier-1-200000","4466.35","1250","3216.3500000000004","1.0721","15000","4466.35","calculable","2026-06-11T11:14:42.801Z"
"naver-card-1470-balanced_50","naver-card-1470","balanced_50","균형 50만원","500000","naver-card-1470-tier-1-200000","7443.75","1250","6193.75","1.2388","15000","7443.75","calculable","2026-06-11T11:14:42.801Z"
"naver-card-1470-balanced_70","naver-card-1470","balanced_70","균형 70만원","700000","naver-card-1470-tier-1-200000","10421.300000000001","1250","9171.300000000001","1.3102","15000","10421.300000000001","calculable","2026-06-11T11:14:42.801Z"
"naver-card-1470-balanced_100","naver-card-1470","balanced_100","균형 100만원","1000000","naver-card-1470-tier-1-200000","13089.75","1250","11839.75","1.184","15000","13089.75","calculable","2026-06-11T11:14:42.801Z"
"naver-card-1470-balanced_120","naver-card-1470","balanced_120","균형 120만원","1200000","naver-card-1470-tier-1-200000","13707.9","1250","12457.9","1.0382","15000","13707.9","calculable","2026-06-11T11:14:42.801Z"
"naver-card-10386-balanced_30","naver-card-10386","balanced_30","균형 30만원","300000","naver-card-10386-tier-1-0","13651.8","1250","12401.8","4.1339","20000","13651.8","calculable","2026-06-11T11:14:42.801Z"
"naver-card-10386-balanced_50","naver-card-10386","balanced_50","균형 50만원","500000","naver-card-10386-tier-1-0","20000","1250","18750","3.75","20000","20898.7","calculable","2026-06-11T11:14:42.801Z"
"naver-card-10386-balanced_70","naver-card-10386","balanced_70","균형 70만원","700000","naver-card-10386-tier-1-0","20000","1250","18750","2.6786","20000","23258.300000000003","calculable","2026-06-11T11:14:42.801Z"
"naver-card-10386-balanced_100","naver-card-10386","balanced_100","균형 100만원","1000000","naver-card-10386-tier-1-0","20000","1250","18750","1.875","20000","25000","calculable","2026-06-11T11:14:42.801Z"
"naver-card-10386-balanced_120","naver-card-10386","balanced_120","균형 120만원","1200000","naver-card-10386-tier-1-0","20000","1250","18750","1.5625","20000","25000","calculable","2026-06-11T11:14:42.801Z"
"naver-card-10489-balanced_30","naver-card-10489","balanced_30","균형 30만원","300000","naver-card-10489-tier-1-300000","758.44","0","758.44","0.2528","15000","758.44","calculable","2026-06-11T11:14:42.801Z"
"naver-card-10489-balanced_50","naver-card-10489","balanced_50","균형 50만원","500000","naver-card-10489-tier-1-300000","1264.03","0","1264.03","0.2528","15000","1264.03","calculable","2026-06-11T11:14:42.801Z"
"naver-card-10489-balanced_70","naver-card-10489","balanced_70","균형 70만원","700000","naver-card-10489-tier-1-300000","1769.65","0","1769.65","0.2528","15000","1769.65","calculable","2026-06-11T11:14:42.801Z"
"naver-card-10489-balanced_100","naver-card-10489","balanced_100","균형 100만원","1000000","naver-card-10489-tier-1-300000","2528.07","0","2528.07","0.2528","15000","2528.07","calculable","2026-06-11T11:14:42.801Z"
"naver-card-10489-balanced_120","naver-card-10489","balanced_120","균형 120만원","1200000","naver-card-10489-tier-1-300000","3033.7200000000003","0","3033.7200000000003","0.2528","15000","3033.7200000000003","calculable","2026-06-11T11:14:42.801Z"
"naver-card-10574-balanced_30","naver-card-10574","balanced_30","균형 30만원","300000","","0","1666.6666666666667","0","0","0","0","partial","2026-06-11T11:14:42.801Z"
"naver-card-10574-balanced_50","naver-card-10574","balanced_50","균형 50만원","500000","naver-card-10574-tier-1-400000","11460.5","1666.6666666666667","9793.833333333334","1.9588","15000","11460.5","calculable","2026-06-11T11:14:42.801Z"
"naver-card-10574-balanced_70","naver-card-10574","balanced_70","균형 70만원","700000","naver-card-10574-tier-1-400000","14044.800000000001","1666.6666666666667","12378.133333333335","1.7683","15000","14044.800000000001","calculable","2026-06-11T11:14:42.801Z"
"naver-card-10574-balanced_100","naver-card-10574","balanced_100","균형 100만원","1000000","naver-card-10574-tier-1-400000","15000","1666.6666666666667","13333.333333333334","1.3333","15000","15000","calculable","2026-06-11T11:14:42.801Z"
"naver-card-10574-balanced_120","naver-card-10574","balanced_120","균형 120만원","1200000","naver-card-10574-tier-1-400000","15000","1666.6666666666667","13333.333333333334","1.1111","15000","15000","calculable","2026-06-11T11:14:42.801Z"
"naver-card-10423-balanced_30","naver-card-10423","balanced_30","균형 30만원","300000","","0","10583.333333333334","0","0","0","0","partial","2026-06-11T11:14:42.801Z"
"naver-card-10423-balanced_50","naver-card-10423","balanced_50","균형 50만원","500000","naver-card-10423-tier-1-500000","1516.8360000000002","10583.333333333334","0","0","32000","1516.8360000000002","calculable","2026-06-11T11:14:42.801Z"
"naver-card-10423-balanced_70","naver-card-10423","balanced_70","균형 70만원","700000","naver-card-10423-tier-1-500000","2123.58","10583.333333333334","0","0","32000","2123.58","calculable","2026-06-11T11:14:42.801Z"
"naver-card-10423-balanced_100","naver-card-10423","balanced_100","균형 100만원","1000000","naver-card-10423-tier-1-500000","3033.684","10583.333333333334","0","0","32000","3033.684","calculable","2026-06-11T11:14:42.801Z"
"naver-card-10423-balanced_120","naver-card-10423","balanced_120","균형 120만원","1200000","naver-card-10423-tier-1-500000","3640.464","10583.333333333334","0","0","32000","3640.464","calculable","2026-06-11T11:14:42.801Z"
"naver-card-10627-balanced_30","naver-card-10627","balanced_30","균형 30만원","300000","naver-card-10627-tier-1-0","37.08","416.6666666666667","0","0","10000","37.08","calculable","2026-06-11T11:14:42.801Z"
"naver-card-10627-balanced_50","naver-card-10627","balanced_50","균형 50만원","500000","naver-card-10627-tier-1-0","61.794000000000004","416.6666666666667","0","0","10000","61.794000000000004","calculable","2026-06-11T11:14:42.801Z"
"naver-card-10627-balanced_70","naver-card-10627","balanced_70","균형 70만원","700000","naver-card-10627-tier-1-0","86.514","416.6666666666667","0","0","10000","86.514","calculable","2026-06-11T11:14:42.801Z"
"naver-card-10627-balanced_100","naver-card-10627","balanced_100","균형 100만원","1000000","naver-card-10627-tier-1-0","123.59","416.6666666666667","0","0","10000","123.59","calculable","2026-06-11T11:14:42.801Z"
"naver-card-10627-balanced_120","naver-card-10627","balanced_120","균형 120만원","1200000","naver-card-10627-tier-1-0","148.316","416.6666666666667","0","0","10000","148.316","calculable","2026-06-11T11:14:42.801Z"
"naver-card-10570-balanced_30","naver-card-10570","balanced_30","균형 30만원","300000","","0","2500","0","0","0","0","partial","2026-06-11T11:14:42.801Z"
"naver-card-10570-balanced_50","naver-card-10570","balanced_50","균형 50만원","500000","naver-card-10570-tier-1-500000","5477.49","2500","2977.49","0.5955","32000","5477.49","calculable","2026-06-11T11:14:42.801Z"
"naver-card-10570-balanced_70","naver-card-10570","balanced_70","균형 70만원","700000","naver-card-10570-tier-1-500000","7668.540000000001","2500","5168.540000000001","0.7384","32000","7668.540000000001","calculable","2026-06-11T11:14:42.801Z"
"naver-card-10570-balanced_100","naver-card-10570","balanced_100","균형 100만원","1000000","naver-card-10570-tier-1-500000","10955.009999999998","2500","8455.009999999998","0.8455","32000","10955.009999999998","calculable","2026-06-11T11:14:42.801Z"
"naver-card-10570-balanced_120","naver-card-10570","balanced_120","균형 120만원","1200000","naver-card-10570-tier-1-500000","13146.06","2500","10646.06","0.8872","32000","13146.06","calculable","2026-06-11T11:14:42.801Z"
"naver-card-10569-balanced_30","naver-card-10569","balanced_30","균형 30만원","300000","naver-card-10569-tier-1-0","2494.38","2500","0","0","10000","2494.38","calculable","2026-06-11T11:14:42.801Z"
"naver-card-10569-balanced_50","naver-card-10569","balanced_50","균형 50만원","500000","naver-card-10569-tier-1-0","4157.320000000001","2500","1657.3200000000006","0.3315","10000","4157.320000000001","calculable","2026-06-11T11:14:42.801Z"
"naver-card-10569-balanced_70","naver-card-10569","balanced_70","균형 70만원","700000","naver-card-10569-tier-1-0","5820.24","2500","3320.24","0.4743","10000","5820.24","calculable","2026-06-11T11:14:42.801Z"
"naver-card-10569-balanced_100","naver-card-10569","balanced_100","균형 100만원","1000000","naver-card-10569-tier-1-0","8314.640000000001","2500","5814.640000000001","0.5815","10000","8314.640000000001","calculable","2026-06-11T11:14:42.801Z"
"naver-card-10569-balanced_120","naver-card-10569","balanced_120","균형 120만원","1200000","naver-card-10569-tier-1-0","9314.599999999999","2500","6814.5999999999985","0.5679","10000","9314.599999999999","calculable","2026-06-11T11:14:42.801Z"
"naver-card-10059-balanced_30","naver-card-10059","balanced_30","균형 30만원","300000","","0","1250","0","0","0","0","partial","2026-06-11T11:14:42.801Z"
"naver-card-10059-balanced_50","naver-card-10059","balanced_50","균형 50만원","500000","naver-card-10059-tier-1-400000","15954.900000000001","1250","14704.900000000001","2.941","20000","15954.900000000001","calculable","2026-06-11T11:14:42.801Z"
"naver-card-10059-balanced_70","naver-card-10059","balanced_70","균형 70만원","700000","naver-card-10059-tier-1-400000","19044.8","1250","17794.8","2.5421","20000","19044.8","calculable","2026-06-11T11:14:42.801Z"
"naver-card-10059-balanced_100","naver-card-10059","balanced_100","균형 100만원","1000000","naver-card-10059-tier-1-400000","20000","1250","18750","1.875","20000","20000","calculable","2026-06-11T11:14:42.801Z"
"naver-card-10059-balanced_120","naver-card-10059","balanced_120","균형 120만원","1200000","naver-card-10059-tier-1-400000","20000","1250","18750","1.5625","20000","20000","calculable","2026-06-11T11:14:42.801Z"
"naver-card-10619-balanced_30","naver-card-10619","balanced_30","균형 30만원","300000","","0","1250","0","0","0","0","partial","2026-06-11T11:14:42.801Z"
"naver-card-10619-balanced_50","naver-card-10619","balanced_50","균형 50만원","500000","naver-card-10619-tier-1-400000","19269.5","1250","18019.5","3.6039","20000","19269.5","calculable","2026-06-11T11:14:42.801Z"
"naver-card-10619-balanced_70","naver-card-10619","balanced_70","균형 70만원","700000","naver-card-10619-tier-1-400000","20000","1250","18750","2.6786","20000","22977.4","calculable","2026-06-11T11:14:42.801Z"
"naver-card-10619-balanced_100","naver-card-10619","balanced_100","균형 100만원","1000000","naver-card-10619-tier-1-400000","20000","1250","18750","1.875","20000","25000","calculable","2026-06-11T11:14:42.801Z"
"naver-card-10619-balanced_120","naver-card-10619","balanced_120","균형 120만원","1200000","naver-card-10619-tier-1-400000","20000","1250","18750","1.5625","20000","25000","calculable","2026-06-11T11:14:42.801Z"
"naver-card-10371-balanced_30","naver-card-10371","balanced_30","균형 30만원","300000","naver-card-10371-tier-1-200000","556.19","24583.333333333332","0","0","10000","556.19","calculable","2026-06-11T11:14:42.801Z"
"naver-card-10371-balanced_50","naver-card-10371","balanced_50","균형 50만원","500000","naver-card-10371-tier-1-200000","926.95","24583.333333333332","0","0","10000","926.95","calculable","2026-06-11T11:14:42.801Z"
"naver-card-10371-balanced_70","naver-card-10371","balanced_70","균형 70만원","700000","naver-card-10371-tier-1-200000","1297.74","24583.333333333332","0","0","10000","1297.74","calculable","2026-06-11T11:14:42.801Z"
"naver-card-10371-balanced_100","naver-card-10371","balanced_100","균형 100만원","1000000","naver-card-10371-tier-1-200000","1853.91","24583.333333333332","0","0","10000","1853.91","calculable","2026-06-11T11:14:42.801Z"
"naver-card-10371-balanced_120","naver-card-10371","balanced_120","균형 120만원","1200000","naver-card-10371-tier-1-200000","2224.73","24583.333333333332","0","0","10000","2224.73","calculable","2026-06-11T11:14:42.801Z"
"naver-card-10628-balanced_30","naver-card-10628","balanced_30","균형 30만원","300000","naver-card-10628-tier-1-0","185.4","1666.6666666666667","0","0","10000","185.4","calculable","2026-06-11T11:14:42.801Z"
"naver-card-10628-balanced_50","naver-card-10628","balanced_50","균형 50만원","500000","naver-card-10628-tier-1-0","308.97","1666.6666666666667","0","0","10000","308.97","calculable","2026-06-11T11:14:42.801Z"
"naver-card-10628-balanced_70","naver-card-10628","balanced_70","균형 70만원","700000","naver-card-10628-tier-1-0","432.57","1666.6666666666667","0","0","10000","432.57","calculable","2026-06-11T11:14:42.801Z"
"naver-card-10628-balanced_100","naver-card-10628","balanced_100","균형 100만원","1000000","naver-card-10628-tier-1-0","617.95","1666.6666666666667","0","0","10000","617.95","calculable","2026-06-11T11:14:42.801Z"
"naver-card-10628-balanced_120","naver-card-10628","balanced_120","균형 120만원","1200000","naver-card-10628-tier-1-0","741.58","1666.6666666666667","0","0","10000","741.58","calculable","2026-06-11T11:14:42.801Z"
"naver-card-2533-balanced_30","naver-card-2533","balanced_30","균형 30만원","300000","naver-card-2533-tier-1-300000","10618.1","2500","8118.1","2.706","20000","10618.1","calculable","2026-06-11T11:14:42.801Z"
"naver-card-2533-balanced_50","naver-card-2533","balanced_50","균형 50만원","500000","naver-card-2533-tier-1-300000","15898.7","2500","13398.7","2.6797","20000","15898.7","calculable","2026-06-11T11:14:42.801Z"
"naver-card-2533-balanced_70","naver-card-2533","balanced_70","균형 70만원","700000","naver-card-2533-tier-1-300000","18258.3","2500","15758.3","2.2512","20000","18258.3","calculable","2026-06-11T11:14:42.801Z"
"naver-card-2533-balanced_100","naver-card-2533","balanced_100","균형 100만원","1000000","naver-card-2533-tier-1-300000","20000","2500","17500","1.75","20000","20000","calculable","2026-06-11T11:14:42.801Z"
"naver-card-2533-balanced_120","naver-card-2533","balanced_120","균형 120만원","1200000","naver-card-2533-tier-1-300000","20000","2500","17500","1.4583","20000","20000","calculable","2026-06-11T11:14:42.801Z"
"naver-card-10053-balanced_30","naver-card-10053","balanced_30","균형 30만원","300000","naver-card-10053-tier-1-300000","556.19","22000","0","0","10000","556.19","calculable","2026-06-11T11:14:42.801Z"
"naver-card-10053-balanced_50","naver-card-10053","balanced_50","균형 50만원","500000","naver-card-10053-tier-1-300000","926.95","22000","0","0","10000","926.95","calculable","2026-06-11T11:14:42.801Z"
"naver-card-10053-balanced_70","naver-card-10053","balanced_70","균형 70만원","700000","naver-card-10053-tier-1-300000","1297.74","22000","0","0","10000","1297.74","calculable","2026-06-11T11:14:42.801Z"
"naver-card-10053-balanced_100","naver-card-10053","balanced_100","균형 100만원","1000000","naver-card-10053-tier-1-300000","1853.91","22000","0","0","10000","1853.91","calculable","2026-06-11T11:14:42.801Z"
"naver-card-10053-balanced_120","naver-card-10053","balanced_120","균형 120만원","1200000","naver-card-10053-tier-1-300000","2224.73","22000","0","0","10000","2224.73","calculable","2026-06-11T11:14:42.801Z"
"naver-card-1591-balanced_30","naver-card-1591","balanced_30","균형 30만원","300000","","0","1666.6666666666667","0","0","0","0","partial","2026-06-11T11:14:42.801Z"
"naver-card-1591-balanced_50","naver-card-1591","balanced_50","균형 50만원","500000","naver-card-1591-tier-1-500000","22752.7","1666.6666666666667","21086.033333333333","4.2172","32000","22752.7","calculable","2026-06-11T11:14:42.801Z"
"naver-card-1591-balanced_70","naver-card-1591","balanced_70","균형 70만원","700000","naver-card-1591-tier-1-500000","31202.100000000006","1666.6666666666667","29535.433333333338","4.2193","32000","31202.100000000006","calculable","2026-06-11T11:14:42.801Z"
"naver-card-1591-balanced_100","naver-card-1591","balanced_100","균형 100만원","1000000","naver-card-1591-tier-1-500000","32000","1666.6666666666667","30333.333333333332","3.0333","32000","36921.1","calculable","2026-06-11T11:14:42.801Z"
"naver-card-1591-balanced_120","naver-card-1591","balanced_120","균형 120만원","1200000","naver-card-1591-tier-1-500000","32000","1666.6666666666667","30333.333333333332","2.5278","32000","39415.8","calculable","2026-06-11T11:14:42.801Z"
"naver-card-10609-balanced_30","naver-card-10609","balanced_30","균형 30만원","300000","","0","1500","0","0","0","0","partial","2026-06-11T11:14:42.801Z"
"naver-card-10609-balanced_50","naver-card-10609","balanced_50","균형 50만원","500000","naver-card-10609-tier-1-400000","20000","1500","18500","3.7","20000","20674.2","calculable","2026-06-11T11:14:42.801Z"
"naver-card-10609-balanced_70","naver-card-10609","balanced_70","균형 70만원","700000","naver-card-10609-tier-1-400000","20000","1500","18500","2.6429","20000","23651.7","calculable","2026-06-11T11:14:42.801Z"
"naver-card-10609-balanced_100","naver-card-10609","balanced_100","균형 100만원","1000000","naver-card-10609-tier-1-400000","20000","1500","18500","1.85","20000","25000","calculable","2026-06-11T11:14:42.801Z"
"naver-card-10609-balanced_120","naver-card-10609","balanced_120","균형 120만원","1200000","naver-card-10609-tier-1-400000","20000","1500","18500","1.5417","20000","25000","calculable","2026-06-11T11:14:42.801Z"
"naver-card-10469-balanced_30","naver-card-10469","balanced_30","균형 30만원","300000","","0","8083.333333333333","0","0","0","0","partial","2026-06-11T11:14:42.801Z"
"naver-card-10469-balanced_50","naver-card-10469","balanced_50","균형 50만원","500000","naver-card-10469-tier-1-500000","1853.9","8083.333333333333","0","0","16000","1853.9","calculable","2026-06-11T11:14:42.801Z"
"naver-card-10469-balanced_70","naver-card-10469","balanced_70","균형 70만원","700000","naver-card-10469-tier-1-500000","2595.48","8083.333333333333","0","0","16000","2595.48","calculable","2026-06-11T11:14:42.801Z"
"naver-card-10469-balanced_100","naver-card-10469","balanced_100","균형 100만원","1000000","naver-card-10469-tier-1-500000","3707.82","8083.333333333333","0","0","16000","3707.82","calculable","2026-06-11T11:14:42.801Z"
"naver-card-10469-balanced_120","naver-card-10469","balanced_120","균형 120만원","1200000","naver-card-10469-tier-1-500000","4449.46","8083.333333333333","0","0","16000","4449.46","calculable","2026-06-11T11:14:42.801Z"
"naver-card-10416-balanced_30","naver-card-10416","balanced_30","균형 30만원","300000","naver-card-10416-tier-1-300000","13820.300000000001","1250","12570.300000000001","4.1901","20000","13820.300000000001","calculable","2026-06-11T11:14:42.801Z"
"naver-card-10416-balanced_50","naver-card-10416","balanced_50","균형 50만원","500000","naver-card-10416-tier-1-300000","20000","1250","18750","3.75","20000","21179.8","calculable","2026-06-11T11:14:42.801Z"
"naver-card-10416-balanced_70","naver-card-10416","balanced_70","균형 70만원","700000","naver-card-10416-tier-1-300000","20000","1250","18750","2.6786","20000","23651.699999999997","calculable","2026-06-11T11:14:42.801Z"
"naver-card-10416-balanced_100","naver-card-10416","balanced_100","균형 100만원","1000000","naver-card-10416-tier-1-300000","20000","1250","18750","1.875","20000","25000","calculable","2026-06-11T11:14:42.801Z"
"naver-card-10416-balanced_120","naver-card-10416","balanced_120","균형 120만원","1200000","naver-card-10416-tier-1-300000","20000","1250","18750","1.5625","20000","25000","calculable","2026-06-11T11:14:42.801Z"
"naver-card-1570-balanced_30","naver-card-1570","balanced_30","균형 30만원","300000","naver-card-1570-tier-1-300000","13314.7","1250","12064.7","4.0216","20000","13314.7","calculable","2026-06-11T11:14:42.801Z"
"naver-card-1570-balanced_50","naver-card-1570","balanced_50","균형 50만원","500000","naver-card-1570-tier-1-300000","20000","1250","18750","3.75","20000","20393.100000000002","calculable","2026-06-11T11:14:42.801Z"
"naver-card-1570-balanced_70","naver-card-1570","balanced_70","균형 70만원","700000","naver-card-1570-tier-1-300000","20000","1250","18750","2.6786","20000","23258.300000000003","calculable","2026-06-11T11:14:42.801Z"
"naver-card-1570-balanced_100","naver-card-1570","balanced_100","균형 100만원","1000000","naver-card-1570-tier-1-300000","20000","1250","18750","1.875","20000","25000","calculable","2026-06-11T11:14:42.801Z"
"naver-card-1570-balanced_120","naver-card-1570","balanced_120","균형 120만원","1200000","naver-card-1570-tier-1-300000","20000","1250","18750","1.5625","20000","25000","calculable","2026-06-11T11:14:42.801Z"
"naver-card-3756-balanced_30","naver-card-3756","balanced_30","균형 30만원","300000","","0","2250","0","0","0","0","partial","2026-06-11T11:14:42.801Z"
"naver-card-3756-balanced_50","naver-card-3756","balanced_50","균형 50만원","500000","naver-card-3756-tier-1-400000","1207.85","2250","0","0","2000","1207.85","calculable","2026-06-11T11:14:42.801Z"
"naver-card-3756-balanced_70","naver-card-3756","balanced_70","균형 70만원","700000","naver-card-3756-tier-1-400000","1691","2250","0","0","2000","1691","calculable","2026-06-11T11:14:42.801Z"
"naver-card-3756-balanced_100","naver-card-3756","balanced_100","균형 100만원","1000000","naver-card-3756-tier-1-400000","2000","2250","0","0","2000","2292.11","calculable","2026-06-11T11:14:42.801Z"
"naver-card-3756-balanced_120","naver-card-3756","balanced_120","균형 120만원","1200000","naver-card-3756-tier-1-400000","2000","2250","0","0","2000","2550.57","calculable","2026-06-11T11:14:42.801Z"
"naver-card-10467-balanced_30","naver-card-10467","balanced_30","균형 30만원","300000","","0","16416.666666666668","0","0","0","0","partial","2026-06-11T11:14:42.801Z"
"naver-card-10467-balanced_50","naver-card-10467","balanced_50","균형 50만원","500000","naver-card-10467-tier-1-500000","1205.035","16416.666666666668","0","0","16000","1205.035","calculable","2026-06-11T11:14:42.801Z"
"naver-card-10467-balanced_70","naver-card-10467","balanced_70","균형 70만원","700000","naver-card-10467-tier-1-500000","1687.062","16416.666666666668","0","0","16000","1687.062","calculable","2026-06-11T11:14:42.801Z"
"naver-card-10467-balanced_100","naver-card-10467","balanced_100","균형 100만원","1000000","naver-card-10467-tier-1-500000","2410.083","16416.666666666668","0","0","16000","2410.083","calculable","2026-06-11T11:14:42.801Z"
"naver-card-10467-balanced_120","naver-card-10467","balanced_120","균형 120만원","1200000","naver-card-10467-tier-1-500000","2892.1490000000003","16416.666666666668","0","0","16000","2892.1490000000003","calculable","2026-06-11T11:14:42.801Z"
"naver-card-10402-balanced_30","naver-card-10402","balanced_30","균형 30만원","300000","","0","2500","0","0","0","0","partial","2026-06-11T11:14:42.801Z"
"naver-card-10402-balanced_50","naver-card-10402","balanced_50","균형 50만원","500000","naver-card-10402-tier-1-400000","5308.95","2500","2808.95","0.5618","20000","5308.95","calculable","2026-06-11T11:14:42.801Z"
"naver-card-10402-balanced_70","naver-card-10402","balanced_70","균형 70만원","700000","naver-card-10402-tier-1-400000","7432.5599999999995","2500","4932.5599999999995","0.7047","20000","7432.5599999999995","calculable","2026-06-11T11:14:42.801Z"
"naver-card-10402-balanced_100","naver-card-10402","balanced_100","균형 100만원","1000000","naver-card-10402-tier-1-400000","10617.929999999998","2500","8117.9299999999985","0.8118","20000","10617.929999999998","calculable","2026-06-11T11:14:42.801Z"
"naver-card-10402-balanced_120","naver-card-10402","balanced_120","균형 120만원","1200000","naver-card-10402-tier-1-400000","12741.599999999999","2500","10241.599999999999","0.8535","20000","12741.599999999999","calculable","2026-06-11T11:14:42.801Z"
"naver-card-10080-balanced_30","naver-card-10080","balanced_30","균형 30만원","300000","naver-card-10080-tier-1-300000","1853.95","2250","0","0","20000","1853.95","calculable","2026-06-11T11:14:42.801Z"
"naver-card-10080-balanced_50","naver-card-10080","balanced_50","균형 50만원","500000","naver-card-10080-tier-1-300000","3089.9","2250","839.9000000000001","0.168","20000","3089.9","calculable","2026-06-11T11:14:42.801Z"
"naver-card-10080-balanced_70","naver-card-10080","balanced_70","균형 70만원","700000","naver-card-10080-tier-1-300000","4325.85","2250","2075.8500000000004","0.2966","20000","4325.85","calculable","2026-06-11T11:14:42.801Z"
"naver-card-10080-balanced_100","naver-card-10080","balanced_100","균형 100만원","1000000","naver-card-10080-tier-1-300000","6179.8","2250","3929.8","0.393","20000","6179.8","calculable","2026-06-11T11:14:42.801Z"
"naver-card-10080-balanced_120","naver-card-10080","balanced_120","균형 120만원","1200000","naver-card-10080-tier-1-300000","7415.75","2250","5165.75","0.4305","20000","7415.75","calculable","2026-06-11T11:14:42.801Z"
"naver-card-10493-balanced_30","naver-card-10493","balanced_30","균형 30만원","300000","","0","500","0","0","0","0","partial","2026-06-11T11:14:42.801Z"
"naver-card-10493-balanced_50","naver-card-10493","balanced_50","균형 50만원","500000","naver-card-10493-tier-1-400000","6151.65","500","5651.65","1.1303","20000","6151.65","calculable","2026-06-11T11:14:42.801Z"
"naver-card-10493-balanced_70","naver-card-10493","balanced_70","균형 70만원","700000","naver-card-10493-tier-1-400000","8612.34","500","8112.34","1.1589","20000","8612.34","calculable","2026-06-11T11:14:42.801Z"
"naver-card-10493-balanced_100","naver-card-10493","balanced_100","균형 100만원","1000000","naver-card-10493-tier-1-400000","12303.33","500","11803.33","1.1803","20000","12303.33","calculable","2026-06-11T11:14:42.801Z"
"naver-card-10493-balanced_120","naver-card-10493","balanced_120","균형 120만원","1200000","naver-card-10493-tier-1-400000","14764.05","500","14264.05","1.1887","20000","14764.05","calculable","2026-06-11T11:14:42.801Z"
"naver-card-10151-balanced_30","naver-card-10151","balanced_30","균형 30만원","300000","","0","1250","0","0","0","0","partial","2026-06-11T11:14:42.801Z"
"naver-card-10151-balanced_50","naver-card-10151","balanced_50","균형 50만원","500000","naver-card-10151-tier-1-400000","834.2550000000001","1250","0","0","6000","834.2550000000001","calculable","2026-06-11T11:14:42.801Z"
"naver-card-10151-balanced_70","naver-card-10151","balanced_70","균형 70만원","700000","naver-card-10151-tier-1-400000","1167.9660000000001","1250","0","0","6000","1167.9660000000001","calculable","2026-06-11T11:14:42.801Z"
"naver-card-10151-balanced_100","naver-card-10151","balanced_100","균형 100만원","1000000","naver-card-10151-tier-1-400000","1668.5190000000002","1250","418.51900000000023","0.0419","6000","1668.5190000000002","calculable","2026-06-11T11:14:42.801Z"
"naver-card-10151-balanced_120","naver-card-10151","balanced_120","균형 120만원","1200000","naver-card-10151-tier-1-400000","2002.2570000000003","1250","752.2570000000003","0.0627","6000","2002.2570000000003","calculable","2026-06-11T11:14:42.801Z"
"naver-card-10207-balanced_30","naver-card-10207","balanced_30","균형 30만원","300000","","0","1666.6666666666667","0","0","0","0","partial","2026-06-11T11:14:42.801Z"
"naver-card-10207-balanced_50","naver-card-10207","balanced_50","균형 50만원","500000","naver-card-10207-tier-1-400000","1011.24","1666.6666666666667","0","0","15000","1011.24","calculable","2026-06-11T11:14:42.801Z"
"naver-card-10207-balanced_70","naver-card-10207","balanced_70","균형 70만원","700000","naver-card-10207-tier-1-400000","1415.73","1666.6666666666667","0","0","15000","1415.73","calculable","2026-06-11T11:14:42.801Z"
"naver-card-10207-balanced_100","naver-card-10207","balanced_100","균형 100만원","1000000","naver-card-10207-tier-1-400000","2022.48","1666.6666666666667","355.8133333333333","0.0356","15000","2022.48","calculable","2026-06-11T11:14:42.801Z"
"naver-card-10207-balanced_120","naver-card-10207","balanced_120","균형 120만원","1200000","naver-card-10207-tier-1-400000","2426.97","1666.6666666666667","760.3033333333331","0.0634","15000","2426.97","calculable","2026-06-11T11:14:42.801Z"
"naver-card-10313-balanced_30","naver-card-10313","balanced_30","균형 30만원","300000","","0","4166.666666666667","0","0","0","0","partial","2026-06-11T11:14:42.801Z"
"naver-card-10313-balanced_50","naver-card-10313","balanced_50","균형 50만원","500000","naver-card-10313-tier-1-500000","16011.099999999999","4166.666666666667","11844.43333333333","2.3689","32000","16011.099999999999","calculable","2026-06-11T11:14:42.801Z"
"naver-card-10313-balanced_70","naver-card-10313","balanced_70","균형 70만원","700000","naver-card-10313-tier-1-500000","21763.9","4166.666666666667","17597.233333333334","2.5139","32000","21763.9","calculable","2026-06-11T11:14:42.801Z"
"naver-card-10313-balanced_100","naver-card-10313","balanced_100","균형 100만원","1000000","naver-card-10313-tier-1-500000","27662.7","4166.666666666667","23496.033333333333","2.3496","32000","27662.7","calculable","2026-06-11T11:14:42.801Z"
"naver-card-10313-balanced_120","naver-card-10313","balanced_120","균형 120만원","1200000","naver-card-10313-tier-1-500000","31415.8","4166.666666666667","27249.13333333333","2.2708","32000","31415.8","calculable","2026-06-11T11:14:42.801Z"
"naver-card-10327-balanced_30","naver-card-10327","balanced_30","균형 30만원","300000","","0","1666.6666666666667","0","0","0","0","partial","2026-06-11T11:14:42.801Z"
"naver-card-10327-balanced_50","naver-card-10327","balanced_50","균형 50만원","500000","naver-card-10327-tier-1-400000","617.98","1666.6666666666667","0","0","10000","617.98","calculable","2026-06-11T11:14:42.801Z"
"naver-card-10327-balanced_70","naver-card-10327","balanced_70","균형 70만원","700000","naver-card-10327-tier-1-400000","865.1700000000001","1666.6666666666667","0","0","10000","865.1700000000001","calculable","2026-06-11T11:14:42.801Z"
"naver-card-10327-balanced_100","naver-card-10327","balanced_100","균형 100만원","1000000","naver-card-10327-tier-1-400000","1235.96","1666.6666666666667","0","0","10000","1235.96","calculable","2026-06-11T11:14:42.801Z"
"naver-card-10327-balanced_120","naver-card-10327","balanced_120","균형 120만원","1200000","naver-card-10327-tier-1-400000","1483.15","1666.6666666666667","0","0","10000","1483.15","calculable","2026-06-11T11:14:42.801Z"
"naver-card-10260-balanced_30","naver-card-10260","balanced_30","균형 30만원","300000","naver-card-10260-tier-1-300000","945.5230000000001","1833.3333333333333","0","0","10000","945.5230000000001","calculable","2026-06-11T11:14:42.801Z"
"naver-card-10260-balanced_50","naver-card-10260","balanced_50","균형 50만원","500000","naver-card-10260-tier-1-300000","1575.815","1833.3333333333333","0","0","10000","1575.815","calculable","2026-06-11T11:14:42.801Z"
"naver-card-10260-balanced_70","naver-card-10260","balanced_70","균형 70만원","700000","naver-card-10260-tier-1-300000","2206.1580000000004","1833.3333333333333","372.8246666666671","0.0533","10000","2206.1580000000004","calculable","2026-06-11T11:14:42.801Z"
"naver-card-10260-balanced_100","naver-card-10260","balanced_100","균형 100만원","1000000","naver-card-10260-tier-1-300000","3151.647","1833.3333333333333","1318.3136666666667","0.1318","10000","3151.647","calculable","2026-06-11T11:14:42.801Z"
"naver-card-10260-balanced_120","naver-card-10260","balanced_120","균형 120만원","1200000","naver-card-10260-tier-1-300000","3782.041","1833.3333333333333","1948.707666666667","0.1624","10000","3782.041","calculable","2026-06-11T11:14:42.801Z"
"naver-card-10187-balanced_30","naver-card-10187","balanced_30","균형 30만원","300000","naver-card-10187-tier-1-0","945.5230000000001","1000","0","0","10000","945.5230000000001","calculable","2026-06-11T11:14:42.801Z"
"naver-card-10187-balanced_50","naver-card-10187","balanced_50","균형 50만원","500000","naver-card-10187-tier-1-0","1575.815","1000","575.815","0.1152","10000","1575.815","calculable","2026-06-11T11:14:42.801Z"
"naver-card-10187-balanced_70","naver-card-10187","balanced_70","균형 70만원","700000","naver-card-10187-tier-1-0","2206.1580000000004","1000","1206.1580000000004","0.1723","10000","2206.1580000000004","calculable","2026-06-11T11:14:42.801Z"
"naver-card-10187-balanced_100","naver-card-10187","balanced_100","균형 100만원","1000000","naver-card-10187-tier-1-0","3151.647","1000","2151.647","0.2152","10000","3151.647","calculable","2026-06-11T11:14:42.801Z"
"naver-card-10187-balanced_120","naver-card-10187","balanced_120","균형 120만원","1200000","naver-card-10187-tier-1-0","3782.041","1000","2782.041","0.2318","10000","3782.041","calculable","2026-06-11T11:14:42.801Z"
"naver-card-10584-balanced_30","naver-card-10584","balanced_30","균형 30만원","300000","","0","2333.3333333333335","0","0","0","0","partial","2026-06-11T11:14:42.801Z"
"naver-card-10584-balanced_50","naver-card-10584","balanced_50","균형 50만원","500000","naver-card-10584-tier-1-400000","2134.84","2333.3333333333335","0","0","20000","2134.84","calculable","2026-06-11T11:14:42.801Z"
"naver-card-10584-balanced_70","naver-card-10584","balanced_70","균형 70만원","700000","naver-card-10584-tier-1-400000","2988.7700000000004","2333.3333333333335","655.436666666667","0.0936","20000","2988.7700000000004","calculable","2026-06-11T11:14:42.801Z"
"naver-card-10584-balanced_100","naver-card-10584","balanced_100","균형 100만원","1000000","naver-card-10584-tier-1-400000","4269.68","2333.3333333333335","1936.3466666666668","0.1936","20000","4269.68","calculable","2026-06-11T11:14:42.801Z"
"naver-card-10584-balanced_120","naver-card-10584","balanced_120","균형 120만원","1200000","naver-card-10584-tier-1-400000","5123.59","2333.3333333333335","2790.2566666666667","0.2325","20000","5123.59","calculable","2026-06-11T11:14:42.801Z"
"naver-card-10409-balanced_30","naver-card-10409","balanced_30","균형 30만원","300000","","0","3333.3333333333335","0","0","0","0","partial","2026-06-11T11:14:42.801Z"
"naver-card-10409-balanced_50","naver-card-10409","balanced_50","균형 50만원","500000","naver-card-10409-tier-1-500000","12640.300000000003","3333.3333333333335","9306.966666666669","1.8614","32000","12640.300000000003","calculable","2026-06-11T11:14:42.801Z"
"naver-card-10409-balanced_70","naver-card-10409","balanced_70","균형 70만원","700000","naver-card-10409-tier-1-500000","17696.5","3333.3333333333335","14363.166666666666","2.0519","32000","17696.5","calculable","2026-06-11T11:14:42.801Z"
"naver-card-10409-balanced_100","naver-card-10409","balanced_100","균형 100만원","1000000","naver-card-10409-tier-1-500000","24291.9","3333.3333333333335","20958.56666666667","2.0959","32000","24291.9","calculable","2026-06-11T11:14:42.801Z"
"naver-card-10409-balanced_120","naver-card-10409","balanced_120","균형 120만원","1200000","naver-card-10409-tier-1-500000","27460.7","3333.3333333333335","24127.36666666667","2.0106","32000","27460.7","calculable","2026-06-11T11:14:42.801Z"
"naver-card-1292-balanced_30","naver-card-1292","balanced_30","균형 30만원","300000","naver-card-1292-tier-1-300000","13314.7","833.3333333333334","12481.366666666667","4.1605","20000","13314.7","calculable","2026-06-11T11:14:42.801Z"
"naver-card-1292-balanced_50","naver-card-1292","balanced_50","균형 50만원","500000","naver-card-1292-tier-1-300000","20000","833.3333333333334","19166.666666666668","3.8333","20000","20393.100000000002","calculable","2026-06-11T11:14:42.801Z"
"naver-card-1292-balanced_70","naver-card-1292","balanced_70","균형 70만원","700000","naver-card-1292-tier-1-300000","20000","833.3333333333334","19166.666666666668","2.7381","20000","23258.3","calculable","2026-06-11T11:14:42.801Z"
"naver-card-1292-balanced_100","naver-card-1292","balanced_100","균형 100만원","1000000","naver-card-1292-tier-1-300000","20000","833.3333333333334","19166.666666666668","1.9167","20000","25000","calculable","2026-06-11T11:14:42.801Z"
"naver-card-1292-balanced_120","naver-card-1292","balanced_120","균형 120만원","1200000","naver-card-1292-tier-1-300000","20000","833.3333333333334","19166.666666666668","1.5972","20000","25000","calculable","2026-06-11T11:14:42.801Z"
"naver-card-10201-balanced_30","naver-card-10201","balanced_30","균형 30만원","300000","naver-card-10201-tier-1-300000","13483.2","1250","12233.2","4.0777","20000","13483.2","calculable","2026-06-11T11:14:42.801Z"
"naver-card-10201-balanced_50","naver-card-10201","balanced_50","균형 50만원","500000","naver-card-10201-tier-1-300000","20000","1250","18750","3.75","20000","20674.2","calculable","2026-06-11T11:14:42.801Z"
"naver-card-10201-balanced_70","naver-card-10201","balanced_70","균형 70만원","700000","naver-card-10201-tier-1-300000","20000","1250","18750","2.6786","20000","23651.7","calculable","2026-06-11T11:14:42.801Z"
"naver-card-10201-balanced_100","naver-card-10201","balanced_100","균형 100만원","1000000","naver-card-10201-tier-1-300000","20000","1250","18750","1.875","20000","25000","calculable","2026-06-11T11:14:42.801Z"
"naver-card-10201-balanced_120","naver-card-10201","balanced_120","균형 120만원","1200000","naver-card-10201-tier-1-300000","20000","1250","18750","1.5625","20000","25000","calculable","2026-06-11T11:14:42.801Z"
"naver-card-10617-balanced_30","naver-card-10617","balanced_30","균형 30만원","300000","naver-card-10617-tier-1-0","129.77999999999997","416.6666666666667","0","0","10000","129.77999999999997","calculable","2026-06-11T11:14:42.801Z"
"naver-card-10617-balanced_50","naver-card-10617","balanced_50","균형 50만원","500000","naver-card-10617-tier-1-0","216.27899999999997","416.6666666666667","0","0","10000","216.27899999999997","calculable","2026-06-11T11:14:42.801Z"
"naver-card-10617-balanced_70","naver-card-10617","balanced_70","균형 70만원","700000","naver-card-10617-tier-1-0","302.799","416.6666666666667","0","0","10000","302.799","calculable","2026-06-11T11:14:42.801Z"
"naver-card-10617-balanced_100","naver-card-10617","balanced_100","균형 100만원","1000000","naver-card-10617-tier-1-0","432.56499999999994","416.6666666666667","15.898333333333255","0.0016","10000","432.56499999999994","calculable","2026-06-11T11:14:42.801Z"
"naver-card-10617-balanced_120","naver-card-10617","balanced_120","균형 120만원","1200000","naver-card-10617-tier-1-0","519.106","416.6666666666667","102.43933333333331","0.0085","10000","519.106","calculable","2026-06-11T11:14:42.801Z"
"naver-card-10410-balanced_30","naver-card-10410","balanced_30","균형 30만원","300000","","0","1666.6666666666667","0","0","0","0","partial","2026-06-11T11:14:42.801Z"
"naver-card-10410-balanced_50","naver-card-10410","balanced_50","균형 50만원","500000","naver-card-10410-tier-1-400000","8089.700000000001","1666.6666666666667","6423.033333333334","1.2846","10000","8089.700000000001","calculable","2026-06-11T11:14:42.801Z"
"naver-card-10410-balanced_70","naver-card-10410","balanced_70","균형 70만원","700000","naver-card-10410-tier-1-400000","9325.7","1666.6666666666667","7659.033333333334","1.0941","10000","9325.7","calculable","2026-06-11T11:14:42.801Z"
"naver-card-10410-balanced_100","naver-card-10410","balanced_100","균형 100만원","1000000","naver-card-10410-tier-1-400000","10000","1666.6666666666667","8333.333333333334","0.8333","10000","10000","calculable","2026-06-11T11:14:42.801Z"
"naver-card-10410-balanced_120","naver-card-10410","balanced_120","균형 120만원","1200000","naver-card-10410-tier-1-400000","10000","1666.6666666666667","8333.333333333334","0.6944","10000","10000","calculable","2026-06-11T11:14:42.801Z"
"naver-card-10396-balanced_30","naver-card-10396","balanced_30","균형 30만원","300000","","0","12500","0","0","0","0","partial","2026-06-11T11:14:42.801Z"
"naver-card-10396-balanced_50","naver-card-10396","balanced_50","균형 50만원","500000","naver-card-10396-tier-1-500000","617.98","12500","0","0","16000","617.98","calculable","2026-06-11T11:14:42.801Z"
"naver-card-10396-balanced_70","naver-card-10396","balanced_70","균형 70만원","700000","naver-card-10396-tier-1-500000","865.1700000000001","12500","0","0","16000","865.1700000000001","calculable","2026-06-11T11:14:42.801Z"
"naver-card-10396-balanced_100","naver-card-10396","balanced_100","균형 100만원","1000000","naver-card-10396-tier-1-500000","1235.96","12500","0","0","16000","1235.96","calculable","2026-06-11T11:14:42.801Z"
"naver-card-10396-balanced_120","naver-card-10396","balanced_120","균형 120만원","1200000","naver-card-10396-tier-1-500000","1483.15","12500","0","0","16000","1483.15","calculable","2026-06-11T11:14:42.801Z"
"naver-card-10506-balanced_30","naver-card-10506","balanced_30","균형 30만원","300000","naver-card-10506-tier-1-300000","606.75","833.3333333333334","0","0","20000","606.75","calculable","2026-06-11T11:14:42.801Z"
"naver-card-10506-balanced_50","naver-card-10506","balanced_50","균형 50만원","500000","naver-card-10506-tier-1-300000","1011.24","833.3333333333334","177.90666666666664","0.0356","20000","1011.24","calculable","2026-06-11T11:14:42.801Z"
"naver-card-10506-balanced_70","naver-card-10506","balanced_70","균형 70만원","700000","naver-card-10506-tier-1-300000","1415.73","833.3333333333334","582.3966666666666","0.0832","20000","1415.73","calculable","2026-06-11T11:14:42.801Z"
"naver-card-10506-balanced_100","naver-card-10506","balanced_100","균형 100만원","1000000","naver-card-10506-tier-1-300000","2022.48","833.3333333333334","1189.1466666666665","0.1189","20000","2022.48","calculable","2026-06-11T11:14:42.801Z"
"naver-card-10506-balanced_120","naver-card-10506","balanced_120","균형 120만원","1200000","naver-card-10506-tier-1-300000","2426.97","833.3333333333334","1593.6366666666663","0.1328","20000","2426.97","calculable","2026-06-11T11:14:42.801Z"
"naver-card-10535-balanced_30","naver-card-10535","balanced_30","균형 30만원","300000","","0","2250","0","0","0","0","partial","2026-06-11T11:14:42.801Z"
"naver-card-10535-balanced_50","naver-card-10535","balanced_50","균형 50만원","500000","naver-card-10535-tier-1-500000","421.34999999999997","2250","0","0","30000","421.34999999999997","calculable","2026-06-11T11:14:42.801Z"
"naver-card-10535-balanced_70","naver-card-10535","balanced_70","균형 70만원","700000","naver-card-10535-tier-1-500000","589.89","2250","0","0","30000","589.89","calculable","2026-06-11T11:14:42.801Z"
"naver-card-10535-balanced_100","naver-card-10535","balanced_100","균형 100만원","1000000","naver-card-10535-tier-1-500000","842.6999999999999","2250","0","0","30000","842.6999999999999","calculable","2026-06-11T11:14:42.801Z"
"naver-card-10535-balanced_120","naver-card-10535","balanced_120","균형 120만원","1200000","naver-card-10535-tier-1-500000","1011.24","2250","0","0","30000","1011.24","calculable","2026-06-11T11:14:42.801Z"
"naver-card-10346-balanced_30","naver-card-10346","balanced_30","균형 30만원","300000","naver-card-10346-tier-1-0","1853.95","4166.666666666667","0","0","10000","1853.95","calculable","2026-06-11T11:14:42.801Z"
"naver-card-10346-balanced_50","naver-card-10346","balanced_50","균형 50만원","500000","naver-card-10346-tier-1-0","3089.9","4166.666666666667","0","0","10000","3089.9","calculable","2026-06-11T11:14:42.801Z"
"naver-card-10346-balanced_70","naver-card-10346","balanced_70","균형 70만원","700000","naver-card-10346-tier-1-0","4325.85","4166.666666666667","159.1833333333334","0.0227","10000","4325.85","calculable","2026-06-11T11:14:42.801Z"
"naver-card-10346-balanced_100","naver-card-10346","balanced_100","균형 100만원","1000000","naver-card-10346-tier-1-0","6179.8","4166.666666666667","2013.1333333333332","0.2013","10000","6179.8","calculable","2026-06-11T11:14:42.801Z"
"naver-card-10346-balanced_120","naver-card-10346","balanced_120","균형 120만원","1200000","naver-card-10346-tier-1-0","7415.75","4166.666666666667","3249.083333333333","0.2708","10000","7415.75","calculable","2026-06-11T11:14:42.801Z"
"naver-card-10378-balanced_30","naver-card-10378","balanced_30","균형 30만원","300000","","0","2500","0","0","0","0","partial","2026-06-11T11:14:42.801Z"
"naver-card-10378-balanced_50","naver-card-10378","balanced_50","균형 50만원","500000","naver-card-10378-tier-1-500000","3412.935","2500","912.935","0.1826","16000","3412.935","calculable","2026-06-11T11:14:42.801Z"
"naver-card-10378-balanced_70","naver-card-10378","balanced_70","균형 70만원","700000","naver-card-10378-tier-1-500000","4778.099999999999","2500","2278.0999999999995","0.3254","16000","4778.099999999999","calculable","2026-06-11T11:14:42.801Z"
"naver-card-10378-balanced_100","naver-card-10378","balanced_100","균형 100만원","1000000","naver-card-10378-tier-1-500000","6825.87","2500","4325.87","0.4326","16000","6825.87","calculable","2026-06-11T11:14:42.801Z"
"naver-card-10378-balanced_120","naver-card-10378","balanced_120","균형 120만원","1200000","naver-card-10378-tier-1-500000","8191.035","2500","5691.035","0.4743","16000","8191.035","calculable","2026-06-11T11:14:42.801Z"
"naver-card-10128-balanced_30","naver-card-10128","balanced_30","균형 30만원","300000","naver-card-10128-tier-1-300000","9320.29","1000","8320.29","2.7734","20000","9320.29","calculable","2026-06-11T11:14:42.801Z"
"naver-card-10128-balanced_50","naver-card-10128","balanced_50","균형 50만원","500000","naver-card-10128-tier-1-300000","15533.630000000001","1000","14533.630000000001","2.9067","20000","15533.630000000001","calculable","2026-06-11T11:14:42.801Z"
"naver-card-10128-balanced_70","naver-card-10128","balanced_70","균형 70만원","700000","naver-card-10128-tier-1-300000","20000","1000","19000","2.7143","20000","20185.28","calculable","2026-06-11T11:14:42.801Z"
"naver-card-10128-balanced_100","naver-card-10128","balanced_100","균형 100만원","1000000","naver-card-10128-tier-1-300000","20000","1000","19000","1.9","20000","23258.25","calculable","2026-06-11T11:14:42.801Z"
"naver-card-10128-balanced_120","naver-card-10128","balanced_120","균형 120만원","1200000","naver-card-10128-tier-1-300000","20000","1000","19000","1.5833","20000","24719.120000000003","calculable","2026-06-11T11:14:42.801Z"
"naver-card-10491-balanced_30","naver-card-10491","balanced_30","균형 30만원","300000","naver-card-10491-tier-1-0","667.4280000000001","10000","0","0","10000","667.4280000000001","calculable","2026-06-11T11:14:42.801Z"
"naver-card-10491-balanced_50","naver-card-10491","balanced_50","균형 50만원","500000","naver-card-10491-tier-1-0","1112.3400000000001","10000","0","0","10000","1112.3400000000001","calculable","2026-06-11T11:14:42.801Z"
"naver-card-10491-balanced_70","naver-card-10491","balanced_70","균형 70만원","700000","naver-card-10491-tier-1-0","1557.288","10000","0","0","10000","1557.288","calculable","2026-06-11T11:14:42.801Z"
"naver-card-10491-balanced_100","naver-card-10491","balanced_100","균형 100만원","1000000","naver-card-10491-tier-1-0","2224.692","10000","0","0","10000","2224.692","calculable","2026-06-11T11:14:42.801Z"
"naver-card-10491-balanced_120","naver-card-10491","balanced_120","균형 120만원","1200000","naver-card-10491-tier-1-0","2669.676","10000","0","0","10000","2669.676","calculable","2026-06-11T11:14:42.801Z"
"naver-card-10385-balanced_30","naver-card-10385","balanced_30","균형 30만원","300000","","0","1666.6666666666667","0","0","0","0","partial","2026-06-11T11:14:42.801Z"
"naver-card-10385-balanced_50","naver-card-10385","balanced_50","균형 50만원","500000","naver-card-10385-tier-1-500000","955.06","1666.6666666666667","0","0","16000","955.06","calculable","2026-06-11T11:14:42.801Z"
"naver-card-10385-balanced_70","naver-card-10385","balanced_70","균형 70만원","700000","naver-card-10385-tier-1-500000","1337.0800000000002","1666.6666666666667","0","0","16000","1337.0800000000002","calculable","2026-06-11T11:14:42.801Z"
"naver-card-10385-balanced_100","naver-card-10385","balanced_100","균형 100만원","1000000","naver-card-10385-tier-1-500000","1910.12","1666.6666666666667","243.45333333333315","0.0243","16000","1910.12","calculable","2026-06-11T11:14:42.801Z"
"naver-card-10385-balanced_120","naver-card-10385","balanced_120","균형 120만원","1200000","naver-card-10385-tier-1-500000","2292.1400000000003","1666.6666666666667","625.4733333333336","0.0521","16000","2292.1400000000003","calculable","2026-06-11T11:14:42.801Z"
"naver-card-10479-balanced_30","naver-card-10479","balanced_30","균형 30만원","300000","","0","2333.3333333333335","0","0","0","0","partial","2026-06-11T11:14:42.801Z"
"naver-card-10479-balanced_50","naver-card-10479","balanced_50","균형 50만원","500000","naver-card-10479-tier-1-400000","13089.7","2333.3333333333335","10756.366666666667","2.1513","15000","13089.7","calculable","2026-06-11T11:14:42.801Z"
"naver-card-10479-balanced_70","naver-card-10479","balanced_70","균형 70만원","700000","naver-card-10479-tier-1-400000","14325.7","2333.3333333333335","11992.366666666667","1.7132","15000","14325.7","calculable","2026-06-11T11:14:42.801Z"
"naver-card-10479-balanced_100","naver-card-10479","balanced_100","균형 100만원","1000000","naver-card-10479-tier-1-400000","15000","2333.3333333333335","12666.666666666666","1.2667","15000","15000","calculable","2026-06-11T11:14:42.801Z"
"naver-card-10479-balanced_120","naver-card-10479","balanced_120","균형 120만원","1200000","naver-card-10479-tier-1-400000","15000","2333.3333333333335","12666.666666666666","1.0556","15000","15000","calculable","2026-06-11T11:14:42.801Z"
"naver-card-10314-balanced_30","naver-card-10314","balanced_30","균형 30만원","300000","","0","4166.666666666667","0","0","0","0","partial","2026-06-11T11:14:42.801Z"
"naver-card-10314-balanced_50","naver-card-10314","balanced_50","균형 50만원","500000","naver-card-10314-tier-1-500000","9269.5","4166.666666666667","5102.833333333333","1.0206","30000","9269.5","calculable","2026-06-11T11:14:42.801Z"
"naver-card-10314-balanced_70","naver-card-10314","balanced_70","균형 70만원","700000","naver-card-10314-tier-1-500000","12977.400000000001","4166.666666666667","8810.733333333334","1.2587","30000","12977.400000000001","calculable","2026-06-11T11:14:42.801Z"
"naver-card-10314-balanced_100","naver-card-10314","balanced_100","균형 100만원","1000000","naver-card-10314-tier-1-500000","18539.1","4166.666666666667","14372.43333333333","1.4372","30000","18539.1","calculable","2026-06-11T11:14:42.801Z"
"naver-card-10314-balanced_120","naver-card-10314","balanced_120","균형 120만원","1200000","naver-card-10314-tier-1-500000","22247.3","4166.666666666667","18080.63333333333","1.5067","30000","22247.3","calculable","2026-06-11T11:14:42.801Z"
"naver-card-1400-balanced_30","naver-card-1400","balanced_30","균형 30만원","300000","naver-card-1400-tier-1-300000","12977.600000000002","0","12977.600000000002","4.3259","20000","12977.600000000002","calculable","2026-06-11T11:14:42.801Z"
"naver-card-1400-balanced_50","naver-card-1400","balanced_50","균형 50만원","500000","naver-card-1400-tier-1-300000","19775.1","0","19775.1","3.955","20000","19775.1","calculable","2026-06-11T11:14:42.801Z"
"naver-card-1400-balanced_70","naver-card-1400","balanced_70","균형 70만원","700000","naver-card-1400-tier-1-300000","20000","0","20000","2.8571","20000","21685.3","calculable","2026-06-11T11:14:42.801Z"
"naver-card-1400-balanced_100","naver-card-1400","balanced_100","균형 100만원","1000000","naver-card-1400-tier-1-300000","20000","0","20000","2","20000","23370.8","calculable","2026-06-11T11:14:42.801Z"
"naver-card-1400-balanced_120","naver-card-1400","balanced_120","균형 120만원","1200000","naver-card-1400-tier-1-300000","20000","0","20000","1.6667","20000","24044.9","calculable","2026-06-11T11:14:42.801Z"
"naver-card-10465-balanced_30","naver-card-10465","balanced_30","균형 30만원","300000","","0","2083.3333333333335","0","0","0","0","partial","2026-06-11T11:14:42.801Z"
"naver-card-10465-balanced_50","naver-card-10465","balanced_50","균형 50만원","500000","naver-card-10465-tier-1-500000","5898.9","2083.3333333333335","3815.566666666666","0.7631","32000","5898.9","calculable","2026-06-11T11:14:42.801Z"
"naver-card-10465-balanced_70","naver-card-10465","balanced_70","균형 70만원","700000","naver-card-10465-tier-1-500000","8258.429999999998","2083.3333333333335","6175.0966666666645","0.8822","32000","8258.429999999998","calculable","2026-06-11T11:14:42.801Z"
"naver-card-10465-balanced_100","naver-card-10465","balanced_100","균형 100만원","1000000","naver-card-10465-tier-1-500000","11797.8","2083.3333333333335","9714.466666666665","0.9714","32000","11797.8","calculable","2026-06-11T11:14:42.801Z"
"naver-card-10465-balanced_120","naver-card-10465","balanced_120","균형 120만원","1200000","naver-card-10465-tier-1-500000","14157.3","2083.3333333333335","12073.966666666665","1.0062","32000","14157.3","calculable","2026-06-11T11:14:42.801Z"
"naver-card-10373-balanced_30","naver-card-10373","balanced_30","균형 30만원","300000","","0","82916.66666666667","0","0","0","0","partial","2026-06-11T11:14:42.801Z"
"naver-card-10373-balanced_50","naver-card-10373","balanced_50","균형 50만원","500000","naver-card-10373-tier-1-500000","1264.03","82916.66666666667","0","0","24000","1264.03","calculable","2026-06-11T11:14:42.801Z"
"naver-card-10373-balanced_70","naver-card-10373","balanced_70","균형 70만원","700000","naver-card-10373-tier-1-500000","1769.65","82916.66666666667","0","0","24000","1769.65","calculable","2026-06-11T11:14:42.801Z"
"naver-card-10373-balanced_100","naver-card-10373","balanced_100","균형 100만원","1000000","naver-card-10373-tier-1-500000","2528.07","82916.66666666667","0","0","24000","2528.07","calculable","2026-06-11T11:14:42.801Z"
"naver-card-10373-balanced_120","naver-card-10373","balanced_120","균형 120만원","1200000","naver-card-10373-tier-1-500000","3033.7200000000003","82916.66666666667","0","0","24000","3033.7200000000003","calculable","2026-06-11T11:14:42.801Z"
"naver-card-10219-balanced_30","naver-card-10219","balanced_30","균형 30만원","300000","naver-card-10219-tier-1-0","5561.9","2083.3333333333335","3478.566666666666","1.1595","10000","5561.9","calculable","2026-06-11T11:14:42.801Z"
"naver-card-10219-balanced_50","naver-card-10219","balanced_50","균형 50만원","500000","naver-card-10219-tier-1-0","8089.700000000001","2083.3333333333335","6006.366666666667","1.2013","10000","8089.700000000001","calculable","2026-06-11T11:14:42.801Z"
"naver-card-10219-balanced_70","naver-card-10219","balanced_70","균형 70만원","700000","naver-card-10219-tier-1-0","9325.7","2083.3333333333335","7242.366666666667","1.0346","10000","9325.7","calculable","2026-06-11T11:14:42.801Z"
"naver-card-10219-balanced_100","naver-card-10219","balanced_100","균형 100만원","1000000","naver-card-10219-tier-1-0","10000","2083.3333333333335","7916.666666666666","0.7917","10000","10000","calculable","2026-06-11T11:14:42.801Z"
"naver-card-10219-balanced_120","naver-card-10219","balanced_120","균형 120만원","1200000","naver-card-10219-tier-1-0","10000","2083.3333333333335","7916.666666666666","0.6597","10000","10000","calculable","2026-06-11T11:14:42.801Z"
"naver-card-10076-balanced_30","naver-card-10076","balanced_30","균형 30만원","300000","","0","3750","0","0","0","0","partial","2026-06-11T11:14:42.801Z"
"naver-card-10076-balanced_50","naver-card-10076","balanced_50","균형 50만원","500000","naver-card-10076-tier-1-500000","308.97","3750","0","0","16000","308.97","calculable","2026-06-11T11:14:42.801Z"
"naver-card-10076-balanced_70","naver-card-10076","balanced_70","균형 70만원","700000","naver-card-10076-tier-1-500000","432.57","3750","0","0","16000","432.57","calculable","2026-06-11T11:14:42.801Z"
"naver-card-10076-balanced_100","naver-card-10076","balanced_100","균형 100만원","1000000","naver-card-10076-tier-1-500000","617.95","3750","0","0","16000","617.95","calculable","2026-06-11T11:14:42.801Z"
"naver-card-10076-balanced_120","naver-card-10076","balanced_120","균형 120만원","1200000","naver-card-10076-tier-1-500000","741.58","3750","0","0","16000","741.58","calculable","2026-06-11T11:14:42.801Z"
"naver-card-10507-balanced_30","naver-card-10507","balanced_30","균형 30만원","300000","naver-card-10507-tier-1-300000","606.75","1250","0","0","10000","606.75","calculable","2026-06-11T11:14:42.801Z"
"naver-card-10507-balanced_50","naver-card-10507","balanced_50","균형 50만원","500000","naver-card-10507-tier-1-300000","1011.24","1250","0","0","10000","1011.24","calculable","2026-06-11T11:14:42.801Z"
"naver-card-10507-balanced_70","naver-card-10507","balanced_70","균형 70만원","700000","naver-card-10507-tier-1-300000","1415.73","1250","165.73000000000002","0.0237","10000","1415.73","calculable","2026-06-11T11:14:42.801Z"
"naver-card-10507-balanced_100","naver-card-10507","balanced_100","균형 100만원","1000000","naver-card-10507-tier-1-300000","2022.48","1250","772.48","0.0772","10000","2022.48","calculable","2026-06-11T11:14:42.801Z"
"naver-card-10507-balanced_120","naver-card-10507","balanced_120","균형 120만원","1200000","naver-card-10507-tier-1-300000","2426.97","1250","1176.9699999999998","0.0981","10000","2426.97","calculable","2026-06-11T11:14:42.801Z"
"naver-card-10455-balanced_30","naver-card-10455","balanced_30","균형 30만원","300000","naver-card-10455-tier-1-0","370.79","416.6666666666667","0","0","10000","370.79","calculable","2026-06-11T11:14:42.801Z"
"naver-card-10455-balanced_50","naver-card-10455","balanced_50","균형 50만원","500000","naver-card-10455-tier-1-0","617.98","416.6666666666667","201.31333333333333","0.0403","10000","617.98","calculable","2026-06-11T11:14:42.801Z"
"naver-card-10455-balanced_70","naver-card-10455","balanced_70","균형 70만원","700000","naver-card-10455-tier-1-0","865.1700000000001","416.6666666666667","448.5033333333334","0.0641","10000","865.1700000000001","calculable","2026-06-11T11:14:42.801Z"
"naver-card-10455-balanced_100","naver-card-10455","balanced_100","균형 100만원","1000000","naver-card-10455-tier-1-0","1235.96","416.6666666666667","819.2933333333333","0.0819","10000","1235.96","calculable","2026-06-11T11:14:42.801Z"
"naver-card-10455-balanced_120","naver-card-10455","balanced_120","균형 120만원","1200000","naver-card-10455-tier-1-0","1483.15","416.6666666666667","1066.4833333333333","0.0889","10000","1483.15","calculable","2026-06-11T11:14:42.801Z"
"naver-card-10622-balanced_30","naver-card-10622","balanced_30","균형 30만원","300000","","0","83333.33333333333","0","0","0","0","partial","2026-06-11T11:14:42.801Z"
"naver-card-10622-balanced_50","naver-card-10622","balanced_50","균형 50만원","500000","naver-card-10622-tier-1-500000","926.95","83333.33333333333","0","0","24000","926.95","calculable","2026-06-11T11:14:42.801Z"
"naver-card-10622-balanced_70","naver-card-10622","balanced_70","균형 70만원","700000","naver-card-10622-tier-1-500000","1297.74","83333.33333333333","0","0","24000","1297.74","calculable","2026-06-11T11:14:42.801Z"
"naver-card-10622-balanced_100","naver-card-10622","balanced_100","균형 100만원","1000000","naver-card-10622-tier-1-500000","1853.91","83333.33333333333","0","0","24000","1853.91","calculable","2026-06-11T11:14:42.801Z"
"naver-card-10622-balanced_120","naver-card-10622","balanced_120","균형 120만원","1200000","naver-card-10622-tier-1-500000","2224.73","83333.33333333333","0","0","24000","2224.73","calculable","2026-06-11T11:14:42.801Z"
"naver-card-10394-balanced_30","naver-card-10394","balanced_30","균형 30만원","300000","","0","5000","0","0","0","0","partial","2026-06-11T11:14:42.801Z"
"naver-card-10394-balanced_50","naver-card-10394","balanced_50","균형 50만원","500000","naver-card-10394-tier-1-500000","926.95","5000","0","0","24000","926.95","calculable","2026-06-11T11:14:42.801Z"
"naver-card-10394-balanced_70","naver-card-10394","balanced_70","균형 70만원","700000","naver-card-10394-tier-1-500000","1297.74","5000","0","0","24000","1297.74","calculable","2026-06-11T11:14:42.801Z"
"naver-card-10394-balanced_100","naver-card-10394","balanced_100","균형 100만원","1000000","naver-card-10394-tier-1-500000","1853.91","5000","0","0","24000","1853.91","calculable","2026-06-11T11:14:42.801Z"
"naver-card-10394-balanced_120","naver-card-10394","balanced_120","균형 120만원","1200000","naver-card-10394-tier-1-500000","2224.73","5000","0","0","24000","2224.73","calculable","2026-06-11T11:14:42.801Z"
"naver-card-10500-balanced_30","naver-card-10500","balanced_30","균형 30만원","300000","naver-card-10500-tier-1-300000","606.75","1833.3333333333333","0","0","10000","606.75","calculable","2026-06-11T11:14:42.801Z"
"naver-card-10500-balanced_50","naver-card-10500","balanced_50","균형 50만원","500000","naver-card-10500-tier-1-300000","1011.24","1833.3333333333333","0","0","10000","1011.24","calculable","2026-06-11T11:14:42.801Z"
"naver-card-10500-balanced_70","naver-card-10500","balanced_70","균형 70만원","700000","naver-card-10500-tier-1-300000","1415.73","1833.3333333333333","0","0","10000","1415.73","calculable","2026-06-11T11:14:42.801Z"
"naver-card-10500-balanced_100","naver-card-10500","balanced_100","균형 100만원","1000000","naver-card-10500-tier-1-300000","2022.48","1833.3333333333333","189.14666666666676","0.0189","10000","2022.48","calculable","2026-06-11T11:14:42.801Z"
"naver-card-10500-balanced_120","naver-card-10500","balanced_120","균형 120만원","1200000","naver-card-10500-tier-1-300000","2426.97","1833.3333333333333","593.6366666666665","0.0495","10000","2426.97","calculable","2026-06-11T11:14:42.801Z"
"naver-card-1614-balanced_30","naver-card-1614","balanced_30","균형 30만원","300000","naver-card-1614-tier-1-300000","11460.7","833.3333333333334","10627.366666666667","3.5425","20000","11460.7","calculable","2026-06-11T11:14:42.801Z"
"naver-card-1614-balanced_50","naver-card-1614","balanced_50","균형 50만원","500000","naver-card-1614-tier-1-300000","17921.4","833.3333333333334","17088.06666666667","3.4176","20000","17921.4","calculable","2026-06-11T11:14:42.801Z"
"naver-card-1614-balanced_70","naver-card-1614","balanced_70","균형 70만원","700000","naver-card-1614-tier-1-300000","20000","833.3333333333334","19166.666666666668","2.7381","20000","21797.8","calculable","2026-06-11T11:14:42.801Z"
"naver-card-1614-balanced_100","naver-card-1614","balanced_100","균형 100만원","1000000","naver-card-1614-tier-1-300000","20000","833.3333333333334","19166.666666666668","1.9167","20000","23370.8","calculable","2026-06-11T11:14:42.801Z"
"naver-card-1614-balanced_120","naver-card-1614","balanced_120","균형 120만원","1200000","naver-card-1614-tier-1-300000","20000","833.3333333333334","19166.666666666668","1.5972","20000","24044.9","calculable","2026-06-11T11:14:42.801Z"
"naver-card-10400-balanced_30","naver-card-10400","balanced_30","균형 30만원","300000","","0","25000","0","0","0","0","partial","2026-06-11T11:14:42.801Z"
"naver-card-10400-balanced_50","naver-card-10400","balanced_50","균형 50만원","500000","naver-card-10400-tier-1-500000","2780.85","25000","0","0","24000","2780.85","calculable","2026-06-11T11:14:42.801Z"
"naver-card-10400-balanced_70","naver-card-10400","balanced_70","균형 70만원","700000","naver-card-10400-tier-1-500000","3893.22","25000","0","0","24000","3893.22","calculable","2026-06-11T11:14:42.801Z"
"naver-card-10400-balanced_100","naver-card-10400","balanced_100","균형 100만원","1000000","naver-card-10400-tier-1-500000","5561.73","25000","0","0","24000","5561.73","calculable","2026-06-11T11:14:42.801Z"
"naver-card-10400-balanced_120","naver-card-10400","balanced_120","균형 120만원","1200000","naver-card-10400-tier-1-500000","6674.19","25000","0","0","24000","6674.19","calculable","2026-06-11T11:14:42.801Z"
"naver-card-10573-balanced_30","naver-card-10573","balanced_30","균형 30만원","300000","","0","833.3333333333334","0","0","0","0","partial","2026-06-11T11:14:42.801Z"
"naver-card-10573-balanced_50","naver-card-10573","balanced_50","균형 50만원","500000","naver-card-10573-tier-1-400000","1685.4","833.3333333333334","852.0666666666667","0.1704","10000","1685.4","calculable","2026-06-11T11:14:42.801Z"
"naver-card-10573-balanced_70","naver-card-10573","balanced_70","균형 70만원","700000","naver-card-10573-tier-1-400000","2359.55","833.3333333333334","1526.2166666666667","0.218","10000","2359.55","calculable","2026-06-11T11:14:42.801Z"
"naver-card-10573-balanced_100","naver-card-10573","balanced_100","균형 100만원","1000000","naver-card-10573-tier-1-400000","3370.8","833.3333333333334","2537.4666666666667","0.2537","10000","3370.8","calculable","2026-06-11T11:14:42.801Z"
"naver-card-10573-balanced_120","naver-card-10573","balanced_120","균형 120만원","1200000","naver-card-10573-tier-1-400000","4044.9500000000003","833.3333333333334","3211.616666666667","0.2676","10000","4044.9500000000003","calculable","2026-06-11T11:14:42.801Z"
"naver-card-10441-balanced_30","naver-card-10441","balanced_30","균형 30만원","300000","naver-card-10441-tier-1-200000","252.81","1250","0","0","17000","252.81","calculable","2026-06-11T11:14:42.801Z"
"naver-card-10441-balanced_50","naver-card-10441","balanced_50","균형 50만원","500000","naver-card-10441-tier-1-200000","421.34999999999997","1250","0","0","17000","421.34999999999997","calculable","2026-06-11T11:14:42.801Z"
"naver-card-10441-balanced_70","naver-card-10441","balanced_70","균형 70만원","700000","naver-card-10441-tier-1-200000","589.89","1250","0","0","17000","589.89","calculable","2026-06-11T11:14:42.801Z"
"naver-card-10441-balanced_100","naver-card-10441","balanced_100","균형 100만원","1000000","naver-card-10441-tier-1-200000","842.6999999999999","1250","0","0","17000","842.6999999999999","calculable","2026-06-11T11:14:42.801Z"
"naver-card-10441-balanced_120","naver-card-10441","balanced_120","균형 120만원","1200000","naver-card-10441-tier-1-200000","1011.24","1250","0","0","17000","1011.24","calculable","2026-06-11T11:14:42.801Z"
"naver-card-10350-balanced_30","naver-card-10350","balanced_30","균형 30만원","300000","","0","1083.3333333333333","0","0","0","0","partial","2026-06-11T11:14:42.801Z"
"naver-card-10350-balanced_50","naver-card-10350","balanced_50","균형 50만원","500000","naver-card-10350-tier-1-400000","20000","1083.3333333333333","18916.666666666668","3.7833","20000","20954.9","calculable","2026-06-11T11:14:42.801Z"
"naver-card-10350-balanced_70","naver-card-10350","balanced_70","균형 70만원","700000","naver-card-10350-tier-1-400000","20000","1083.3333333333333","18916.666666666668","2.7024","20000","24044.800000000003","calculable","2026-06-11T11:14:42.801Z"
"naver-card-10350-balanced_100","naver-card-10350","balanced_100","균형 100만원","1000000","naver-card-10350-tier-1-400000","20000","1083.3333333333333","18916.666666666668","1.8917","20000","25000","calculable","2026-06-11T11:14:42.801Z"
"naver-card-10350-balanced_120","naver-card-10350","balanced_120","균형 120만원","1200000","naver-card-10350-tier-1-400000","20000","1083.3333333333333","18916.666666666668","1.5764","20000","25000","calculable","2026-06-11T11:14:42.801Z"
"naver-card-10528-balanced_30","naver-card-10528","balanced_30","균형 30만원","300000","naver-card-10528-tier-1-100000","2494.38","83.33333333333333","2411.0466666666666","0.8037","20000","2494.38","calculable","2026-06-11T11:14:42.801Z"
"naver-card-10528-balanced_50","naver-card-10528","balanced_50","균형 50만원","500000","naver-card-10528-tier-1-100000","4157.32","83.33333333333333","4073.986666666666","0.8148","20000","4157.32","calculable","2026-06-11T11:14:42.801Z"
"naver-card-10528-balanced_70","naver-card-10528","balanced_70","균형 70만원","700000","naver-card-10528-tier-1-100000","5820.24","83.33333333333333","5736.906666666667","0.8196","20000","5820.24","calculable","2026-06-11T11:14:42.801Z"
"naver-card-10528-balanced_100","naver-card-10528","balanced_100","균형 100만원","1000000","naver-card-10528-tier-1-100000","8314.64","83.33333333333333","8231.306666666665","0.8231","20000","8314.64","calculable","2026-06-11T11:14:42.801Z"
"naver-card-10528-balanced_120","naver-card-10528","balanced_120","균형 120만원","1200000","naver-card-10528-tier-1-100000","9977.52","83.33333333333333","9894.186666666666","0.8245","20000","9977.52","calculable","2026-06-11T11:14:42.801Z"
"naver-card-10401-balanced_30","naver-card-10401","balanced_30","균형 30만원","300000","","0","66666.66666666667","0","0","0","0","partial","2026-06-11T11:14:42.801Z"
"naver-card-10401-balanced_50","naver-card-10401","balanced_50","균형 50만원","500000","naver-card-10401-tier-1-500000","926.95","66666.66666666667","0","0","24000","926.95","calculable","2026-06-11T11:14:42.801Z"
"naver-card-10401-balanced_70","naver-card-10401","balanced_70","균형 70만원","700000","naver-card-10401-tier-1-500000","1297.74","66666.66666666667","0","0","24000","1297.74","calculable","2026-06-11T11:14:42.801Z"
"naver-card-10401-balanced_100","naver-card-10401","balanced_100","균형 100만원","1000000","naver-card-10401-tier-1-500000","1853.91","66666.66666666667","0","0","24000","1853.91","calculable","2026-06-11T11:14:42.801Z"
"naver-card-10401-balanced_120","naver-card-10401","balanced_120","균형 120만원","1200000","naver-card-10401-tier-1-500000","2224.73","66666.66666666667","0","0","24000","2224.73","calculable","2026-06-11T11:14:42.801Z"
"naver-card-2487-balanced_30","naver-card-2487","balanced_30","균형 30만원","300000","naver-card-2487-tier-1-100000","640.46","2500","0","0","20000","640.46","calculable","2026-06-11T11:14:42.801Z"
"naver-card-2487-balanced_50","naver-card-2487","balanced_50","균형 50만원","500000","naver-card-2487-tier-1-100000","1067.4","2500","0","0","20000","1067.4","calculable","2026-06-11T11:14:42.801Z"
"naver-card-2487-balanced_70","naver-card-2487","balanced_70","균형 70만원","700000","naver-card-2487-tier-1-100000","1494.3700000000001","2500","0","0","20000","1494.3700000000001","calculable","2026-06-11T11:14:42.801Z"
"naver-card-2487-balanced_100","naver-card-2487","balanced_100","균형 100만원","1000000","naver-card-2487-tier-1-100000","2134.8100000000004","2500","0","0","20000","2134.8100000000004","calculable","2026-06-11T11:14:42.801Z"
"naver-card-2487-balanced_120","naver-card-2487","balanced_120","균형 120만원","1200000","naver-card-2487-tier-1-100000","2561.81","2500","61.809999999999945","0.0052","20000","2561.81","calculable","2026-06-11T11:14:42.801Z"
"naver-card-10562-balanced_30","naver-card-10562","balanced_30","균형 30만원","300000","naver-card-10562-tier-1-300000","1095.52","10000","0","0","20000","1095.52","calculable","2026-06-11T11:14:42.801Z"
"naver-card-10562-balanced_50","naver-card-10562","balanced_50","균형 50만원","500000","naver-card-10562-tier-1-300000","1825.83","10000","0","0","20000","1825.83","calculable","2026-06-11T11:14:42.801Z"
"naver-card-10562-balanced_70","naver-card-10562","balanced_70","균형 70만원","700000","naver-card-10562-tier-1-300000","2556.17","10000","0","0","20000","2556.17","calculable","2026-06-11T11:14:42.801Z"
"naver-card-10562-balanced_100","naver-card-10562","balanced_100","균형 100만원","1000000","naver-card-10562-tier-1-300000","3651.67","10000","0","0","20000","3651.67","calculable","2026-06-11T11:14:42.801Z"
"naver-card-10562-balanced_120","naver-card-10562","balanced_120","균형 120만원","1200000","naver-card-10562-tier-1-300000","4382.030000000001","10000","0","0","20000","4382.030000000001","calculable","2026-06-11T11:14:42.801Z"
"naver-card-10189-balanced_30","naver-card-10189","balanced_30","균형 30만원","300000","","0","12500","0","0","0","0","partial","2026-06-11T11:14:42.801Z"
"naver-card-10189-balanced_50","naver-card-10189","balanced_50","균형 50만원","500000","naver-card-10189-tier-1-500000","308.97","12500","0","0","16000","308.97","calculable","2026-06-11T11:14:42.801Z"
"naver-card-10189-balanced_70","naver-card-10189","balanced_70","균형 70만원","700000","naver-card-10189-tier-1-500000","432.57","12500","0","0","16000","432.57","calculable","2026-06-11T11:14:42.801Z"
"naver-card-10189-balanced_100","naver-card-10189","balanced_100","균형 100만원","1000000","naver-card-10189-tier-1-500000","617.95","12500","0","0","16000","617.95","calculable","2026-06-11T11:14:42.801Z"
"naver-card-10189-balanced_120","naver-card-10189","balanced_120","균형 120만원","1200000","naver-card-10189-tier-1-500000","741.58","12500","0","0","16000","741.58","calculable","2026-06-11T11:14:42.801Z"
"naver-card-10399-balanced_30","naver-card-10399","balanced_30","균형 30만원","300000","","0","10000","0","0","0","0","partial","2026-06-11T11:14:42.801Z"
"naver-card-10399-balanced_50","naver-card-10399","balanced_50","균형 50만원","500000","naver-card-10399-tier-1-500000","926.95","10000","0","0","24000","926.95","calculable","2026-06-11T11:14:42.801Z"
"naver-card-10399-balanced_70","naver-card-10399","balanced_70","균형 70만원","700000","naver-card-10399-tier-1-500000","1297.74","10000","0","0","24000","1297.74","calculable","2026-06-11T11:14:42.801Z"
"naver-card-10399-balanced_100","naver-card-10399","balanced_100","균형 100만원","1000000","naver-card-10399-tier-1-500000","1853.91","10000","0","0","24000","1853.91","calculable","2026-06-11T11:14:42.801Z"
"naver-card-10399-balanced_120","naver-card-10399","balanced_120","균형 120만원","1200000","naver-card-10399-tier-1-500000","2224.73","10000","0","0","24000","2224.73","calculable","2026-06-11T11:14:42.801Z"
"naver-card-10420-balanced_30","naver-card-10420","balanced_30","균형 30만원","300000","","0","1666.6666666666667","0","0","0","0","partial","2026-06-11T11:14:42.801Z"
"naver-card-10420-balanced_50","naver-card-10420","balanced_50","균형 50만원","500000","naver-card-10420-tier-1-400000","11460.5","1666.6666666666667","9793.833333333334","1.9588","15000","11460.5","calculable","2026-06-11T11:14:42.801Z"
"naver-card-10420-balanced_70","naver-card-10420","balanced_70","균형 70만원","700000","naver-card-10420-tier-1-400000","14044.8","1666.6666666666667","12378.133333333333","1.7683","15000","14044.8","calculable","2026-06-11T11:14:42.801Z"
"naver-card-10420-balanced_100","naver-card-10420","balanced_100","균형 100만원","1000000","naver-card-10420-tier-1-400000","15000","1666.6666666666667","13333.333333333334","1.3333","15000","15000","calculable","2026-06-11T11:14:42.801Z"
"naver-card-10420-balanced_120","naver-card-10420","balanced_120","균형 120만원","1200000","naver-card-10420-tier-1-400000","15000","1666.6666666666667","13333.333333333334","1.1111","15000","15000","calculable","2026-06-11T11:14:42.801Z"
"naver-card-10565-balanced_30","naver-card-10565","balanced_30","균형 30만원","300000","naver-card-10565-tier-1-0","111.24000000000001","416.6666666666667","0","0","10000","111.24000000000001","calculable","2026-06-11T11:14:42.801Z"
"naver-card-10565-balanced_50","naver-card-10565","balanced_50","균형 50만원","500000","naver-card-10565-tier-1-0","185.382","416.6666666666667","0","0","10000","185.382","calculable","2026-06-11T11:14:42.801Z"
"naver-card-10565-balanced_70","naver-card-10565","balanced_70","균형 70만원","700000","naver-card-10565-tier-1-0","259.54200000000003","416.6666666666667","0","0","10000","259.54200000000003","calculable","2026-06-11T11:14:42.801Z"
"naver-card-10565-balanced_100","naver-card-10565","balanced_100","균형 100만원","1000000","naver-card-10565-tier-1-0","370.77","416.6666666666667","0","0","10000","370.77","calculable","2026-06-11T11:14:42.801Z"
"naver-card-10565-balanced_120","naver-card-10565","balanced_120","균형 120만원","1200000","naver-card-10565-tier-1-0","444.94800000000004","416.6666666666667","28.28133333333335","0.0024","10000","444.94800000000004","calculable","2026-06-11T11:14:42.801Z"
"naver-card-10362-balanced_30","naver-card-10362","balanced_30","균형 30만원","300000","naver-card-10362-tier-1-250000","1129.22","25000","0","0","20000","1129.22","calculable","2026-06-11T11:14:42.801Z"
"naver-card-10362-balanced_50","naver-card-10362","balanced_50","균형 50만원","500000","naver-card-10362-tier-1-250000","1882.0100000000002","25000","0","0","20000","1882.0100000000002","calculable","2026-06-11T11:14:42.801Z"
"naver-card-10362-balanced_70","naver-card-10362","balanced_70","균형 70만원","700000","naver-card-10362-tier-1-250000","2634.82","25000","0","0","20000","2634.82","calculable","2026-06-11T11:14:42.801Z"
"naver-card-10362-balanced_100","naver-card-10362","balanced_100","균형 100만원","1000000","naver-card-10362-tier-1-250000","3764.03","25000","0","0","20000","3764.03","calculable","2026-06-11T11:14:42.801Z"
"naver-card-10362-balanced_120","naver-card-10362","balanced_120","균형 120만원","1200000","naver-card-10362-tier-1-250000","4516.860000000001","25000","0","0","20000","4516.860000000001","calculable","2026-06-11T11:14:42.801Z"
"naver-card-10608-balanced_30","naver-card-10608","balanced_30","균형 30만원","300000","naver-card-10608-tier-1-300000","3707.9","833.3333333333334","2874.5666666666666","0.9582","10000","3707.9","calculable","2026-06-11T11:14:42.801Z"
"naver-card-10608-balanced_50","naver-card-10608","balanced_50","균형 50만원","500000","naver-card-10608-tier-1-300000","6179.8","833.3333333333334","5346.466666666667","1.0693","10000","6179.8","calculable","2026-06-11T11:14:42.801Z"
"naver-card-10608-balanced_70","naver-card-10608","balanced_70","균형 70만원","700000","naver-card-10608-tier-1-300000","8651.7","833.3333333333334","7818.366666666668","1.1169","10000","8651.7","calculable","2026-06-11T11:14:42.801Z"
"naver-card-10608-balanced_100","naver-card-10608","balanced_100","균형 100만원","1000000","naver-card-10608-tier-1-300000","10000","833.3333333333334","9166.666666666666","0.9167","10000","10000","calculable","2026-06-11T11:14:42.801Z"
"naver-card-10608-balanced_120","naver-card-10608","balanced_120","균형 120만원","1200000","naver-card-10608-tier-1-300000","10000","833.3333333333334","9166.666666666666","0.7639","10000","10000","calculable","2026-06-11T11:14:42.801Z"
"naver-card-1243-balanced_30","naver-card-1243","balanced_30","균형 30만원","300000","","0","1166.6666666666667","0","0","0","0","partial","2026-06-11T11:14:42.801Z"
"naver-card-1243-balanced_50","naver-card-1243","balanced_50","균형 50만원","500000","naver-card-1243-tier-1-400000","1853.9","1166.6666666666667","687.2333333333333","0.1374","14000","1853.9","calculable","2026-06-11T11:14:42.801Z"
"naver-card-1243-balanced_70","naver-card-1243","balanced_70","균형 70만원","700000","naver-card-1243-tier-1-400000","2595.48","1166.6666666666667","1428.8133333333333","0.2041","14000","2595.48","calculable","2026-06-11T11:14:42.801Z"
"naver-card-1243-balanced_100","naver-card-1243","balanced_100","균형 100만원","1000000","naver-card-1243-tier-1-400000","3707.82","1166.6666666666667","2541.1533333333336","0.2541","14000","3707.82","calculable","2026-06-11T11:14:42.801Z"
"naver-card-1243-balanced_120","naver-card-1243","balanced_120","균형 120만원","1200000","naver-card-1243-tier-1-400000","4449.46","1166.6666666666667","3282.793333333333","0.2736","14000","4449.46","calculable","2026-06-11T11:14:42.801Z"
"naver-card-10384-balanced_30","naver-card-10384","balanced_30","균형 30만원","300000","","0","1666.6666666666667","0","0","0","0","partial","2026-06-11T11:14:42.801Z"
"naver-card-10384-balanced_50","naver-card-10384","balanced_50","균형 50만원","500000","naver-card-10384-tier-1-500000","955.06","1666.6666666666667","0","0","16000","955.06","calculable","2026-06-11T11:14:42.801Z"
"naver-card-10384-balanced_70","naver-card-10384","balanced_70","균형 70만원","700000","naver-card-10384-tier-1-500000","1337.0800000000002","1666.6666666666667","0","0","16000","1337.0800000000002","calculable","2026-06-11T11:14:42.801Z"
"naver-card-10384-balanced_100","naver-card-10384","balanced_100","균형 100만원","1000000","naver-card-10384-tier-1-500000","1910.12","1666.6666666666667","243.45333333333315","0.0243","16000","1910.12","calculable","2026-06-11T11:14:42.801Z"
"naver-card-10384-balanced_120","naver-card-10384","balanced_120","균형 120만원","1200000","naver-card-10384-tier-1-500000","2292.1400000000003","1666.6666666666667","625.4733333333336","0.0521","16000","2292.1400000000003","calculable","2026-06-11T11:14:42.801Z"
"naver-card-10581-balanced_30","naver-card-10581","balanced_30","균형 30만원","300000","naver-card-10581-tier-1-0","556.1999999999999","0","556.1999999999999","0.1854","10000","556.1999999999999","calculable","2026-06-11T11:14:42.801Z"
"naver-card-10581-balanced_50","naver-card-10581","balanced_50","균형 50만원","500000","naver-card-10581-tier-1-0","926.91","0","926.91","0.1854","10000","926.91","calculable","2026-06-11T11:14:42.801Z"
"naver-card-10581-balanced_70","naver-card-10581","balanced_70","균형 70만원","700000","naver-card-10581-tier-1-0","1297.71","0","1297.71","0.1854","10000","1297.71","calculable","2026-06-11T11:14:42.801Z"
"naver-card-10581-balanced_100","naver-card-10581","balanced_100","균형 100만원","1000000","naver-card-10581-tier-1-0","1853.85","0","1853.85","0.1854","10000","1853.85","calculable","2026-06-11T11:14:42.801Z"
"naver-card-10581-balanced_120","naver-card-10581","balanced_120","균형 120만원","1200000","naver-card-10581-tier-1-0","2224.74","0","2224.74","0.1854","10000","2224.74","calculable","2026-06-11T11:14:42.801Z"
"naver-card-2418-balanced_30","naver-card-2418","balanced_30","균형 30만원","300000","","0","8083.333333333333","0","0","0","0","partial","2026-06-11T11:14:42.801Z"
"naver-card-2418-balanced_50","naver-card-2418","balanced_50","균형 50만원","500000","naver-card-2418-tier-1-500000","1966.3000000000002","8083.333333333333","0","0","32000","1966.3000000000002","calculable","2026-06-11T11:14:42.801Z"
"naver-card-2418-balanced_70","naver-card-2418","balanced_70","균형 70만원","700000","naver-card-2418-tier-1-500000","2752.8100000000004","8083.333333333333","0","0","32000","2752.8100000000004","calculable","2026-06-11T11:14:42.801Z"
"naver-card-2418-balanced_100","naver-card-2418","balanced_100","균형 100만원","1000000","naver-card-2418-tier-1-500000","3932.6000000000004","8083.333333333333","0","0","32000","3932.6000000000004","calculable","2026-06-11T11:14:42.801Z"
"naver-card-2418-balanced_120","naver-card-2418","balanced_120","균형 120만원","1200000","naver-card-2418-tier-1-500000","4719.1","8083.333333333333","0","0","32000","4719.1","calculable","2026-06-11T11:14:42.801Z"
"naver-card-10518-balanced_30","naver-card-10518","balanced_30","균형 30만원","300000","naver-card-10518-tier-1-300000","278.095","416.6666666666667","0","0","10000","278.095","calculable","2026-06-11T11:14:42.801Z"
"naver-card-10518-balanced_50","naver-card-10518","balanced_50","균형 50만원","500000","naver-card-10518-tier-1-300000","463.475","416.6666666666667","46.80833333333334","0.0094","10000","463.475","calculable","2026-06-11T11:14:42.801Z"
"naver-card-10518-balanced_70","naver-card-10518","balanced_70","균형 70만원","700000","naver-card-10518-tier-1-300000","648.87","416.6666666666667","232.20333333333332","0.0332","10000","648.87","calculable","2026-06-11T11:14:42.801Z"
"naver-card-10518-balanced_100","naver-card-10518","balanced_100","균형 100만원","1000000","naver-card-10518-tier-1-300000","926.955","416.6666666666667","510.28833333333336","0.051","10000","926.955","calculable","2026-06-11T11:14:42.801Z"
"naver-card-10518-balanced_120","naver-card-10518","balanced_120","균형 120만원","1200000","naver-card-10518-tier-1-300000","1112.365","416.6666666666667","695.6983333333333","0.058","10000","1112.365","calculable","2026-06-11T11:14:42.801Z"
"naver-card-10225-balanced_30","naver-card-10225","balanced_30","균형 30만원","300000","","0","1658.3333333333333","0","0","0","0","partial","2026-06-11T11:14:42.801Z"
"naver-card-10225-balanced_50","naver-card-10225","balanced_50","균형 50만원","500000","naver-card-10225-tier-1-400000","17640.300000000003","1658.3333333333333","15981.966666666669","3.1964","20000","17640.300000000003","calculable","2026-06-11T11:14:42.801Z"
"naver-card-10225-balanced_70","naver-card-10225","balanced_70","균형 70만원","700000","naver-card-10225-tier-1-400000","20000","1658.3333333333333","18341.666666666668","2.6202","20000","21404.4","calculable","2026-06-11T11:14:42.801Z"
"naver-card-10225-balanced_100","naver-card-10225","balanced_100","균형 100만원","1000000","naver-card-10225-tier-1-400000","20000","1658.3333333333333","18341.666666666668","1.8342","20000","23370.8","calculable","2026-06-11T11:14:42.801Z"
"naver-card-10225-balanced_120","naver-card-10225","balanced_120","균형 120만원","1200000","naver-card-10225-tier-1-400000","20000","1658.3333333333333","18341.666666666668","1.5285","20000","24044.9","calculable","2026-06-11T11:14:42.801Z"
"naver-card-10618-balanced_30","naver-card-10618","balanced_30","균형 30만원","300000","naver-card-10618-tier-1-300000","1112.38","1666.6666666666667","0","0","10000","1112.38","calculable","2026-06-11T11:14:42.801Z"
"naver-card-10618-balanced_50","naver-card-10618","balanced_50","균형 50만원","500000","naver-card-10618-tier-1-300000","1853.9","1666.6666666666667","187.23333333333335","0.0374","10000","1853.9","calculable","2026-06-11T11:14:42.801Z"
"naver-card-10618-balanced_70","naver-card-10618","balanced_70","균형 70만원","700000","naver-card-10618-tier-1-300000","2595.48","1666.6666666666667","928.8133333333333","0.1327","10000","2595.48","calculable","2026-06-11T11:14:42.801Z"
"naver-card-10618-balanced_100","naver-card-10618","balanced_100","균형 100만원","1000000","naver-card-10618-tier-1-300000","3707.82","1666.6666666666667","2041.1533333333334","0.2041","10000","3707.82","calculable","2026-06-11T11:14:42.801Z"
"naver-card-10618-balanced_120","naver-card-10618","balanced_120","균형 120만원","1200000","naver-card-10618-tier-1-300000","4449.46","1666.6666666666667","2782.793333333333","0.2319","10000","4449.46","calculable","2026-06-11T11:14:42.801Z"
"naver-card-10186-balanced_30","naver-card-10186","balanced_30","균형 30만원","300000","","0","1000","0","0","0","0","partial","2026-06-11T11:14:42.801Z"
"naver-card-10186-balanced_50","naver-card-10186","balanced_50","균형 50만원","500000","naver-card-10186-tier-1-400000","6999","1000","5999","1.1998","6999","6999","calculable","2026-06-11T11:14:42.801Z"
"naver-card-10186-balanced_70","naver-card-10186","balanced_70","균형 70만원","700000","naver-card-10186-tier-1-400000","6999","1000","5999","0.857","6999","6999","calculable","2026-06-11T11:14:42.801Z"
"naver-card-10186-balanced_100","naver-card-10186","balanced_100","균형 100만원","1000000","naver-card-10186-tier-1-400000","6999","1000","5999","0.5999","6999","6999","calculable","2026-06-11T11:14:42.801Z"
"naver-card-10186-balanced_120","naver-card-10186","balanced_120","균형 120만원","1200000","naver-card-10186-tier-1-400000","6999","1000","5999","0.4999","6999","6999","calculable","2026-06-11T11:14:42.801Z"
"naver-card-10297-balanced_30","naver-card-10297","balanced_30","균형 30만원","300000","naver-card-10297-tier-1-300000","5000","1250","3750","1.25","5000","6250","calculable","2026-06-11T11:14:42.801Z"
"naver-card-10297-balanced_50","naver-card-10297","balanced_50","균형 50만원","500000","naver-card-10297-tier-1-300000","5000","1250","3750","0.75","5000","6250","calculable","2026-06-11T11:14:42.801Z"
"naver-card-10297-balanced_70","naver-card-10297","balanced_70","균형 70만원","700000","naver-card-10297-tier-1-300000","5000","1250","3750","0.5357","5000","6250","calculable","2026-06-11T11:14:42.801Z"
"naver-card-10297-balanced_100","naver-card-10297","balanced_100","균형 100만원","1000000","naver-card-10297-tier-1-300000","5000","1250","3750","0.375","5000","6250","calculable","2026-06-11T11:14:42.801Z"
"naver-card-10297-balanced_120","naver-card-10297","balanced_120","균형 120만원","1200000","naver-card-10297-tier-1-300000","5000","1250","3750","0.3125","5000","6250","calculable","2026-06-11T11:14:42.801Z"
"naver-card-10262-balanced_30","naver-card-10262","balanced_30","균형 30만원","300000","naver-card-10262-tier-1-300000","809.01","833.3333333333334","0","0","10000","809.01","calculable","2026-06-11T11:14:42.801Z"
"naver-card-10262-balanced_50","naver-card-10262","balanced_50","균형 50만원","500000","naver-card-10262-tier-1-300000","1348.26","833.3333333333334","514.9266666666666","0.103","10000","1348.26","calculable","2026-06-11T11:14:42.801Z"
"naver-card-10262-balanced_70","naver-card-10262","balanced_70","균형 70만원","700000","naver-card-10262-tier-1-300000","1887.6","833.3333333333334","1054.2666666666664","0.1506","10000","1887.6","calculable","2026-06-11T11:14:42.801Z"
"naver-card-10262-balanced_100","naver-card-10262","balanced_100","균형 100만원","1000000","naver-card-10262-tier-1-300000","2696.5499999999997","833.3333333333334","1863.2166666666662","0.1863","10000","2696.5499999999997","calculable","2026-06-11T11:14:42.801Z"
"naver-card-10262-balanced_120","naver-card-10262","balanced_120","균형 120만원","1200000","naver-card-10262-tier-1-300000","3235.9799999999996","833.3333333333334","2402.646666666666","0.2002","10000","3235.9799999999996","calculable","2026-06-11T11:14:42.801Z"
"naver-card-2349-balanced_30","naver-card-2349","balanced_30","균형 30만원","300000","","0","3750","0","0","0","0","partial","2026-06-11T11:14:42.801Z"
"naver-card-2349-balanced_50","naver-card-2349","balanced_50","균형 50만원","500000","naver-card-2349-tier-1-500000","870.7700000000001","3750","0","0","1000","870.7700000000001","calculable","2026-06-11T11:14:42.801Z"
"naver-card-2349-balanced_70","naver-card-2349","balanced_70","균형 70만원","700000","naver-card-2349-tier-1-500000","1000","3750","0","0","1000","1219.09","calculable","2026-06-11T11:14:42.801Z"
"naver-card-2349-balanced_100","naver-card-2349","balanced_100","균형 100만원","1000000","naver-card-2349-tier-1-500000","1000","3750","0","0","1000","1617.95","calculable","2026-06-11T11:14:42.801Z"
"naver-card-2349-balanced_120","naver-card-2349","balanced_120","균형 120만원","1200000","naver-card-2349-tier-1-500000","1000","3750","0","0","1000","1741.58","calculable","2026-06-11T11:14:42.801Z"
"naver-card-10223-balanced_30","naver-card-10223","balanced_30","균형 30만원","300000","","0","1658.3333333333333","0","0","0","0","partial","2026-06-11T11:14:42.801Z"
"naver-card-10223-balanced_50","naver-card-10223","balanced_50","균형 50만원","500000","naver-card-10223-tier-1-400000","15393.1","1658.3333333333333","13734.766666666666","2.747","20000","15393.1","calculable","2026-06-11T11:14:42.801Z"
"naver-card-10223-balanced_70","naver-card-10223","balanced_70","균형 70만원","700000","naver-card-10223-tier-1-400000","18258.3","1658.3333333333333","16599.966666666667","2.3714","20000","18258.3","calculable","2026-06-11T11:14:42.801Z"
"naver-card-10223-balanced_100","naver-card-10223","balanced_100","균형 100만원","1000000","naver-card-10223-tier-1-400000","20000","1658.3333333333333","18341.666666666668","1.8342","20000","20000","calculable","2026-06-11T11:14:42.801Z"
"naver-card-10223-balanced_120","naver-card-10223","balanced_120","균형 120만원","1200000","naver-card-10223-tier-1-400000","20000","1658.3333333333333","18341.666666666668","1.5285","20000","20000","calculable","2026-06-11T11:14:42.801Z"
"naver-card-652-balanced_30","naver-card-652","balanced_30","균형 30만원","300000","naver-card-652-tier-1-0","893.27","1250","0","0","20000","893.27","calculable","2026-06-11T11:14:42.801Z"
"naver-card-652-balanced_50","naver-card-652","balanced_50","균형 50만원","500000","naver-card-652-tier-1-0","1488.75","1250","238.75","0.0478","20000","1488.75","calculable","2026-06-11T11:14:42.801Z"
"naver-card-652-balanced_70","naver-card-652","balanced_70","균형 70만원","700000","naver-card-652-tier-1-0","2084.26","1250","834.2600000000002","0.1192","20000","2084.26","calculable","2026-06-11T11:14:42.801Z"
"naver-card-652-balanced_100","naver-card-652","balanced_100","균형 100만원","1000000","naver-card-652-tier-1-0","2977.51","1250","1727.5100000000002","0.1728","20000","2977.51","calculable","2026-06-11T11:14:42.801Z"
"naver-card-652-balanced_120","naver-card-652","balanced_120","균형 120만원","1200000","naver-card-652-tier-1-0","3573.04","1250","2323.04","0.1936","20000","3573.04","calculable","2026-06-11T11:14:42.801Z"
"naver-card-10160-balanced_30","naver-card-10160","balanced_30","균형 30만원","300000","","0","1000","0","0","0","0","partial","2026-06-11T11:14:42.801Z"
"naver-card-10160-balanced_50","naver-card-10160","balanced_50","균형 50만원","500000","naver-card-10160-tier-1-400000","18763.9","1000","17763.9","3.5528","20000","18763.9","calculable","2026-06-11T11:14:42.801Z"
"naver-card-10160-balanced_70","naver-card-10160","balanced_70","균형 70만원","700000","naver-card-10160-tier-1-400000","20000","1000","19000","2.7143","20000","21685.3","calculable","2026-06-11T11:14:42.801Z"
"naver-card-10160-balanced_100","naver-card-10160","balanced_100","균형 100만원","1000000","naver-card-10160-tier-1-400000","20000","1000","19000","1.9","20000","23370.8","calculable","2026-06-11T11:14:42.801Z"
"naver-card-10160-balanced_120","naver-card-10160","balanced_120","균형 120만원","1200000","naver-card-10160-tier-1-400000","20000","1000","19000","1.5833","20000","24044.9","calculable","2026-06-11T11:14:42.801Z"
"naver-card-3996-balanced_30","naver-card-3996","balanced_30","균형 30만원","300000","naver-card-3996-tier-1-300000","14663","833.3333333333334","13829.666666666666","4.6099","20000","14663","calculable","2026-06-11T11:14:42.801Z"
"naver-card-3996-balanced_50","naver-card-3996","balanced_50","균형 50만원","500000","naver-card-3996-tier-1-300000","20000","833.3333333333334","19166.666666666668","3.8333","20000","22584.100000000002","calculable","2026-06-11T11:14:42.801Z"
"naver-card-3996-balanced_70","naver-card-3996","balanced_70","균형 70만원","700000","naver-card-3996-tier-1-300000","20000","833.3333333333334","19166.666666666668","2.7381","20000","24325.7","calculable","2026-06-11T11:14:42.801Z"
"naver-card-3996-balanced_100","naver-card-3996","balanced_100","균형 100만원","1000000","naver-card-3996-tier-1-300000","20000","833.3333333333334","19166.666666666668","1.9167","20000","25000","calculable","2026-06-11T11:14:42.801Z"
"naver-card-3996-balanced_120","naver-card-3996","balanced_120","균형 120만원","1200000","naver-card-3996-tier-1-300000","20000","833.3333333333334","19166.666666666668","1.5972","20000","25000","calculable","2026-06-11T11:14:42.801Z"
"naver-card-10436-balanced_30","naver-card-10436","balanced_30","균형 30만원","300000","","0","0","0","0","0","0","partial","2026-06-11T11:14:42.801Z"
"naver-card-10436-balanced_50","naver-card-10436","balanced_50","균형 50만원","500000","","0","0","0","0","0","0","partial","2026-06-11T11:14:42.801Z"
"naver-card-10436-balanced_70","naver-card-10436","balanced_70","균형 70만원","700000","","0","0","0","0","0","0","partial","2026-06-11T11:14:42.801Z"
"naver-card-10436-balanced_100","naver-card-10436","balanced_100","균형 100만원","1000000","naver-card-10436-tier-1-1000000","6179.8","0","6179.8","0.618","12000","6179.8","calculable","2026-06-11T11:14:42.801Z"
"naver-card-10436-balanced_120","naver-card-10436","balanced_120","균형 120만원","1200000","naver-card-10436-tier-1-1000000","7415.75","0","7415.75","0.618","12000","7415.75","calculable","2026-06-11T11:14:42.801Z"
"naver-card-10625-balanced_30","naver-card-10625","balanced_30","균형 30만원","300000","","0","2083.3333333333335","0","0","0","0","partial","2026-06-11T11:14:42.801Z"
"naver-card-10625-balanced_50","naver-card-10625","balanced_50","균형 50만원","500000","naver-card-10625-tier-1-500000","1011.24","2083.3333333333335","0","0","20000","1011.24","calculable","2026-06-11T11:14:42.801Z"
"naver-card-10625-balanced_70","naver-card-10625","balanced_70","균형 70만원","700000","naver-card-10625-tier-1-500000","1415.73","2083.3333333333335","0","0","20000","1415.73","calculable","2026-06-11T11:14:42.801Z"
"naver-card-10625-balanced_100","naver-card-10625","balanced_100","균형 100만원","1000000","naver-card-10625-tier-1-500000","2022.48","2083.3333333333335","0","0","20000","2022.48","calculable","2026-06-11T11:14:42.801Z"
"naver-card-10625-balanced_120","naver-card-10625","balanced_120","균형 120만원","1200000","naver-card-10625-tier-1-500000","2426.97","2083.3333333333335","343.6366666666663","0.0286","20000","2426.97","calculable","2026-06-11T11:14:42.801Z"
"naver-card-10361-balanced_30","naver-card-10361","balanced_30","균형 30만원","300000","","0","83333.33333333333","0","0","0","0","partial","2026-06-11T11:14:42.801Z"
"naver-card-10361-balanced_50","naver-card-10361","balanced_50","균형 50만원","500000","naver-card-10361-tier-1-500000","1882.0100000000002","83333.33333333333","0","0","32000","1882.0100000000002","calculable","2026-06-11T11:14:42.801Z"
"naver-card-10361-balanced_70","naver-card-10361","balanced_70","균형 70만원","700000","naver-card-10361-tier-1-500000","2634.82","83333.33333333333","0","0","32000","2634.82","calculable","2026-06-11T11:14:42.801Z"
"naver-card-10361-balanced_100","naver-card-10361","balanced_100","균형 100만원","1000000","naver-card-10361-tier-1-500000","3764.03","83333.33333333333","0","0","32000","3764.03","calculable","2026-06-11T11:14:42.801Z"
"naver-card-10361-balanced_120","naver-card-10361","balanced_120","균형 120만원","1200000","naver-card-10361-tier-1-500000","4516.860000000001","83333.33333333333","0","0","32000","4516.860000000001","calculable","2026-06-11T11:14:42.801Z"
"naver-card-10607-balanced_30","naver-card-10607","balanced_30","균형 30만원","300000","naver-card-10607-tier-1-300000","2287.135","1833.3333333333333","453.80166666666696","0.1513","15000","2287.135","calculable","2026-06-11T11:14:42.801Z"
"naver-card-10607-balanced_50","naver-card-10607","balanced_50","균형 50만원","500000","naver-card-10607-tier-1-300000","3811.6950000000006","1833.3333333333333","1978.3616666666674","0.3957","15000","3811.6950000000006","calculable","2026-06-11T11:14:42.801Z"
"naver-card-10607-balanced_70","naver-card-10607","balanced_70","균형 70만원","700000","naver-card-10607-tier-1-300000","5336.432000000001","1833.3333333333333","3503.0986666666677","0.5004","15000","5336.432000000001","calculable","2026-06-11T11:14:42.801Z"
"naver-card-10607-balanced_100","naver-card-10607","balanced_100","균형 100만원","1000000","naver-card-10607-tier-1-300000","7623.4490000000005","1833.3333333333333","5790.1156666666675","0.579","15000","7623.4490000000005","calculable","2026-06-11T11:14:42.801Z"
"naver-card-10607-balanced_120","naver-card-10607","balanced_120","균형 120만원","1200000","naver-card-10607-tier-1-300000","9148.363000000001","1833.3333333333333","7315.029666666668","0.6096","15000","9148.363000000001","calculable","2026-06-11T11:14:42.801Z"
"naver-card-10525-balanced_30","naver-card-10525","balanced_30","균형 30만원","300000","","0","20000","0","0","0","0","partial","2026-06-11T11:14:42.801Z"
"naver-card-10525-balanced_50","naver-card-10525","balanced_50","균형 50만원","500000","naver-card-10525-tier-1-500000","5140.41","20000","0","0","32000","5140.41","calculable","2026-06-11T11:14:42.801Z"
"naver-card-10525-balanced_70","naver-card-10525","balanced_70","균형 70만원","700000","naver-card-10525-tier-1-500000","7196.58","20000","0","0","32000","7196.58","calculable","2026-06-11T11:14:42.801Z"
"naver-card-10525-balanced_100","naver-card-10525","balanced_100","균형 100만원","1000000","naver-card-10525-tier-1-500000","10280.849999999999","20000","0","0","32000","10280.849999999999","calculable","2026-06-11T11:14:42.801Z"
"naver-card-10525-balanced_120","naver-card-10525","balanced_120","균형 120만원","1200000","naver-card-10525-tier-1-500000","12337.11","20000","0","0","32000","12337.11","calculable","2026-06-11T11:14:42.801Z"
"naver-card-10488-balanced_30","naver-card-10488","balanced_30","균형 30만원","300000","","0","1666.6666666666667","0","0","0","0","partial","2026-06-11T11:14:42.801Z"
"naver-card-10488-balanced_50","naver-card-10488","balanced_50","균형 50만원","500000","naver-card-10488-tier-1-400000","4297.71","1666.6666666666667","2631.043333333333","0.5262","9999","4297.71","calculable","2026-06-11T11:14:42.801Z"
"naver-card-10488-balanced_70","naver-card-10488","balanced_70","균형 70만원","700000","naver-card-10488-tier-1-400000","6016.83","1666.6666666666667","4350.163333333333","0.6215","9999","6016.83","calculable","2026-06-11T11:14:42.801Z"
"naver-card-10488-balanced_100","naver-card-10488","balanced_100","균형 100만원","1000000","naver-card-10488-tier-1-400000","8220.57","1666.6666666666667","6553.903333333333","0.6554","9999","8220.57","calculable","2026-06-11T11:14:42.801Z"
"naver-card-10488-balanced_120","naver-card-10488","balanced_120","균형 120만원","1200000","naver-card-10488-tier-1-400000","8890.74","1666.6666666666667","7224.073333333333","0.602","9999","8890.74","calculable","2026-06-11T11:14:42.801Z"
"naver-card-10636-balanced_30","naver-card-10636","balanced_30","균형 30만원","300000","naver-card-10636-tier-1-300000","691.02","1000","0","0","20000","691.02","calculable","2026-06-11T11:14:42.801Z"
"naver-card-10636-balanced_50","naver-card-10636","balanced_50","균형 50만원","500000","naver-card-10636-tier-1-300000","1151.67","1000","151.67000000000007","0.0303","20000","1151.67","calculable","2026-06-11T11:14:42.801Z"
"naver-card-10636-balanced_70","naver-card-10636","balanced_70","균형 70만원","700000","naver-card-10636-tier-1-300000","1612.3500000000001","1000","612.3500000000001","0.0875","20000","1612.3500000000001","calculable","2026-06-11T11:14:42.801Z"
"naver-card-10636-balanced_100","naver-card-10636","balanced_100","균형 100만원","1000000","naver-card-10636-tier-1-300000","2303.35","1000","1303.35","0.1303","20000","2303.35","calculable","2026-06-11T11:14:42.801Z"
"naver-card-10636-balanced_120","naver-card-10636","balanced_120","균형 120만원","1200000","naver-card-10636-tier-1-300000","2764.05","1000","1764.0500000000002","0.147","20000","2764.05","calculable","2026-06-11T11:14:42.801Z"
"naver-card-10637-balanced_30","naver-card-10637","balanced_30","균형 30만원","300000","","0","3000","0","0","0","0","partial","2026-06-11T11:14:42.801Z"
"naver-card-10637-balanced_50","naver-card-10637","balanced_50","균형 50만원","500000","naver-card-10637-tier-1-500000","955.06","3000","0","0","16000","955.06","calculable","2026-06-11T11:14:42.801Z"
"naver-card-10637-balanced_70","naver-card-10637","balanced_70","균형 70만원","700000","naver-card-10637-tier-1-500000","1337.0800000000002","3000","0","0","16000","1337.0800000000002","calculable","2026-06-11T11:14:42.801Z"
"naver-card-10637-balanced_100","naver-card-10637","balanced_100","균형 100만원","1000000","naver-card-10637-tier-1-500000","1910.12","3000","0","0","16000","1910.12","calculable","2026-06-11T11:14:42.801Z"
"naver-card-10637-balanced_120","naver-card-10637","balanced_120","균형 120만원","1200000","naver-card-10637-tier-1-500000","2292.1400000000003","3000","0","0","16000","2292.1400000000003","calculable","2026-06-11T11:14:42.801Z"
"naver-card-10638-balanced_30","naver-card-10638","balanced_30","균형 30만원","300000","","0","1833.3333333333333","0","0","0","0","partial","2026-06-11T11:14:42.801Z"
"naver-card-10638-balanced_50","naver-card-10638","balanced_50","균형 50만원","500000","naver-card-10638-tier-1-400000","1011.24","1833.3333333333333","0","0","10000","1011.24","calculable","2026-06-11T11:14:42.801Z"
"naver-card-10638-balanced_70","naver-card-10638","balanced_70","균형 70만원","700000","naver-card-10638-tier-1-400000","1415.73","1833.3333333333333","0","0","10000","1415.73","calculable","2026-06-11T11:14:42.801Z"
"naver-card-10638-balanced_100","naver-card-10638","balanced_100","균형 100만원","1000000","naver-card-10638-tier-1-400000","2022.48","1833.3333333333333","189.14666666666676","0.0189","10000","2022.48","calculable","2026-06-11T11:14:42.801Z"
"naver-card-10638-balanced_120","naver-card-10638","balanced_120","균형 120만원","1200000","naver-card-10638-tier-1-400000","2426.97","1833.3333333333333","593.6366666666665","0.0495","10000","2426.97","calculable","2026-06-11T11:14:42.801Z"
"naver-card-10640-balanced_30","naver-card-10640","balanced_30","균형 30만원","300000","naver-card-10640-tier-1-300000","5561.9","833.3333333333334","4728.566666666667","1.5762","10000","5561.9","calculable","2026-06-11T11:14:42.801Z"
"naver-card-10640-balanced_50","naver-card-10640","balanced_50","균형 50만원","500000","naver-card-10640-tier-1-300000","8089.700000000001","833.3333333333334","7256.366666666668","1.4513","10000","8089.700000000001","calculable","2026-06-11T11:14:42.801Z"
"naver-card-10640-balanced_70","naver-card-10640","balanced_70","균형 70만원","700000","naver-card-10640-tier-1-300000","9325.7","833.3333333333334","8492.366666666667","1.2132","10000","9325.7","calculable","2026-06-11T11:14:42.801Z"
"naver-card-10640-balanced_100","naver-card-10640","balanced_100","균형 100만원","1000000","naver-card-10640-tier-1-300000","10000","833.3333333333334","9166.666666666666","0.9167","10000","10000","calculable","2026-06-11T11:14:42.801Z"
"naver-card-10640-balanced_120","naver-card-10640","balanced_120","균형 120만원","1200000","naver-card-10640-tier-1-300000","10000","833.3333333333334","9166.666666666666","0.7639","10000","10000","calculable","2026-06-11T11:14:42.801Z"
"naver-card-3777-balanced_30","naver-card-3777","balanced_30","균형 30만원","300000","","0","1916.6666666666667","0","0","0","0","partial","2026-06-11T11:14:42.801Z"
"naver-card-3777-balanced_50","naver-card-3777","balanced_50","균형 50만원","500000","naver-card-3777-tier-1-400000","8651.720000000001","1916.6666666666667","6735.053333333334","1.347","23000","8651.720000000001","calculable","2026-06-11T11:14:42.801Z"
"naver-card-3777-balanced_70","naver-card-3777","balanced_70","균형 70만원","700000","naver-card-3777-tier-1-400000","12112.380000000001","1916.6666666666667","10195.713333333335","1.4565","23000","12112.380000000001","calculable","2026-06-11T11:14:42.801Z"
"naver-card-3777-balanced_100","naver-card-3777","balanced_100","균형 100만원","1000000","naver-card-3777-tier-1-400000","17303.440000000002","1916.6666666666667","15386.773333333336","1.5387","23000","17303.440000000002","calculable","2026-06-11T11:14:42.801Z"
"naver-card-3777-balanced_120","naver-card-3777","balanced_120","균형 120만원","1200000","naver-card-3777-tier-1-400000","20764.030000000002","1916.6666666666667","18847.363333333335","1.5706","23000","20764.030000000002","calculable","2026-06-11T11:14:42.801Z"
"naver-card-3776-balanced_30","naver-card-3776","balanced_30","균형 30만원","300000","","0","1000","0","0","0","0","partial","2026-06-11T11:14:42.801Z"
"naver-card-3776-balanced_50","naver-card-3776","balanced_50","균형 50만원","500000","naver-card-3776-tier-1-400000","5191.032000000001","1000","4191.032000000001","0.8382","12000","5191.032000000001","calculable","2026-06-11T11:14:42.801Z"
"naver-card-3776-balanced_70","naver-card-3776","balanced_70","균형 70만원","700000","naver-card-3776-tier-1-400000","7267.428000000001","1000","6267.428000000001","0.8953","12000","7267.428000000001","calculable","2026-06-11T11:14:42.801Z"
"naver-card-3776-balanced_100","naver-card-3776","balanced_100","균형 100만원","1000000","naver-card-3776-tier-1-400000","10382.064000000002","1000","9382.064000000002","0.9382","12000","10382.064000000002","calculable","2026-06-11T11:14:42.801Z"
"naver-card-3776-balanced_120","naver-card-3776","balanced_120","균형 120만원","1200000","naver-card-3776-tier-1-400000","12000","1000","11000","0.9167","12000","12343.803","calculable","2026-06-11T11:14:42.801Z"
"naver-card-10383-balanced_30","naver-card-10383","balanced_30","균형 30만원","300000","","0","1666.6666666666667","0","0","0","0","partial","2026-06-11T11:14:42.801Z"
"naver-card-10383-balanced_50","naver-card-10383","balanced_50","균형 50만원","500000","naver-card-10383-tier-1-500000","955.06","1666.6666666666667","0","0","16000","955.06","calculable","2026-06-11T11:14:42.801Z"
"naver-card-10383-balanced_70","naver-card-10383","balanced_70","균형 70만원","700000","naver-card-10383-tier-1-500000","1337.0800000000002","1666.6666666666667","0","0","16000","1337.0800000000002","calculable","2026-06-11T11:14:42.801Z"
"naver-card-10383-balanced_100","naver-card-10383","balanced_100","균형 100만원","1000000","naver-card-10383-tier-1-500000","1910.12","1666.6666666666667","243.45333333333315","0.0243","16000","1910.12","calculable","2026-06-11T11:14:42.801Z"
"naver-card-10383-balanced_120","naver-card-10383","balanced_120","균형 120만원","1200000","naver-card-10383-tier-1-500000","2292.1400000000003","1666.6666666666667","625.4733333333336","0.0521","16000","2292.1400000000003","calculable","2026-06-11T11:14:42.801Z"
"naver-card-10289-balanced_30","naver-card-10289","balanced_30","균형 30만원","300000","naver-card-10289-tier-1-200000","505.62","83.33333333333333","422.2866666666667","0.1408","10000","505.62","calculable","2026-06-11T11:14:42.801Z"
"naver-card-10289-balanced_50","naver-card-10289","balanced_50","균형 50만원","500000","naver-card-10289-tier-1-200000","842.6999999999999","83.33333333333333","759.3666666666666","0.1519","10000","842.6999999999999","calculable","2026-06-11T11:14:42.801Z"
"naver-card-10289-balanced_70","naver-card-10289","balanced_70","균형 70만원","700000","naver-card-10289-tier-1-200000","1179.78","83.33333333333333","1096.4466666666667","0.1566","10000","1179.78","calculable","2026-06-11T11:14:42.801Z"
"naver-card-10289-balanced_100","naver-card-10289","balanced_100","균형 100만원","1000000","naver-card-10289-tier-1-200000","1685.3999999999999","83.33333333333333","1602.0666666666666","0.1602","10000","1685.3999999999999","calculable","2026-06-11T11:14:42.801Z"
"naver-card-10289-balanced_120","naver-card-10289","balanced_120","균형 120만원","1200000","naver-card-10289-tier-1-200000","2022.48","83.33333333333333","1939.1466666666668","0.1616","10000","2022.48","calculable","2026-06-11T11:14:42.801Z"
"naver-card-10442-balanced_30","naver-card-10442","balanced_30","균형 30만원","300000","naver-card-10442-tier-1-300000","13314.7","833.3333333333334","12481.366666666667","4.1605","20000","13314.7","calculable","2026-06-11T11:14:42.801Z"
"naver-card-10442-balanced_50","naver-card-10442","balanced_50","균형 50만원","500000","naver-card-10442-tier-1-300000","20000","833.3333333333334","19166.666666666668","3.8333","20000","20954.9","calculable","2026-06-11T11:14:42.801Z"
"naver-card-10442-balanced_70","naver-card-10442","balanced_70","균형 70만원","700000","naver-card-10442-tier-1-300000","20000","833.3333333333334","19166.666666666668","2.7381","20000","24044.800000000003","calculable","2026-06-11T11:14:42.801Z"
"naver-card-10442-balanced_100","naver-card-10442","balanced_100","균형 100만원","1000000","naver-card-10442-tier-1-300000","20000","833.3333333333334","19166.666666666668","1.9167","20000","25000","calculable","2026-06-11T11:14:42.801Z"
"naver-card-10442-balanced_120","naver-card-10442","balanced_120","균형 120만원","1200000","naver-card-10442-tier-1-300000","20000","833.3333333333334","19166.666666666668","1.5972","20000","25000","calculable","2026-06-11T11:14:42.801Z"
"naver-card-3055-balanced_30","naver-card-3055","balanced_30","균형 30만원","300000","naver-card-3055-tier-1-0","1223.6180000000002","1916.6666666666667","0","0","10000","1223.6180000000002","calculable","2026-06-11T11:14:42.801Z"
"naver-card-3055-balanced_50","naver-card-3055","balanced_50","균형 50만원","500000","naver-card-3055-tier-1-0","2039.29","1916.6666666666667","122.62333333333322","0.0245","10000","2039.29","calculable","2026-06-11T11:14:42.801Z"
"naver-card-3055-balanced_70","naver-card-3055","balanced_70","균형 70만원","700000","naver-card-3055-tier-1-0","2855.0280000000002","1916.6666666666667","938.3613333333335","0.1341","10000","2855.0280000000002","calculable","2026-06-11T11:14:42.801Z"
"naver-card-3055-balanced_100","naver-card-3055","balanced_100","균형 100만원","1000000","naver-card-3055-tier-1-0","4078.6020000000003","1916.6666666666667","2161.935333333334","0.2162","10000","4078.6020000000003","calculable","2026-06-11T11:14:42.801Z"
"naver-card-3055-balanced_120","naver-card-3055","balanced_120","균형 120만원","1200000","naver-card-3055-tier-1-0","4894.406000000001","1916.6666666666667","2977.739333333334","0.2481","10000","4894.406000000001","calculable","2026-06-11T11:14:42.801Z"
"naver-card-10363-balanced_30","naver-card-10363","balanced_30","균형 30만원","300000","naver-card-10363-tier-1-120000","1129.22","12500","0","0","20000","1129.22","calculable","2026-06-11T11:14:42.801Z"
"naver-card-10363-balanced_50","naver-card-10363","balanced_50","균형 50만원","500000","naver-card-10363-tier-1-120000","1882.0100000000002","12500","0","0","20000","1882.0100000000002","calculable","2026-06-11T11:14:42.801Z"
"naver-card-10363-balanced_70","naver-card-10363","balanced_70","균형 70만원","700000","naver-card-10363-tier-1-120000","2634.82","12500","0","0","20000","2634.82","calculable","2026-06-11T11:14:42.801Z"
"naver-card-10363-balanced_100","naver-card-10363","balanced_100","균형 100만원","1000000","naver-card-10363-tier-1-120000","3764.03","12500","0","0","20000","3764.03","calculable","2026-06-11T11:14:42.801Z"
"naver-card-10363-balanced_120","naver-card-10363","balanced_120","균형 120만원","1200000","naver-card-10363-tier-1-120000","4516.860000000001","12500","0","0","20000","4516.860000000001","calculable","2026-06-11T11:14:42.801Z"
"naver-card-3257-balanced_30","naver-card-3257","balanced_30","균형 30만원","300000","","0","1666.6666666666667","0","0","0","0","partial","2026-06-11T11:14:42.801Z"
"naver-card-3257-balanced_50","naver-card-3257","balanced_50","균형 50만원","500000","naver-card-3257-tier-1-400000","449.4200000000001","1666.6666666666667","0","0","10000","449.4200000000001","calculable","2026-06-11T11:14:42.801Z"
"naver-card-3257-balanced_70","naver-card-3257","balanced_70","균형 70만원","700000","naver-card-3257-tier-1-400000","629.2","1666.6666666666667","0","0","10000","629.2","calculable","2026-06-11T11:14:42.801Z"
"naver-card-3257-balanced_100","naver-card-3257","balanced_100","균형 100만원","1000000","naver-card-3257-tier-1-400000","898.8500000000001","1666.6666666666667","0","0","10000","898.8500000000001","calculable","2026-06-11T11:14:42.801Z"
"naver-card-3257-balanced_120","naver-card-3257","balanced_120","균형 120만원","1200000","naver-card-3257-tier-1-400000","1078.66","1666.6666666666667","0","0","10000","1078.66","calculable","2026-06-11T11:14:42.801Z"
"naver-card-2206-balanced_30","naver-card-2206","balanced_30","균형 30만원","300000","naver-card-2206-tier-1-300000","10000","833.3333333333334","9166.666666666666","3.0556","10000","14831.500000000002","calculable","2026-06-11T11:14:42.801Z"
"naver-card-2206-balanced_50","naver-card-2206","balanced_50","균형 50만원","500000","naver-card-2206-tier-2-500000","15000","833.3333333333334","14166.666666666666","2.8333","15000","24719.2","calculable","2026-06-11T11:14:42.801Z"
"naver-card-2206-balanced_70","naver-card-2206","balanced_70","균형 70만원","700000","naver-card-2206-tier-3-700000","25000","833.3333333333334","24166.666666666668","3.4524","25000","34606.8","calculable","2026-06-11T11:14:42.801Z"
"naver-card-2206-balanced_100","naver-card-2206","balanced_100","균형 100만원","1000000","naver-card-2206-tier-3-700000","25000","833.3333333333334","24166.666666666668","2.4167","25000","45730.4","calculable","2026-06-11T11:14:42.801Z"
"naver-card-2206-balanced_120","naver-card-2206","balanced_120","균형 120만원","1200000","naver-card-2206-tier-4-1200000","40000","833.3333333333334","39166.666666666664","3.2639","40000","48089.9","calculable","2026-06-11T11:14:42.801Z"
"naver-card-10464-balanced_30","naver-card-10464","balanced_30","균형 30만원","300000","","0","26416.666666666668","0","0","0","0","partial","2026-06-11T11:14:42.801Z"
"naver-card-10464-balanced_50","naver-card-10464","balanced_50","균형 50만원","500000","naver-card-10464-tier-1-500000","1938.1900000000003","26416.666666666668","0","0","32000","1938.1900000000003","calculable","2026-06-11T11:14:42.801Z"
"naver-card-10464-balanced_70","naver-card-10464","balanced_70","균형 70만원","700000","naver-card-10464-tier-1-500000","2713.4700000000003","26416.666666666668","0","0","32000","2713.4700000000003","calculable","2026-06-11T11:14:42.801Z"
"naver-card-10464-balanced_100","naver-card-10464","balanced_100","균형 100만원","1000000","naver-card-10464-tier-1-500000","3876.3900000000003","26416.666666666668","0","0","32000","3876.3900000000003","calculable","2026-06-11T11:14:42.801Z"
"naver-card-10464-balanced_120","naver-card-10464","balanced_120","균형 120만원","1200000","naver-card-10464-tier-1-500000","4651.6900000000005","26416.666666666668","0","0","32000","4651.6900000000005","calculable","2026-06-11T11:14:42.801Z"
"naver-card-10456-balanced_30","naver-card-10456","balanced_30","균형 30만원","300000","","0","2500","0","0","0","0","partial","2026-06-11T11:14:42.801Z"
"naver-card-10456-balanced_50","naver-card-10456","balanced_50","균형 50만원","500000","naver-card-10456-tier-1-400000","4634.75","2500","2134.75","0.4269","10000","4634.75","calculable","2026-06-11T11:14:42.801Z"
"naver-card-10456-balanced_70","naver-card-10456","balanced_70","균형 70만원","700000","naver-card-10456-tier-1-400000","6488.700000000001","2500","3988.7000000000007","0.5698","10000","6488.700000000001","calculable","2026-06-11T11:14:42.801Z"
"naver-card-10456-balanced_100","naver-card-10456","balanced_100","균형 100만원","1000000","naver-card-10456-tier-1-400000","8089.75","2500","5589.75","0.559","10000","8089.75","calculable","2026-06-11T11:14:42.801Z"
"naver-card-10456-balanced_120","naver-card-10456","balanced_120","균형 120만원","1200000","naver-card-10456-tier-1-400000","8707.9","2500","6207.9","0.5173","10000","8707.9","calculable","2026-06-11T11:14:42.801Z"
"naver-card-10388-balanced_30","naver-card-10388","balanced_30","균형 30만원","300000","","0","2500","0","0","0","0","partial","2026-06-11T11:14:42.801Z"
"naver-card-10388-balanced_50","naver-card-10388","balanced_50","균형 50만원","500000","naver-card-10388-tier-1-500000","2162.7900000000004","2500","0","0","10000","2162.7900000000004","calculable","2026-06-11T11:14:42.801Z"
"naver-card-10388-balanced_70","naver-card-10388","balanced_70","균형 70만원","700000","naver-card-10388-tier-1-500000","3027.9900000000002","2500","527.9900000000002","0.0754","10000","3027.9900000000002","calculable","2026-06-11T11:14:42.801Z"
"naver-card-10388-balanced_100","naver-card-10388","balanced_100","균형 100만원","1000000","naver-card-10388-tier-1-500000","4325.650000000001","2500","1825.6500000000005","0.1826","10000","4325.650000000001","calculable","2026-06-11T11:14:42.801Z"
"naver-card-10388-balanced_120","naver-card-10388","balanced_120","균형 120만원","1200000","naver-card-10388-tier-1-500000","5191.06","2500","2691.0600000000004","0.2243","10000","5191.06","calculable","2026-06-11T11:14:42.801Z"
"naver-card-10564-balanced_30","naver-card-10564","balanced_30","균형 30만원","300000","naver-card-10564-tier-1-0","92.7","416.6666666666667","0","0","10000","92.7","calculable","2026-06-11T11:14:42.801Z"
"naver-card-10564-balanced_50","naver-card-10564","balanced_50","균형 50만원","500000","naver-card-10564-tier-1-0","154.485","416.6666666666667","0","0","10000","154.485","calculable","2026-06-11T11:14:42.801Z"
"naver-card-10564-balanced_70","naver-card-10564","balanced_70","균형 70만원","700000","naver-card-10564-tier-1-0","216.285","416.6666666666667","0","0","10000","216.285","calculable","2026-06-11T11:14:42.801Z"
"naver-card-10564-balanced_100","naver-card-10564","balanced_100","균형 100만원","1000000","naver-card-10564-tier-1-0","308.975","416.6666666666667","0","0","10000","308.975","calculable","2026-06-11T11:14:42.801Z"
"naver-card-10564-balanced_120","naver-card-10564","balanced_120","균형 120만원","1200000","naver-card-10564-tier-1-0","370.79","416.6666666666667","0","0","10000","370.79","calculable","2026-06-11T11:14:42.801Z"
"naver-card-10308-balanced_30","naver-card-10308","balanced_30","균형 30만원","300000","","0","1666.6666666666667","0","0","0","0","partial","2026-06-11T11:14:42.801Z"
"naver-card-10308-balanced_50","naver-card-10308","balanced_50","균형 50만원","500000","naver-card-10308-tier-1-400000","786.5","1666.6666666666667","0","0","20000","786.5","calculable","2026-06-11T11:14:42.801Z"
"naver-card-10308-balanced_70","naver-card-10308","balanced_70","균형 70만원","700000","naver-card-10308-tier-1-400000","1101.1100000000001","1666.6666666666667","0","0","20000","1101.1100000000001","calculable","2026-06-11T11:14:42.801Z"
"naver-card-10308-balanced_100","naver-card-10308","balanced_100","균형 100만원","1000000","naver-card-10308-tier-1-400000","1573.0100000000002","1666.6666666666667","0","0","20000","1573.0100000000002","calculable","2026-06-11T11:14:42.801Z"
"naver-card-10308-balanced_120","naver-card-10308","balanced_120","균형 120만원","1200000","naver-card-10308-tier-1-400000","1887.65","1666.6666666666667","220.98333333333335","0.0184","20000","1887.65","calculable","2026-06-11T11:14:42.801Z"
"naver-card-10421-balanced_30","naver-card-10421","balanced_30","균형 30만원","300000","","0","1250","0","0","0","0","partial","2026-06-11T11:14:42.801Z"
"naver-card-10421-balanced_50","naver-card-10421","balanced_50","균형 50만원","500000","naver-card-10421-tier-1-500000","16854","1250","15604","3.1208","32000","16854","calculable","2026-06-11T11:14:42.801Z"
"naver-card-10421-balanced_70","naver-card-10421","balanced_70","균형 70만원","700000","naver-card-10421-tier-1-500000","23595.600000000002","1250","22345.600000000002","3.1922","32000","23595.600000000002","calculable","2026-06-11T11:14:42.801Z"
"naver-card-10421-balanced_100","naver-card-10421","balanced_100","균형 100만원","1000000","naver-card-10421-tier-1-500000","27370.8","1250","26120.8","2.6121","32000","27370.8","calculable","2026-06-11T11:14:42.801Z"
"naver-card-10421-balanced_120","naver-card-10421","balanced_120","균형 120만원","1200000","naver-card-10421-tier-1-500000","28044.9","1250","26794.9","2.2329","32000","28044.9","calculable","2026-06-11T11:14:42.801Z"
"naver-card-10226-balanced_30","naver-card-10226","balanced_30","균형 30만원","300000","","0","1658.3333333333333","0","0","0","0","partial","2026-06-11T11:14:42.801Z"
"naver-card-10226-balanced_50","naver-card-10226","balanced_50","균형 50만원","500000","naver-card-10226-tier-1-400000","20000","1658.3333333333333","18341.666666666668","3.6683","20000","20730.4","calculable","2026-06-11T11:14:42.801Z"
"naver-card-10226-balanced_70","naver-card-10226","balanced_70","균형 70만원","700000","naver-card-10226-tier-1-400000","20000","1658.3333333333333","18341.666666666668","2.6202","20000","24438.2","calculable","2026-06-11T11:14:42.801Z"
"naver-card-10226-balanced_100","naver-card-10226","balanced_100","균형 100만원","1000000","naver-card-10226-tier-1-400000","20000","1658.3333333333333","18341.666666666668","1.8342","20000","25000","calculable","2026-06-11T11:14:42.801Z"
"naver-card-10226-balanced_120","naver-card-10226","balanced_120","균형 120만원","1200000","naver-card-10226-tier-1-400000","20000","1658.3333333333333","18341.666666666668","1.5285","20000","25000","calculable","2026-06-11T11:14:42.801Z"
"naver-card-10429-balanced_30","naver-card-10429","balanced_30","균형 30만원","300000","naver-card-10429-tier-1-300000","547.76","18500","0","0","20000","547.76","calculable","2026-06-11T11:14:42.801Z"
"naver-card-10429-balanced_50","naver-card-10429","balanced_50","균형 50만원","500000","naver-card-10429-tier-1-300000","912.915","18500","0","0","20000","912.915","calculable","2026-06-11T11:14:42.801Z"
"naver-card-10429-balanced_70","naver-card-10429","balanced_70","균형 70만원","700000","naver-card-10429-tier-1-300000","1278.085","18500","0","0","20000","1278.085","calculable","2026-06-11T11:14:42.801Z"
"naver-card-10429-balanced_100","naver-card-10429","balanced_100","균형 100만원","1000000","naver-card-10429-tier-1-300000","1825.835","18500","0","0","20000","1825.835","calculable","2026-06-11T11:14:42.801Z"
"naver-card-10429-balanced_120","naver-card-10429","balanced_120","균형 120만원","1200000","naver-card-10429-tier-1-300000","2191.015","18500","0","0","20000","2191.015","calculable","2026-06-11T11:14:42.801Z"
"naver-card-10582-balanced_30","naver-card-10582","balanced_30","균형 30만원","300000","naver-card-10582-tier-1-0","556.1999999999999","416.6666666666667","139.53333333333325","0.0465","10000","556.1999999999999","calculable","2026-06-11T11:14:42.801Z"
"naver-card-10582-balanced_50","naver-card-10582","balanced_50","균형 50만원","500000","naver-card-10582-tier-1-0","926.91","416.6666666666667","510.2433333333333","0.102","10000","926.91","calculable","2026-06-11T11:14:42.801Z"
"naver-card-10582-balanced_70","naver-card-10582","balanced_70","균형 70만원","700000","naver-card-10582-tier-1-0","1297.71","416.6666666666667","881.0433333333333","0.1259","10000","1297.71","calculable","2026-06-11T11:14:42.801Z"
"naver-card-10582-balanced_100","naver-card-10582","balanced_100","균형 100만원","1000000","naver-card-10582-tier-1-0","1853.85","416.6666666666667","1437.1833333333332","0.1437","10000","1853.85","calculable","2026-06-11T11:14:42.801Z"
"naver-card-10582-balanced_120","naver-card-10582","balanced_120","균형 120만원","1200000","naver-card-10582-tier-1-0","2224.74","416.6666666666667","1808.073333333333","0.1507","10000","2224.74","calculable","2026-06-11T11:14:42.801Z"
"naver-card-10517-balanced_30","naver-card-10517","balanced_30","균형 30만원","300000","naver-card-10517-tier-1-300000","1946.6650000000002","2500","0","0","10000","1946.6650000000002","calculable","2026-06-11T11:14:42.801Z"
"naver-card-10517-balanced_50","naver-card-10517","balanced_50","균형 50만원","500000","naver-card-10517-tier-1-300000","3244.3250000000007","2500","744.3250000000007","0.1489","10000","3244.3250000000007","calculable","2026-06-11T11:14:42.801Z"
"naver-card-10517-balanced_70","naver-card-10517","balanced_70","균형 70만원","700000","naver-card-10517-tier-1-300000","4542.09","2500","2042.0900000000001","0.2917","10000","4542.09","calculable","2026-06-11T11:14:42.801Z"
"naver-card-10517-balanced_100","naver-card-10517","balanced_100","균형 100만원","1000000","naver-card-10517-tier-1-300000","6488.685000000001","2500","3988.6850000000013","0.3989","10000","6488.685000000001","calculable","2026-06-11T11:14:42.801Z"
"naver-card-10517-balanced_120","naver-card-10517","balanced_120","균형 120만원","1200000","naver-card-10517-tier-1-300000","7595.530000000001","2500","5095.530000000001","0.4246","10000","7595.530000000001","calculable","2026-06-11T11:14:42.801Z"
"naver-card-10390-balanced_30","naver-card-10390","balanced_30","균형 30만원","300000","","0","2500","0","0","0","0","partial","2026-06-11T11:14:42.801Z"
"naver-card-10390-balanced_50","naver-card-10390","balanced_50","균형 50만원","500000","naver-card-10390-tier-1-500000","2162.7900000000004","2500","0","0","10000","2162.7900000000004","calculable","2026-06-11T11:14:42.801Z"
"naver-card-10390-balanced_70","naver-card-10390","balanced_70","균형 70만원","700000","naver-card-10390-tier-1-500000","3027.9900000000002","2500","527.9900000000002","0.0754","10000","3027.9900000000002","calculable","2026-06-11T11:14:42.801Z"
"naver-card-10390-balanced_100","naver-card-10390","balanced_100","균형 100만원","1000000","naver-card-10390-tier-1-500000","4325.650000000001","2500","1825.6500000000005","0.1826","10000","4325.650000000001","calculable","2026-06-11T11:14:42.801Z"
"naver-card-10390-balanced_120","naver-card-10390","balanced_120","균형 120만원","1200000","naver-card-10390-tier-1-500000","5191.06","2500","2691.0600000000004","0.2243","10000","5191.06","calculable","2026-06-11T11:14:42.801Z"
"naver-card-10372-balanced_30","naver-card-10372","balanced_30","균형 30만원","300000","","0","49583.333333333336","0","0","0","0","partial","2026-06-11T11:14:42.801Z"
"naver-card-10372-balanced_50","naver-card-10372","balanced_50","균형 50만원","500000","naver-card-10372-tier-1-500000","12640.3","49583.333333333336","0","0","24000","12640.3","calculable","2026-06-11T11:14:42.801Z"
"naver-card-10372-balanced_70","naver-card-10372","balanced_70","균형 70만원","700000","naver-card-10372-tier-1-500000","17044.800000000003","49583.333333333336","0","0","24000","17044.800000000003","calculable","2026-06-11T11:14:42.801Z"
"naver-card-10372-balanced_100","naver-card-10372","balanced_100","균형 100만원","1000000","naver-card-10372-tier-1-500000","20921.1","49583.333333333336","0","0","24000","20921.1","calculable","2026-06-11T11:14:42.801Z"
"naver-card-10372-balanced_120","naver-card-10372","balanced_120","균형 120만원","1200000","naver-card-10372-tier-1-500000","23415.8","49583.333333333336","0","0","24000","23415.8","calculable","2026-06-11T11:14:42.801Z"
"naver-card-10264-balanced_30","naver-card-10264","balanced_30","균형 30만원","300000","naver-card-10264-tier-1-300000","10000","1000","9000","3","10000","11376.5","calculable","2026-06-11T11:14:42.801Z"
"naver-card-10264-balanced_50","naver-card-10264","balanced_50","균형 50만원","500000","naver-card-10264-tier-1-300000","10000","1000","9000","1.8","10000","12500","calculable","2026-06-11T11:14:42.801Z"
"naver-card-10264-balanced_70","naver-card-10264","balanced_70","균형 70만원","700000","naver-card-10264-tier-1-300000","10000","1000","9000","1.2857","10000","12500","calculable","2026-06-11T11:14:42.801Z"
"naver-card-10264-balanced_100","naver-card-10264","balanced_100","균형 100만원","1000000","naver-card-10264-tier-1-300000","10000","1000","9000","0.9","10000","12500","calculable","2026-06-11T11:14:42.801Z"
"naver-card-10264-balanced_120","naver-card-10264","balanced_120","균형 120만원","1200000","naver-card-10264-tier-1-300000","10000","1000","9000","0.75","10000","12500","calculable","2026-06-11T11:14:42.801Z"
"naver-card-10621-balanced_30","naver-card-10621","balanced_30","균형 30만원","300000","","0","83333.33333333333","0","0","0","0","partial","2026-06-11T11:14:42.801Z"
"naver-card-10621-balanced_50","naver-card-10621","balanced_50","균형 50만원","500000","naver-card-10621-tier-1-500000","1390.425","83333.33333333333","0","0","16000","1390.425","calculable","2026-06-11T11:14:42.801Z"
"naver-card-10621-balanced_70","naver-card-10621","balanced_70","균형 70만원","700000","naver-card-10621-tier-1-500000","1946.61","83333.33333333333","0","0","16000","1946.61","calculable","2026-06-11T11:14:42.801Z"
"naver-card-10621-balanced_100","naver-card-10621","balanced_100","균형 100만원","1000000","naver-card-10621-tier-1-500000","2780.865","83333.33333333333","0","0","16000","2780.865","calculable","2026-06-11T11:14:42.801Z"
"naver-card-10621-balanced_120","naver-card-10621","balanced_120","균형 120만원","1200000","naver-card-10621-tier-1-500000","3337.095","83333.33333333333","0","0","16000","3337.095","calculable","2026-06-11T11:14:42.801Z"
"naver-card-10624-balanced_30","naver-card-10624","balanced_30","균형 30만원","300000","","0","1666.6666666666667","0","0","0","0","partial","2026-06-11T11:14:42.801Z"
"naver-card-10624-balanced_50","naver-card-10624","balanced_50","균형 50만원","500000","naver-card-10624-tier-1-400000","337.08","1666.6666666666667","0","0","13000","337.08","calculable","2026-06-11T11:14:42.801Z"
"naver-card-10624-balanced_70","naver-card-10624","balanced_70","균형 70만원","700000","naver-card-10624-tier-1-400000","471.91","1666.6666666666667","0","0","13000","471.91","calculable","2026-06-11T11:14:42.801Z"
"naver-card-10624-balanced_100","naver-card-10624","balanced_100","균형 100만원","1000000","naver-card-10624-tier-1-400000","674.16","1666.6666666666667","0","0","13000","674.16","calculable","2026-06-11T11:14:42.801Z"
"naver-card-10624-balanced_120","naver-card-10624","balanced_120","균형 120만원","1200000","naver-card-10624-tier-1-400000","808.99","1666.6666666666667","0","0","13000","808.99","calculable","2026-06-11T11:14:42.801Z"
"naver-card-10496-balanced_30","naver-card-10496","balanced_30","균형 30만원","300000","","0","10000","0","0","0","0","partial","2026-06-11T11:14:42.801Z"
"naver-card-10496-balanced_50","naver-card-10496","balanced_50","균형 50만원","500000","","0","10000","0","0","0","0","partial","2026-06-11T11:14:42.801Z"
"naver-card-10496-balanced_70","naver-card-10496","balanced_70","균형 70만원","700000","","0","10000","0","0","0","0","partial","2026-06-11T11:14:42.801Z"
"naver-card-10496-balanced_100","naver-card-10496","balanced_100","균형 100만원","1000000","naver-card-10496-tier-1-1000000","3539.298","10000","0","0","36000","3539.298","calculable","2026-06-11T11:14:42.801Z"
"naver-card-10496-balanced_120","naver-card-10496","balanced_120","균형 120만원","1200000","naver-card-10496-tier-1-1000000","4247.208","10000","0","0","36000","4247.208","calculable","2026-06-11T11:14:42.801Z"
"naver-card-2886-balanced_30","naver-card-2886","balanced_30","균형 30만원","300000","","0","2500","0","0","0","0","partial","2026-06-11T11:14:42.801Z"
"naver-card-2886-balanced_50","naver-card-2886","balanced_50","균형 50만원","500000","naver-card-2886-tier-1-400000","12078.7","2500","9578.7","1.9157","20000","12078.7","calculable","2026-06-11T11:14:42.801Z"
"naver-card-2886-balanced_70","naver-card-2886","balanced_70","균형 70만원","700000","naver-card-2886-tier-1-400000","16910.15","2500","14410.150000000001","2.0586","20000","16910.15","calculable","2026-06-11T11:14:42.801Z"
"naver-card-2886-balanced_100","naver-card-2886","balanced_100","균형 100만원","1000000","naver-card-2886-tier-1-400000","20000","2500","17500","1.75","20000","22303.4","calculable","2026-06-11T11:14:42.801Z"
"naver-card-2886-balanced_120","naver-card-2886","balanced_120","균형 120만원","1200000","naver-card-2886-tier-1-400000","20000","2500","17500","1.4583","20000","23370.8","calculable","2026-06-11T11:14:42.801Z"
"naver-card-10287-balanced_30","naver-card-10287","balanced_30","균형 30만원","300000","naver-card-10287-tier-1-0","5561.9","1916.6666666666667","3645.2333333333327","1.2151","10000","5561.9","calculable","2026-06-11T11:14:42.801Z"
"naver-card-10287-balanced_50","naver-card-10287","balanced_50","균형 50만원","500000","naver-card-10287-tier-1-0","8089.700000000001","1916.6666666666667","6173.033333333334","1.2346","10000","8089.700000000001","calculable","2026-06-11T11:14:42.801Z"
"naver-card-10287-balanced_70","naver-card-10287","balanced_70","균형 70만원","700000","naver-card-10287-tier-1-0","9325.7","1916.6666666666667","7409.033333333334","1.0584","10000","9325.7","calculable","2026-06-11T11:14:42.801Z"
"naver-card-10287-balanced_100","naver-card-10287","balanced_100","균형 100만원","1000000","naver-card-10287-tier-1-0","10000","1916.6666666666667","8083.333333333333","0.8083","10000","10000","calculable","2026-06-11T11:14:42.801Z"
"naver-card-10287-balanced_120","naver-card-10287","balanced_120","균형 120만원","1200000","naver-card-10287-tier-1-0","10000","1916.6666666666667","8083.333333333333","0.6736","10000","10000","calculable","2026-06-11T11:14:42.801Z"
"naver-card-10033-balanced_30","naver-card-10033","balanced_30","균형 30만원","300000","naver-card-10033-tier-1-0","741.58","1666.6666666666667","0","0","10000","741.58","calculable","2026-06-11T11:14:42.801Z"
"naver-card-10033-balanced_50","naver-card-10033","balanced_50","균형 50만원","500000","naver-card-10033-tier-1-0","1235.96","1666.6666666666667","0","0","10000","1235.96","calculable","2026-06-11T11:14:42.801Z"
"naver-card-10033-balanced_70","naver-card-10033","balanced_70","균형 70만원","700000","naver-card-10033-tier-1-0","1730.3400000000001","1666.6666666666667","63.6733333333334","0.0091","10000","1730.3400000000001","calculable","2026-06-11T11:14:42.801Z"
"naver-card-10033-balanced_100","naver-card-10033","balanced_100","균형 100만원","1000000","naver-card-10033-tier-1-0","2471.92","1666.6666666666667","805.2533333333333","0.0805","10000","2471.92","calculable","2026-06-11T11:14:42.801Z"
"naver-card-10033-balanced_120","naver-card-10033","balanced_120","균형 120만원","1200000","naver-card-10033-tier-1-0","2966.3","1666.6666666666667","1299.6333333333334","0.1083","10000","2966.3","calculable","2026-06-11T11:14:42.801Z"
"naver-card-10556-balanced_30","naver-card-10556","balanced_30","균형 30만원","300000","naver-card-10556-tier-1-200000","556.1999999999999","1250","0","0","17000","556.1999999999999","calculable","2026-06-11T11:14:42.801Z"
"naver-card-10556-balanced_50","naver-card-10556","balanced_50","균형 50만원","500000","naver-card-10556-tier-1-200000","926.91","1250","0","0","17000","926.91","calculable","2026-06-11T11:14:42.801Z"
"naver-card-10556-balanced_70","naver-card-10556","balanced_70","균형 70만원","700000","naver-card-10556-tier-1-200000","1297.71","1250","47.710000000000036","0.0068","17000","1297.71","calculable","2026-06-11T11:14:42.801Z"
"naver-card-10556-balanced_100","naver-card-10556","balanced_100","균형 100만원","1000000","naver-card-10556-tier-1-200000","1853.85","1250","603.8499999999999","0.0604","17000","1853.85","calculable","2026-06-11T11:14:42.801Z"
"naver-card-10556-balanced_120","naver-card-10556","balanced_120","균형 120만원","1200000","naver-card-10556-tier-1-200000","2224.74","1250","974.7399999999998","0.0812","17000","2224.74","calculable","2026-06-11T11:14:42.801Z"
"naver-card-10405-balanced_30","naver-card-10405","balanced_30","균형 30만원","300000","","0","2500","0","0","0","0","partial","2026-06-11T11:14:42.801Z"
"naver-card-10405-balanced_50","naver-card-10405","balanced_50","균형 50만원","500000","naver-card-10405-tier-1-500000","4634.75","2500","2134.75","0.4269","16000","4634.75","calculable","2026-06-11T11:14:42.801Z"
"naver-card-10405-balanced_70","naver-card-10405","balanced_70","균형 70만원","700000","naver-card-10405-tier-1-500000","6488.700000000001","2500","3988.7000000000007","0.5698","16000","6488.700000000001","calculable","2026-06-11T11:14:42.801Z"
"naver-card-10405-balanced_100","naver-card-10405","balanced_100","균형 100만원","1000000","naver-card-10405-tier-1-500000","9269.55","2500","6769.549999999999","0.677","16000","9269.55","calculable","2026-06-11T11:14:42.801Z"
"naver-card-10405-balanced_120","naver-card-10405","balanced_120","균형 120만원","1200000","naver-card-10405-tier-1-500000","11123.65","2500","8623.65","0.7186","16000","11123.65","calculable","2026-06-11T11:14:42.801Z"
"naver-card-2757-balanced_30","naver-card-2757","balanced_30","균형 30만원","300000","naver-card-2757-tier-1-200000","556.1999999999999","1250","0","0","17000","556.1999999999999","calculable","2026-06-11T11:14:42.801Z"
"naver-card-2757-balanced_50","naver-card-2757","balanced_50","균형 50만원","500000","naver-card-2757-tier-1-200000","926.91","1250","0","0","17000","926.91","calculable","2026-06-11T11:14:42.801Z"
"naver-card-2757-balanced_70","naver-card-2757","balanced_70","균형 70만원","700000","naver-card-2757-tier-1-200000","1297.71","1250","47.710000000000036","0.0068","17000","1297.71","calculable","2026-06-11T11:14:42.801Z"
"naver-card-2757-balanced_100","naver-card-2757","balanced_100","균형 100만원","1000000","naver-card-2757-tier-1-200000","1853.85","1250","603.8499999999999","0.0604","17000","1853.85","calculable","2026-06-11T11:14:42.801Z"
"naver-card-2757-balanced_120","naver-card-2757","balanced_120","균형 120만원","1200000","naver-card-2757-tier-1-200000","2224.74","1250","974.7399999999998","0.0812","17000","2224.74","calculable","2026-06-11T11:14:42.801Z"
"naver-card-3958-balanced_30","naver-card-3958","balanced_30","균형 30만원","300000","","0","2083.3333333333335","0","0","0","0","partial","2026-06-11T11:14:42.801Z"
"naver-card-3958-balanced_50","naver-card-3958","balanced_50","균형 50만원","500000","naver-card-3958-tier-1-400000","2634.814","2083.3333333333335","551.4806666666664","0.1103","20000","2634.814","calculable","2026-06-11T11:14:42.801Z"
"naver-card-3958-balanced_70","naver-card-3958","balanced_70","균형 70만원","700000","naver-card-3958-tier-1-400000","3688.7479999999996","2083.3333333333335","1605.414666666666","0.2293","20000","3688.7479999999996","calculable","2026-06-11T11:14:42.801Z"
"naver-card-3958-balanced_100","naver-card-3958","balanced_100","균형 100만원","1000000","naver-card-3958-tier-1-400000","5269.642","2083.3333333333335","3186.3086666666663","0.3186","20000","5269.642","calculable","2026-06-11T11:14:42.801Z"
"naver-card-3958-balanced_120","naver-card-3958","balanced_120","균형 120만원","1200000","naver-card-3958-tier-1-400000","6323.603999999999","2083.3333333333335","4240.270666666665","0.3534","20000","6323.603999999999","calculable","2026-06-11T11:14:42.801Z"
"naver-card-10369-balanced_30","naver-card-10369","balanced_30","균형 30만원","300000","naver-card-10369-tier-1-0","11966.400000000001","1250","10716.400000000001","3.5721","20000","11966.400000000001","calculable","2026-06-11T11:14:42.801Z"
"naver-card-10369-balanced_50","naver-card-10369","balanced_50","균형 50만원","500000","naver-card-10369-tier-1-0","18089.7","1250","16839.7","3.3679","20000","18089.7","calculable","2026-06-11T11:14:42.801Z"
"naver-card-10369-balanced_70","naver-card-10369","balanced_70","균형 70만원","700000","naver-card-10369-tier-1-0","19325.7","1250","18075.7","2.5822","20000","19325.7","calculable","2026-06-11T11:14:42.801Z"
"naver-card-10369-balanced_100","naver-card-10369","balanced_100","균형 100만원","1000000","naver-card-10369-tier-1-0","20000","1250","18750","1.875","20000","20000","calculable","2026-06-11T11:14:42.801Z"
"naver-card-10369-balanced_120","naver-card-10369","balanced_120","균형 120만원","1200000","naver-card-10369-tier-1-0","20000","1250","18750","1.5625","20000","20000","calculable","2026-06-11T11:14:42.801Z"
"naver-card-10325-balanced_30","naver-card-10325","balanced_30","균형 30만원","300000","","0","1666.6666666666667","0","0","0","0","partial","2026-06-11T11:14:42.801Z"
"naver-card-10325-balanced_50","naver-card-10325","balanced_50","균형 50만원","500000","naver-card-10325-tier-1-500000","6657.2699999999995","1666.6666666666667","4990.603333333333","0.9981","32000","6657.2699999999995","calculable","2026-06-11T11:14:42.801Z"
"naver-card-10325-balanced_70","naver-card-10325","balanced_70","균형 70만원","700000","naver-card-10325-tier-1-500000","9320.19","1666.6666666666667","7653.5233333333335","1.0934","32000","9320.19","calculable","2026-06-11T11:14:42.801Z"
"naver-card-10325-balanced_100","naver-card-10325","balanced_100","균형 100만원","1000000","naver-card-10325-tier-1-500000","13314.569999999998","1666.6666666666667","11647.903333333332","1.1648","32000","13314.569999999998","calculable","2026-06-11T11:14:42.801Z"
"naver-card-10325-balanced_120","naver-card-10325","balanced_120","균형 120만원","1200000","naver-card-10325-tier-1-500000","15977.55","1666.6666666666667","14310.883333333333","1.1926","32000","15977.55","calculable","2026-06-11T11:14:42.801Z"
"naver-card-10545-balanced_30","naver-card-10545","balanced_30","균형 30만원","300000","","0","20583.333333333332","0","0","0","0","partial","2026-06-11T11:14:42.801Z"
"naver-card-10545-balanced_50","naver-card-10545","balanced_50","균형 50만원","500000","naver-card-10545-tier-1-500000","926.95","20583.333333333332","0","0","16000","926.95","calculable","2026-06-11T11:14:42.801Z"
"naver-card-10545-balanced_70","naver-card-10545","balanced_70","균형 70만원","700000","naver-card-10545-tier-1-500000","1297.74","20583.333333333332","0","0","16000","1297.74","calculable","2026-06-11T11:14:42.801Z"
"naver-card-10545-balanced_100","naver-card-10545","balanced_100","균형 100만원","1000000","naver-card-10545-tier-1-500000","1853.91","20583.333333333332","0","0","16000","1853.91","calculable","2026-06-11T11:14:42.801Z"
"naver-card-10545-balanced_120","naver-card-10545","balanced_120","균형 120만원","1200000","naver-card-10545-tier-1-500000","2224.73","20583.333333333332","0","0","16000","2224.73","calculable","2026-06-11T11:14:42.801Z"
"naver-card-1597-balanced_30","naver-card-1597","balanced_30","균형 30만원","300000","naver-card-1597-tier-1-300000","2224.71","833.3333333333334","1391.3766666666666","0.4638","9999","2224.71","calculable","2026-06-11T11:14:42.801Z"
"naver-card-1597-balanced_50","naver-card-1597","balanced_50","균형 50만원","500000","naver-card-1597-tier-1-300000","3707.88","833.3333333333334","2874.5466666666666","0.5749","9999","3707.88","calculable","2026-06-11T11:14:42.801Z"
"naver-card-1597-balanced_70","naver-card-1597","balanced_70","균형 70만원","700000","naver-card-1597-tier-1-300000","5191.02","833.3333333333334","4357.686666666667","0.6225","9999","5191.02","calculable","2026-06-11T11:14:42.801Z"
"naver-card-1597-balanced_100","naver-card-1597","balanced_100","균형 100만원","1000000","naver-card-1597-tier-1-300000","7415.76","833.3333333333334","6582.426666666667","0.6582","9999","7415.76","calculable","2026-06-11T11:14:42.801Z"
"naver-card-1597-balanced_120","naver-card-1597","balanced_120","균형 120만원","1200000","naver-card-1597-tier-1-300000","8591.43","833.3333333333334","7758.096666666667","0.6465","9999","8591.43","calculable","2026-06-11T11:14:42.801Z"
"naver-card-10563-balanced_30","naver-card-10563","balanced_30","균형 30만원","300000","","0","2500","0","0","0","0","partial","2026-06-11T11:14:42.801Z"
"naver-card-10563-balanced_50","naver-card-10563","balanced_50","균형 50만원","500000","","0","2500","0","0","0","0","partial","2026-06-11T11:14:42.801Z"
"naver-card-10563-balanced_70","naver-card-10563","balanced_70","균형 70만원","700000","","0","2500","0","0","0","0","partial","2026-06-11T11:14:42.801Z"
"naver-card-10563-balanced_100","naver-card-10563","balanced_100","균형 100만원","1000000","naver-card-10563-tier-1-1000000","20505.55","2500","18005.55","1.8006","48000","20505.55","calculable","2026-06-11T11:14:42.801Z"
"naver-card-10563-balanced_120","naver-card-10563","balanced_120","균형 120만원","1200000","naver-card-10563-tier-1-1000000","24606.8","2500","22106.8","1.8422","48000","24606.8","calculable","2026-06-11T11:14:42.801Z"
"naver-card-10634-balanced_30","naver-card-10634","balanced_30","균형 30만원","300000","naver-card-10634-tier-1-300000","14831.5","1666.6666666666667","13164.833333333334","4.3883","20000","14831.5","calculable","2026-06-11T11:14:42.801Z"
"naver-card-10634-balanced_50","naver-card-10634","balanced_50","균형 50만원","500000","naver-card-10634-tier-1-300000","20000","1666.6666666666667","18333.333333333332","3.6667","20000","22865.2","calculable","2026-06-11T11:14:42.801Z"
"naver-card-10634-balanced_70","naver-card-10634","balanced_70","균형 70만원","700000","naver-card-10634-tier-1-300000","20000","1666.6666666666667","18333.333333333332","2.619","20000","24719.1","calculable","2026-06-11T11:14:42.801Z"
"naver-card-10634-balanced_100","naver-card-10634","balanced_100","균형 100만원","1000000","naver-card-10634-tier-1-300000","20000","1666.6666666666667","18333.333333333332","1.8333","20000","25000","calculable","2026-06-11T11:14:42.801Z"
"naver-card-10634-balanced_120","naver-card-10634","balanced_120","균형 120만원","1200000","naver-card-10634-tier-1-300000","20000","1666.6666666666667","18333.333333333332","1.5278","20000","25000","calculable","2026-06-11T11:14:42.801Z"
"naver-card-10576-balanced_30","naver-card-10576","balanced_30","균형 30만원","300000","naver-card-10576-tier-1-0","556.1999999999999","0","556.1999999999999","0.1854","10000","556.1999999999999","calculable","2026-06-11T11:14:42.801Z"
"naver-card-10576-balanced_50","naver-card-10576","balanced_50","균형 50만원","500000","naver-card-10576-tier-1-0","926.91","0","926.91","0.1854","10000","926.91","calculable","2026-06-11T11:14:42.801Z"
"naver-card-10576-balanced_70","naver-card-10576","balanced_70","균형 70만원","700000","naver-card-10576-tier-1-0","1297.71","0","1297.71","0.1854","10000","1297.71","calculable","2026-06-11T11:14:42.801Z"
"naver-card-10576-balanced_100","naver-card-10576","balanced_100","균형 100만원","1000000","naver-card-10576-tier-1-0","1853.85","0","1853.85","0.1854","10000","1853.85","calculable","2026-06-11T11:14:42.801Z"
"naver-card-10576-balanced_120","naver-card-10576","balanced_120","균형 120만원","1200000","naver-card-10576-tier-1-0","2224.74","0","2224.74","0.1854","10000","2224.74","calculable","2026-06-11T11:14:42.801Z"
"naver-card-10549-balanced_30","naver-card-10549","balanced_30","균형 30만원","300000","","0","2500","0","0","0","0","partial","2026-06-11T11:14:42.801Z"
"naver-card-10549-balanced_50","naver-card-10549","balanced_50","균형 50만원","500000","naver-card-10549-tier-1-500000","632.015","2500","0","0","24000","632.015","calculable","2026-06-11T11:14:42.801Z"
"naver-card-10549-balanced_70","naver-card-10549","balanced_70","균형 70만원","700000","naver-card-10549-tier-1-500000","884.825","2500","0","0","24000","884.825","calculable","2026-06-11T11:14:42.801Z"
"naver-card-10549-balanced_100","naver-card-10549","balanced_100","균형 100만원","1000000","naver-card-10549-tier-1-500000","1264.035","2500","0","0","24000","1264.035","calculable","2026-06-11T11:14:42.801Z"
"naver-card-10549-balanced_120","naver-card-10549","balanced_120","균형 120만원","1200000","naver-card-10549-tier-1-500000","1516.8600000000001","2500","0","0","24000","1516.8600000000001","calculable","2026-06-11T11:14:42.801Z"
"naver-card-10306-balanced_30","naver-card-10306","balanced_30","균형 30만원","300000","naver-card-10306-tier-1-0","1820.24","25000","0","0","20000","1820.24","calculable","2026-06-11T11:14:42.801Z"
"naver-card-10306-balanced_50","naver-card-10306","balanced_50","균형 50만원","500000","naver-card-10306-tier-1-0","3033.6800000000003","25000","0","0","20000","3033.6800000000003","calculable","2026-06-11T11:14:42.801Z"
"naver-card-10306-balanced_70","naver-card-10306","balanced_70","균형 70만원","700000","naver-card-10306-tier-1-0","4247.18","25000","0","0","20000","4247.18","calculable","2026-06-11T11:14:42.801Z"
"naver-card-10306-balanced_100","naver-card-10306","balanced_100","균형 100만원","1000000","naver-card-10306-tier-1-0","6067.38","25000","0","0","20000","6067.38","calculable","2026-06-11T11:14:42.801Z"
"naver-card-10306-balanced_120","naver-card-10306","balanced_120","균형 120만원","1200000","naver-card-10306-tier-1-0","7280.92","25000","0","0","20000","7280.92","calculable","2026-06-11T11:14:42.801Z"
"naver-card-10294-balanced_30","naver-card-10294","balanced_30","균형 30만원","300000","","0","20583.333333333332","0","0","0","0","partial","2026-06-11T11:14:42.801Z"
"naver-card-10294-balanced_50","naver-card-10294","balanced_50","균형 50만원","500000","naver-card-10294-tier-1-500000","926.95","20583.333333333332","0","0","24000","926.95","calculable","2026-06-11T11:14:42.801Z"
"naver-card-10294-balanced_70","naver-card-10294","balanced_70","균형 70만원","700000","naver-card-10294-tier-1-500000","1297.74","20583.333333333332","0","0","24000","1297.74","calculable","2026-06-11T11:14:42.801Z"
"naver-card-10294-balanced_100","naver-card-10294","balanced_100","균형 100만원","1000000","naver-card-10294-tier-1-500000","1853.91","20583.333333333332","0","0","24000","1853.91","calculable","2026-06-11T11:14:42.801Z"
"naver-card-10294-balanced_120","naver-card-10294","balanced_120","균형 120만원","1200000","naver-card-10294-tier-1-500000","2224.73","20583.333333333332","0","0","24000","2224.73","calculable","2026-06-11T11:14:42.801Z"
"naver-card-10527-balanced_30","naver-card-10527","balanced_30","균형 30만원","300000","","0","1416.6666666666667","0","0","0","0","partial","2026-06-11T11:14:42.801Z"
"naver-card-10527-balanced_50","naver-card-10527","balanced_50","균형 50만원","500000","naver-card-10527-tier-1-400000","20000","1416.6666666666667","18583.333333333332","3.7167","20000","20393.100000000002","calculable","2026-06-11T11:14:42.801Z"
"naver-card-10527-balanced_70","naver-card-10527","balanced_70","균형 70만원","700000","naver-card-10527-tier-1-400000","20000","1416.6666666666667","18583.333333333332","2.6548","20000","23258.3","calculable","2026-06-11T11:14:42.801Z"
"naver-card-10527-balanced_100","naver-card-10527","balanced_100","균형 100만원","1000000","naver-card-10527-tier-1-400000","20000","1416.6666666666667","18583.333333333332","1.8583","20000","25000","calculable","2026-06-11T11:14:42.801Z"
"naver-card-10527-balanced_120","naver-card-10527","balanced_120","균형 120만원","1200000","naver-card-10527-tier-1-400000","20000","1416.6666666666667","18583.333333333332","1.5486","20000","25000","calculable","2026-06-11T11:14:42.801Z"
"naver-card-10513-balanced_30","naver-card-10513","balanced_30","균형 30만원","300000","","0","1833.3333333333333","0","0","0","0","partial","2026-06-11T11:14:42.801Z"
"naver-card-10513-balanced_50","naver-card-10513","balanced_50","균형 50만원","500000","naver-card-10513-tier-1-400000","983.13","1833.3333333333333","0","0","15000","983.13","calculable","2026-06-11T11:14:42.801Z"
"naver-card-10513-balanced_70","naver-card-10513","balanced_70","균형 70만원","700000","naver-card-10513-tier-1-400000","1376.39","1833.3333333333333","0","0","15000","1376.39","calculable","2026-06-11T11:14:42.801Z"
"naver-card-10513-balanced_100","naver-card-10513","balanced_100","균형 100만원","1000000","naver-card-10513-tier-1-400000","1966.27","1833.3333333333333","132.93666666666672","0.0133","15000","1966.27","calculable","2026-06-11T11:14:42.801Z"
"naver-card-10513-balanced_120","naver-card-10513","balanced_120","균형 120만원","1200000","naver-card-10513-tier-1-400000","2359.56","1833.3333333333333","526.2266666666667","0.0439","15000","2359.56","calculable","2026-06-11T11:14:42.801Z"
"naver-card-10578-balanced_30","naver-card-10578","balanced_30","균형 30만원","300000","naver-card-10578-tier-1-0","92.7","0","92.7","0.0309","10000","92.7","calculable","2026-06-11T11:14:42.801Z"
"naver-card-10578-balanced_50","naver-card-10578","balanced_50","균형 50만원","500000","naver-card-10578-tier-1-0","154.485","0","154.485","0.0309","10000","154.485","calculable","2026-06-11T11:14:42.801Z"
"naver-card-10578-balanced_70","naver-card-10578","balanced_70","균형 70만원","700000","naver-card-10578-tier-1-0","216.285","0","216.285","0.0309","10000","216.285","calculable","2026-06-11T11:14:42.801Z"
"naver-card-10578-balanced_100","naver-card-10578","balanced_100","균형 100만원","1000000","naver-card-10578-tier-1-0","308.975","0","308.975","0.0309","10000","308.975","calculable","2026-06-11T11:14:42.801Z"
"naver-card-10578-balanced_120","naver-card-10578","balanced_120","균형 120만원","1200000","naver-card-10578-tier-1-0","370.79","0","370.79","0.0309","10000","370.79","calculable","2026-06-11T11:14:42.801Z"
"naver-card-1773-balanced_30","naver-card-1773","balanced_30","균형 30만원","300000","","0","1000","0","0","0","0","partial","2026-06-11T11:14:42.801Z"
"naver-card-1773-balanced_50","naver-card-1773","balanced_50","균형 50만원","500000","naver-card-1773-tier-1-500000","11376.35","1000","10376.35","2.0753","32000","11376.35","calculable","2026-06-11T11:14:42.801Z"
"naver-card-1773-balanced_70","naver-card-1773","balanced_70","균형 70만원","700000","naver-card-1773-tier-1-500000","15926.900000000001","1000","14926.900000000001","2.1324","32000","15926.900000000001","calculable","2026-06-11T11:14:42.801Z"
"naver-card-1773-balanced_100","naver-card-1773","balanced_100","균형 100만원","1000000","naver-card-1773-tier-1-500000","22752.75","1000","21752.75","2.1753","32000","22752.75","calculable","2026-06-11T11:14:42.801Z"
"naver-card-1773-balanced_120","naver-card-1773","balanced_120","균형 120만원","1200000","naver-card-1773-tier-1-500000","27303.4","1000","26303.4","2.192","32000","27303.4","calculable","2026-06-11T11:14:42.801Z"
"naver-card-10305-balanced_30","naver-card-10305","balanced_30","균형 30만원","300000","naver-card-10305-tier-1-0","5730.400000000001","10416.666666666666","0","0","20000","5730.400000000001","calculable","2026-06-11T11:14:42.801Z"
"naver-card-10305-balanced_50","naver-card-10305","balanced_50","균형 50만원","500000","naver-card-10305-tier-1-0","9550.5","10416.666666666666","0","0","20000","9550.5","calculable","2026-06-11T11:14:42.801Z"
"naver-card-10305-balanced_70","naver-card-10305","balanced_70","균형 70만원","700000","naver-card-10305-tier-1-0","13370.750000000002","10416.666666666666","2954.0833333333358","0.422","20000","13370.750000000002","calculable","2026-06-11T11:14:42.801Z"
"naver-card-10305-balanced_100","naver-card-10305","balanced_100","균형 100만원","1000000","naver-card-10305-tier-1-0","17865.05","10416.666666666666","7448.383333333333","0.7448","20000","17865.05","calculable","2026-06-11T11:14:42.801Z"
"naver-card-10305-balanced_120","naver-card-10305","balanced_120","균형 120만원","1200000","naver-card-10305-tier-1-0","19438.25","10416.666666666666","9021.583333333334","0.7518","20000","19438.25","calculable","2026-06-11T11:14:42.801Z"
"naver-card-10567-balanced_30","naver-card-10567","balanced_30","균형 30만원","300000","naver-card-10567-tier-1-300000","547.76","16833.333333333332","0","0","20000","547.76","calculable","2026-06-11T11:14:42.801Z"
"naver-card-10567-balanced_50","naver-card-10567","balanced_50","균형 50만원","500000","naver-card-10567-tier-1-300000","912.915","16833.333333333332","0","0","20000","912.915","calculable","2026-06-11T11:14:42.801Z"
"naver-card-10567-balanced_70","naver-card-10567","balanced_70","균형 70만원","700000","naver-card-10567-tier-1-300000","1278.085","16833.333333333332","0","0","20000","1278.085","calculable","2026-06-11T11:14:42.801Z"
"naver-card-10567-balanced_100","naver-card-10567","balanced_100","균형 100만원","1000000","naver-card-10567-tier-1-300000","1825.835","16833.333333333332","0","0","20000","1825.835","calculable","2026-06-11T11:14:42.801Z"
"naver-card-10567-balanced_120","naver-card-10567","balanced_120","균형 120만원","1200000","naver-card-10567-tier-1-300000","2191.015","16833.333333333332","0","0","20000","2191.015","calculable","2026-06-11T11:14:42.801Z"
"naver-card-10555-balanced_30","naver-card-10555","balanced_30","균형 30만원","300000","","0","24750","0","0","0","0","partial","2026-06-11T11:14:42.801Z"
"naver-card-10555-balanced_50","naver-card-10555","balanced_50","균형 50만원","500000","naver-card-10555-tier-1-500000","1938.1900000000003","24750","0","0","32000","1938.1900000000003","calculable","2026-06-11T11:14:42.801Z"
"naver-card-10555-balanced_70","naver-card-10555","balanced_70","균형 70만원","700000","naver-card-10555-tier-1-500000","2713.4700000000003","24750","0","0","32000","2713.4700000000003","calculable","2026-06-11T11:14:42.801Z"
"naver-card-10555-balanced_100","naver-card-10555","balanced_100","균형 100만원","1000000","naver-card-10555-tier-1-500000","3876.3900000000003","24750","0","0","32000","3876.3900000000003","calculable","2026-06-11T11:14:42.801Z"
"naver-card-10555-balanced_120","naver-card-10555","balanced_120","균형 120만원","1200000","naver-card-10555-tier-1-500000","4651.6900000000005","24750","0","0","32000","4651.6900000000005","calculable","2026-06-11T11:14:42.801Z"
"naver-card-10277-balanced_30","naver-card-10277","balanced_30","균형 30만원","300000","naver-card-10277-tier-1-0","1264.05","8333.333333333334","0","0","20000","1264.05","calculable","2026-06-11T11:14:42.801Z"
"naver-card-10277-balanced_50","naver-card-10277","balanced_50","균형 50만원","500000","naver-card-10277-tier-1-0","2106.73","8333.333333333334","0","0","20000","2106.73","calculable","2026-06-11T11:14:42.801Z"
"naver-card-10277-balanced_70","naver-card-10277","balanced_70","균형 70만원","700000","naver-card-10277-tier-1-0","2949.4300000000003","8333.333333333334","0","0","20000","2949.4300000000003","calculable","2026-06-11T11:14:42.801Z"
"naver-card-10277-balanced_100","naver-card-10277","balanced_100","균형 100만원","1000000","naver-card-10277-tier-1-0","4213.47","8333.333333333334","0","0","20000","4213.47","calculable","2026-06-11T11:14:42.801Z"
"naver-card-10277-balanced_120","naver-card-10277","balanced_120","균형 120만원","1200000","naver-card-10277-tier-1-0","5056.18","8333.333333333334","0","0","20000","5056.18","calculable","2026-06-11T11:14:42.801Z"
"naver-card-10505-balanced_30","naver-card-10505","balanced_30","균형 30만원","300000","","0","1583.3333333333333","0","0","0","0","partial","2026-06-11T11:14:42.801Z"
"naver-card-10505-balanced_50","naver-card-10505","balanced_50","균형 50만원","500000","naver-card-10505-tier-1-400000","6179.8","1583.3333333333333","4596.466666666667","0.9193","19000","6179.8","calculable","2026-06-11T11:14:42.801Z"
"naver-card-10505-balanced_70","naver-card-10505","balanced_70","균형 70만원","700000","naver-card-10505-tier-1-400000","8651.7","1583.3333333333333","7068.366666666668","1.0098","19000","8651.7","calculable","2026-06-11T11:14:42.801Z"
"naver-card-10505-balanced_100","naver-card-10505","balanced_100","균형 100만원","1000000","naver-card-10505-tier-1-400000","12359.6","1583.3333333333333","10776.266666666666","1.0776","19000","12359.6","calculable","2026-06-11T11:14:42.801Z"
"naver-card-10505-balanced_120","naver-card-10505","balanced_120","균형 120만원","1200000","naver-card-10505-tier-1-400000","14831.5","1583.3333333333333","13248.166666666666","1.104","19000","14831.5","calculable","2026-06-11T11:14:42.801Z"
"naver-card-10577-balanced_30","naver-card-10577","balanced_30","균형 30만원","300000","naver-card-10577-tier-1-300000","932.0289999999999","1666.6666666666667","0","0","20000","932.0289999999999","calculable","2026-06-11T11:14:42.801Z"
"naver-card-10577-balanced_50","naver-card-10577","balanced_50","균형 50만원","500000","naver-card-10577-tier-1-300000","1553.3629999999996","1666.6666666666667","0","0","20000","1553.3629999999996","calculable","2026-06-11T11:14:42.801Z"
"naver-card-10577-balanced_70","naver-card-10577","balanced_70","균형 70만원","700000","naver-card-10577-tier-1-300000","2174.711","1666.6666666666667","508.04433333333304","0.0726","20000","2174.711","calculable","2026-06-11T11:14:42.801Z"
"naver-card-10577-balanced_100","naver-card-10577","balanced_100","균형 100만원","1000000","naver-card-10577-tier-1-300000","3106.7329999999993","1666.6666666666667","1440.0663333333325","0.144","20000","3106.7329999999993","calculable","2026-06-11T11:14:42.801Z"
"naver-card-10577-balanced_120","naver-card-10577","balanced_120","균형 120만원","1200000","naver-card-10577-tier-1-300000","3728.0949999999993","1666.6666666666667","2061.4283333333324","0.1718","20000","3728.0949999999993","calculable","2026-06-11T11:14:42.801Z"
"naver-card-10241-balanced_30","naver-card-10241","balanced_30","균형 30만원","300000","","0","1000","0","0","0","0","partial","2026-06-11T11:14:42.801Z"
"naver-card-10241-balanced_50","naver-card-10241","balanced_50","균형 50만원","500000","naver-card-10241-tier-1-400000","1050.566","1000","50.56600000000003","0.0101","2000","1050.566","calculable","2026-06-11T11:14:42.801Z"
"naver-card-10241-balanced_70","naver-card-10241","balanced_70","균형 70만원","700000","naver-card-10241-tier-1-400000","1470.7890000000002","1000","470.7890000000002","0.0673","2000","1470.7890000000002","calculable","2026-06-11T11:14:42.801Z"
"naver-card-10241-balanced_100","naver-card-10241","balanced_100","균형 100만원","1000000","naver-card-10241-tier-1-400000","2000","1000","1000","0.1","2000","2000","calculable","2026-06-11T11:14:42.801Z"
"naver-card-10241-balanced_120","naver-card-10241","balanced_120","균형 120만원","1200000","naver-card-10241-tier-1-400000","2000","1000","1000","0.0833","2000","2000","calculable","2026-06-11T11:14:42.801Z"
"naver-card-10438-balanced_30","naver-card-10438","balanced_30","균형 30만원","300000","","0","0","0","0","0","0","partial","2026-06-11T11:14:42.801Z"
"naver-card-10438-balanced_50","naver-card-10438","balanced_50","균형 50만원","500000","","0","0","0","0","0","0","partial","2026-06-11T11:14:42.801Z"
"naver-card-10438-balanced_70","naver-card-10438","balanced_70","균형 70만원","700000","","0","0","0","0","0","0","partial","2026-06-11T11:14:42.801Z"
"naver-card-10438-balanced_100","naver-card-10438","balanced_100","균형 100만원","1000000","naver-card-10438-tier-1-1000000","6179.8","0","6179.8","0.618","12000","6179.8","calculable","2026-06-11T11:14:42.801Z"
"naver-card-10438-balanced_120","naver-card-10438","balanced_120","균형 120만원","1200000","naver-card-10438-tier-1-1000000","7415.75","0","7415.75","0.618","12000","7415.75","calculable","2026-06-11T11:14:42.801Z"
"naver-card-10029-balanced_30","naver-card-10029","balanced_30","균형 30만원","300000","","0","1666.6666666666667","0","0","0","0","partial","2026-06-11T11:14:42.801Z"
"naver-card-10029-balanced_50","naver-card-10029","balanced_50","균형 50만원","500000","","0","1666.6666666666667","0","0","0","0","partial","2026-06-11T11:14:42.801Z"
"naver-card-10029-balanced_70","naver-card-10029","balanced_70","균형 70만원","700000","","0","1666.6666666666667","0","0","0","0","partial","2026-06-11T11:14:42.801Z"
"naver-card-10029-balanced_100","naver-card-10029","balanced_100","균형 100만원","1000000","naver-card-10029-tier-1-750000","4550.55","1666.6666666666667","2883.883333333333","0.2884","32000","4550.55","calculable","2026-06-11T11:14:42.801Z"
"naver-card-10029-balanced_120","naver-card-10029","balanced_120","균형 120만원","1200000","naver-card-10029-tier-1-750000","5460.68","1666.6666666666667","3794.0133333333333","0.3162","32000","5460.68","calculable","2026-06-11T11:14:42.801Z"
"naver-card-10477-balanced_30","naver-card-10477","balanced_30","균형 30만원","300000","naver-card-10477-tier-1-300000","6825.900000000001","8750","0","0","20000","6825.900000000001","calculable","2026-06-11T11:14:42.801Z"
"naver-card-10477-balanced_50","naver-card-10477","balanced_50","균형 50만원","500000","naver-card-10477-tier-1-300000","11376.35","8750","2626.3500000000004","0.5253","20000","11376.35","calculable","2026-06-11T11:14:42.801Z"
"naver-card-10477-balanced_70","naver-card-10477","balanced_70","균형 70만원","700000","naver-card-10477-tier-1-300000","15926.900000000001","8750","7176.9000000000015","1.0253","20000","15926.900000000001","calculable","2026-06-11T11:14:42.801Z"
"naver-card-10477-balanced_100","naver-card-10477","balanced_100","균형 100만원","1000000","naver-card-10477-tier-1-300000","20000","8750","11250","1.125","20000","20954.95","calculable","2026-06-11T11:14:42.801Z"
"naver-card-10477-balanced_120","naver-card-10477","balanced_120","균형 120만원","1200000","naver-card-10477-tier-1-300000","20000","8750","11250","0.9375","20000","22752.850000000002","calculable","2026-06-11T11:14:42.801Z"
"naver-card-10211-balanced_30","naver-card-10211","balanced_30","균형 30만원","300000","naver-card-10211-tier-1-300000","809.01","1000","0","0","30000","809.01","calculable","2026-06-11T11:14:42.801Z"
"naver-card-10211-balanced_50","naver-card-10211","balanced_50","균형 50만원","500000","naver-card-10211-tier-1-300000","1348.26","1000","348.26","0.0697","30000","1348.26","calculable","2026-06-11T11:14:42.801Z"
"naver-card-10211-balanced_70","naver-card-10211","balanced_70","균형 70만원","700000","naver-card-10211-tier-1-300000","1887.6","1000","887.5999999999999","0.1268","30000","1887.6","calculable","2026-06-11T11:14:42.801Z"
"naver-card-10211-balanced_100","naver-card-10211","balanced_100","균형 100만원","1000000","naver-card-10211-tier-1-300000","2696.5499999999997","1000","1696.5499999999997","0.1697","30000","2696.5499999999997","calculable","2026-06-11T11:14:42.801Z"
"naver-card-10211-balanced_120","naver-card-10211","balanced_120","균형 120만원","1200000","naver-card-10211-tier-1-300000","3235.9799999999996","1000","2235.9799999999996","0.1863","30000","3235.9799999999996","calculable","2026-06-11T11:14:42.801Z"
"naver-card-10458-balanced_30","naver-card-10458","balanced_30","균형 30만원","300000","","0","2500","0","0","0","0","partial","2026-06-11T11:14:42.801Z"
"naver-card-10458-balanced_50","naver-card-10458","balanced_50","균형 50만원","500000","naver-card-10458-tier-1-500000","8988.8","2500","6488.799999999999","1.2978","32000","8988.8","calculable","2026-06-11T11:14:42.801Z"
"naver-card-10458-balanced_70","naver-card-10458","balanced_70","균형 70만원","700000","naver-card-10458-tier-1-500000","12584.300000000001","2500","10084.300000000001","1.4406","32000","12584.300000000001","calculable","2026-06-11T11:14:42.801Z"
"naver-card-10458-balanced_100","naver-card-10458","balanced_100","균형 100만원","1000000","naver-card-10458-tier-1-500000","17977.6","2500","15477.599999999999","1.5478","32000","17977.6","calculable","2026-06-11T11:14:42.801Z"
"naver-card-10458-balanced_120","naver-card-10458","balanced_120","균형 120만원","1200000","naver-card-10458-tier-1-500000","21573","2500","19073","1.5894","32000","21573","calculable","2026-06-11T11:14:42.801Z"
"naver-card-3258-balanced_30","naver-card-3258","balanced_30","균형 30만원","300000","","0","2250","0","0","0","0","partial","2026-06-11T11:14:42.801Z"
"naver-card-3258-balanced_50","naver-card-3258","balanced_50","균형 50만원","500000","naver-card-3258-tier-1-400000","1910.1000000000001","2250","0","0","20000","1910.1000000000001","calculable","2026-06-11T11:14:42.801Z"
"naver-card-3258-balanced_70","naver-card-3258","balanced_70","균형 70만원","700000","naver-card-3258-tier-1-400000","2674.15","2250","424.1500000000001","0.0606","20000","2674.15","calculable","2026-06-11T11:14:42.801Z"
"naver-card-3258-balanced_100","naver-card-3258","balanced_100","균형 100만원","1000000","naver-card-3258-tier-1-400000","3820.2100000000005","2250","1570.2100000000005","0.157","20000","3820.2100000000005","calculable","2026-06-11T11:14:42.801Z"
"naver-card-3258-balanced_120","naver-card-3258","balanced_120","균형 120만원","1200000","naver-card-3258-tier-1-400000","4584.280000000001","2250","2334.2800000000007","0.1945","20000","4584.280000000001","calculable","2026-06-11T11:14:42.801Z"
"naver-card-10404-balanced_30","naver-card-10404","balanced_30","균형 30만원","300000","","0","12500","0","0","0","0","partial","2026-06-11T11:14:42.801Z"
"naver-card-10404-balanced_50","naver-card-10404","balanced_50","균형 50만원","500000","naver-card-10404-tier-1-500000","9269.5","12500","0","0","16000","9269.5","calculable","2026-06-11T11:14:42.801Z"
"naver-card-10404-balanced_70","naver-card-10404","balanced_70","균형 70만원","700000","naver-card-10404-tier-1-500000","12325.7","12500","0","0","16000","12325.7","calculable","2026-06-11T11:14:42.801Z"
"naver-card-10404-balanced_100","naver-card-10404","balanced_100","균형 100만원","1000000","naver-card-10404-tier-1-500000","14179.5","12500","1679.5","0.1679","16000","14179.5","calculable","2026-06-11T11:14:42.801Z"
"naver-card-10404-balanced_120","naver-card-10404","balanced_120","균형 120만원","1200000","naver-card-10404-tier-1-500000","15415.8","12500","2915.7999999999993","0.243","16000","15415.8","calculable","2026-06-11T11:14:42.801Z"
"naver-card-4096-balanced_30","naver-card-4096","balanced_30","균형 30만원","300000","","0","8333.333333333334","0","0","0","0","partial","2026-06-11T11:14:42.801Z"
"naver-card-4096-balanced_50","naver-card-4096","balanced_50","균형 50만원","500000","naver-card-4096-tier-1-500000","22752.7","8333.333333333334","14419.366666666667","2.8839","32000","22752.7","calculable","2026-06-11T11:14:42.801Z"
"naver-card-4096-balanced_70","naver-card-4096","balanced_70","균형 70만원","700000","naver-card-4096-tier-1-500000","31202.1","8333.333333333334","22868.766666666663","3.267","32000","31202.1","calculable","2026-06-11T11:14:42.801Z"
"naver-card-4096-balanced_100","naver-card-4096","balanced_100","균형 100만원","1000000","naver-card-4096-tier-1-500000","32000","8333.333333333334","23666.666666666664","2.3667","32000","36921.1","calculable","2026-06-11T11:14:42.801Z"
"naver-card-4096-balanced_120","naver-card-4096","balanced_120","균형 120만원","1200000","naver-card-4096-tier-1-500000","32000","8333.333333333334","23666.666666666664","1.9722","32000","39415.8","calculable","2026-06-11T11:14:42.801Z"
"naver-card-10559-balanced_30","naver-card-10559","balanced_30","균형 30만원","300000","","0","9750","0","0","0","0","partial","2026-06-11T11:14:42.801Z"
"naver-card-10559-balanced_50","naver-card-10559","balanced_50","균형 50만원","500000","naver-card-10559-tier-1-400000","1994.3700000000001","9750","0","0","20000","1994.3700000000001","calculable","2026-06-11T11:14:42.801Z"
"naver-card-10559-balanced_70","naver-card-10559","balanced_70","균형 70만원","700000","naver-card-10559-tier-1-400000","2792.13","9750","0","0","20000","2792.13","calculable","2026-06-11T11:14:42.801Z"
"naver-card-10559-balanced_100","naver-card-10559","balanced_100","균형 100만원","1000000","naver-card-10559-tier-1-400000","3988.75","9750","0","0","20000","3988.75","calculable","2026-06-11T11:14:42.801Z"
"naver-card-10559-balanced_120","naver-card-10559","balanced_120","균형 120만원","1200000","naver-card-10559-tier-1-400000","4786.52","9750","0","0","20000","4786.52","calculable","2026-06-11T11:14:42.801Z"
"naver-card-10546-balanced_30","naver-card-10546","balanced_30","균형 30만원","300000","","0","2500","0","0","0","0","partial","2026-06-11T11:14:42.801Z"
"naver-card-10546-balanced_50","naver-card-10546","balanced_50","균형 50만원","500000","naver-card-10546-tier-1-500000","632.015","2500","0","0","24000","632.015","calculable","2026-06-11T11:14:42.801Z"
"naver-card-10546-balanced_70","naver-card-10546","balanced_70","균형 70만원","700000","naver-card-10546-tier-1-500000","884.825","2500","0","0","24000","884.825","calculable","2026-06-11T11:14:42.801Z"
"naver-card-10546-balanced_100","naver-card-10546","balanced_100","균형 100만원","1000000","naver-card-10546-tier-1-500000","1264.035","2500","0","0","24000","1264.035","calculable","2026-06-11T11:14:42.801Z"
"naver-card-10546-balanced_120","naver-card-10546","balanced_120","균형 120만원","1200000","naver-card-10546-tier-1-500000","1516.8600000000001","2500","0","0","24000","1516.8600000000001","calculable","2026-06-11T11:14:42.801Z"
"naver-card-10445-balanced_30","naver-card-10445","balanced_30","균형 30만원","300000","","0","2500","0","0","0","0","partial","2026-06-11T11:14:42.801Z"
"naver-card-10445-balanced_50","naver-card-10445","balanced_50","균형 50만원","500000","naver-card-10445-tier-1-500000","3089.9","2500","589.9000000000001","0.118","10000","3089.9","calculable","2026-06-11T11:14:42.801Z"
"naver-card-10445-balanced_70","naver-card-10445","balanced_70","균형 70만원","700000","naver-card-10445-tier-1-500000","4325.85","2500","1825.8500000000004","0.2608","10000","4325.85","calculable","2026-06-11T11:14:42.801Z"
"naver-card-10445-balanced_100","naver-card-10445","balanced_100","균형 100만원","1000000","naver-card-10445-tier-1-500000","6179.8","2500","3679.8","0.368","10000","6179.8","calculable","2026-06-11T11:14:42.801Z"
"naver-card-10445-balanced_120","naver-card-10445","balanced_120","균형 120만원","1200000","naver-card-10445-tier-1-500000","7415.75","2500","4915.75","0.4096","10000","7415.75","calculable","2026-06-11T11:14:42.801Z"
"naver-card-10630-balanced_30","naver-card-10630","balanced_30","균형 30만원","300000","naver-card-10630-tier-1-0","18.54","416.6666666666667","0","0","10000","18.54","calculable","2026-06-11T11:14:42.801Z"
"naver-card-10630-balanced_50","naver-card-10630","balanced_50","균형 50만원","500000","naver-card-10630-tier-1-0","30.897000000000002","416.6666666666667","0","0","10000","30.897000000000002","calculable","2026-06-11T11:14:42.801Z"
"naver-card-10630-balanced_70","naver-card-10630","balanced_70","균형 70만원","700000","naver-card-10630-tier-1-0","43.257","416.6666666666667","0","0","10000","43.257","calculable","2026-06-11T11:14:42.801Z"
"naver-card-10630-balanced_100","naver-card-10630","balanced_100","균형 100만원","1000000","naver-card-10630-tier-1-0","61.795","416.6666666666667","0","0","10000","61.795","calculable","2026-06-11T11:14:42.801Z"
"naver-card-10630-balanced_120","naver-card-10630","balanced_120","균형 120만원","1200000","naver-card-10630-tier-1-0","74.158","416.6666666666667","0","0","10000","74.158","calculable","2026-06-11T11:14:42.801Z"
"naver-card-10419-balanced_30","naver-card-10419","balanced_30","균형 30만원","300000","","0","1666.6666666666667","0","0","0","0","partial","2026-06-11T11:14:42.801Z"
"naver-card-10419-balanced_50","naver-card-10419","balanced_50","균형 50만원","500000","naver-card-10419-tier-1-400000","9269.5","1666.6666666666667","7602.833333333333","1.5206","15000","9269.5","calculable","2026-06-11T11:14:42.801Z"
"naver-card-10419-balanced_70","naver-card-10419","balanced_70","균형 70만원","700000","naver-card-10419-tier-1-400000","12977.4","1666.6666666666667","11310.733333333334","1.6158","15000","12977.4","calculable","2026-06-11T11:14:42.801Z"
"naver-card-10419-balanced_100","naver-card-10419","balanced_100","균형 100만원","1000000","naver-card-10419-tier-1-400000","15000","1666.6666666666667","13333.333333333334","1.3333","15000","15000","calculable","2026-06-11T11:14:42.801Z"
"naver-card-10419-balanced_120","naver-card-10419","balanced_120","균형 120만원","1200000","naver-card-10419-tier-1-400000","15000","1666.6666666666667","13333.333333333334","1.1111","15000","15000","calculable","2026-06-11T11:14:42.801Z"
"naver-card-10583-balanced_30","naver-card-10583","balanced_30","균형 30만원","300000","","0","1666.6666666666667","0","0","0","0","partial","2026-06-11T11:14:42.801Z"
"naver-card-10583-balanced_50","naver-card-10583","balanced_50","균형 50만원","500000","naver-card-10583-tier-1-400000","4325.860000000001","1666.6666666666667","2659.1933333333336","0.5318","10000","4325.860000000001","calculable","2026-06-11T11:14:42.801Z"
"naver-card-10583-balanced_70","naver-card-10583","balanced_70","균형 70만원","700000","naver-card-10583-tier-1-400000","6056.1900000000005","1666.6666666666667","4389.5233333333335","0.6271","10000","6056.1900000000005","calculable","2026-06-11T11:14:42.801Z"
"naver-card-10583-balanced_100","naver-card-10583","balanced_100","균형 100만원","1000000","naver-card-10583-tier-1-400000","8651.720000000001","1666.6666666666667","6985.053333333334","0.6985","10000","8651.720000000001","calculable","2026-06-11T11:14:42.801Z"
"naver-card-10583-balanced_120","naver-card-10583","balanced_120","균형 120만원","1200000","naver-card-10583-tier-1-400000","10000","1666.6666666666667","8333.333333333334","0.6944","10000","10000","calculable","2026-06-11T11:14:42.801Z"
"naver-card-10571-balanced_30","naver-card-10571","balanced_30","균형 30만원","300000","","0","16666.666666666668","0","0","0","0","partial","2026-06-11T11:14:42.801Z"
"naver-card-10571-balanced_50","naver-card-10571","balanced_50","균형 50만원","500000","","0","16666.666666666668","0","0","0","0","partial","2026-06-11T11:14:42.801Z"
"naver-card-10571-balanced_70","naver-card-10571","balanced_70","균형 70만원","700000","","0","16666.666666666668","0","0","0","0","partial","2026-06-11T11:14:42.801Z"
"naver-card-10571-balanced_100","naver-card-10571","balanced_100","균형 100만원","1000000","naver-card-10571-tier-1-1000000","18258.35","16666.666666666668","1591.6833333333307","0.1592","48000","18258.35","calculable","2026-06-11T11:14:42.801Z"
"naver-card-10571-balanced_120","naver-card-10571","balanced_120","균형 120만원","1200000","naver-card-10571-tier-1-1000000","21910.100000000002","16666.666666666668","5243.433333333334","0.437","48000","21910.100000000002","calculable","2026-06-11T11:14:42.801Z"
"naver-card-10543-balanced_30","naver-card-10543","balanced_30","균형 30만원","300000","naver-card-10543-tier-1-0","758.44","0","758.44","0.2528","15000","758.44","calculable","2026-06-11T11:14:42.801Z"
"naver-card-10543-balanced_50","naver-card-10543","balanced_50","균형 50만원","500000","naver-card-10543-tier-1-0","1264.03","0","1264.03","0.2528","15000","1264.03","calculable","2026-06-11T11:14:42.801Z"
"naver-card-10543-balanced_70","naver-card-10543","balanced_70","균형 70만원","700000","naver-card-10543-tier-1-0","1769.65","0","1769.65","0.2528","15000","1769.65","calculable","2026-06-11T11:14:42.801Z"
"naver-card-10543-balanced_100","naver-card-10543","balanced_100","균형 100만원","1000000","naver-card-10543-tier-1-0","2528.07","0","2528.07","0.2528","15000","2528.07","calculable","2026-06-11T11:14:42.801Z"
"naver-card-10543-balanced_120","naver-card-10543","balanced_120","균형 120만원","1200000","naver-card-10543-tier-1-0","3033.7200000000003","0","3033.7200000000003","0.2528","15000","3033.7200000000003","calculable","2026-06-11T11:14:42.801Z"
"naver-card-10632-balanced_30","naver-card-10632","balanced_30","균형 30만원","300000","naver-card-10632-tier-1-0","185.4","1250","0","0","10000","185.4","calculable","2026-06-11T11:14:42.801Z"
"naver-card-10632-balanced_50","naver-card-10632","balanced_50","균형 50만원","500000","naver-card-10632-tier-1-0","308.97","1250","0","0","10000","308.97","calculable","2026-06-11T11:14:42.801Z"
"naver-card-10632-balanced_70","naver-card-10632","balanced_70","균형 70만원","700000","naver-card-10632-tier-1-0","432.57","1250","0","0","10000","432.57","calculable","2026-06-11T11:14:42.801Z"
"naver-card-10632-balanced_100","naver-card-10632","balanced_100","균형 100만원","1000000","naver-card-10632-tier-1-0","617.95","1250","0","0","10000","617.95","calculable","2026-06-11T11:14:42.801Z"
"naver-card-10632-balanced_120","naver-card-10632","balanced_120","균형 120만원","1200000","naver-card-10632-tier-1-0","741.58","1250","0","0","10000","741.58","calculable","2026-06-11T11:14:42.801Z"
"naver-card-10495-balanced_30","naver-card-10495","balanced_30","균형 30만원","300000","naver-card-10495-tier-1-0","5730.4","833.3333333333334","4897.066666666667","1.6324","10000","5730.4","calculable","2026-06-11T11:14:42.801Z"
"naver-card-10495-balanced_50","naver-card-10495","balanced_50","균형 50만원","500000","naver-card-10495-tier-1-0","8370.8","833.3333333333334","7537.466666666666","1.5075","10000","8370.8","calculable","2026-06-11T11:14:42.801Z"
"naver-card-10495-balanced_70","naver-card-10495","balanced_70","균형 70만원","700000","naver-card-10495-tier-1-0","9719.1","833.3333333333334","8885.766666666666","1.2694","10000","9719.1","calculable","2026-06-11T11:14:42.801Z"
"naver-card-10495-balanced_100","naver-card-10495","balanced_100","균형 100만원","1000000","naver-card-10495-tier-1-0","10000","833.3333333333334","9166.666666666666","0.9167","10000","10000","calculable","2026-06-11T11:14:42.801Z"
"naver-card-10495-balanced_120","naver-card-10495","balanced_120","균형 120만원","1200000","naver-card-10495-tier-1-0","10000","833.3333333333334","9166.666666666666","0.7639","10000","10000","calculable","2026-06-11T11:14:42.801Z"
"naver-card-10629-balanced_30","naver-card-10629","balanced_30","균형 30만원","300000","naver-card-10629-tier-1-0","92.7","0","92.7","0.0309","10000","92.7","calculable","2026-06-11T11:14:42.801Z"
"naver-card-10629-balanced_50","naver-card-10629","balanced_50","균형 50만원","500000","naver-card-10629-tier-1-0","154.485","0","154.485","0.0309","10000","154.485","calculable","2026-06-11T11:14:42.801Z"
"naver-card-10629-balanced_70","naver-card-10629","balanced_70","균형 70만원","700000","naver-card-10629-tier-1-0","216.285","0","216.285","0.0309","10000","216.285","calculable","2026-06-11T11:14:42.801Z"
"naver-card-10629-balanced_100","naver-card-10629","balanced_100","균형 100만원","1000000","naver-card-10629-tier-1-0","308.975","0","308.975","0.0309","10000","308.975","calculable","2026-06-11T11:14:42.801Z"
"naver-card-10629-balanced_120","naver-card-10629","balanced_120","균형 120만원","1200000","naver-card-10629-tier-1-0","370.79","0","370.79","0.0309","10000","370.79","calculable","2026-06-11T11:14:42.801Z"
"naver-card-2414-balanced_30","naver-card-2414","balanced_30","균형 30만원","300000","naver-card-2414-tier-1-300000","6067.5","1083.3333333333333","4984.166666666667","1.6614","15000","6067.5","calculable","2026-06-11T11:14:42.801Z"
"naver-card-2414-balanced_50","naver-card-2414","balanced_50","균형 50만원","500000","naver-card-2414-tier-1-300000","9494.2","1083.3333333333333","8410.866666666667","1.6822","15000","9494.2","calculable","2026-06-11T11:14:42.801Z"
"naver-card-2414-balanced_70","naver-card-2414","balanced_70","균형 70만원","700000","naver-card-2414-tier-1-300000","11292","1083.3333333333333","10208.666666666666","1.4584","15000","11292","calculable","2026-06-11T11:14:42.801Z"
"naver-card-2414-balanced_100","naver-card-2414","balanced_100","균형 100만원","1000000","naver-card-2414-tier-1-300000","12809","1083.3333333333333","11725.666666666666","1.1726","15000","12809","calculable","2026-06-11T11:14:42.801Z"
"naver-card-2414-balanced_120","naver-card-2414","balanced_120","균형 120만원","1200000","naver-card-2414-tier-1-300000","13370.8","1083.3333333333333","12287.466666666665","1.024","15000","13370.8","calculable","2026-06-11T11:14:42.801Z"
"naver-card-10437-balanced_30","naver-card-10437","balanced_30","균형 30만원","300000","","0","0","0","0","0","0","partial","2026-06-11T11:14:42.801Z"
"naver-card-10437-balanced_50","naver-card-10437","balanced_50","균형 50만원","500000","","0","0","0","0","0","0","partial","2026-06-11T11:14:42.801Z"
"naver-card-10437-balanced_70","naver-card-10437","balanced_70","균형 70만원","700000","","0","0","0","0","0","0","partial","2026-06-11T11:14:42.801Z"
"naver-card-10437-balanced_100","naver-card-10437","balanced_100","균형 100만원","1000000","naver-card-10437-tier-1-1000000","6179.8","0","6179.8","0.618","12000","6179.8","calculable","2026-06-11T11:14:42.801Z"
"naver-card-10437-balanced_120","naver-card-10437","balanced_120","균형 120만원","1200000","naver-card-10437-tier-1-1000000","7415.75","0","7415.75","0.618","12000","7415.75","calculable","2026-06-11T11:14:42.801Z"
"naver-card-10539-balanced_30","naver-card-10539","balanced_30","균형 30만원","300000","naver-card-10539-tier-1-200000","556.1999999999999","1250","0","0","17000","556.1999999999999","calculable","2026-06-11T11:14:42.801Z"
"naver-card-10539-balanced_50","naver-card-10539","balanced_50","균형 50만원","500000","naver-card-10539-tier-1-200000","926.91","1250","0","0","17000","926.91","calculable","2026-06-11T11:14:42.801Z"
"naver-card-10539-balanced_70","naver-card-10539","balanced_70","균형 70만원","700000","naver-card-10539-tier-1-200000","1297.71","1250","47.710000000000036","0.0068","17000","1297.71","calculable","2026-06-11T11:14:42.801Z"
"naver-card-10539-balanced_100","naver-card-10539","balanced_100","균형 100만원","1000000","naver-card-10539-tier-1-200000","1853.85","1250","603.8499999999999","0.0604","17000","1853.85","calculable","2026-06-11T11:14:42.801Z"
"naver-card-10539-balanced_120","naver-card-10539","balanced_120","균형 120만원","1200000","naver-card-10539-tier-1-200000","2224.74","1250","974.7399999999998","0.0812","17000","2224.74","calculable","2026-06-11T11:14:42.801Z"
"naver-card-10631-balanced_30","naver-card-10631","balanced_30","균형 30만원","300000","naver-card-10631-tier-1-0","18.54","833.3333333333334","0","0","10000","18.54","calculable","2026-06-11T11:14:42.801Z"
"naver-card-10631-balanced_50","naver-card-10631","balanced_50","균형 50만원","500000","naver-card-10631-tier-1-0","30.897000000000002","833.3333333333334","0","0","10000","30.897000000000002","calculable","2026-06-11T11:14:42.801Z"
"naver-card-10631-balanced_70","naver-card-10631","balanced_70","균형 70만원","700000","naver-card-10631-tier-1-0","43.257","833.3333333333334","0","0","10000","43.257","calculable","2026-06-11T11:14:42.801Z"
"naver-card-10631-balanced_100","naver-card-10631","balanced_100","균형 100만원","1000000","naver-card-10631-tier-1-0","61.795","833.3333333333334","0","0","10000","61.795","calculable","2026-06-11T11:14:42.801Z"
"naver-card-10631-balanced_120","naver-card-10631","balanced_120","균형 120만원","1200000","naver-card-10631-tier-1-0","74.158","833.3333333333334","0","0","10000","74.158","calculable","2026-06-11T11:14:42.801Z"
"naver-card-10541-balanced_30","naver-card-10541","balanced_30","균형 30만원","300000","naver-card-10541-tier-1-0","77.53","0","77.53","0.0258","10000","77.53","calculable","2026-06-11T11:14:42.801Z"
"naver-card-10541-balanced_50","naver-card-10541","balanced_50","균형 50만원","500000","naver-card-10541-tier-1-0","129.21","0","129.21","0.0258","10000","129.21","calculable","2026-06-11T11:14:42.801Z"
"naver-card-10541-balanced_70","naver-card-10541","balanced_70","균형 70만원","700000","naver-card-10541-tier-1-0","180.89600000000002","0","180.89600000000002","0.0258","10000","180.89600000000002","calculable","2026-06-11T11:14:42.801Z"
"naver-card-10541-balanced_100","naver-card-10541","balanced_100","균형 100만원","1000000","naver-card-10541-tier-1-0","258.422","0","258.422","0.0258","10000","258.422","calculable","2026-06-11T11:14:42.801Z"
"naver-card-10541-balanced_120","naver-card-10541","balanced_120","균형 120만원","1200000","naver-card-10541-tier-1-0","310.11400000000003","0","310.11400000000003","0.0258","10000","310.11400000000003","calculable","2026-06-11T11:14:42.801Z"
"naver-card-10542-balanced_30","naver-card-10542","balanced_30","균형 30만원","300000","naver-card-10542-tier-1-0","77.53","0","77.53","0.0258","10000","77.53","calculable","2026-06-11T11:14:42.801Z"
"naver-card-10542-balanced_50","naver-card-10542","balanced_50","균형 50만원","500000","naver-card-10542-tier-1-0","129.21","0","129.21","0.0258","10000","129.21","calculable","2026-06-11T11:14:42.801Z"
"naver-card-10542-balanced_70","naver-card-10542","balanced_70","균형 70만원","700000","naver-card-10542-tier-1-0","180.89600000000002","0","180.89600000000002","0.0258","10000","180.89600000000002","calculable","2026-06-11T11:14:42.801Z"
"naver-card-10542-balanced_100","naver-card-10542","balanced_100","균형 100만원","1000000","naver-card-10542-tier-1-0","258.422","0","258.422","0.0258","10000","258.422","calculable","2026-06-11T11:14:42.801Z"
"naver-card-10542-balanced_120","naver-card-10542","balanced_120","균형 120만원","1200000","naver-card-10542-tier-1-0","310.11400000000003","0","310.11400000000003","0.0258","10000","310.11400000000003","calculable","2026-06-11T11:14:42.801Z"
"naver-card-10322-balanced_30","naver-card-10322","balanced_30","균형 30만원","300000","naver-card-10322-tier-1-0","215.728","0","215.728","0.0719","10000","215.728","calculable","2026-06-11T11:14:42.801Z"
"naver-card-10322-balanced_50","naver-card-10322","balanced_50","균형 50만원","500000","naver-card-10322-tier-1-0","359.552","0","359.552","0.0719","10000","359.552","calculable","2026-06-11T11:14:42.801Z"
"naver-card-10322-balanced_70","naver-card-10322","balanced_70","균형 70만원","700000","naver-card-10322-tier-1-0","503.368","0","503.368","0.0719","10000","503.368","calculable","2026-06-11T11:14:42.801Z"
"naver-card-10322-balanced_100","naver-card-10322","balanced_100","균형 100만원","1000000","naver-card-10322-tier-1-0","719.104","0","719.104","0.0719","10000","719.104","calculable","2026-06-11T11:14:42.801Z"
"naver-card-10322-balanced_120","naver-card-10322","balanced_120","균형 120만원","1200000","naver-card-10322-tier-1-0","862.9200000000001","0","862.9200000000001","0.0719","10000","862.9200000000001","calculable","2026-06-11T11:14:42.801Z"
"naver-card-10345-balanced_30","naver-card-10345","balanced_30","균형 30만원","300000","naver-card-10345-tier-1-300000","2022.5","0","2022.5","0.6742","10000","2022.5","calculable","2026-06-11T11:14:42.801Z"
"naver-card-10345-balanced_50","naver-card-10345","balanced_50","균형 50만원","500000","naver-card-10345-tier-1-300000","3370.8","0","3370.8","0.6742","10000","3370.8","calculable","2026-06-11T11:14:42.801Z"
"naver-card-10345-balanced_70","naver-card-10345","balanced_70","균형 70만원","700000","naver-card-10345-tier-1-300000","4719.1","0","4719.1","0.6742","10000","4719.1","calculable","2026-06-11T11:14:42.801Z"
"naver-card-10345-balanced_100","naver-card-10345","balanced_100","균형 100만원","1000000","naver-card-10345-tier-1-300000","6741.6","0","6741.6","0.6742","10000","6741.6","calculable","2026-06-11T11:14:42.801Z"
"naver-card-10345-balanced_120","naver-card-10345","balanced_120","균형 120만원","1200000","naver-card-10345-tier-1-300000","8089.900000000001","0","8089.900000000001","0.6742","10000","8089.900000000001","calculable","2026-06-11T11:14:42.801Z"
"naver-card-10387-balanced_30","naver-card-10387","balanced_30","균형 30만원","300000","","0","0","0","0","0","0","partial","2026-06-11T11:14:42.801Z"
"naver-card-10387-balanced_50","naver-card-10387","balanced_50","균형 50만원","500000","naver-card-10387-tier-1-500000","0","0","0","0","10000","0","calculable","2026-06-11T11:14:42.801Z"
"naver-card-10387-balanced_70","naver-card-10387","balanced_70","균형 70만원","700000","naver-card-10387-tier-1-500000","0","0","0","0","10000","0","calculable","2026-06-11T11:14:42.801Z"
"naver-card-10387-balanced_100","naver-card-10387","balanced_100","균형 100만원","1000000","naver-card-10387-tier-1-500000","0","0","0","0","10000","0","calculable","2026-06-11T11:14:42.801Z"
"naver-card-10387-balanced_120","naver-card-10387","balanced_120","균형 120만원","1200000","naver-card-10387-tier-1-500000","0","0","0","0","10000","0","calculable","2026-06-11T11:14:42.801Z"
