"card_id","source_card_id","card_name","issuer","card_type","status","review_status","summary","annual_fee","previous_spend","advertised_benefit","monthly_cap","last_verified_at","best_for","cautions","strengths","weaknesses","exported_at"
"naver-card-10304","10304","디지로카 London","롯데","credit","active","needs_review","실적·한도 없이 0.7% 캐시백","20000","0","실적·한도 없이 0.7% 캐시백","20000","2026-06-10","포인트/캐시백 | 렌탈 | 의료","네이버 카드 검색 원본을 기준으로 만든 임시 랭킹 데이터입니다. | 통합 할인한도, 실적 제외, 할인받은 매출의 실적 포함 여부는 공식 상품설명서로 추가 검증이 필요합니다.","포인트/캐시백, 렌탈, 의료 영역 혜택 정보가 수집되었습니다.","상세 한도와 제외 조건은 아직 검증 전입니다.","2026-06-11T11:14:42.801Z"
"naver-card-10623","10623","카드의정석2 SUPER","우리","credit","active","needs_review","국내외 가맹점 2% 청구 할인","30000","0","국내외 가맹점 2% 청구 할인","10000","2026-06-10","언제나할인 | 납부 혜택 | 프리미엄","네이버 카드 검색 원본을 기준으로 만든 임시 랭킹 데이터입니다. | 통합 할인한도, 실적 제외, 할인받은 매출의 실적 포함 여부는 공식 상품설명서로 추가 검증이 필요합니다.","언제나할인, 납부 혜택, 프리미엄 영역 혜택 정보가 수집되었습니다.","상세 한도와 제외 조건은 아직 검증 전입니다.","2026-06-11T11:14:42.801Z"
"naver-card-1530","1530","삼성카드 taptap O","삼성","credit","active","needs_review","커피30% 교통10% 쇼핑7% 할인","10000","300000","커피30% 교통10% 쇼핑7% 할인","20000","2026-06-10","영화 | 포인트/캐시백 | 카페/베이커리","네이버 카드 검색 원본을 기준으로 만든 임시 랭킹 데이터입니다. | 통합 할인한도, 실적 제외, 할인받은 매출의 실적 포함 여부는 공식 상품설명서로 추가 검증이 필요합니다.","영화, 포인트/캐시백, 카페/베이커리 영역 혜택 정보가 수집되었습니다.","상세 한도와 제외 조건은 아직 검증 전입니다.","2026-06-11T11:14:42.801Z"
"naver-card-10333","10333","DA카드의정석Ⅱ","우리","credit","active","needs_review","국내외 가맹점 1.3% 청구 할인","12000","300000","국내외 가맹점 1.3% 청구 할인","20000","2026-06-10","언제나할인 | 쇼핑 | 레저","네이버 카드 검색 원본을 기준으로 만든 임시 랭킹 데이터입니다. | 통합 할인한도, 실적 제외, 할인받은 매출의 실적 포함 여부는 공식 상품설명서로 추가 검증이 필요합니다.","언제나할인, 쇼핑, 레저 영역 혜택 정보가 수집되었습니다.","상세 한도와 제외 조건은 아직 검증 전입니다.","2026-06-11T11:14:42.801Z"
"naver-card-10105","10105","LOCA LIKIT 1.2","롯데","credit","active","needs_review","국내외 가맹점 1.2% 할인!","10000","0","국내외 가맹점 1.2% 할인!","20000","2026-06-10","언제나할인 | 카페/베이커리 | 쇼핑","네이버 카드 검색 원본을 기준으로 만든 임시 랭킹 데이터입니다. | 통합 할인한도, 실적 제외, 할인받은 매출의 실적 포함 여부는 공식 상품설명서로 추가 검증이 필요합니다.","언제나할인, 카페/베이커리, 쇼핑 영역 혜택 정보가 수집되었습니다.","상세 한도와 제외 조건은 아직 검증 전입니다.","2026-06-11T11:14:42.801Z"
"naver-card-10615","10615","LOCA LIKIT 1.5","롯데","credit","active","needs_review","조건·한도 없이 즐기는 0.8% 할인","10000","0","조건·한도 없이 즐기는 0.8% 할인","20000","2026-06-10","언제나할인 | 쇼핑 | 뷰티","네이버 카드 검색 원본을 기준으로 만든 임시 랭킹 데이터입니다. | 통합 할인한도, 실적 제외, 할인받은 매출의 실적 포함 여부는 공식 상품설명서로 추가 검증이 필요합니다.","언제나할인, 쇼핑, 뷰티 영역 혜택 정보가 수집되었습니다.","상세 한도와 제외 조건은 아직 검증 전입니다.","2026-06-11T11:14:42.801Z"
"naver-card-10375","10375","디지로카 Las Vegas","롯데","credit","active","needs_review","국내외 가맹점 최대 2% 할인!","20000","0","국내외 가맹점 최대 2% 할인!","20000","2026-06-10","언제나할인 | 렌탈 | 의료","네이버 카드 검색 원본을 기준으로 만든 임시 랭킹 데이터입니다. | 통합 할인한도, 실적 제외, 할인받은 매출의 실적 포함 여부는 공식 상품설명서로 추가 검증이 필요합니다.","언제나할인, 렌탈, 의료 영역 혜택 정보가 수집되었습니다.","상세 한도와 제외 조건은 아직 검증 전입니다.","2026-06-11T11:14:42.801Z"
"naver-card-10176","10176","LOCA 나누기 카드","롯데","credit","active","needs_review","수수료 없이 3개월, 6개월로 나누기","20000","0","수수료 없이 3개월, 6개월로 나누기","10000","2026-06-10","납부 혜택","네이버 카드 검색 원본을 기준으로 만든 임시 랭킹 데이터입니다. | 통합 할인한도, 실적 제외, 할인받은 매출의 실적 포함 여부는 공식 상품설명서로 추가 검증이 필요합니다.","납부 혜택 영역 혜택 정보가 수집되었습니다.","상세 한도와 제외 조건은 아직 검증 전입니다.","2026-06-11T11:14:42.801Z"
"naver-card-10141","10141","LOCA 365","롯데","credit","active","needs_review","관리비, 공과금 10% 할인!","20000","500000","관리비, 공과금 10% 할인!","32000","2026-06-10","관리비 | 통신 | 대중교통","네이버 카드 검색 원본을 기준으로 만든 임시 랭킹 데이터입니다. | 통합 할인한도, 실적 제외, 할인받은 매출의 실적 포함 여부는 공식 상품설명서로 추가 검증이 필요합니다.","관리비, 통신, 대중교통 영역 혜택 정보가 수집되었습니다.","상세 한도와 제외 조건은 아직 검증 전입니다.","2026-06-11T11:14:42.801Z"
"naver-card-10157","10157","삼성 iD SIMPLE 카드","삼성","credit","active","needs_review","전월실적할인한도없이0.7%·1%할인/","7000","0","전월실적할인한도없이0.7%·1%할인/","20000","2026-06-10","주유 | 간편결제 | 대형마트","네이버 카드 검색 원본을 기준으로 만든 임시 랭킹 데이터입니다. | 통합 할인한도, 실적 제외, 할인받은 매출의 실적 포함 여부는 공식 상품설명서로 추가 검증이 필요합니다.","주유, 간편결제, 대형마트 영역 혜택 정보가 수집되었습니다.","상세 한도와 제외 조건은 아직 검증 전입니다.","2026-06-11T11:14:42.801Z"
"naver-card-10307","10307","롯데카드 텔로 SE","롯데","credit","active","needs_review","SKT 통신비 최대 1만3천원 할인","25000","400000","SKT 통신비 최대 1만3천원 할인","10000","2026-06-10","통신 | 납부 혜택","네이버 카드 검색 원본을 기준으로 만든 임시 랭킹 데이터입니다. | 통합 할인한도, 실적 제외, 할인받은 매출의 실적 포함 여부는 공식 상품설명서로 추가 검증이 필요합니다.","통신, 납부 혜택 영역 혜택 정보가 수집되었습니다.","상세 한도와 제외 조건은 아직 검증 전입니다.","2026-06-11T11:14:42.801Z"
"naver-card-1531","1531","삼성카드 taptap S","삼성","credit","active","needs_review","전월실적/적립한도 없이 1% 적립","10000","0","전월실적/적립한도 없이 1% 적립","20000","2026-06-10","주유 | 포인트/캐시백 | 영화","네이버 카드 검색 원본을 기준으로 만든 임시 랭킹 데이터입니다. | 통합 할인한도, 실적 제외, 할인받은 매출의 실적 포함 여부는 공식 상품설명서로 추가 검증이 필요합니다.","주유, 포인트/캐시백, 영화 영역 혜택 정보가 수집되었습니다.","상세 한도와 제외 조건은 아직 검증 전입니다.","2026-06-11T11:14:42.801Z"
"naver-card-10309","10309","LG U+ X LOCA","롯데","credit","active","needs_review","LG U+ 통신비 최대 2만원 할인","20000","300000","LG U+ 통신비 최대 2만원 할인","10000","2026-06-10","통신","네이버 카드 검색 원본을 기준으로 만든 임시 랭킹 데이터입니다. | 통합 할인한도, 실적 제외, 할인받은 매출의 실적 포함 여부는 공식 상품설명서로 추가 검증이 필요합니다.","통신 영역 혜택 정보가 수집되었습니다.","상세 한도와 제외 조건은 아직 검증 전입니다.","2026-06-11T11:14:42.801Z"
"naver-card-10452","10452","롯데멤버스 카드","롯데","credit","active","needs_review","롯데멤버스 LPOINT 0.5% 적립","30000","200000","롯데멤버스 LPOINT 0.5% 적립","20000","2026-06-10","포인트/캐시백 | 카페/베이커리 | 쇼핑","네이버 카드 검색 원본을 기준으로 만든 임시 랭킹 데이터입니다. | 통합 할인한도, 실적 제외, 할인받은 매출의 실적 포함 여부는 공식 상품설명서로 추가 검증이 필요합니다.","포인트/캐시백, 카페/베이커리, 쇼핑 영역 혜택 정보가 수집되었습니다.","상세 한도와 제외 조건은 아직 검증 전입니다.","2026-06-11T11:14:42.801Z"
"naver-card-10522","10522","삼성 iD SELECT ALL 카드","삼성","credit","active","needs_review","아파트관리비 또는 교육 10% 할인,","20000","400000","아파트관리비 또는 교육 10% 할인,","20000","2026-06-10","주유 | 의료 | 쇼핑","네이버 카드 검색 원본을 기준으로 만든 임시 랭킹 데이터입니다. | 통합 할인한도, 실적 제외, 할인받은 매출의 실적 포함 여부는 공식 상품설명서로 추가 검증이 필요합니다.","주유, 의료, 쇼핑 영역 혜택 정보가 수집되었습니다.","상세 한도와 제외 조건은 아직 검증 전입니다.","2026-06-11T11:14:42.801Z"
"naver-card-10332","10332","KB국민 WE:SH Travel 카드","KB국민","credit","active","needs_review","연 2회 전세계 공항 라운지 무료이용","25000","300000","연 2회 전세계 공항 라운지 무료이용","20000","2026-06-10","금융 | 프리미엄 | 쇼핑","네이버 카드 검색 원본을 기준으로 만든 임시 랭킹 데이터입니다. | 통합 할인한도, 실적 제외, 할인받은 매출의 실적 포함 여부는 공식 상품설명서로 추가 검증이 필요합니다.","금융, 프리미엄, 쇼핑 영역 혜택 정보가 수집되었습니다.","상세 한도와 제외 조건은 아직 검증 전입니다.","2026-06-11T11:14:42.801Z"
"naver-card-10102","10102","삼성 iD ON 카드","삼성","credit","active","needs_review","커피·배달앱 등 많이쓰는영역30%할인","20000","300000","커피·배달앱 등 많이쓰는영역30%할인","20000","2026-06-10","외식 | 카페/베이커리 | 간편결제","네이버 카드 검색 원본을 기준으로 만든 임시 랭킹 데이터입니다. | 통합 할인한도, 실적 제외, 할인받은 매출의 실적 포함 여부는 공식 상품설명서로 추가 검증이 필요합니다.","외식, 카페/베이커리, 간편결제 영역 혜택 정보가 수집되었습니다.","상세 한도와 제외 조건은 아직 검증 전입니다.","2026-06-11T11:14:42.801Z"
"naver-card-1294","1294","KB국민 굿데이올림카드","KB국민","credit","active","needs_review","주유 리터당 60원 청구할인 혜택","20000","300000","주유 리터당 60원 청구할인 혜택","20000","2026-06-10","주유 | 대형마트 | 통신","네이버 카드 검색 원본을 기준으로 만든 임시 랭킹 데이터입니다. | 통합 할인한도, 실적 제외, 할인받은 매출의 실적 포함 여부는 공식 상품설명서로 추가 검증이 필요합니다.","주유, 대형마트, 통신 영역 혜택 정보가 수집되었습니다.","상세 한도와 제외 조건은 아직 검증 전입니다.","2026-06-11T11:14:42.801Z"
"naver-card-10343","10343","삼성 iD GLOBAL 카드","삼성","credit","active","needs_review","전월실적관계없이해외2%국내0.5%할인","20000","500000","전월실적관계없이해외2%국내0.5%할인","32000","2026-06-10","언제나할인 | 주유 | 쇼핑","네이버 카드 검색 원본을 기준으로 만든 임시 랭킹 데이터입니다. | 통합 할인한도, 실적 제외, 할인받은 매출의 실적 포함 여부는 공식 상품설명서로 추가 검증이 필요합니다.","언제나할인, 주유, 쇼핑 영역 혜택 정보가 수집되었습니다.","상세 한도와 제외 조건은 아직 검증 전입니다.","2026-06-11T11:14:42.801Z"
"naver-card-1684","1684","롯데백화점 롯데카드","롯데","credit","active","needs_review","롯데백화점 15% 청구할인 서비스!","10000","300000","롯데백화점 15% 청구할인 서비스!","10000","2026-06-10","쇼핑","네이버 카드 검색 원본을 기준으로 만든 임시 랭킹 데이터입니다. | 통합 할인한도, 실적 제외, 할인받은 매출의 실적 포함 여부는 공식 상품설명서로 추가 검증이 필요합니다.","쇼핑 영역 혜택 정보가 수집되었습니다.","상세 한도와 제외 조건은 아직 검증 전입니다.","2026-06-11T11:14:42.801Z"
"naver-card-10310","10310","KT DC PLUS 롯데카드","롯데","credit","active","needs_review","KT 통신비 최대 1만3천원 할인","20000","400000","KT 통신비 최대 1만3천원 할인","10000","2026-06-10","통신","네이버 카드 검색 원본을 기준으로 만든 임시 랭킹 데이터입니다. | 통합 할인한도, 실적 제외, 할인받은 매출의 실적 포함 여부는 공식 상품설명서로 추가 검증이 필요합니다.","통신 영역 혜택 정보가 수집되었습니다.","상세 한도와 제외 조건은 아직 검증 전입니다.","2026-06-11T11:14:42.801Z"
"naver-card-10216","10216","KB국민 My WE:SH 카드","KB국민","credit","active","needs_review","올리브영, 미용실 최대 15% 할인","15000","400000","올리브영, 미용실 최대 15% 할인","20000","2026-06-10","간편결제 | 편의점 | 외식","네이버 카드 검색 원본을 기준으로 만든 임시 랭킹 데이터입니다. | 통합 할인한도, 실적 제외, 할인받은 매출의 실적 포함 여부는 공식 상품설명서로 추가 검증이 필요합니다.","간편결제, 편의점, 외식 영역 혜택 정보가 수집되었습니다.","상세 한도와 제외 조건은 아직 검증 전입니다.","2026-06-11T11:14:42.801Z"
"naver-card-115","115","KB국민 굿데이카드","KB국민","credit","active","needs_review","교통·외식 등 생활영역 10%청구할인","5000","300000","교통·외식 등 생활영역 10%청구할인","20000","2026-06-10","주유 | 통신 | 대중교통","네이버 카드 검색 원본을 기준으로 만든 임시 랭킹 데이터입니다. | 통합 할인한도, 실적 제외, 할인받은 매출의 실적 포함 여부는 공식 상품설명서로 추가 검증이 필요합니다.","주유, 통신, 대중교통 영역 혜택 정보가 수집되었습니다.","상세 한도와 제외 조건은 아직 검증 전입니다.","2026-06-11T11:14:42.801Z"
"naver-card-1408","1408","신한카드 Mr.Life","신한","credit","active","needs_review","공과금/통신요금 10% 할인","15000","300000","공과금/통신요금 10% 할인","20000","2026-06-10","공과금 | 통신 | 편의점","네이버 카드 검색 원본을 기준으로 만든 임시 랭킹 데이터입니다. | 통합 할인한도, 실적 제외, 할인받은 매출의 실적 포함 여부는 공식 상품설명서로 추가 검증이 필요합니다.","공과금, 통신, 편의점 영역 혜택 정보가 수집되었습니다.","상세 한도와 제외 조건은 아직 검증 전입니다.","2026-06-11T11:14:42.801Z"
"naver-card-10611","10611","KB국민 ALL point 카드","KB국민","credit","active","needs_review","국내 가맹점 0.7% 포인트리 적립","20000","300000","국내 가맹점 0.7% 포인트리 적립","20000","2026-06-10","포인트/캐시백 | 외식 | 카페/베이커리","네이버 카드 검색 원본을 기준으로 만든 임시 랭킹 데이터입니다. | 통합 할인한도, 실적 제외, 할인받은 매출의 실적 포함 여부는 공식 상품설명서로 추가 검증이 필요합니다.","포인트/캐시백, 외식, 카페/베이커리 영역 혜택 정보가 수집되었습니다.","상세 한도와 제외 조건은 아직 검증 전입니다.","2026-06-11T11:14:42.801Z"
"naver-card-10612","10612","카드의정석2 SHOPPER","우리","credit","active","needs_review","쇼핑 업종 최대 15% 청구할인","28000","500000","쇼핑 업종 최대 15% 청구할인","28000","2026-06-10","프리미엄 | 쇼핑","네이버 카드 검색 원본을 기준으로 만든 임시 랭킹 데이터입니다. | 통합 할인한도, 실적 제외, 할인받은 매출의 실적 포함 여부는 공식 상품설명서로 추가 검증이 필요합니다.","프리미엄, 쇼핑 영역 혜택 정보가 수집되었습니다.","상세 한도와 제외 조건은 아직 검증 전입니다.","2026-06-11T11:14:42.801Z"
"naver-card-10358","10358","zgm 할인카드","NH농협","credit","active","needs_review","국내외 가맹점 최대 2% 청구할인","27000","400000","국내외 가맹점 최대 2% 청구할인","20000","2026-06-10","언제나할인 | 관리비 | 통신","네이버 카드 검색 원본을 기준으로 만든 임시 랭킹 데이터입니다. | 통합 할인한도, 실적 제외, 할인받은 매출의 실적 포함 여부는 공식 상품설명서로 추가 검증이 필요합니다.","언제나할인, 관리비, 통신 영역 혜택 정보가 수집되었습니다.","상세 한도와 제외 조건은 아직 검증 전입니다.","2026-06-11T11:14:42.801Z"
"naver-card-2337","2337","신한카드 Deep Oil","신한","credit","active","needs_review","내가 선택한 주유소에서 10% 할인","10000","300000","내가 선택한 주유소에서 10% 할인","20000","2026-06-10","주유 | 오토 | 편의점","네이버 카드 검색 원본을 기준으로 만든 임시 랭킹 데이터입니다. | 통합 할인한도, 실적 제외, 할인받은 매출의 실적 포함 여부는 공식 상품설명서로 추가 검증이 필요합니다.","주유, 오토, 편의점 영역 혜택 정보가 수집되었습니다.","상세 한도와 제외 조건은 아직 검증 전입니다.","2026-06-11T11:14:42.801Z"
"naver-card-10286","10286","카드의정석 EVERY MILE SKYPASS","우리","credit","active","needs_review","국내 1마일, 해외 최대 2마일 적립","39000","500000","국내 1마일, 해외 최대 2마일 적립","16000","2026-06-10","항공마일리지 | 프리미엄","네이버 카드 검색 원본을 기준으로 만든 임시 랭킹 데이터입니다. | 통합 할인한도, 실적 제외, 할인받은 매출의 실적 포함 여부는 공식 상품설명서로 추가 검증이 필요합니다.","항공마일리지, 프리미엄 영역 혜택 정보가 수집되었습니다.","상세 한도와 제외 조건은 아직 검증 전입니다.","2026-06-11T11:14:42.801Z"
"naver-card-10616","10616","LOCA LIKIT 2.0","롯데","credit","active","needs_review","조건·한도 없이 즐기는 1.2% 할인","20000","0","조건·한도 없이 즐기는 1.2% 할인","20000","2026-06-10","언제나할인 | 쇼핑 | 뷰티","네이버 카드 검색 원본을 기준으로 만든 임시 랭킹 데이터입니다. | 통합 할인한도, 실적 제외, 할인받은 매출의 실적 포함 여부는 공식 상품설명서로 추가 검증이 필요합니다.","언제나할인, 쇼핑, 뷰티 영역 혜택 정보가 수집되었습니다.","상세 한도와 제외 조건은 아직 검증 전입니다.","2026-06-11T11:14:42.801Z"
"naver-card-10303","10303","디지로카 Paris","롯데","credit","active","needs_review","쿠팡 G마켓 등 최대5% 결제일 할인","20000","0","쿠팡 G마켓 등 최대5% 결제일 할인","20000","2026-06-10","쇼핑 | 간편결제 | 언제나할인","네이버 카드 검색 원본을 기준으로 만든 임시 랭킹 데이터입니다. | 통합 할인한도, 실적 제외, 할인받은 매출의 실적 포함 여부는 공식 상품설명서로 추가 검증이 필요합니다.","쇼핑, 간편결제, 언제나할인 영역 혜택 정보가 수집되었습니다.","상세 한도와 제외 조건은 아직 검증 전입니다.","2026-06-11T11:14:42.801Z"
"naver-card-1322","1322","롯데 국민행복카드","롯데","credit","active","needs_review","정부지원금100만원&보육료·병원 할인","0","300000","정부지원금100만원&보육료·병원 할인","20000","2026-06-10","국민행복카드 | 대중교통 | 육아","네이버 카드 검색 원본을 기준으로 만든 임시 랭킹 데이터입니다. | 통합 할인한도, 실적 제외, 할인받은 매출의 실적 포함 여부는 공식 상품설명서로 추가 검증이 필요합니다.","국민행복카드, 대중교통, 육아 영역 혜택 정보가 수집되었습니다.","상세 한도와 제외 조건은 아직 검증 전입니다.","2026-06-11T11:14:42.801Z"
"naver-card-10218","10218","신한카드 EVerywhere","신한","credit","active","needs_review","전기차 충전요금 최대 50% 캐시백","19000","400000","전기차 충전요금 최대 50% 캐시백","20000","2026-06-10","주유 | 문화 | 통신","네이버 카드 검색 원본을 기준으로 만든 임시 랭킹 데이터입니다. | 통합 할인한도, 실적 제외, 할인받은 매출의 실적 포함 여부는 공식 상품설명서로 추가 검증이 필요합니다.","주유, 문화, 통신 영역 혜택 정보가 수집되었습니다.","상세 한도와 제외 조건은 아직 검증 전입니다.","2026-06-11T11:14:42.801Z"
"naver-card-10045","10045","우리 국민행복카드 S2","우리","credit","active","needs_review","병의원·조리원·약국 7% 청구할인","0","300000","병의원·조리원·약국 7% 청구할인","20000","2026-06-10","국민행복카드 | 의료 | 쇼핑","네이버 카드 검색 원본을 기준으로 만든 임시 랭킹 데이터입니다. | 통합 할인한도, 실적 제외, 할인받은 매출의 실적 포함 여부는 공식 상품설명서로 추가 검증이 필요합니다.","국민행복카드, 의료, 쇼핑 영역 혜택 정보가 수집되었습니다.","상세 한도와 제외 조건은 아직 검증 전입니다.","2026-06-11T11:14:42.801Z"
"naver-card-10108","10108","LOCA LIKIT Play","롯데","credit","active","needs_review","주유·영화·스트리밍 60% 할인","10000","400000","주유·영화·스트리밍 60% 할인","15000","2026-06-10","주유 | 영화 | 문화","네이버 카드 검색 원본을 기준으로 만든 임시 랭킹 데이터입니다. | 통합 할인한도, 실적 제외, 할인받은 매출의 실적 포함 여부는 공식 상품설명서로 추가 검증이 필요합니다.","주유, 영화, 문화 영역 혜택 정보가 수집되었습니다.","상세 한도와 제외 조건은 아직 검증 전입니다.","2026-06-11T11:14:42.801Z"
"naver-card-277","277","신세계이마트 삼성카드 7","삼성","credit","active","needs_review","신세계백화점 5%, 이마트 6천원할인","18000","300000","신세계백화점 5%, 이마트 6천원할인","20000","2026-06-10","쇼핑 | 대형마트 | 포인트/캐시백","네이버 카드 검색 원본을 기준으로 만든 임시 랭킹 데이터입니다. | 통합 할인한도, 실적 제외, 할인받은 매출의 실적 포함 여부는 공식 상품설명서로 추가 검증이 필요합니다.","쇼핑, 대형마트, 포인트/캐시백 영역 혜택 정보가 수집되었습니다.","상세 한도와 제외 조건은 아직 검증 전입니다.","2026-06-11T11:14:42.801Z"
"naver-card-1571","1571","신한카드 RPM+ Platinum#","신한","credit","active","needs_review","국내 주유소 리터당 40~150P적립","32000","500000","국내 주유소 리터당 40~150P적립","32000","2026-06-10","주유 | 프리미엄 | 쇼핑","네이버 카드 검색 원본을 기준으로 만든 임시 랭킹 데이터입니다. | 통합 할인한도, 실적 제외, 할인받은 매출의 실적 포함 여부는 공식 상품설명서로 추가 검증이 필요합니다.","주유, 프리미엄, 쇼핑 영역 혜택 정보가 수집되었습니다.","상세 한도와 제외 조건은 아직 검증 전입니다.","2026-06-11T11:14:42.801Z"
"naver-card-2776","2776","네이버페이 taptap","삼성","credit","active","needs_review","네이버페이 온라인간편결제 10% 적립","15000","300000","네이버페이 온라인간편결제 10% 적립","20000","2026-06-10","포인트/캐시백 | 간편결제 | 카페/베이커리","네이버 카드 검색 원본을 기준으로 만든 임시 랭킹 데이터입니다. | 통합 할인한도, 실적 제외, 할인받은 매출의 실적 포함 여부는 공식 상품설명서로 추가 검증이 필요합니다.","포인트/캐시백, 간편결제, 카페/베이커리 영역 혜택 정보가 수집되었습니다.","상세 한도와 제외 조건은 아직 검증 전입니다.","2026-06-11T11:14:42.801Z"
"naver-card-10126","10126","삼성 iD ENERGY 카드","삼성","credit","active","needs_review","주유 건별 10,000원 할인/","20000","500000","주유 건별 10,000원 할인/","32000","2026-06-10","주유 | 오토 | 하이패스","네이버 카드 검색 원본을 기준으로 만든 임시 랭킹 데이터입니다. | 통합 할인한도, 실적 제외, 할인받은 매출의 실적 포함 여부는 공식 상품설명서로 추가 검증이 필요합니다.","주유, 오토, 하이패스 영역 혜택 정보가 수집되었습니다.","상세 한도와 제외 조건은 아직 검증 전입니다.","2026-06-11T11:14:42.801Z"
"naver-card-10238","10238","모니모카드","삼성","credit","active","needs_review","이동통신·아파트관리비 10% 할인 /","10000","300000","이동통신·아파트관리비 10% 할인 /","20000","2026-06-10","통신 | 관리비 | 대중교통","네이버 카드 검색 원본을 기준으로 만든 임시 랭킹 데이터입니다. | 통합 할인한도, 실적 제외, 할인받은 매출의 실적 포함 여부는 공식 상품설명서로 추가 검증이 필요합니다.","통신, 관리비, 대중교통 영역 혜택 정보가 수집되었습니다.","상세 한도와 제외 조건은 아직 검증 전입니다.","2026-06-11T11:14:42.801Z"
"naver-card-2676","2676","트레이더스 신세계 삼성카드","삼성","credit","active","needs_review","트레이더스 최대5%, 신세계할인","15000","400000","트레이더스 최대5%, 신세계할인","20000","2026-06-10","대형마트 | 쇼핑 | 통신","네이버 카드 검색 원본을 기준으로 만든 임시 랭킹 데이터입니다. | 통합 할인한도, 실적 제외, 할인받은 매출의 실적 포함 여부는 공식 상품설명서로 추가 검증이 필요합니다.","대형마트, 쇼핑, 통신 영역 혜택 정보가 수집되었습니다.","상세 한도와 제외 조건은 아직 검증 전입니다.","2026-06-11T11:14:42.801Z"
"naver-card-1465","1465","삼성카드 & MILEAGE PLATINUM(스카이패스)","삼성","credit","active","needs_review","스카이패스 천원당 최대 2마일 적립","47000","0","스카이패스 천원당 최대 2마일 적립","20000","2026-06-10","항공마일리지 | 주유 | 쇼핑","네이버 카드 검색 원본을 기준으로 만든 임시 랭킹 데이터입니다. | 통합 할인한도, 실적 제외, 할인받은 매출의 실적 포함 여부는 공식 상품설명서로 추가 검증이 필요합니다.","항공마일리지, 주유, 쇼핑 영역 혜택 정보가 수집되었습니다.","상세 한도와 제외 조건은 아직 검증 전입니다.","2026-06-11T11:14:42.801Z"
"naver-card-10103","10103","삼성 iD ALL 카드","삼성","credit","active","needs_review","국내외가맹점 전월실적없이 0.5%할인","20000","400000","국내외가맹점 전월실적없이 0.5%할인","20000","2026-06-10","주유 | 쇼핑 | 대형마트","네이버 카드 검색 원본을 기준으로 만든 임시 랭킹 데이터입니다. | 통합 할인한도, 실적 제외, 할인받은 매출의 실적 포함 여부는 공식 상품설명서로 추가 검증이 필요합니다.","주유, 쇼핑, 대형마트 영역 혜택 정보가 수집되었습니다.","상세 한도와 제외 조건은 아직 검증 전입니다.","2026-06-11T11:14:42.801Z"
"naver-card-3881","3881","taptap DRIVE","삼성","credit","active","needs_review","모든주유소 리터당 최대150원 할인/","10000","300000","모든주유소 리터당 최대150원 할인/","20000","2026-06-10","주유 | 쇼핑 | 편의점","네이버 카드 검색 원본을 기준으로 만든 임시 랭킹 데이터입니다. | 통합 할인한도, 실적 제외, 할인받은 매출의 실적 포함 여부는 공식 상품설명서로 추가 검증이 필요합니다.","주유, 쇼핑, 편의점 영역 혜택 정보가 수집되었습니다.","상세 한도와 제외 조건은 아직 검증 전입니다.","2026-06-11T11:14:42.801Z"
"naver-card-10328","10328","삼성 iD PLUG-IN 카드","삼성","credit","active","needs_review","전기차 충전요금 최대 40% 할인","20000","400000","전기차 충전요금 최대 40% 할인","15000","2026-06-10","주유 | 오토 | 금융","네이버 카드 검색 원본을 기준으로 만든 임시 랭킹 데이터입니다. | 통합 할인한도, 실적 제외, 할인받은 매출의 실적 포함 여부는 공식 상품설명서로 추가 검증이 필요합니다.","주유, 오토, 금융 영역 혜택 정보가 수집되었습니다.","상세 한도와 제외 조건은 아직 검증 전입니다.","2026-06-11T11:14:42.801Z"
"naver-card-10406","10406","삼성 iD ONE 카드","삼성","credit","active","needs_review","백화점·할인점 빅포인트 10% 적립/","50000","500000","백화점·할인점 빅포인트 10% 적립/","32000","2026-06-10","주유 | 쇼핑 | 대형마트","네이버 카드 검색 원본을 기준으로 만든 임시 랭킹 데이터입니다. | 통합 할인한도, 실적 제외, 할인받은 매출의 실적 포함 여부는 공식 상품설명서로 추가 검증이 필요합니다.","주유, 쇼핑, 대형마트 영역 혜택 정보가 수집되었습니다.","상세 한도와 제외 조건은 아직 검증 전입니다.","2026-06-11T11:14:42.801Z"
"naver-card-10355","10355","신한카드 K-패스","신한","credit","active","needs_review","대중교통 10% 결제일 할인","7000","300000","대중교통 10% 결제일 할인","20000","2026-06-10","대중교통 | 간편결제 | 외식","네이버 카드 검색 원본을 기준으로 만든 임시 랭킹 데이터입니다. | 통합 할인한도, 실적 제외, 할인받은 매출의 실적 포함 여부는 공식 상품설명서로 추가 검증이 필요합니다.","대중교통, 간편결제, 외식 영역 혜택 정보가 수집되었습니다.","상세 한도와 제외 조건은 아직 검증 전입니다.","2026-06-11T11:14:42.801Z"
"naver-card-10256","10256","삼성 iD VITA 카드","삼성","credit","active","needs_review","병/의원, 약국 20% 할인","20000","500000","병/의원, 약국 20% 할인","32000","2026-06-10","의료 | 금융 | 대형마트","네이버 카드 검색 원본을 기준으로 만든 임시 랭킹 데이터입니다. | 통합 할인한도, 실적 제외, 할인받은 매출의 실적 포함 여부는 공식 상품설명서로 추가 검증이 필요합니다.","의료, 금융, 대형마트 영역 혜택 정보가 수집되었습니다.","상세 한도와 제외 조건은 아직 검증 전입니다.","2026-06-11T11:14:42.801Z"
"naver-card-10589","10589","신한카드 Simple Plan","신한","credit","active","needs_review","국내 이용금액 1% 할인","15000","0","국내 이용금액 1% 할인","10000","2026-06-10","언제나할인 | 납부 혜택","네이버 카드 검색 원본을 기준으로 만든 임시 랭킹 데이터입니다. | 통합 할인한도, 실적 제외, 할인받은 매출의 실적 포함 여부는 공식 상품설명서로 추가 검증이 필요합니다.","언제나할인, 납부 혜택 영역 혜택 정보가 수집되었습니다.","상세 한도와 제외 조건은 아직 검증 전입니다.","2026-06-11T11:14:42.801Z"
"naver-card-10451","10451","IBK 포인트 신용카드","IB","credit","active","needs_review","국내 50만원 이상 5만 포인트 적립","21000","500000","국내 50만원 이상 5만 포인트 적립","10000","2026-06-10","포인트/캐시백","네이버 카드 검색 원본을 기준으로 만든 임시 랭킹 데이터입니다. | 통합 할인한도, 실적 제외, 할인받은 매출의 실적 포함 여부는 공식 상품설명서로 추가 검증이 필요합니다.","포인트/캐시백 영역 혜택 정보가 수집되었습니다.","상세 한도와 제외 조건은 아직 검증 전입니다.","2026-06-11T11:14:42.801Z"
"naver-card-10268","10268","BC 바로 K-패스 카드","BC","credit","active","needs_review","대중교통, OTT 결제일 15% 할인","6000","300000","대중교통, OTT 결제일 15% 할인","20000","2026-06-10","대중교통 | 편의점 | 문화","네이버 카드 검색 원본을 기준으로 만든 임시 랭킹 데이터입니다. | 통합 할인한도, 실적 제외, 할인받은 매출의 실적 포함 여부는 공식 상품설명서로 추가 검증이 필요합니다.","대중교통, 편의점, 문화 영역 혜택 정보가 수집되었습니다.","상세 한도와 제외 조건은 아직 검증 전입니다.","2026-06-11T11:14:42.801Z"
"naver-card-10463","10463","삼성 iD STATION 카드 (GS칼텍스)","삼성","credit","active","needs_review","GS칼텍스 주유 10% 할인","15000","400000","GS칼텍스 주유 10% 할인","20000","2026-06-10","주유 | 통신 | 편의점","네이버 카드 검색 원본을 기준으로 만든 임시 랭킹 데이터입니다. | 통합 할인한도, 실적 제외, 할인받은 매출의 실적 포함 여부는 공식 상품설명서로 추가 검증이 필요합니다.","주유, 통신, 편의점 영역 혜택 정보가 수집되었습니다.","상세 한도와 제외 조건은 아직 검증 전입니다.","2026-06-11T11:14:42.801Z"
"naver-card-10236","10236","THE iD. PLATINUM (포인트)","삼성","credit","active","needs_review","5가지 기프트 중 택1","215000","500000","5가지 기프트 중 택1","24000","2026-06-10","바우처 | 포인트/캐시백 | 문화","네이버 카드 검색 원본을 기준으로 만든 임시 랭킹 데이터입니다. | 통합 할인한도, 실적 제외, 할인받은 매출의 실적 포함 여부는 공식 상품설명서로 추가 검증이 필요합니다.","바우처, 포인트/캐시백, 문화 영역 혜택 정보가 수집되었습니다.","상세 한도와 제외 조건은 아직 검증 전입니다.","2026-06-11T11:14:42.801Z"
"naver-card-10592","10592","SK 주유 400 우리카드","우리","credit","active","needs_review","SK 주유소 L당 청구할인","25000","400000","SK 주유소 L당 청구할인","20000","2026-06-10","주유 | 편의점 | 카페/베이커리","네이버 카드 검색 원본을 기준으로 만든 임시 랭킹 데이터입니다. | 통합 할인한도, 실적 제외, 할인받은 매출의 실적 포함 여부는 공식 상품설명서로 추가 검증이 필요합니다.","주유, 편의점, 카페/베이커리 영역 혜택 정보가 수집되었습니다.","상세 한도와 제외 조건은 아직 검증 전입니다.","2026-06-11T11:14:42.801Z"
"naver-card-3896","3896","taptap SHOPPING","삼성","credit","active","needs_review","온·오프라인쇼핑 연최대 48만원 할인","10000","300000","온·오프라인쇼핑 연최대 48만원 할인","15000","2026-06-10","쇼핑 | 대형마트 | 언제나할인","네이버 카드 검색 원본을 기준으로 만든 임시 랭킹 데이터입니다. | 통합 할인한도, 실적 제외, 할인받은 매출의 실적 포함 여부는 공식 상품설명서로 추가 검증이 필요합니다.","쇼핑, 대형마트, 언제나할인 영역 혜택 정보가 수집되었습니다.","상세 한도와 제외 조건은 아직 검증 전입니다.","2026-06-11T11:14:42.801Z"
"naver-card-10049","10049","아메리칸 엑스프레스 리저브","삼성","credit","active","needs_review","메탈플레이트 기본 제공","150000","1000000","메탈플레이트 기본 제공","48000","2026-06-10","바우처 | 포인트/캐시백 | 외식","네이버 카드 검색 원본을 기준으로 만든 임시 랭킹 데이터입니다. | 통합 할인한도, 실적 제외, 할인받은 매출의 실적 포함 여부는 공식 상품설명서로 추가 검증이 필요합니다.","바우처, 포인트/캐시백, 외식 영역 혜택 정보가 수집되었습니다.","상세 한도와 제외 조건은 아직 검증 전입니다.","2026-06-11T11:14:42.801Z"
"naver-card-10590","10590","신한카드 Simple Plan+","신한","credit","active","needs_review","국내 이용금액 1.5% 할인","47000","0","국내 이용금액 1.5% 할인","10000","2026-06-10","언제나할인 | 포인트/캐시백 | 납부 혜택","네이버 카드 검색 원본을 기준으로 만든 임시 랭킹 데이터입니다. | 통합 할인한도, 실적 제외, 할인받은 매출의 실적 포함 여부는 공식 상품설명서로 추가 검증이 필요합니다.","언제나할인, 포인트/캐시백, 납부 혜택 영역 혜택 정보가 수집되었습니다.","상세 한도와 제외 조건은 아직 검증 전입니다.","2026-06-11T11:14:42.801Z"
"naver-card-10450","10450","IBK 포인트 3.8 신용카드","IB","credit","active","needs_review","국내 가맹점 1.5% 적립","37000","500000","국내 가맹점 1.5% 적립","10000","2026-06-10","포인트/캐시백","네이버 카드 검색 원본을 기준으로 만든 임시 랭킹 데이터입니다. | 통합 할인한도, 실적 제외, 할인받은 매출의 실적 포함 여부는 공식 상품설명서로 추가 검증이 필요합니다.","포인트/캐시백 영역 혜택 정보가 수집되었습니다.","상세 한도와 제외 조건은 아직 검증 전입니다.","2026-06-11T11:14:42.801Z"
"naver-card-10235","10235","THE iD. TITANIUM (포인트)","삼성","credit","active","needs_review","5가지 기프트 중 택2/","695000","500000","5가지 기프트 중 택2/","16000","2026-06-10","바우처 | 포인트/캐시백 | 문화","네이버 카드 검색 원본을 기준으로 만든 임시 랭킹 데이터입니다. | 통합 할인한도, 실적 제외, 할인받은 매출의 실적 포함 여부는 공식 상품설명서로 추가 검증이 필요합니다.","바우처, 포인트/캐시백, 문화 영역 혜택 정보가 수집되었습니다.","상세 한도와 제외 조건은 아직 검증 전입니다.","2026-06-11T11:14:42.801Z"
"naver-card-10568","10568","THE 1(스카이패스)","삼성","credit","active","needs_review","호텔식사권, 상품권 등 기프트서비스/","245000","500000","호텔식사권, 상품권 등 기프트서비스/","32000","2026-06-10","바우처 | 항공마일리지 | 쇼핑","네이버 카드 검색 원본을 기준으로 만든 임시 랭킹 데이터입니다. | 통합 할인한도, 실적 제외, 할인받은 매출의 실적 포함 여부는 공식 상품설명서로 추가 검증이 필요합니다.","바우처, 항공마일리지, 쇼핑 영역 혜택 정보가 수집되었습니다.","상세 한도와 제외 조건은 아직 검증 전입니다.","2026-06-11T11:14:42.801Z"
"naver-card-10579","10579","Toss Mobile x LOCA","롯데","credit","active","needs_review","통신요금 최대 2만원 결제일 할인","20000","300000","통신요금 최대 2만원 결제일 할인","10000","2026-06-10","통신","네이버 카드 검색 원본을 기준으로 만든 임시 랭킹 데이터입니다. | 통합 할인한도, 실적 제외, 할인받은 매출의 실적 포함 여부는 공식 상품설명서로 추가 검증이 필요합니다.","통신 영역 혜택 정보가 수집되었습니다.","상세 한도와 제외 조건은 아직 검증 전입니다.","2026-06-11T11:14:42.801Z"
"naver-card-10184","10184","삼성 iD PET 카드","삼성","credit","active","needs_review","동물병원, 반려동물쇼핑몰 30%할인","15000","400000","동물병원, 반려동물쇼핑몰 30%할인","20000","2026-06-10","금융 | 쇼핑 | 간편결제","네이버 카드 검색 원본을 기준으로 만든 임시 랭킹 데이터입니다. | 통합 할인한도, 실적 제외, 할인받은 매출의 실적 포함 여부는 공식 상품설명서로 추가 검증이 필요합니다.","금융, 쇼핑, 간편결제 영역 혜택 정보가 수집되었습니다.","상세 한도와 제외 조건은 아직 검증 전입니다.","2026-06-11T11:14:42.801Z"
"naver-card-3878","3878","DailyWith (데일리위드)카드","IB","credit","active","needs_review","6대생활영역 온라인쇼핑/음식점/병원등","10000","500000","6대생활영역 온라인쇼핑/음식점/병원등","32000","2026-06-10","대형마트 | 외식 | 쇼핑","네이버 카드 검색 원본을 기준으로 만든 임시 랭킹 데이터입니다. | 통합 할인한도, 실적 제외, 할인받은 매출의 실적 포함 여부는 공식 상품설명서로 추가 검증이 필요합니다.","대형마트, 외식, 쇼핑 영역 혜택 정보가 수집되었습니다.","상세 한도와 제외 조건은 아직 검증 전입니다.","2026-06-11T11:14:42.801Z"
"naver-card-10349","10349","K-패스 삼성카드","삼성","credit","active","needs_review","대중교통 10%, 커피 20%할인","10000","400000","대중교통 10%, 커피 20%할인","20000","2026-06-10","대중교통 | 카페/베이커리 | 문화","네이버 카드 검색 원본을 기준으로 만든 임시 랭킹 데이터입니다. | 통합 할인한도, 실적 제외, 할인받은 매출의 실적 포함 여부는 공식 상품설명서로 추가 검증이 필요합니다.","대중교통, 카페/베이커리, 문화 영역 혜택 정보가 수집되었습니다.","상세 한도와 제외 조건은 아직 검증 전입니다.","2026-06-11T11:14:42.801Z"
"naver-card-10311","10311","모니모A 카드","삼성","credit","active","needs_review","온라인쇼핑몰 최대2%모니머니리워드적립","10000","300000","온라인쇼핑몰 최대2%모니머니리워드적립","20000","2026-06-10","주유 | 금융 | 레저","네이버 카드 검색 원본을 기준으로 만든 임시 랭킹 데이터입니다. | 통합 할인한도, 실적 제외, 할인받은 매출의 실적 포함 여부는 공식 상품설명서로 추가 검증이 필요합니다.","주유, 금융, 레저 영역 혜택 정보가 수집되었습니다.","상세 한도와 제외 조건은 아직 검증 전입니다.","2026-06-11T11:14:42.801Z"
"naver-card-3857","3857","taptap DIGITAL","삼성","credit","active","needs_review","온라인 간편결제 연최대 24만원할인/","10000","240000","온라인 간편결제 연최대 24만원할인/","20000","2026-06-10","쇼핑 | 간편결제 | 문화","네이버 카드 검색 원본을 기준으로 만든 임시 랭킹 데이터입니다. | 통합 할인한도, 실적 제외, 할인받은 매출의 실적 포함 여부는 공식 상품설명서로 추가 검증이 필요합니다.","쇼핑, 간편결제, 문화 영역 혜택 정보가 수집되었습니다.","상세 한도와 제외 조건은 아직 검증 전입니다.","2026-06-11T11:14:42.801Z"
"naver-card-10550","10550","THE iD. 1st","삼성","credit","active","needs_review","프리미엄영역 최대 15만원할인기프트/","150000","150000","프리미엄영역 최대 15만원할인기프트/","20000","2026-06-10","쇼핑 | 레저 | 의료","네이버 카드 검색 원본을 기준으로 만든 임시 랭킹 데이터입니다. | 통합 할인한도, 실적 제외, 할인받은 매출의 실적 포함 여부는 공식 상품설명서로 추가 검증이 필요합니다.","쇼핑, 레저, 의료 영역 혜택 정보가 수집되었습니다.","상세 한도와 제외 조건은 아직 검증 전입니다.","2026-06-11T11:14:42.801Z"
"naver-card-10315","10315","ALL 우리카드 Infinite","우리","credit","active","needs_review","1만 4천 ALL 리워드 포인트 제공","500000","500000","1만 4천 ALL 리워드 포인트 제공","16000","2026-06-10","바우처 | 포인트/캐시백 | 프리미엄","네이버 카드 검색 원본을 기준으로 만든 임시 랭킹 데이터입니다. | 통합 할인한도, 실적 제외, 할인받은 매출의 실적 포함 여부는 공식 상품설명서로 추가 검증이 필요합니다.","바우처, 포인트/캐시백, 프리미엄 영역 혜택 정보가 수집되었습니다.","상세 한도와 제외 조건은 아직 검증 전입니다.","2026-06-11T11:14:42.801Z"
"naver-card-10480","10480","다이소 삼성카드","삼성","credit","active","needs_review","다이소 오프라인 월 최대 2만원 할인","8000","300000","다이소 오프라인 월 최대 2만원 할인","20000","2026-06-10","쇼핑 | 대형마트 | 편의점","네이버 카드 검색 원본을 기준으로 만든 임시 랭킹 데이터입니다. | 통합 할인한도, 실적 제외, 할인받은 매출의 실적 포함 여부는 공식 상품설명서로 추가 검증이 필요합니다.","쇼핑, 대형마트, 편의점 영역 혜택 정보가 수집되었습니다.","상세 한도와 제외 조건은 아직 검증 전입니다.","2026-06-11T11:14:42.801Z"
"naver-card-10237","10237","삼성 iD NOMAD 카드","삼성","credit","active","needs_review","여행, 여가, 면세점 기프트서비스에","47000","500000","여행, 여가, 면세점 기프트서비스에","24000","2026-06-10","바우처 | 포인트/캐시백 | 문화","네이버 카드 검색 원본을 기준으로 만든 임시 랭킹 데이터입니다. | 통합 할인한도, 실적 제외, 할인받은 매출의 실적 포함 여부는 공식 상품설명서로 추가 검증이 필요합니다.","바우처, 포인트/캐시백, 문화 영역 혜택 정보가 수집되었습니다.","상세 한도와 제외 조건은 아직 검증 전입니다.","2026-06-11T11:14:42.801Z"
"naver-card-10523","10523","삼성 iD SELECT ON 카드","삼성","credit","active","needs_review","음식점 월~목5%금토일10%할인 또는","20000","300000","음식점 월~목5%금토일10%할인 또는","20000","2026-06-10","간편결제 | 언제나할인 | 쇼핑","네이버 카드 검색 원본을 기준으로 만든 임시 랭킹 데이터입니다. | 통합 할인한도, 실적 제외, 할인받은 매출의 실적 포함 여부는 공식 상품설명서로 추가 검증이 필요합니다.","간편결제, 언제나할인, 쇼핑 영역 혜택 정보가 수집되었습니다.","상세 한도와 제외 조건은 아직 검증 전입니다.","2026-06-11T11:14:42.801Z"
"naver-card-10462","10462","삼성 iD STATION 카드 (SK에너지)","삼성","credit","active","needs_review","SK에너지 주유 10% 할인","15000","400000","SK에너지 주유 10% 할인","20000","2026-06-10","주유 | 통신 | 편의점","네이버 카드 검색 원본을 기준으로 만든 임시 랭킹 데이터입니다. | 통합 할인한도, 실적 제외, 할인받은 매출의 실적 포함 여부는 공식 상품설명서로 추가 검증이 필요합니다.","주유, 통신, 편의점 영역 혜택 정보가 수집되었습니다.","상세 한도와 제외 조건은 아직 검증 전입니다.","2026-06-11T11:14:42.801Z"
"naver-card-247","247","롯데 포인트플러스 카드","롯데","credit","active","needs_review","L.POINT 제휴사 더블포인트 적립","5000","0","L.POINT 제휴사 더블포인트 적립","20000","2026-06-10","포인트/캐시백 | 쇼핑 | 대형마트","네이버 카드 검색 원본을 기준으로 만든 임시 랭킹 데이터입니다. | 통합 할인한도, 실적 제외, 할인받은 매출의 실적 포함 여부는 공식 상품설명서로 추가 검증이 필요합니다.","포인트/캐시백, 쇼핑, 대형마트 영역 혜택 정보가 수집되었습니다.","상세 한도와 제외 조건은 아직 검증 전입니다.","2026-06-11T11:14:42.801Z"
"naver-card-4047","4047","국민행복 삼성카드 V2","삼성","credit","active","needs_review","쇼핑, 보육, 생활요금 7% 할인","0","300000","쇼핑, 보육, 생활요금 7% 할인","20000","2026-06-10","국민행복카드 | 쇼핑 | 의료","네이버 카드 검색 원본을 기준으로 만든 임시 랭킹 데이터입니다. | 통합 할인한도, 실적 제외, 할인받은 매출의 실적 포함 여부는 공식 상품설명서로 추가 검증이 필요합니다.","국민행복카드, 쇼핑, 의료 영역 혜택 정보가 수집되었습니다.","상세 한도와 제외 조건은 아직 검증 전입니다.","2026-06-11T11:14:42.801Z"
"naver-card-10596","10596","삼성 iD STATION 카드 (HD현대오일뱅크)","삼성","credit","active","needs_review","HD현대오일뱅크 주유 10% 할인","15000","400000","HD현대오일뱅크 주유 10% 할인","20000","2026-06-10","주유 | 통신 | 편의점","네이버 카드 검색 원본을 기준으로 만든 임시 랭킹 데이터입니다. | 통합 할인한도, 실적 제외, 할인받은 매출의 실적 포함 여부는 공식 상품설명서로 추가 검증이 필요합니다.","주유, 통신, 편의점 영역 혜택 정보가 수집되었습니다.","상세 한도와 제외 조건은 아직 검증 전입니다.","2026-06-11T11:14:42.801Z"
"naver-card-1695","1695","삼성페이 삼성카드 taptap","삼성","credit","active","needs_review","삼성페이 10%, 통신비 10% 할인","10000","300000","삼성페이 10%, 통신비 10% 할인","20000","2026-06-10","간편결제 | 통신 | 영화","네이버 카드 검색 원본을 기준으로 만든 임시 랭킹 데이터입니다. | 통합 할인한도, 실적 제외, 할인받은 매출의 실적 포함 여부는 공식 상품설명서로 추가 검증이 필요합니다.","간편결제, 통신, 영화 영역 혜택 정보가 수집되었습니다.","상세 한도와 제외 조건은 아직 검증 전입니다.","2026-06-11T11:14:42.801Z"
"naver-card-10284","10284","MY S-OIL 삼성카드","삼성","credit","active","needs_review","S-OIL 주유 10% 할인","20000","300000","S-OIL 주유 10% 할인","30000","2026-06-10","주유 | 포인트/캐시백 | 카페/베이커리","네이버 카드 검색 원본을 기준으로 만든 임시 랭킹 데이터입니다. | 통합 할인한도, 실적 제외, 할인받은 매출의 실적 포함 여부는 공식 상품설명서로 추가 검증이 필요합니다.","주유, 포인트/캐시백, 카페/베이커리 영역 혜택 정보가 수집되었습니다.","상세 한도와 제외 조건은 아직 검증 전입니다.","2026-06-11T11:14:42.801Z"
"naver-card-10552","10552","BC 바로 Air Master카드","BC","credit","active","needs_review","전월 실적 없이 마일리지 적립!","29000","500000","전월 실적 없이 마일리지 적립!","10000","2026-06-10","항공마일리지","네이버 카드 검색 원본을 기준으로 만든 임시 랭킹 데이터입니다. | 통합 할인한도, 실적 제외, 할인받은 매출의 실적 포함 여부는 공식 상품설명서로 추가 검증이 필요합니다.","항공마일리지 영역 혜택 정보가 수집되었습니다.","상세 한도와 제외 조건은 아직 검증 전입니다.","2026-06-11T11:14:42.801Z"
"naver-card-10071","10071","LOCA LIKIT","롯데","credit","active","needs_review","연 최대 42만원 할인 혜택!","10000","400000","연 최대 42만원 할인 혜택!","20000","2026-06-10","카페/베이커리 | 영화 | 대중교통","네이버 카드 검색 원본을 기준으로 만든 임시 랭킹 데이터입니다. | 통합 할인한도, 실적 제외, 할인받은 매출의 실적 포함 여부는 공식 상품설명서로 추가 검증이 필요합니다.","카페/베이커리, 영화, 대중교통 영역 혜택 정보가 수집되었습니다.","상세 한도와 제외 조건은 아직 검증 전입니다.","2026-06-11T11:14:42.801Z"
"naver-card-3959","3959","아메리칸 엑스프레스 블루","삼성","credit","active","needs_review","전월실적 관계없이 해외 5% 적립 /","15000","300000","전월실적 관계없이 해외 5% 적립 /","100000","2026-06-10","포인트/캐시백 | 편의점 | 외식","네이버 카드 검색 원본을 기준으로 만든 임시 랭킹 데이터입니다. | 통합 할인한도, 실적 제외, 할인받은 매출의 실적 포함 여부는 공식 상품설명서로 추가 검증이 필요합니다.","포인트/캐시백, 편의점, 외식 영역 혜택 정보가 수집되었습니다.","상세 한도와 제외 조건은 아직 검증 전입니다.","2026-06-11T11:14:42.801Z"
"naver-card-10593","10593","E1 우리카드","우리","credit","active","needs_review","E1 충전소부터 일상 영역 10%할인","20000","0","E1 충전소부터 일상 영역 10%할인","15000","2026-06-10","주유 | 편의점 | 카페/베이커리","네이버 카드 검색 원본을 기준으로 만든 임시 랭킹 데이터입니다. | 통합 할인한도, 실적 제외, 할인받은 매출의 실적 포함 여부는 공식 상품설명서로 추가 검증이 필요합니다.","주유, 편의점, 카페/베이커리 영역 혜택 정보가 수집되었습니다.","상세 한도와 제외 조건은 아직 검증 전입니다.","2026-06-11T11:14:42.801Z"
"naver-card-10512","10512","우리카드 7CORE","우리","credit","active","needs_review","쇼핑·마트·외식·카페까지 10% 할인","50000","500000","쇼핑·마트·외식·카페까지 10% 할인","32000","2026-06-10","쇼핑 | 대형마트 | 외식","네이버 카드 검색 원본을 기준으로 만든 임시 랭킹 데이터입니다. | 통합 할인한도, 실적 제외, 할인받은 매출의 실적 포함 여부는 공식 상품설명서로 추가 검증이 필요합니다.","쇼핑, 대형마트, 외식 영역 혜택 정보가 수집되었습니다.","상세 한도와 제외 조건은 아직 검증 전입니다.","2026-06-11T11:14:42.801Z"
"naver-card-10511","10511","KTX 삼성카드","삼성","credit","active","needs_review","KTX승차권 결제시 최대 5.5%적립","20000","400000","KTX승차권 결제시 최대 5.5%적립","20000","2026-06-10","포인트/캐시백 | 카페/베이커리 | 편의점","네이버 카드 검색 원본을 기준으로 만든 임시 랭킹 데이터입니다. | 통합 할인한도, 실적 제외, 할인받은 매출의 실적 포함 여부는 공식 상품설명서로 추가 검증이 필요합니다.","포인트/캐시백, 카페/베이커리, 편의점 영역 혜택 정보가 수집되었습니다.","상세 한도와 제외 조건은 아직 검증 전입니다.","2026-06-11T11:14:42.801Z"
"naver-card-10554","10554","BC 바로 ZONE 카드","BC","credit","active","needs_review","커피, 배달, 외식 7% 결제일 할인","19000","0","커피, 배달, 외식 7% 결제일 할인","20000","2026-06-10","외식 | 카페/베이커리 | 쇼핑","네이버 카드 검색 원본을 기준으로 만든 임시 랭킹 데이터입니다. | 통합 할인한도, 실적 제외, 할인받은 매출의 실적 포함 여부는 공식 상품설명서로 추가 검증이 필요합니다.","외식, 카페/베이커리, 쇼핑 영역 혜택 정보가 수집되었습니다.","상세 한도와 제외 조건은 아직 검증 전입니다.","2026-06-11T11:14:42.801Z"
"naver-card-10454","10454","K-패스엔로카","롯데","credit","active","needs_review","버스/지하철 최대 1.5만원 할인","20000","400000","버스/지하철 최대 1.5만원 할인","20000","2026-06-10","대중교통 | 카페/베이커리 | 편의점","네이버 카드 검색 원본을 기준으로 만든 임시 랭킹 데이터입니다. | 통합 할인한도, 실적 제외, 할인받은 매출의 실적 포함 여부는 공식 상품설명서로 추가 검증이 필요합니다.","대중교통, 카페/베이커리, 편의점 영역 혜택 정보가 수집되었습니다.","상세 한도와 제외 조건은 아직 검증 전입니다.","2026-06-11T11:14:42.801Z"
"naver-card-3856","3856","LOCA CLASSIC (로카 클래식)","롯데","credit","active","needs_review","전월 실적 없이 0.5% 기본 할인","20000","500000","전월 실적 없이 0.5% 기본 할인","32000","2026-06-10","언제나할인 | 쇼핑 | 카페/베이커리","네이버 카드 검색 원본을 기준으로 만든 임시 랭킹 데이터입니다. | 통합 할인한도, 실적 제외, 할인받은 매출의 실적 포함 여부는 공식 상품설명서로 추가 검증이 필요합니다.","언제나할인, 쇼핑, 카페/베이커리 영역 혜택 정보가 수집되었습니다.","상세 한도와 제외 조건은 아직 검증 전입니다.","2026-06-11T11:14:42.801Z"
"naver-card-10536","10536","우리카드 MILE&POINT","우리","credit","active","needs_review","해외가맹점 1,500원당 최대 2마일","75000","500000","해외가맹점 1,500원당 최대 2마일","24000","2026-06-10","항공마일리지 | 포인트/캐시백 | 프리미엄","네이버 카드 검색 원본을 기준으로 만든 임시 랭킹 데이터입니다. | 통합 할인한도, 실적 제외, 할인받은 매출의 실적 포함 여부는 공식 상품설명서로 추가 검증이 필요합니다.","항공마일리지, 포인트/캐시백, 프리미엄 영역 혜택 정보가 수집되었습니다.","상세 한도와 제외 조건은 아직 검증 전입니다.","2026-06-11T11:14:42.801Z"
"naver-card-10106","10106","LOCA LIKIT Eat","롯데","credit","active","needs_review","음식점·배달앱·커피 60% 할인","10000","400000","음식점·배달앱·커피 60% 할인","15000","2026-06-10","외식 | 카페/베이커리 | 쇼핑","네이버 카드 검색 원본을 기준으로 만든 임시 랭킹 데이터입니다. | 통합 할인한도, 실적 제외, 할인받은 매출의 실적 포함 여부는 공식 상품설명서로 추가 검증이 필요합니다.","외식, 카페/베이커리, 쇼핑 영역 혜택 정보가 수집되었습니다.","상세 한도와 제외 조건은 아직 검증 전입니다.","2026-06-11T11:14:42.801Z"
"naver-card-10391","10391","디지로카 Wellness","롯데","credit","active","needs_review","피부과, 성형외과 등 최대 7%캐시백","30000","500000","피부과, 성형외과 등 최대 7%캐시백","16000","2026-06-10","뷰티 | 의료 | 레저","네이버 카드 검색 원본을 기준으로 만든 임시 랭킹 데이터입니다. | 통합 할인한도, 실적 제외, 할인받은 매출의 실적 포함 여부는 공식 상품설명서로 추가 검증이 필요합니다.","뷰티, 의료, 레저 영역 혜택 정보가 수집되었습니다.","상세 한도와 제외 조건은 아직 검증 전입니다.","2026-06-11T11:14:42.801Z"
"naver-card-10600","10600","BLISS Point (IBK포인트)","IB","credit","active","needs_review","실적에 따른 기본적립 및 특화적립","99000","500000","실적에 따른 기본적립 및 특화적립","16000","2026-06-10","포인트/캐시백 | 바우처 | 프리미엄","네이버 카드 검색 원본을 기준으로 만든 임시 랭킹 데이터입니다. | 통합 할인한도, 실적 제외, 할인받은 매출의 실적 포함 여부는 공식 상품설명서로 추가 검증이 필요합니다.","포인트/캐시백, 바우처, 프리미엄 영역 혜택 정보가 수집되었습니다.","상세 한도와 제외 조건은 아직 검증 전입니다.","2026-06-11T11:14:42.801Z"
"naver-card-10267","10267","KB국민 K-패스카드","KB국민","credit","active","needs_review","버스, 지하철 10% 할인","8000","300000","버스, 지하철 10% 할인","20000","2026-06-10","대중교통 | 통신 | 카페/베이커리","네이버 카드 검색 원본을 기준으로 만든 임시 랭킹 데이터입니다. | 통합 할인한도, 실적 제외, 할인받은 매출의 실적 포함 여부는 공식 상품설명서로 추가 검증이 필요합니다.","대중교통, 통신, 카페/베이커리 영역 혜택 정보가 수집되었습니다.","상세 한도와 제외 조건은 아직 검증 전입니다.","2026-06-11T11:14:42.801Z"
"naver-card-10376","10376","카드의정석 TEN","우리","credit","active","needs_review","커피·편의점·교통·통신까지 10%할인","12000","400000","커피·편의점·교통·통신까지 10%할인","20000","2026-06-10","카페/베이커리 | 편의점 | 대중교통","네이버 카드 검색 원본을 기준으로 만든 임시 랭킹 데이터입니다. | 통합 할인한도, 실적 제외, 할인받은 매출의 실적 포함 여부는 공식 상품설명서로 추가 검증이 필요합니다.","카페/베이커리, 편의점, 대중교통 영역 혜택 정보가 수집되었습니다.","상세 한도와 제외 조건은 아직 검증 전입니다.","2026-06-11T11:14:42.801Z"
"naver-card-10344","10344","D4카드의정석Ⅱ","우리","credit","active","needs_review","커피 55%, 대중교통 33%","12000","300000","커피 55%, 대중교통 33%","20000","2026-06-10","카페/베이커리 | 대중교통 | 편의점","네이버 카드 검색 원본을 기준으로 만든 임시 랭킹 데이터입니다. | 통합 할인한도, 실적 제외, 할인받은 매출의 실적 포함 여부는 공식 상품설명서로 추가 검증이 필요합니다.","카페/베이커리, 대중교통, 편의점 영역 혜택 정보가 수집되었습니다.","상세 한도와 제외 조건은 아직 검증 전입니다.","2026-06-11T11:14:42.801Z"
"naver-card-10553","10553","BC 바로 Air Max 카드","BC","credit","active","needs_review","대한항공 마일리지 최대 2마일 적립","43000","500000","대한항공 마일리지 최대 2마일 적립","16000","2026-06-10","항공마일리지 | 관리비","네이버 카드 검색 원본을 기준으로 만든 임시 랭킹 데이터입니다. | 통합 할인한도, 실적 제외, 할인받은 매출의 실적 포함 여부는 공식 상품설명서로 추가 검증이 필요합니다.","항공마일리지, 관리비 영역 혜택 정보가 수집되었습니다.","상세 한도와 제외 조건은 아직 검증 전입니다.","2026-06-11T11:14:42.801Z"
"naver-card-10492","10492","카드의정석2","우리","credit","active","needs_review","카드의정석은 일상이 1.2% 할인혜택","22000","500000","카드의정석은 일상이 1.2% 할인혜택","32000","2026-06-10","언제나할인 | 쇼핑 | 카페/베이커리","네이버 카드 검색 원본을 기준으로 만든 임시 랭킹 데이터입니다. | 통합 할인한도, 실적 제외, 할인받은 매출의 실적 포함 여부는 공식 상품설명서로 추가 검증이 필요합니다.","언제나할인, 쇼핑, 카페/베이커리 영역 혜택 정보가 수집되었습니다.","상세 한도와 제외 조건은 아직 검증 전입니다.","2026-06-11T11:14:42.801Z"
"naver-card-2226","2226","경차 smart 롯데카드","롯데","credit","active","needs_review","연간 30만원 경차 유류세 환급","0","300000","연간 30만원 경차 유류세 환급","20000","2026-06-10","경차유류환급 | 주유 | 오토","네이버 카드 검색 원본을 기준으로 만든 임시 랭킹 데이터입니다. | 통합 할인한도, 실적 제외, 할인받은 매출의 실적 포함 여부는 공식 상품설명서로 추가 검증이 필요합니다.","경차유류환급, 주유, 오토 영역 혜택 정보가 수집되었습니다.","상세 한도와 제외 조건은 아직 검증 전입니다.","2026-06-11T11:14:42.801Z"
"naver-card-10107","10107","LOCA LIKIT Shop","롯데","credit","active","needs_review","놓칠 수 없는 온라인쇼핑 60% 할인","10000","400000","놓칠 수 없는 온라인쇼핑 60% 할인","15000","2026-06-10","쇼핑 | 뷰티 | 편의점","네이버 카드 검색 원본을 기준으로 만든 임시 랭킹 데이터입니다. | 통합 할인한도, 실적 제외, 할인받은 매출의 실적 포함 여부는 공식 상품설명서로 추가 검증이 필요합니다.","쇼핑, 뷰티, 편의점 영역 혜택 정보가 수집되었습니다.","상세 한도와 제외 조건은 아직 검증 전입니다.","2026-06-11T11:14:42.801Z"
"naver-card-10348","10348","카드의정석 I&U+","우리","credit","active","needs_review","대중교통∙주유∙카페/베이커리","12000","300000","대중교통∙주유∙카페/베이커리","20000","2026-06-10","언제나할인 | 주유 | 대중교통","네이버 카드 검색 원본을 기준으로 만든 임시 랭킹 데이터입니다. | 통합 할인한도, 실적 제외, 할인받은 매출의 실적 포함 여부는 공식 상품설명서로 추가 검증이 필요합니다.","언제나할인, 주유, 대중교통 영역 혜택 정보가 수집되었습니다.","상세 한도와 제외 조건은 아직 검증 전입니다.","2026-06-11T11:14:42.801Z"
"naver-card-10504","10504","코웨이 X LOCA","롯데","credit","active","needs_review","코웨이 최대 2.7만원 할인","20000","300000","코웨이 최대 2.7만원 할인","10000","2026-06-10","렌탈","네이버 카드 검색 원본을 기준으로 만든 임시 랭킹 데이터입니다. | 통합 할인한도, 실적 제외, 할인받은 매출의 실적 포함 여부는 공식 상품설명서로 추가 검증이 필요합니다.","렌탈 영역 혜택 정보가 수집되었습니다.","상세 한도와 제외 조건은 아직 검증 전입니다.","2026-06-11T11:14:42.801Z"
"naver-card-10039","10039","KB국민행복카드","KB국민","credit","active","needs_review","임신중독증 등 단체보험 무료가입","0","400000","임신중독증 등 단체보험 무료가입","20000","2026-06-10","국민행복카드 | 금융 | 쇼핑","네이버 카드 검색 원본을 기준으로 만든 임시 랭킹 데이터입니다. | 통합 할인한도, 실적 제외, 할인받은 매출의 실적 포함 여부는 공식 상품설명서로 추가 검증이 필요합니다.","국민행복카드, 금융, 쇼핑 영역 혜택 정보가 수집되었습니다.","상세 한도와 제외 조건은 아직 검증 전입니다.","2026-06-11T11:14:42.801Z"
"naver-card-10338","10338","현대카드Z work Edition2","현대","credit","active","needs_review","쇼핑·카페·도서·편의점 10% 할인","20000","500000","쇼핑·카페·도서·편의점 10% 할인","32000","2026-06-10","쇼핑 | 편의점 | 카페/베이커리","네이버 카드 검색 원본을 기준으로 만든 임시 랭킹 데이터입니다. | 통합 할인한도, 실적 제외, 할인받은 매출의 실적 포함 여부는 공식 상품설명서로 추가 검증이 필요합니다.","쇼핑, 편의점, 카페/베이커리 영역 혜택 정보가 수집되었습니다.","상세 한도와 제외 조건은 아직 검증 전입니다.","2026-06-11T11:14:42.801Z"
"naver-card-10403","10403","카드의정석 EVERY DISCOUNT","우리","credit","active","needs_review","국내 가맹점 0.8% 기본 청구할인","12000","0","국내 가맹점 0.8% 기본 청구할인","20000","2026-06-10","언제나할인 | 간편결제 | 쇼핑","네이버 카드 검색 원본을 기준으로 만든 임시 랭킹 데이터입니다. | 통합 할인한도, 실적 제외, 할인받은 매출의 실적 포함 여부는 공식 상품설명서로 추가 검증이 필요합니다.","언제나할인, 간편결제, 쇼핑 영역 혜택 정보가 수집되었습니다.","상세 한도와 제외 조건은 아직 검증 전입니다.","2026-06-11T11:14:42.801Z"
"naver-card-10514","10514","디지로카 Travel","롯데","credit","active","needs_review","트래블마일 최대 3% 특별 적립","20000","0","트래블마일 최대 3% 특별 적립","10000","2026-06-10","포인트/캐시백","네이버 카드 검색 원본을 기준으로 만든 임시 랭킹 데이터입니다. | 통합 할인한도, 실적 제외, 할인받은 매출의 실적 포함 여부는 공식 상품설명서로 추가 검증이 필요합니다.","포인트/캐시백 영역 혜택 정보가 수집되었습니다.","상세 한도와 제외 조건은 아직 검증 전입니다.","2026-06-11T11:14:42.801Z"
"naver-card-10509","10509","Trip to 로카","롯데","credit","active","needs_review","국내 가맹점 한도 없이 1.2% 할인","20000","300000","국내 가맹점 한도 없이 1.2% 할인","20000","2026-06-10","언제나할인 | 카페/베이커리 | 쇼핑","네이버 카드 검색 원본을 기준으로 만든 임시 랭킹 데이터입니다. | 통합 할인한도, 실적 제외, 할인받은 매출의 실적 포함 여부는 공식 상품설명서로 추가 검증이 필요합니다.","언제나할인, 카페/베이커리, 쇼핑 영역 혜택 정보가 수집되었습니다.","상세 한도와 제외 조건은 아직 검증 전입니다.","2026-06-11T11:14:42.801Z"
"naver-card-10130","10130","삼성카드 BIZ LEADERS","삼성","credit","active","needs_review","4대 사회보험·손해보험 10% 할인","20000","500000","4대 사회보험·손해보험 10% 할인","32000","2026-06-10","언제나할인 | 쇼핑 | 주유","네이버 카드 검색 원본을 기준으로 만든 임시 랭킹 데이터입니다. | 통합 할인한도, 실적 제외, 할인받은 매출의 실적 포함 여부는 공식 상품설명서로 추가 검증이 필요합니다.","언제나할인, 쇼핑, 주유 영역 혜택 정보가 수집되었습니다.","상세 한도와 제외 조건은 아직 검증 전입니다.","2026-06-11T11:14:42.801Z"
"naver-card-10323","10323","현대카드ZERO Edition3(포인트형)","현대","credit","active","needs_review","국내외 가맹점 실적 조건없이 적립","15000","0","국내외 가맹점 실적 조건없이 적립","20000","2026-06-10","포인트/캐시백 | 대중교통 | 간편결제","네이버 카드 검색 원본을 기준으로 만든 임시 랭킹 데이터입니다. | 통합 할인한도, 실적 제외, 할인받은 매출의 실적 포함 여부는 공식 상품설명서로 추가 검증이 필요합니다.","포인트/캐시백, 대중교통, 간편결제 영역 혜택 정보가 수집되었습니다.","상세 한도와 제외 조건은 아직 검증 전입니다.","2026-06-11T11:14:42.801Z"
"naver-card-10347","10347","카드의정석 EVERY POINT","우리","credit","active","needs_review","국내외 가맹점 0.8% 기본 적립","12000","0","국내외 가맹점 0.8% 기본 적립","20000","2026-06-10","포인트/캐시백 | 쇼핑 | 카페/베이커리","네이버 카드 검색 원본을 기준으로 만든 임시 랭킹 데이터입니다. | 통합 할인한도, 실적 제외, 할인받은 매출의 실적 포함 여부는 공식 상품설명서로 추가 검증이 필요합니다.","포인트/캐시백, 쇼핑, 카페/베이커리 영역 혜택 정보가 수집되었습니다.","상세 한도와 제외 조건은 아직 검증 전입니다.","2026-06-11T11:14:42.801Z"
"naver-card-10601","10601","BLISS Mileage (대한항공)","IB","credit","active","needs_review","실적에 따른 기본적립 및 특화적립","99000","500000","실적에 따른 기본적립 및 특화적립","24000","2026-06-10","항공마일리지 | 바우처 | 프리미엄","네이버 카드 검색 원본을 기준으로 만든 임시 랭킹 데이터입니다. | 통합 할인한도, 실적 제외, 할인받은 매출의 실적 포함 여부는 공식 상품설명서로 추가 검증이 필요합니다.","항공마일리지, 바우처, 프리미엄 영역 혜택 정보가 수집되었습니다.","상세 한도와 제외 조건은 아직 검증 전입니다.","2026-06-11T11:14:42.801Z"
"naver-card-10134","10134","삼성 BIZ iD BENEFIT 카드","삼성","credit","active","needs_review","사업 필수 경비 1.5% 할인","30000","500000","사업 필수 경비 1.5% 할인","32000","2026-06-10","언제나할인 | 금융 | 관리비","네이버 카드 검색 원본을 기준으로 만든 임시 랭킹 데이터입니다. | 통합 할인한도, 실적 제외, 할인받은 매출의 실적 포함 여부는 공식 상품설명서로 추가 검증이 필요합니다.","언제나할인, 금융, 관리비 영역 혜택 정보가 수집되었습니다.","상세 한도와 제외 조건은 아직 검증 전입니다.","2026-06-11T11:14:42.801Z"
"naver-card-10357","10357","KT 마이알뜰폰 BC 바로카드","BC","credit","active","needs_review","KT 알뜰폰통신비 최대1만3천원 할인","20000","300000","KT 알뜰폰통신비 최대1만3천원 할인","10000","2026-06-10","통신 | 주유","네이버 카드 검색 원본을 기준으로 만든 임시 랭킹 데이터입니다. | 통합 할인한도, 실적 제외, 할인받은 매출의 실적 포함 여부는 공식 상품설명서로 추가 검증이 필요합니다.","통신, 주유 영역 혜택 정보가 수집되었습니다.","상세 한도와 제외 조건은 아직 검증 전입니다.","2026-06-11T11:14:42.801Z"
"naver-card-10317","10317","어디로든 그린카드 X LOCA","롯데","credit","active","needs_review","에코머니 포인트 최대 40% 적립","15000","300000","에코머니 포인트 최대 40% 적립","40000","2026-06-10","주유 | 레저 | 대중교통","네이버 카드 검색 원본을 기준으로 만든 임시 랭킹 데이터입니다. | 통합 할인한도, 실적 제외, 할인받은 매출의 실적 포함 여부는 공식 상품설명서로 추가 검증이 필요합니다.","주유, 레저, 대중교통 영역 혜택 정보가 수집되었습니다.","상세 한도와 제외 조건은 아직 검증 전입니다.","2026-06-11T11:14:42.801Z"
"naver-card-10354","10354","IBK K-패스(신용)","IB","credit","active","needs_review","대중교통 최대 300원 할인","2000","200000","대중교통 최대 300원 할인","20000","2026-06-10","주유 | 통신 | 외식","네이버 카드 검색 원본을 기준으로 만든 임시 랭킹 데이터입니다. | 통합 할인한도, 실적 제외, 할인받은 매출의 실적 포함 여부는 공식 상품설명서로 추가 검증이 필요합니다.","주유, 통신, 외식 영역 혜택 정보가 수집되었습니다.","상세 한도와 제외 조건은 아직 검증 전입니다.","2026-06-11T11:14:42.801Z"
"naver-card-10337","10337","현대카드Z family Edition2","현대","credit","active","needs_review","쇼핑·학원·주유·관리비 10% 할인","20000","500000","쇼핑·학원·주유·관리비 10% 할인","32000","2026-06-10","쇼핑 | 의료 | 교육","네이버 카드 검색 원본을 기준으로 만든 임시 랭킹 데이터입니다. | 통합 할인한도, 실적 제외, 할인받은 매출의 실적 포함 여부는 공식 상품설명서로 추가 검증이 필요합니다.","쇼핑, 의료, 교육 영역 혜택 정보가 수집되었습니다.","상세 한도와 제외 조건은 아직 검증 전입니다.","2026-06-11T11:14:42.801Z"
"naver-card-10169","10169","BC 바로 클리어 플러스","BC","credit","active","needs_review","넷플릭스,편의점등 일상 FLEX카드","5000","150000","넷플릭스,편의점등 일상 FLEX카드","20000","2026-06-10","문화 | 쇼핑 | 통신","네이버 카드 검색 원본을 기준으로 만든 임시 랭킹 데이터입니다. | 통합 할인한도, 실적 제외, 할인받은 매출의 실적 포함 여부는 공식 상품설명서로 추가 검증이 필요합니다.","문화, 쇼핑, 통신 영역 혜택 정보가 수집되었습니다.","상세 한도와 제외 조건은 아직 검증 전입니다.","2026-06-11T11:14:42.801Z"
"naver-card-10340","10340","I-MILEAGE(대한항공)","IB","credit","active","needs_review","대한항공 1천원당 1마일리지 적립","41000","500000","대한항공 1천원당 1마일리지 적립","24000","2026-06-10","항공마일리지 | 프리미엄 | 카페/베이커리","네이버 카드 검색 원본을 기준으로 만든 임시 랭킹 데이터입니다. | 통합 할인한도, 실적 제외, 할인받은 매출의 실적 포함 여부는 공식 상품설명서로 추가 검증이 필요합니다.","항공마일리지, 프리미엄, 카페/베이커리 영역 혜택 정보가 수집되었습니다.","상세 한도와 제외 조건은 아직 검증 전입니다.","2026-06-11T11:14:42.801Z"
"naver-card-10485","10485","신한카드 Discount Plan+","신한","credit","active","needs_review","넷플릭스, 네이버플러스 20% 할인","50000","400000","넷플릭스, 네이버플러스 20% 할인","20000","2026-06-10","외식 | 편의점 | 쇼핑","네이버 카드 검색 원본을 기준으로 만든 임시 랭킹 데이터입니다. | 통합 할인한도, 실적 제외, 할인받은 매출의 실적 포함 여부는 공식 상품설명서로 추가 검증이 필요합니다.","외식, 편의점, 쇼핑 영역 혜택 정보가 수집되었습니다.","상세 한도와 제외 조건은 아직 검증 전입니다.","2026-06-11T11:14:42.801Z"
"naver-card-10334","10334","현대카드M","현대","credit","active","needs_review","국내외 가맹점 1.5% M포인트 적립","30000","500000","국내외 가맹점 1.5% M포인트 적립","32000","2026-06-10","포인트/캐시백 | 쇼핑 | 외식","네이버 카드 검색 원본을 기준으로 만든 임시 랭킹 데이터입니다. | 통합 할인한도, 실적 제외, 할인받은 매출의 실적 포함 여부는 공식 상품설명서로 추가 검증이 필요합니다.","포인트/캐시백, 쇼핑, 외식 영역 혜택 정보가 수집되었습니다.","상세 한도와 제외 조건은 아직 검증 전입니다.","2026-06-11T11:14:42.801Z"
"naver-card-10502","10502","쿠쿠 X LOCA","롯데","credit","active","needs_review","쿠쿠 최대 2.7만원 할인","20000","300000","쿠쿠 최대 2.7만원 할인","10000","2026-06-10","렌탈","네이버 카드 검색 원본을 기준으로 만든 임시 랭킹 데이터입니다. | 통합 할인한도, 실적 제외, 할인받은 매출의 실적 포함 여부는 공식 상품설명서로 추가 검증이 필요합니다.","렌탈 영역 혜택 정보가 수집되었습니다.","상세 한도와 제외 조건은 아직 검증 전입니다.","2026-06-11T11:14:42.801Z"
"naver-card-10534","10534","현대카드T","현대","credit","active","needs_review","해외 가맹점 2% 청구 할인","15000","0","해외 가맹점 2% 청구 할인","20000","2026-06-10","언제나할인 | 간편결제 | 쇼핑","네이버 카드 검색 원본을 기준으로 만든 임시 랭킹 데이터입니다. | 통합 할인한도, 실적 제외, 할인받은 매출의 실적 포함 여부는 공식 상품설명서로 추가 검증이 필요합니다.","언제나할인, 간편결제, 쇼핑 영역 혜택 정보가 수집되었습니다.","상세 한도와 제외 조건은 아직 검증 전입니다.","2026-06-11T11:14:42.801Z"
"naver-card-10497","10497","현대카드 ZERO Up","현대","credit","active","needs_review","실적·한도 없이 0.8% 청구 할인","30000","0","실적·한도 없이 0.8% 청구 할인","20000","2026-06-10","포인트/캐시백 | 프리미엄 | 대형마트","네이버 카드 검색 원본을 기준으로 만든 임시 랭킹 데이터입니다. | 통합 할인한도, 실적 제외, 할인받은 매출의 실적 포함 여부는 공식 상품설명서로 추가 검증이 필요합니다.","포인트/캐시백, 프리미엄, 대형마트 영역 혜택 정보가 수집되었습니다.","상세 한도와 제외 조건은 아직 검증 전입니다.","2026-06-11T11:14:42.801Z"
"naver-card-10580","10580","우리카드 UniMile","우리","credit","active","needs_review","6대 LCC항공사 최대 3% 적립!","33000","500000","6대 LCC항공사 최대 3% 적립!","16000","2026-06-10","포인트/캐시백 | 간편결제 | 프리미엄","네이버 카드 검색 원본을 기준으로 만든 임시 랭킹 데이터입니다. | 통합 할인한도, 실적 제외, 할인받은 매출의 실적 포함 여부는 공식 상품설명서로 추가 검증이 필요합니다.","포인트/캐시백, 간편결제, 프리미엄 영역 혜택 정보가 수집되었습니다.","상세 한도와 제외 조건은 아직 검증 전입니다.","2026-06-11T11:14:42.801Z"
"naver-card-10398","10398","BC 바로 MACAO 카드","BC","credit","active","needs_review","국내 주유소에서 최대 10% 할인","12000","0","국내 주유소에서 최대 10% 할인","20000","2026-06-10","주유 | 쇼핑 | 대형마트","네이버 카드 검색 원본을 기준으로 만든 임시 랭킹 데이터입니다. | 통합 할인한도, 실적 제외, 할인받은 매출의 실적 포함 여부는 공식 상품설명서로 추가 검증이 필요합니다.","주유, 쇼핑, 대형마트 영역 혜택 정보가 수집되었습니다.","상세 한도와 제외 조건은 아직 검증 전입니다.","2026-06-11T11:14:42.801Z"
"naver-card-10428","10428","LOCA X 기후동행카드","롯데","credit","active","needs_review","국내 가맹점 한도 없이 0.5% 할인","10000","300000","국내 가맹점 한도 없이 0.5% 할인","20000","2026-06-10","언제나할인 | 대중교통 | 쇼핑","네이버 카드 검색 원본을 기준으로 만든 임시 랭킹 데이터입니다. | 통합 할인한도, 실적 제외, 할인받은 매출의 실적 포함 여부는 공식 상품설명서로 추가 검증이 필요합니다.","언제나할인, 대중교통, 쇼핑 영역 혜택 정보가 수집되었습니다.","상세 한도와 제외 조건은 아직 검증 전입니다.","2026-06-11T11:14:42.801Z"
"naver-card-10447","10447","KB국민 기후동행카드","KB국민","credit","active","needs_review","후불 기후동행카드+생활영역 청구할인","10000","400000","후불 기후동행카드+생활영역 청구할인","20000","2026-06-10","대중교통 | 쇼핑 | 카페/베이커리","네이버 카드 검색 원본을 기준으로 만든 임시 랭킹 데이터입니다. | 통합 할인한도, 실적 제외, 할인받은 매출의 실적 포함 여부는 공식 상품설명서로 추가 검증이 필요합니다.","대중교통, 쇼핑, 카페/베이커리 영역 혜택 정보가 수집되었습니다.","상세 한도와 제외 조건은 아직 검증 전입니다.","2026-06-11T11:14:42.801Z"
"naver-card-10540","10540","BC 바로 On&Off 카드","BC","credit","active","needs_review","4대 생활 영역 최대 10% 할인","5000","300000","4대 생활 영역 최대 10% 할인","2000","2026-06-10","간편결제 | 카페/베이커리 | 대중교통","네이버 카드 검색 원본을 기준으로 만든 임시 랭킹 데이터입니다. | 통합 할인한도, 실적 제외, 할인받은 매출의 실적 포함 여부는 공식 상품설명서로 추가 검증이 필요합니다.","간편결제, 카페/베이커리, 대중교통 영역 혜택 정보가 수집되었습니다.","상세 한도와 제외 조건은 아직 검증 전입니다.","2026-06-11T11:14:42.801Z"
"naver-card-10321","10321","KT DC PLUS BC 바로카드","BC","credit","active","needs_review","kt 통신요금 최대13,000원 할인","12000","300000","kt 통신요금 최대13,000원 할인","10000","2026-06-10","통신 | 주유","네이버 카드 검색 원본을 기준으로 만든 임시 랭킹 데이터입니다. | 통합 할인한도, 실적 제외, 할인받은 매출의 실적 포함 여부는 공식 상품설명서로 추가 검증이 필요합니다.","통신, 주유 영역 혜택 정보가 수집되었습니다.","상세 한도와 제외 조건은 아직 검증 전입니다.","2026-06-11T11:14:42.801Z"
"naver-card-10538","10538","우리카드 the OPUS silver","우리","credit","active","needs_review","2차년도 이상 바우처 최대 13만원","150000","130000","2차년도 이상 바우처 최대 13만원","20000","2026-06-10","바우처 | 포인트/캐시백 | 프리미엄","네이버 카드 검색 원본을 기준으로 만든 임시 랭킹 데이터입니다. | 통합 할인한도, 실적 제외, 할인받은 매출의 실적 포함 여부는 공식 상품설명서로 추가 검증이 필요합니다.","바우처, 포인트/캐시백, 프리미엄 영역 혜택 정보가 수집되었습니다.","상세 한도와 제외 조건은 아직 검증 전입니다.","2026-06-11T11:14:42.801Z"
"naver-card-1360","1360","IBKhi카드","IB","credit","active","needs_review","철도, 고속버스, 택시 5% 할인!","2000","200000","철도, 고속버스, 택시 5% 할인!","20000","2026-06-10","주유 | 외식 | 레저","네이버 카드 검색 원본을 기준으로 만든 임시 랭킹 데이터입니다. | 통합 할인한도, 실적 제외, 할인받은 매출의 실적 포함 여부는 공식 상품설명서로 추가 검증이 필요합니다.","주유, 외식, 레저 영역 혜택 정보가 수집되었습니다.","상세 한도와 제외 조건은 아직 검증 전입니다.","2026-06-11T11:14:42.801Z"
"naver-card-10424","10424","KB국민 하이패스 2.0","KB국민","credit","active","needs_review","하이패스 이용금액 0.1% 적립","2000","0","하이패스 이용금액 0.1% 적립","10000","2026-06-10","하이패스 | 포인트/캐시백","네이버 카드 검색 원본을 기준으로 만든 임시 랭킹 데이터입니다. | 통합 할인한도, 실적 제외, 할인받은 매출의 실적 포함 여부는 공식 상품설명서로 추가 검증이 필요합니다.","하이패스, 포인트/캐시백 영역 혜택 정보가 수집되었습니다.","상세 한도와 제외 조건은 아직 검증 전입니다.","2026-06-11T11:14:42.801Z"
"naver-card-10353","10353","현대카드 Summit","현대","credit","active","needs_review","공항 라운지 무료 이용","200000","150000","공항 라운지 무료 이용","20000","2026-06-10","바우처 | 포인트/캐시백 | 프리미엄","네이버 카드 검색 원본을 기준으로 만든 임시 랭킹 데이터입니다. | 통합 할인한도, 실적 제외, 할인받은 매출의 실적 포함 여부는 공식 상품설명서로 추가 검증이 필요합니다.","바우처, 포인트/캐시백, 프리미엄 영역 혜택 정보가 수집되었습니다.","상세 한도와 제외 조건은 아직 검증 전입니다.","2026-06-11T11:14:42.801Z"
"naver-card-10335","10335","현대카드MM","현대","credit","active","needs_review","국내외 가맹점 1.5% M포인트 적립","70000","500000","국내외 가맹점 1.5% M포인트 적립","32000","2026-06-10","포인트/캐시백 | 쇼핑 | 외식","네이버 카드 검색 원본을 기준으로 만든 임시 랭킹 데이터입니다. | 통합 할인한도, 실적 제외, 할인받은 매출의 실적 포함 여부는 공식 상품설명서로 추가 검증이 필요합니다.","포인트/캐시백, 쇼핑, 외식 영역 혜택 정보가 수집되었습니다.","상세 한도와 제외 조건은 아직 검증 전입니다.","2026-06-11T11:14:42.801Z"
"naver-card-10531","10531","현대카드O","현대","credit","active","needs_review","주유·차량관리 10% 청구 할인","15000","400000","주유·차량관리 10% 청구 할인","20000","2026-06-10","주유 | 오토 | 통신","네이버 카드 검색 원본을 기준으로 만든 임시 랭킹 데이터입니다. | 통합 할인한도, 실적 제외, 할인받은 매출의 실적 포함 여부는 공식 상품설명서로 추가 검증이 필요합니다.","주유, 오토, 통신 영역 혜택 정보가 수집되었습니다.","상세 한도와 제외 조건은 아직 검증 전입니다.","2026-06-11T11:14:42.801Z"
"naver-card-10533","10533","현대카드Z everyday","현대","credit","active","needs_review","9개 영역 5% 청구 할인","20000","500000","9개 영역 5% 청구 할인","32000","2026-06-10","외식 | 주유 | 대형마트","네이버 카드 검색 원본을 기준으로 만든 임시 랭킹 데이터입니다. | 통합 할인한도, 실적 제외, 할인받은 매출의 실적 포함 여부는 공식 상품설명서로 추가 검증이 필요합니다.","외식, 주유, 대형마트 영역 혜택 정보가 수집되었습니다.","상세 한도와 제외 조건은 아직 검증 전입니다.","2026-06-11T11:14:42.801Z"
"naver-card-10503","10503","SK인텔릭스 X LOCA","롯데","credit","active","needs_review","SK인텔릭스구독료 최대2.7만원 할인","20000","300000","SK인텔릭스구독료 최대2.7만원 할인","10000","2026-06-10","렌탈","네이버 카드 검색 원본을 기준으로 만든 임시 랭킹 데이터입니다. | 통합 할인한도, 실적 제외, 할인받은 매출의 실적 포함 여부는 공식 상품설명서로 추가 검증이 필요합니다.","렌탈 영역 혜택 정보가 수집되었습니다.","상세 한도와 제외 조건은 아직 검증 전입니다.","2026-06-11T11:14:42.801Z"
"naver-card-10532","10532","현대카드S","현대","credit","active","needs_review","온∙오프라인 쇼핑 10% 청구 할인","15000","400000","온∙오프라인 쇼핑 10% 청구 할인","20000","2026-06-10","쇼핑 | 대형마트 | 카페/베이커리","네이버 카드 검색 원본을 기준으로 만든 임시 랭킹 데이터입니다. | 통합 할인한도, 실적 제외, 할인받은 매출의 실적 포함 여부는 공식 상품설명서로 추가 검증이 필요합니다.","쇼핑, 대형마트, 카페/베이커리 영역 혜택 정보가 수집되었습니다.","상세 한도와 제외 조건은 아직 검증 전입니다.","2026-06-11T11:14:42.801Z"
"naver-card-10440","10440","BC 바로 기후동행카드","BC","credit","active","needs_review","대중교통 15% 결제일 할인","7000","300000","대중교통 15% 결제일 할인","20000","2026-06-10","대중교통 | 문화 | 쇼핑","네이버 카드 검색 원본을 기준으로 만든 임시 랭킹 데이터입니다. | 통합 할인한도, 실적 제외, 할인받은 매출의 실적 포함 여부는 공식 상품설명서로 추가 검증이 필요합니다.","대중교통, 문화, 쇼핑 영역 혜택 정보가 수집되었습니다.","상세 한도와 제외 조건은 아직 검증 전입니다.","2026-06-11T11:14:42.801Z"
"naver-card-10266","10266","K-22(Mileage)","IB","credit","active","needs_review","전세계 공항라운지 무료이용서비스","219000","500000","전세계 공항라운지 무료이용서비스","32000","2026-06-10","항공마일리지 | 바우처 | 프리미엄","네이버 카드 검색 원본을 기준으로 만든 임시 랭킹 데이터입니다. | 통합 할인한도, 실적 제외, 할인받은 매출의 실적 포함 여부는 공식 상품설명서로 추가 검증이 필요합니다.","항공마일리지, 바우처, 프리미엄 영역 혜택 정보가 수집되었습니다.","상세 한도와 제외 조건은 아직 검증 전입니다.","2026-06-11T11:14:42.801Z"
"naver-card-10413","10413","the Pink Edition2","현대","credit","active","needs_review","프리미엄쇼핑 영역 5% 특별 적립","150000","1000000","프리미엄쇼핑 영역 5% 특별 적립","48000","2026-06-10","바우처 | 포인트/캐시백 | 프리미엄","네이버 카드 검색 원본을 기준으로 만든 임시 랭킹 데이터입니다. | 통합 할인한도, 실적 제외, 할인받은 매출의 실적 포함 여부는 공식 상품설명서로 추가 검증이 필요합니다.","바우처, 포인트/캐시백, 프리미엄 영역 혜택 정보가 수집되었습니다.","상세 한도와 제외 조건은 아직 검증 전입니다.","2026-06-11T11:14:42.801Z"
"naver-card-10490","10490","신한카드 Discount Plan","신한","credit","active","needs_review","넷플릭스, 네이버플러스 20% 할인","15000","400000","넷플릭스, 네이버플러스 20% 할인","20000","2026-06-10","외식 | 편의점 | 쇼핑","네이버 카드 검색 원본을 기준으로 만든 임시 랭킹 데이터입니다. | 통합 할인한도, 실적 제외, 할인받은 매출의 실적 포함 여부는 공식 상품설명서로 추가 검증이 필요합니다.","외식, 편의점, 쇼핑 영역 혜택 정보가 수집되었습니다.","상세 한도와 제외 조건은 아직 검증 전입니다.","2026-06-11T11:14:42.801Z"
"naver-card-1573","1573","기업은행 용인시민카드","IB","credit","active","needs_review","용인시 놀이공원 최대60% 현장할인!","5000","300000","용인시 놀이공원 최대60% 현장할인!","10000","2026-06-10","레저 | 대형마트 | 주유","네이버 카드 검색 원본을 기준으로 만든 임시 랭킹 데이터입니다. | 통합 할인한도, 실적 제외, 할인받은 매출의 실적 포함 여부는 공식 상품설명서로 추가 검증이 필요합니다.","레저, 대형마트, 주유 영역 혜택 정보가 수집되었습니다.","상세 한도와 제외 조건은 아직 검증 전입니다.","2026-06-11T11:14:42.801Z"
"naver-card-10291","10291","I-PET카드","IB","credit","active","needs_review","동물병원 30% 할인","18000","400000","동물병원 30% 할인","10000","2026-06-10","쇼핑 | 카페/베이커리 | 대형마트","네이버 카드 검색 원본을 기준으로 만든 임시 랭킹 데이터입니다. | 통합 할인한도, 실적 제외, 할인받은 매출의 실적 포함 여부는 공식 상품설명서로 추가 검증이 필요합니다.","쇼핑, 카페/베이커리, 대형마트 영역 혜택 정보가 수집되었습니다.","상세 한도와 제외 조건은 아직 검증 전입니다.","2026-06-11T11:14:42.801Z"
"naver-card-10444","10444","신한 후불 기후동행 신용카드","신한","credit","active","needs_review","서울시 대중교통 혜택 적용 카드","9000","400000","서울시 대중교통 혜택 적용 카드","20000","2026-06-10","쇼핑 | 문화 | 외식","네이버 카드 검색 원본을 기준으로 만든 임시 랭킹 데이터입니다. | 통합 할인한도, 실적 제외, 할인받은 매출의 실적 포함 여부는 공식 상품설명서로 추가 검증이 필요합니다.","쇼핑, 문화, 외식 영역 혜택 정보가 수집되었습니다.","상세 한도와 제외 조건은 아직 검증 전입니다.","2026-06-11T11:14:42.801Z"
"naver-card-1715","1715","기업은행 일상의 기쁨카드","IB","credit","active","needs_review","쿠팡 20% 쇼핑할인!","12000","500000","쿠팡 20% 쇼핑할인!","32000","2026-06-10","쇼핑 | 편의점 | 대형마트","네이버 카드 검색 원본을 기준으로 만든 임시 랭킹 데이터입니다. | 통합 할인한도, 실적 제외, 할인받은 매출의 실적 포함 여부는 공식 상품설명서로 추가 검증이 필요합니다.","쇼핑, 편의점, 대형마트 영역 혜택 정보가 수집되었습니다.","상세 한도와 제외 조건은 아직 검증 전입니다.","2026-06-11T11:14:42.801Z"
"naver-card-1889","1889","기업은행 참! 좋은 다이소카드","IB","credit","active","needs_review","다이소매장 30% 할인, 멤버십 적립","12000","300000","다이소매장 30% 할인, 멤버십 적립","12000","2026-06-10","쇼핑 | 뷰티 | 카페/베이커리","네이버 카드 검색 원본을 기준으로 만든 임시 랭킹 데이터입니다. | 통합 할인한도, 실적 제외, 할인받은 매출의 실적 포함 여부는 공식 상품설명서로 추가 검증이 필요합니다.","쇼핑, 뷰티, 카페/베이커리 영역 혜택 정보가 수집되었습니다.","상세 한도와 제외 조건은 아직 검증 전입니다.","2026-06-11T11:14:42.801Z"
"naver-card-1340","1340","참! 좋은 kt wiz 카드","IB","credit","active","needs_review","케이티 위즈파크 입장권 3천원 할인!","5000","300000","케이티 위즈파크 입장권 3천원 할인!","40000","2026-06-10","대형마트 | 주유 | 영화","네이버 카드 검색 원본을 기준으로 만든 임시 랭킹 데이터입니다. | 통합 할인한도, 실적 제외, 할인받은 매출의 실적 포함 여부는 공식 상품설명서로 추가 검증이 필요합니다.","대형마트, 주유, 영화 영역 혜택 정보가 수집되었습니다.","상세 한도와 제외 조건은 아직 검증 전입니다.","2026-06-11T11:14:42.801Z"
"naver-card-10389","10389","디지로카 Auto","롯데","credit","active","needs_review","주유비 리터당 최대 150원 캐시백!","30000","500000","주유비 리터당 최대 150원 캐시백!","16000","2026-06-10","주유 | 납부 혜택","네이버 카드 검색 원본을 기준으로 만든 임시 랭킹 데이터입니다. | 통합 할인한도, 실적 제외, 할인받은 매출의 실적 포함 여부는 공식 상품설명서로 추가 검증이 필요합니다.","주유, 납부 혜택 영역 혜택 정보가 수집되었습니다.","상세 한도와 제외 조건은 아직 검증 전입니다.","2026-06-11T11:14:42.801Z"
"naver-card-10232","10232","IBK i-ALL 카드","IB","credit","active","needs_review","ALL 전월실적조건없음, 할인한도없음","14000","0","ALL 전월실적조건없음, 할인한도없음","20000","2026-06-10","쇼핑 | 외식 | 대형마트","네이버 카드 검색 원본을 기준으로 만든 임시 랭킹 데이터입니다. | 통합 할인한도, 실적 제외, 할인받은 매출의 실적 포함 여부는 공식 상품설명서로 추가 검증이 필요합니다.","쇼핑, 외식, 대형마트 영역 혜택 정보가 수집되었습니다.","상세 한도와 제외 조건은 아직 검증 전입니다.","2026-06-11T11:14:42.801Z"
"naver-card-10591","10591","일년의 설렘카드","IB","credit","active","needs_review","새해 설렘을 한 장에 담다!","10000","0","새해 설렘을 한 장에 담다!","10000","2026-06-10","포인트/캐시백 | 금융 | 레저","네이버 카드 검색 원본을 기준으로 만든 임시 랭킹 데이터입니다. | 통합 할인한도, 실적 제외, 할인받은 매출의 실적 포함 여부는 공식 상품설명서로 추가 검증이 필요합니다.","포인트/캐시백, 금융, 레저 영역 혜택 정보가 수집되었습니다.","상세 한도와 제외 조건은 아직 검증 전입니다.","2026-06-11T11:14:42.801Z"
"naver-card-2345","2345","IBK 국민행복카드","IB","credit","active","needs_review","임신,출산진료비 지원 100만원까지!","0","300000","임신,출산진료비 지원 100만원까지!","20000","2026-06-10","국민행복카드 | 의료 | 쇼핑","네이버 카드 검색 원본을 기준으로 만든 임시 랭킹 데이터입니다. | 통합 할인한도, 실적 제외, 할인받은 매출의 실적 포함 여부는 공식 상품설명서로 추가 검증이 필요합니다.","국민행복카드, 의료, 쇼핑 영역 혜택 정보가 수집되었습니다.","상세 한도와 제외 조건은 아직 검증 전입니다.","2026-06-11T11:14:42.801Z"
"naver-card-1337","1337","IBK-Syrup카드","IB","credit","active","needs_review","IBK와 Syrup이 만났다!","7000","300000","IBK와 Syrup이 만났다!","10000","2026-06-10","포인트/캐시백 | 바우처","네이버 카드 검색 원본을 기준으로 만든 임시 랭킹 데이터입니다. | 통합 할인한도, 실적 제외, 할인받은 매출의 실적 포함 여부는 공식 상품설명서로 추가 검증이 필요합니다.","포인트/캐시백, 바우처 영역 혜택 정보가 수집되었습니다.","상세 한도와 제외 조건은 아직 검증 전입니다.","2026-06-11T11:14:42.801Z"
"naver-card-10194","10194","BC 바로 그린카드","BC","credit","active","needs_review","연회비 면제, 최대 0.8%적립","0","200000","연회비 면제, 최대 0.8%적립","15000","2026-06-10","언제나할인 | 그린카드 | 대중교통","네이버 카드 검색 원본을 기준으로 만든 임시 랭킹 데이터입니다. | 통합 할인한도, 실적 제외, 할인받은 매출의 실적 포함 여부는 공식 상품설명서로 추가 검증이 필요합니다.","언제나할인, 그린카드, 대중교통 영역 혜택 정보가 수집되었습니다.","상세 한도와 제외 조건은 아직 검증 전입니다.","2026-06-11T11:14:42.801Z"
"naver-card-2348","2348","신한카드 경차사랑 Life","신한","credit","active","needs_review","유류세 리터당 250원! 주유 80원","0","300000","유류세 리터당 250원! 주유 80원","20000","2026-06-10","경차유류환급 | 주유 | 편의점","네이버 카드 검색 원본을 기준으로 만든 임시 랭킹 데이터입니다. | 통합 할인한도, 실적 제외, 할인받은 매출의 실적 포함 여부는 공식 상품설명서로 추가 검증이 필요합니다.","경차유류환급, 주유, 편의점 영역 혜택 정보가 수집되었습니다.","상세 한도와 제외 조건은 아직 검증 전입니다.","2026-06-11T11:14:42.801Z"
"naver-card-10265","10265","K-22(Point)","IB","credit","active","needs_review","전세계 공항라운지 무료이용서비스","219000","500000","전세계 공항라운지 무료이용서비스","32000","2026-06-10","포인트/캐시백 | 바우처 | 프리미엄","네이버 카드 검색 원본을 기준으로 만든 임시 랭킹 데이터입니다. | 통합 할인한도, 실적 제외, 할인받은 매출의 실적 포함 여부는 공식 상품설명서로 추가 검증이 필요합니다.","포인트/캐시백, 바우처, 프리미엄 영역 혜택 정보가 수집되었습니다.","상세 한도와 제외 조건은 아직 검증 전입니다.","2026-06-11T11:14:42.801Z"
"naver-card-10594","10594","the Orange","현대","credit","active","needs_review","국내외 가맹점 1% M포인트 적립","200000","500000","국내외 가맹점 1% M포인트 적립","32000","2026-06-10","바우처 | 포인트/캐시백 | 프리미엄","네이버 카드 검색 원본을 기준으로 만든 임시 랭킹 데이터입니다. | 통합 할인한도, 실적 제외, 할인받은 매출의 실적 포함 여부는 공식 상품설명서로 추가 검증이 필요합니다.","바우처, 포인트/캐시백, 프리미엄 영역 혜택 정보가 수집되었습니다.","상세 한도와 제외 조건은 아직 검증 전입니다.","2026-06-11T11:14:42.801Z"
"naver-card-10614","10614","현대카드 하이브리드(Apple Pay Rewards)","현대","credit","active","needs_review","Apple Pay 전용 하이브리드카드","5000","300000","Apple Pay 전용 하이브리드카드","20000","2026-06-10","포인트/캐시백 | 체크카드겸용 | 외식","네이버 카드 검색 원본을 기준으로 만든 임시 랭킹 데이터입니다. | 통합 할인한도, 실적 제외, 할인받은 매출의 실적 포함 여부는 공식 상품설명서로 추가 검증이 필요합니다.","포인트/캐시백, 체크카드겸용, 외식 영역 혜택 정보가 수집되었습니다.","상세 한도와 제외 조건은 아직 검증 전입니다.","2026-06-11T11:14:42.801Z"
"naver-card-10557","10557","해피메이트 ibk카드(신용)","IB","credit","active","needs_review","해피포인트 적립","20000","400000","해피포인트 적립","10000","2026-06-10","쇼핑 | 카페/베이커리 | 포인트/캐시백","네이버 카드 검색 원본을 기준으로 만든 임시 랭킹 데이터입니다. | 통합 할인한도, 실적 제외, 할인받은 매출의 실적 포함 여부는 공식 상품설명서로 추가 검증이 필요합니다.","쇼핑, 카페/베이커리, 포인트/캐시백 영역 혜택 정보가 수집되었습니다.","상세 한도와 제외 조건은 아직 검증 전입니다.","2026-06-11T11:14:42.801Z"
"naver-card-10524","10524","KT Super DC 롯데카드","롯데","credit","active","needs_review","KT 통신비 최대 2만원 할인","23000","300000","KT 통신비 최대 2만원 할인","10000","2026-06-10","통신","네이버 카드 검색 원본을 기준으로 만든 임시 랭킹 데이터입니다. | 통합 할인한도, 실적 제외, 할인받은 매출의 실적 포함 여부는 공식 상품설명서로 추가 검증이 필요합니다.","통신 영역 혜택 정보가 수집되었습니다.","상세 한도와 제외 조건은 아직 검증 전입니다.","2026-06-11T11:14:42.801Z"
"naver-card-10316","10316","ALL 우리카드 Premium","우리","credit","active","needs_review","4천 ALL 리워드 포인트 제공","150000","500000","4천 ALL 리워드 포인트 제공","16000","2026-06-10","바우처 | 포인트/캐시백 | 레저","네이버 카드 검색 원본을 기준으로 만든 임시 랭킹 데이터입니다. | 통합 할인한도, 실적 제외, 할인받은 매출의 실적 포함 여부는 공식 상품설명서로 추가 검증이 필요합니다.","바우처, 포인트/캐시백, 레저 영역 혜택 정보가 수집되었습니다.","상세 한도와 제외 조건은 아직 검증 전입니다.","2026-06-11T11:14:42.801Z"
"naver-card-10639","10639","LG U+ 사장님 통할인 신한카드","신한","credit","active","needs_review","월 최대 4만2천원 통신요금 할인","35000","700000","월 최대 4만2천원 통신요금 할인","42000","2026-06-10","통신","네이버 카드 검색 원본을 기준으로 만든 임시 랭킹 데이터입니다. | 통합 할인한도, 실적 제외, 할인받은 매출의 실적 포함 여부는 공식 상품설명서로 추가 검증이 필요합니다.","통신 영역 혜택 정보가 수집되었습니다.","상세 한도와 제외 조건은 아직 검증 전입니다.","2026-06-11T11:14:42.801Z"
"naver-card-10501","10501","I-기후동행카드(신용)","IB","credit","active","needs_review","카드 실적 달성 시 리빙영역 1%할인","14000","500000","카드 실적 달성 시 리빙영역 1%할인","32000","2026-06-10","외식 | 대형마트 | 카페/베이커리","네이버 카드 검색 원본을 기준으로 만든 임시 랭킹 데이터입니다. | 통합 할인한도, 실적 제외, 할인받은 매출의 실적 포함 여부는 공식 상품설명서로 추가 검증이 필요합니다.","외식, 대형마트, 카페/베이커리 영역 혜택 정보가 수집되었습니다.","상세 한도와 제외 조건은 아직 검증 전입니다.","2026-06-11T11:14:42.801Z"
"naver-card-10613","10613","현대카드 하이브리드(포인트형)","현대","credit","active","needs_review","외식·배달앱 5% 적립","5000","300000","외식·배달앱 5% 적립","20000","2026-06-10","포인트/캐시백 | 체크카드겸용 | 외식","네이버 카드 검색 원본을 기준으로 만든 임시 랭킹 데이터입니다. | 통합 할인한도, 실적 제외, 할인받은 매출의 실적 포함 여부는 공식 상품설명서로 추가 검증이 필요합니다.","포인트/캐시백, 체크카드겸용, 외식 영역 혜택 정보가 수집되었습니다.","상세 한도와 제외 조건은 아직 검증 전입니다.","2026-06-11T11:14:42.801Z"
"naver-card-10299","10299","IBK기업 I-어디로든 그린카드","IB","credit","active","needs_review","친환경자동차 충전시 에코머니40%적립","15000","300000","친환경자동차 충전시 에코머니40%적립","20000","2026-06-10","포인트/캐시백 | 언제나할인 | 카페/베이커리","네이버 카드 검색 원본을 기준으로 만든 임시 랭킹 데이터입니다. | 통합 할인한도, 실적 제외, 할인받은 매출의 실적 포함 여부는 공식 상품설명서로 추가 검증이 필요합니다.","포인트/캐시백, 언제나할인, 카페/베이커리 영역 혜택 정보가 수집되었습니다.","상세 한도와 제외 조건은 아직 검증 전입니다.","2026-06-11T11:14:42.801Z"
"naver-card-10597","10597","트래블로그+(플러스) 신용카드","SK","credit","active","needs_review","특화영역(항공,면세점,여행) 3%적립","20000","0","특화영역(항공,면세점,여행) 3%적립","50000","2026-06-10","포인트/캐시백 | 외화결제","네이버 카드 검색 원본을 기준으로 만든 임시 랭킹 데이터입니다. | 통합 할인한도, 실적 제외, 할인받은 매출의 실적 포함 여부는 공식 상품설명서로 추가 검증이 필요합니다.","포인트/캐시백, 외화결제 영역 혜택 정보가 수집되었습니다.","상세 한도와 제외 조건은 아직 검증 전입니다.","2026-06-11T11:14:42.801Z"
"naver-card-10486","10486","삼성후불하이패스카드","삼성","credit","active","needs_review","출근길 통행료 최대 50% 할인","2000","0","출근길 통행료 최대 50% 할인","10000","2026-06-10","하이패스","네이버 카드 검색 원본을 기준으로 만든 임시 랭킹 데이터입니다. | 통합 할인한도, 실적 제외, 할인받은 매출의 실적 포함 여부는 공식 상품설명서로 추가 검증이 필요합니다.","하이패스 영역 혜택 정보가 수집되었습니다.","상세 한도와 제외 조건은 아직 검증 전입니다.","2026-06-11T11:14:42.801Z"
"naver-card-1312","1312","KB국민 마일리지 가온카드(대한항공)","KB국민","credit","active","needs_review","면세점 1,500원당 2마일 적립","15000","0","면세점 1,500원당 2마일 적립","10000","2026-06-10","항공마일리지 | 쇼핑","네이버 카드 검색 원본을 기준으로 만든 임시 랭킹 데이터입니다. | 통합 할인한도, 실적 제외, 할인받은 매출의 실적 포함 여부는 공식 상품설명서로 추가 검증이 필요합니다.","항공마일리지, 쇼핑 영역 혜택 정보가 수집되었습니다.","상세 한도와 제외 조건은 아직 검증 전입니다.","2026-06-11T11:14:42.801Z"
"naver-card-10610","10610","현대카드 하이브리드(캐시백형)","현대","credit","active","needs_review","외식·배달앱 3% 캐시백","5000","300000","외식·배달앱 3% 캐시백","20000","2026-06-10","포인트/캐시백 | 체크카드겸용 | 외식","네이버 카드 검색 원본을 기준으로 만든 임시 랭킹 데이터입니다. | 통합 할인한도, 실적 제외, 할인받은 매출의 실적 포함 여부는 공식 상품설명서로 추가 검증이 필요합니다.","포인트/캐시백, 체크카드겸용, 외식 영역 혜택 정보가 수집되었습니다.","상세 한도와 제외 조건은 아직 검증 전입니다.","2026-06-11T11:14:42.801Z"
"naver-card-10516","10516","청호나이스 X LOCA","롯데","credit","active","needs_review","청호나이스 렌탈료 최대2.5만원 할인","20000","300000","청호나이스 렌탈료 최대2.5만원 할인","10000","2026-06-10","렌탈","네이버 카드 검색 원본을 기준으로 만든 임시 랭킹 데이터입니다. | 통합 할인한도, 실적 제외, 할인받은 매출의 실적 포함 여부는 공식 상품설명서로 추가 검증이 필요합니다.","렌탈 영역 혜택 정보가 수집되었습니다.","상세 한도와 제외 조건은 아직 검증 전입니다.","2026-06-11T11:14:42.801Z"
"naver-card-10035","10035","신한카드 국민행복","신한","credit","active","needs_review","병원/약국/산후조리원 5% 할인","0","300000","병원/약국/산후조리원 5% 할인","20000","2026-06-10","국민행복카드 | 의료 | 쇼핑","네이버 카드 검색 원본을 기준으로 만든 임시 랭킹 데이터입니다. | 통합 할인한도, 실적 제외, 할인받은 매출의 실적 포함 여부는 공식 상품설명서로 추가 검증이 필요합니다.","국민행복카드, 의료, 쇼핑 영역 혜택 정보가 수집되었습니다.","상세 한도와 제외 조건은 아직 검증 전입니다.","2026-06-11T11:14:42.801Z"
"naver-card-10320","10320","JADE Classic","SK","credit","active","needs_review","디지털 콘텐츠·커피·택시 50% 적립","115000","500000","디지털 콘텐츠·커피·택시 50% 적립","16000","2026-06-10","바우처 | 프리미엄 | 포인트/캐시백","네이버 카드 검색 원본을 기준으로 만든 임시 랭킹 데이터입니다. | 통합 할인한도, 실적 제외, 할인받은 매출의 실적 포함 여부는 공식 상품설명서로 추가 검증이 필요합니다.","바우처, 프리미엄, 포인트/캐시백 영역 혜택 정보가 수집되었습니다.","상세 한도와 제외 조건은 아직 검증 전입니다.","2026-06-11T11:14:42.801Z"
"naver-card-10558","10558","KB국민 YOU Prime카드","KB국민","credit","active","needs_review","해외 이용 수수료 면제 혜택","30000","400000","해외 이용 수수료 면제 혜택","20000","2026-06-10","주유 | 오토 | 외식","네이버 카드 검색 원본을 기준으로 만든 임시 랭킹 데이터입니다. | 통합 할인한도, 실적 제외, 할인받은 매출의 실적 포함 여부는 공식 상품설명서로 추가 검증이 필요합니다.","주유, 오토, 외식 영역 혜택 정보가 수집되었습니다.","상세 한도와 제외 조건은 아직 검증 전입니다.","2026-06-11T11:14:42.801Z"
"naver-card-10530","10530","현대카드H","현대","credit","active","needs_review","교육·병원 10% 청구 할인","15000","400000","교육·병원 10% 청구 할인","20000","2026-06-10","교육 | 의료 | 통신","네이버 카드 검색 원본을 기준으로 만든 임시 랭킹 데이터입니다. | 통합 할인한도, 실적 제외, 할인받은 매출의 실적 포함 여부는 공식 상품설명서로 추가 검증이 필요합니다.","교육, 의료, 통신 영역 혜택 정보가 수집되었습니다.","상세 한도와 제외 조건은 아직 검증 전입니다.","2026-06-11T11:14:42.801Z"
"naver-card-10359","10359","현대카드 MX Black Edition2","현대","credit","active","needs_review","편의점,주유·대중교통 10% 할인","200000","1000000","편의점,주유·대중교통 10% 할인","48000","2026-06-10","포인트/캐시백 | 프리미엄 | 쇼핑","네이버 카드 검색 원본을 기준으로 만든 임시 랭킹 데이터입니다. | 통합 할인한도, 실적 제외, 할인받은 매출의 실적 포함 여부는 공식 상품설명서로 추가 검증이 필요합니다.","포인트/캐시백, 프리미엄, 쇼핑 영역 혜택 정보가 수집되었습니다.","상세 한도와 제외 조건은 아직 검증 전입니다.","2026-06-11T11:14:42.801Z"
"naver-card-10395","10395","하나 트래블로그 SKYPASS 신용카드","SK","credit","active","needs_review","대한항공 마일리지 적립 혜택","48000","0","대한항공 마일리지 적립 혜택","10000","2026-06-10","항공마일리지 | 언제나할인","네이버 카드 검색 원본을 기준으로 만든 임시 랭킹 데이터입니다. | 통합 할인한도, 실적 제외, 할인받은 매출의 실적 포함 여부는 공식 상품설명서로 추가 검증이 필요합니다.","항공마일리지, 언제나할인 영역 혜택 정보가 수집되었습니다.","상세 한도와 제외 조건은 아직 검증 전입니다.","2026-06-11T11:14:42.801Z"
"naver-card-710","710","KB국민 그린카드(전국형)","KB국민","credit","active","needs_review","연회비없음! 쇼핑 최대 3%","0","200000","연회비없음! 쇼핑 최대 3%","20000","2026-06-10","포인트/캐시백 | 언제나할인 | 대중교통","네이버 카드 검색 원본을 기준으로 만든 임시 랭킹 데이터입니다. | 통합 할인한도, 실적 제외, 할인받은 매출의 실적 포함 여부는 공식 상품설명서로 추가 검증이 필요합니다.","포인트/캐시백, 언제나할인, 대중교통 영역 혜택 정보가 수집되었습니다.","상세 한도와 제외 조건은 아직 검증 전입니다.","2026-06-11T11:14:42.801Z"
"naver-card-10414","10414","the Red(항공 마일리지형)","현대","credit","active","needs_review","대한항공 마일리지 적립","300000","500000","대한항공 마일리지 적립","32000","2026-06-10","바우처 | 항공마일리지 | 프리미엄","네이버 카드 검색 원본을 기준으로 만든 임시 랭킹 데이터입니다. | 통합 할인한도, 실적 제외, 할인받은 매출의 실적 포함 여부는 공식 상품설명서로 추가 검증이 필요합니다.","바우처, 항공마일리지, 프리미엄 영역 혜택 정보가 수집되었습니다.","상세 한도와 제외 조건은 아직 검증 전입니다.","2026-06-11T11:14:42.801Z"
"naver-card-2332","2332","KB국민 톡톡Pay카드","KB국민","credit","active","needs_review","대중교통 10% 청구할인","20000","400000","대중교통 10% 청구할인","20000","2026-06-10","간편결제 | 대중교통 | 편의점","네이버 카드 검색 원본을 기준으로 만든 임시 랭킹 데이터입니다. | 통합 할인한도, 실적 제외, 할인받은 매출의 실적 포함 여부는 공식 상품설명서로 추가 검증이 필요합니다.","간편결제, 대중교통, 편의점 영역 혜택 정보가 수집되었습니다.","상세 한도와 제외 조건은 아직 검증 전입니다.","2026-06-11T11:14:42.801Z"
"naver-card-10642","10642","LG전자 The 구독케어 신한카드","신한","credit","active","needs_review","LG전자 렌탈요금 할인 서비스","22000","300000","LG전자 렌탈요금 할인 서비스","20000","2026-06-10","렌탈 | 포인트/캐시백","네이버 카드 검색 원본을 기준으로 만든 임시 랭킹 데이터입니다. | 통합 할인한도, 실적 제외, 할인받은 매출의 실적 포함 여부는 공식 상품설명서로 추가 검증이 필요합니다.","렌탈, 포인트/캐시백 영역 혜택 정보가 수집되었습니다.","상세 한도와 제외 조건은 아직 검증 전입니다.","2026-06-11T11:14:42.801Z"
"naver-card-10515","10515","디지로카 Travel 프리미엄","롯데","credit","active","needs_review","트래블마일 최대 5% 특별 적립","100000","0","트래블마일 최대 5% 특별 적립","10000","2026-06-10","포인트/캐시백 | 프리미엄","네이버 카드 검색 원본을 기준으로 만든 임시 랭킹 데이터입니다. | 통합 할인한도, 실적 제외, 할인받은 매출의 실적 포함 여부는 공식 상품설명서로 추가 검증이 필요합니다.","포인트/캐시백, 프리미엄 영역 혜택 정보가 수집되었습니다.","상세 한도와 제외 조건은 아직 검증 전입니다.","2026-06-11T11:14:42.801Z"
"naver-card-10544","10544","힐튼 아너스 아멕스 프리미엄","롯데","credit","active","needs_review","힐튼아너스 1.5천원당 최대8P 적립","497000","500000","힐튼아너스 1.5천원당 최대8P 적립","16000","2026-06-10","포인트/캐시백 | 레저 | 프리미엄","네이버 카드 검색 원본을 기준으로 만든 임시 랭킹 데이터입니다. | 통합 할인한도, 실적 제외, 할인받은 매출의 실적 포함 여부는 공식 상품설명서로 추가 검증이 필요합니다.","포인트/캐시백, 레저, 프리미엄 영역 혜택 정보가 수집되었습니다.","상세 한도와 제외 조건은 아직 검증 전입니다.","2026-06-11T11:14:42.801Z"
"naver-card-10585","10585","KB국민 NEED Pay 카드","KB국민","credit","active","needs_review","온라인패션몰 최대 20% 할인","19000","360000","온라인패션몰 최대 20% 할인","15000","2026-06-10","간편결제 | 쇼핑 | 외식","네이버 카드 검색 원본을 기준으로 만든 임시 랭킹 데이터입니다. | 통합 할인한도, 실적 제외, 할인받은 매출의 실적 포함 여부는 공식 상품설명서로 추가 검증이 필요합니다.","간편결제, 쇼핑, 외식 영역 혜택 정보가 수집되었습니다.","상세 한도와 제외 조건은 아직 검증 전입니다.","2026-06-11T11:14:42.801Z"
"naver-card-10566","10566","KB국민 NEED Edu카드","KB국민","credit","active","needs_review","KBPay 결제시 교육비 최대 10%","25000","400000","KBPay 결제시 교육비 최대 10%","15000","2026-06-10","교육 | 의료 | 카페/베이커리","네이버 카드 검색 원본을 기준으로 만든 임시 랭킹 데이터입니다. | 통합 할인한도, 실적 제외, 할인받은 매출의 실적 포함 여부는 공식 상품설명서로 추가 검증이 필요합니다.","교육, 의료, 카페/베이커리 영역 혜택 정보가 수집되었습니다.","상세 한도와 제외 조건은 아직 검증 전입니다.","2026-06-11T11:14:42.801Z"
"naver-card-10411","10411","the Green Edition3","현대","credit","active","needs_review","여행,해외 5% 특별 적립","150000","1000000","여행,해외 5% 특별 적립","48000","2026-06-10","바우처 | 포인트/캐시백 | 프리미엄","네이버 카드 검색 원본을 기준으로 만든 임시 랭킹 데이터입니다. | 통합 할인한도, 실적 제외, 할인받은 매출의 실적 포함 여부는 공식 상품설명서로 추가 검증이 필요합니다.","바우처, 포인트/캐시백, 프리미엄 영역 혜택 정보가 수집되었습니다.","상세 한도와 제외 조건은 아직 검증 전입니다.","2026-06-11T11:14:42.801Z"
"naver-card-2612","2612","KB국민 The Easy카드","KB국민","credit","active","needs_review","국내해외가맹점 0.7%적립 또는 할인","15000","240000","국내해외가맹점 0.7%적립 또는 할인","20000","2026-06-10","포인트/캐시백 | 대형마트 | 편의점","네이버 카드 검색 원본을 기준으로 만든 임시 랭킹 데이터입니다. | 통합 할인한도, 실적 제외, 할인받은 매출의 실적 포함 여부는 공식 상품설명서로 추가 검증이 필요합니다.","포인트/캐시백, 대형마트, 편의점 영역 혜택 정보가 수집되었습니다.","상세 한도와 제외 조건은 아직 검증 전입니다.","2026-06-11T11:14:42.801Z"
"naver-card-99","99","KB국민 와이즈카드","KB국민","credit","active","needs_review","많이 쓴 곳 알아서 최대 5%적립","5000","300000","많이 쓴 곳 알아서 최대 5%적립","20000","2026-06-10","포인트/캐시백 | 교육 | 쇼핑","네이버 카드 검색 원본을 기준으로 만든 임시 랭킹 데이터입니다. | 통합 할인한도, 실적 제외, 할인받은 매출의 실적 포함 여부는 공식 상품설명서로 추가 검증이 필요합니다.","포인트/캐시백, 교육, 쇼핑 영역 혜택 정보가 수집되었습니다.","상세 한도와 제외 조건은 아직 검증 전입니다.","2026-06-11T11:14:42.801Z"
"naver-card-10412","10412","the Red Stripe Edition2(마일리지형)","현대","credit","active","needs_review","대한항공 마일리지 적립","500000","500000","대한항공 마일리지 적립","32000","2026-06-10","바우처 | 항공마일리지 | 프리미엄","네이버 카드 검색 원본을 기준으로 만든 임시 랭킹 데이터입니다. | 통합 할인한도, 실적 제외, 할인받은 매출의 실적 포함 여부는 공식 상품설명서로 추가 검증이 필요합니다.","바우처, 항공마일리지, 프리미엄 영역 혜택 정보가 수집되었습니다.","상세 한도와 제외 조건은 아직 검증 전입니다.","2026-06-11T11:14:42.801Z"
"naver-card-10529","10529","현대카드D","현대","credit","active","needs_review","일반음식점, 배달앱 10% 청구 할인","15000","400000","일반음식점, 배달앱 10% 청구 할인","20000","2026-06-10","외식 | 카페/베이커리 | 편의점","네이버 카드 검색 원본을 기준으로 만든 임시 랭킹 데이터입니다. | 통합 할인한도, 실적 제외, 할인받은 매출의 실적 포함 여부는 공식 상품설명서로 추가 검증이 필요합니다.","외식, 카페/베이커리, 편의점 영역 혜택 정보가 수집되었습니다.","상세 한도와 제외 조건은 아직 검증 전입니다.","2026-06-11T11:14:42.801Z"
"naver-card-10339","10339","현대카드Z play","현대","credit","active","needs_review","쇼핑·문화·외식·해외 10% 할인","20000","500000","쇼핑·문화·외식·해외 10% 할인","24000","2026-06-10","쇼핑 | 외식 | 영화","네이버 카드 검색 원본을 기준으로 만든 임시 랭킹 데이터입니다. | 통합 할인한도, 실적 제외, 할인받은 매출의 실적 포함 여부는 공식 상품설명서로 추가 검증이 필요합니다.","쇼핑, 외식, 영화 영역 혜택 정보가 수집되었습니다.","상세 한도와 제외 조건은 아직 검증 전입니다.","2026-06-11T11:14:42.801Z"
"naver-card-10478","10478","KB국민 올라운드카드","KB국민","credit","active","needs_review","주유소, 충전소 100원/L 청구할인","15000","400000","주유소, 충전소 100원/L 청구할인","20000","2026-06-10","포인트/캐시백 | 주유 | 대형마트","네이버 카드 검색 원본을 기준으로 만든 임시 랭킹 데이터입니다. | 통합 할인한도, 실적 제외, 할인받은 매출의 실적 포함 여부는 공식 상품설명서로 추가 검증이 필요합니다.","포인트/캐시백, 주유, 대형마트 영역 혜택 정보가 수집되었습니다.","상세 한도와 제외 조건은 아직 검증 전입니다.","2026-06-11T11:14:42.801Z"
"naver-card-10302","10302","아메리칸 익스프레스 블루 KB국민카드","KB국민","credit","active","needs_review","OTT, 패밀리레스토랑 30% 할인","19000","300000","OTT, 패밀리레스토랑 30% 할인","20000","2026-06-10","쇼핑 | 주유 | 편의점","네이버 카드 검색 원본을 기준으로 만든 임시 랭킹 데이터입니다. | 통합 할인한도, 실적 제외, 할인받은 매출의 실적 포함 여부는 공식 상품설명서로 추가 검증이 필요합니다.","쇼핑, 주유, 편의점 영역 혜택 정보가 수집되었습니다.","상세 한도와 제외 조건은 아직 검증 전입니다.","2026-06-11T11:14:42.801Z"
"naver-card-3717","3717","KB국민 Easy all 티타늄카드","KB국민","credit","active","needs_review","많이 쓴 영역 알아서 자동 캐시백!","30000","500000","많이 쓴 영역 알아서 자동 캐시백!","32000","2026-06-10","문화 | 영화 | 카페/베이커리","네이버 카드 검색 원본을 기준으로 만든 임시 랭킹 데이터입니다. | 통합 할인한도, 실적 제외, 할인받은 매출의 실적 포함 여부는 공식 상품설명서로 추가 검증이 필요합니다.","문화, 영화, 카페/베이커리 영역 혜택 정보가 수집되었습니다.","상세 한도와 제외 조건은 아직 검증 전입니다.","2026-06-11T11:14:42.801Z"
"naver-card-1692","1692","KB국민 청춘대로 톡톡카드","KB국민","credit","active","needs_review","버거/패스트푸드 최대 30% 청구할인","10000","300000","버거/패스트푸드 최대 30% 청구할인","20000","2026-06-10","카페/베이커리 | 외식 | 간편결제","네이버 카드 검색 원본을 기준으로 만든 임시 랭킹 데이터입니다. | 통합 할인한도, 실적 제외, 할인받은 매출의 실적 포함 여부는 공식 상품설명서로 추가 검증이 필요합니다.","카페/베이커리, 외식, 간편결제 영역 혜택 정보가 수집되었습니다.","상세 한도와 제외 조건은 아직 검증 전입니다.","2026-06-11T11:14:42.801Z"
"naver-card-3638","3638","KB국민 마이핏카드(할인형)","KB국민","credit","active","needs_review","외식·마트·주유·통신 등 생활영역","10000","300000","외식·마트·주유·통신 등 생활영역","20000","2026-06-10","외식 | 카페/베이커리 | 편의점","네이버 카드 검색 원본을 기준으로 만든 임시 랭킹 데이터입니다. | 통합 할인한도, 실적 제외, 할인받은 매출의 실적 포함 여부는 공식 상품설명서로 추가 검증이 필요합니다.","외식, 카페/베이커리, 편의점 영역 혜택 정보가 수집되었습니다.","상세 한도와 제외 조건은 아직 검증 전입니다.","2026-06-11T11:14:42.801Z"
"naver-card-10499","10499","현대카드 X Save","현대","credit","active","needs_review","국내외 가맹점 1% 청구 할인","30000","500000","국내외 가맹점 1% 청구 할인","32000","2026-06-10","포인트/캐시백 | 프리미엄 | 쇼핑","네이버 카드 검색 원본을 기준으로 만든 임시 랭킹 데이터입니다. | 통합 할인한도, 실적 제외, 할인받은 매출의 실적 포함 여부는 공식 상품설명서로 추가 검증이 필요합니다.","포인트/캐시백, 프리미엄, 쇼핑 영역 혜택 정보가 수집되었습니다.","상세 한도와 제외 조건은 아직 검증 전입니다.","2026-06-11T11:14:42.801Z"
"naver-card-2856","2856","KB국민 Easy on카드","KB국민","credit","active","needs_review","야놀자·여기어때·데일리호텔 5% 할인","20000","500000","야놀자·여기어때·데일리호텔 5% 할인","32000","2026-06-10","레저 | 외식 | 쇼핑","네이버 카드 검색 원본을 기준으로 만든 임시 랭킹 데이터입니다. | 통합 할인한도, 실적 제외, 할인받은 매출의 실적 포함 여부는 공식 상품설명서로 추가 검증이 필요합니다.","레저, 외식, 쇼핑 영역 혜택 정보가 수집되었습니다.","상세 한도와 제외 조건은 아직 검증 전입니다.","2026-06-11T11:14:42.801Z"
"naver-card-2857","2857","KB국민 Easy Pick카드","KB국민","credit","active","needs_review","쇼핑·마트·주유·교통 5% 기본적립","20000","500000","쇼핑·마트·주유·교통 5% 기본적립","32000","2026-06-10","대형마트 | 주유 | 쇼핑","네이버 카드 검색 원본을 기준으로 만든 임시 랭킹 데이터입니다. | 통합 할인한도, 실적 제외, 할인받은 매출의 실적 포함 여부는 공식 상품설명서로 추가 검증이 필요합니다.","대형마트, 주유, 쇼핑 영역 혜택 정보가 수집되었습니다.","상세 한도와 제외 조건은 아직 검증 전입니다.","2026-06-11T11:14:42.801Z"
"naver-card-1451","1451","KB국민 다담카드","KB국민","credit","active","needs_review","생활, 교육, 직장인, 쇼핑, 레저","15000","300000","생활, 교육, 직장인, 쇼핑, 레저","20000","2026-06-10","대중교통 | 주유 | 포인트/캐시백","네이버 카드 검색 원본을 기준으로 만든 임시 랭킹 데이터입니다. | 통합 할인한도, 실적 제외, 할인받은 매출의 실적 포함 여부는 공식 상품설명서로 추가 검증이 필요합니다.","대중교통, 주유, 포인트/캐시백 영역 혜택 정보가 수집되었습니다.","상세 한도와 제외 조건은 아직 검증 전입니다.","2026-06-11T11:14:42.801Z"
"naver-card-10336","10336","현대카드X","현대","credit","active","needs_review","국내외 가맹점 1% 청구 할인","50000","500000","국내외 가맹점 1% 청구 할인","32000","2026-06-10","포인트/캐시백 | 프리미엄 | 쇼핑","네이버 카드 검색 원본을 기준으로 만든 임시 랭킹 데이터입니다. | 통합 할인한도, 실적 제외, 할인받은 매출의 실적 포함 여부는 공식 상품설명서로 추가 검증이 필요합니다.","포인트/캐시백, 프리미엄, 쇼핑 영역 혜택 정보가 수집되었습니다.","상세 한도와 제외 조건은 아직 검증 전입니다.","2026-06-11T11:14:42.801Z"
"naver-card-10498","10498","현대카드 X Cut","현대","credit","active","needs_review","국내외 가맹점 1% 청구 할인","30000","500000","국내외 가맹점 1% 청구 할인","32000","2026-06-10","포인트/캐시백 | 프리미엄 | 편의점","네이버 카드 검색 원본을 기준으로 만든 임시 랭킹 데이터입니다. | 통합 할인한도, 실적 제외, 할인받은 매출의 실적 포함 여부는 공식 상품설명서로 추가 검증이 필요합니다.","포인트/캐시백, 프리미엄, 편의점 영역 혜택 정보가 수집되었습니다.","상세 한도와 제외 조건은 아직 검증 전입니다.","2026-06-11T11:14:42.801Z"
"naver-card-10058","10058","KB국민 KB Pay 챌린지카드","KB국민","credit","active","needs_review","KB Pay이용시 월 최대5만포인트리","15000","0","KB Pay이용시 월 최대5만포인트리","54000","2026-06-10","포인트/캐시백","네이버 카드 검색 원본을 기준으로 만든 임시 랭킹 데이터입니다. | 통합 할인한도, 실적 제외, 할인받은 매출의 실적 포함 여부는 공식 상품설명서로 추가 검증이 필요합니다.","포인트/캐시백 영역 혜택 정보가 수집되었습니다.","상세 한도와 제외 조건은 아직 검증 전입니다.","2026-06-11T11:14:42.801Z"
"naver-card-10453","10453","롯데멤버스 카드 - 프리미엄","롯데","credit","active","needs_review","롯데멤버스 LPOINT 0.7% 적립","150000","500000","롯데멤버스 LPOINT 0.7% 적립","32000","2026-06-10","포인트/캐시백 | 카페/베이커리 | 쇼핑","네이버 카드 검색 원본을 기준으로 만든 임시 랭킹 데이터입니다. | 통합 할인한도, 실적 제외, 할인받은 매출의 실적 포함 여부는 공식 상품설명서로 추가 검증이 필요합니다.","포인트/캐시백, 카페/베이커리, 쇼핑 영역 혜택 정보가 수집되었습니다.","상세 한도와 제외 조건은 아직 검증 전입니다.","2026-06-11T11:14:42.801Z"
"naver-card-10448","10448","the Red(M포인트형)","현대","credit","active","needs_review","국내외 가맹점 1.5% M포인트 적립","300000","500000","국내외 가맹점 1.5% M포인트 적립","32000","2026-06-10","바우처 | 포인트/캐시백 | 프리미엄","네이버 카드 검색 원본을 기준으로 만든 임시 랭킹 데이터입니다. | 통합 할인한도, 실적 제외, 할인받은 매출의 실적 포함 여부는 공식 상품설명서로 추가 검증이 필요합니다.","바우처, 포인트/캐시백, 프리미엄 영역 혜택 정보가 수집되었습니다.","상세 한도와 제외 조건은 아직 검증 전입니다.","2026-06-11T11:14:42.801Z"
"naver-card-10301","10301","아메리칸 익스프레스 로즈골드 KB국민카드","KB국민","credit","active","needs_review","KB Pay 결제시 최대 10% 할인","19000","300000","KB Pay 결제시 최대 10% 할인","20000","2026-06-10","쇼핑 | 대형마트 | 카페/베이커리","네이버 카드 검색 원본을 기준으로 만든 임시 랭킹 데이터입니다. | 통합 할인한도, 실적 제외, 할인받은 매출의 실적 포함 여부는 공식 상품설명서로 추가 검증이 필요합니다.","쇼핑, 대형마트, 카페/베이커리 영역 혜택 정보가 수집되었습니다.","상세 한도와 제외 조건은 아직 검증 전입니다.","2026-06-11T11:14:42.801Z"
"naver-card-3076","3076","KB국민 그린카드(서울형)","KB국민","credit","active","needs_review","연회비없음! 쇼핑 최대 3%","0","200000","연회비없음! 쇼핑 최대 3%","20000","2026-06-10","포인트/캐시백 | 언제나할인 | 대중교통","네이버 카드 검색 원본을 기준으로 만든 임시 랭킹 데이터입니다. | 통합 할인한도, 실적 제외, 할인받은 매출의 실적 포함 여부는 공식 상품설명서로 추가 검증이 필요합니다.","포인트/캐시백, 언제나할인, 대중교통 영역 혜택 정보가 수집되었습니다.","상세 한도와 제외 조건은 아직 검증 전입니다.","2026-06-11T11:14:42.801Z"
"naver-card-10475","10475","KB국민 WE:SH All+ 카드","KB국민","credit","active","needs_review","쇼핑멤버십 50%, OTT 10%할인","55000","400000","쇼핑멤버십 50%, OTT 10%할인","15000","2026-06-10","언제나할인 | 쇼핑 | 문화","네이버 카드 검색 원본을 기준으로 만든 임시 랭킹 데이터입니다. | 통합 할인한도, 실적 제외, 할인받은 매출의 실적 포함 여부는 공식 상품설명서로 추가 검증이 필요합니다.","언제나할인, 쇼핑, 문화 영역 혜택 정보가 수집되었습니다.","상세 한도와 제외 조건은 아직 검증 전입니다.","2026-06-11T11:14:42.801Z"
"naver-card-10620","10620","KB NEED Global 카드","KB국민","credit","active","needs_review","해외 가맹점 3.5% 청구할인","30000","0","해외 가맹점 3.5% 청구할인","10000","2026-06-10","언제나할인","네이버 카드 검색 원본을 기준으로 만든 임시 랭킹 데이터입니다. | 통합 할인한도, 실적 제외, 할인받은 매출의 실적 포함 여부는 공식 상품설명서로 추가 검증이 필요합니다.","언제나할인 영역 혜택 정보가 수집되었습니다.","상세 한도와 제외 조건은 아직 검증 전입니다.","2026-06-11T11:14:42.801Z"
"naver-card-10422","10422","KB국민 HERITAGE Classic (스카이패스형)","KB국민","credit","active","needs_review","온라인항공 1500원당 최대2마일적립","157000","110000","온라인항공 1500원당 최대2마일적립","20000","2026-06-10","항공마일리지 | 바우처 | 프리미엄","네이버 카드 검색 원본을 기준으로 만든 임시 랭킹 데이터입니다. | 통합 할인한도, 실적 제외, 할인받은 매출의 실적 포함 여부는 공식 상품설명서로 추가 검증이 필요합니다.","항공마일리지, 바우처, 프리미엄 영역 혜택 정보가 수집되었습니다.","상세 한도와 제외 조건은 아직 검증 전입니다.","2026-06-11T11:14:42.801Z"
"naver-card-10459","10459","현대카드 Boutique - Copper","현대","credit","active","needs_review","연간 보너스 5만원 크레딧 제공","80000","500000","연간 보너스 5만원 크레딧 제공","32000","2026-06-10","포인트/캐시백 | 바우처 | 프리미엄","네이버 카드 검색 원본을 기준으로 만든 임시 랭킹 데이터입니다. | 통합 할인한도, 실적 제외, 할인받은 매출의 실적 포함 여부는 공식 상품설명서로 추가 검증이 필요합니다.","포인트/캐시백, 바우처, 프리미엄 영역 혜택 정보가 수집되었습니다.","상세 한도와 제외 조건은 아직 검증 전입니다.","2026-06-11T11:14:42.801Z"
"naver-card-10460","10460","현대카드 Boutique - Satin","현대","credit","active","needs_review","연간 보너스 5만원 크레딧 제공","80000","500000","연간 보너스 5만원 크레딧 제공","32000","2026-06-10","포인트/캐시백 | 바우처 | 프리미엄","네이버 카드 검색 원본을 기준으로 만든 임시 랭킹 데이터입니다. | 통합 할인한도, 실적 제외, 할인받은 매출의 실적 포함 여부는 공식 상품설명서로 추가 검증이 필요합니다.","포인트/캐시백, 바우처, 프리미엄 영역 혜택 정보가 수집되었습니다.","상세 한도와 제외 조건은 아직 검증 전입니다.","2026-06-11T11:14:42.801Z"
"naver-card-10466","10466","현대카드 Summit CE","현대","credit","active","needs_review","국내외 가맹점 1.5% M포인트 적립","80000","500000","국내외 가맹점 1.5% M포인트 적립","32000","2026-06-10","포인트/캐시백 | 바우처 | 프리미엄","네이버 카드 검색 원본을 기준으로 만든 임시 랭킹 데이터입니다. | 통합 할인한도, 실적 제외, 할인받은 매출의 실적 포함 여부는 공식 상품설명서로 추가 검증이 필요합니다.","포인트/캐시백, 바우처, 프리미엄 영역 혜택 정보가 수집되었습니다.","상세 한도와 제외 조건은 아직 검증 전입니다.","2026-06-11T11:14:42.801Z"
"naver-card-10481","10481","KB YOU Wish up 카드","KB국민","credit","active","needs_review","온라인쇼핑 KBPay결제 5%청구할인","50000","400000","온라인쇼핑 KBPay결제 5%청구할인","20000","2026-06-10","간편결제 | 외식 | 편의점","네이버 카드 검색 원본을 기준으로 만든 임시 랭킹 데이터입니다. | 통합 할인한도, 실적 제외, 할인받은 매출의 실적 포함 여부는 공식 상품설명서로 추가 검증이 필요합니다.","간편결제, 외식, 편의점 영역 혜택 정보가 수집되었습니다.","상세 한도와 제외 조건은 아직 검증 전입니다.","2026-06-11T11:14:42.801Z"
"naver-card-10449","10449","the Red Stripe Edition2(M포인트형)","현대","credit","active","needs_review","국내외 가맹점 1.5% M포인트 적립","500000","500000","국내외 가맹점 1.5% M포인트 적립","32000","2026-06-10","바우처 | 포인트/캐시백 | 프리미엄","네이버 카드 검색 원본을 기준으로 만든 임시 랭킹 데이터입니다. | 통합 할인한도, 실적 제외, 할인받은 매출의 실적 포함 여부는 공식 상품설명서로 추가 검증이 필요합니다.","바우처, 포인트/캐시백, 프리미엄 영역 혜택 정보가 수집되었습니다.","상세 한도와 제외 조건은 아직 검증 전입니다.","2026-06-11T11:14:42.801Z"
"naver-card-10461","10461","현대카드 Boutique - Velvet","현대","credit","active","needs_review","연간 보너스 5만원 크레딧 제공","80000","500000","연간 보너스 5만원 크레딧 제공","32000","2026-06-10","포인트/캐시백 | 바우처 | 프리미엄","네이버 카드 검색 원본을 기준으로 만든 임시 랭킹 데이터입니다. | 통합 할인한도, 실적 제외, 할인받은 매출의 실적 포함 여부는 공식 상품설명서로 추가 검증이 필요합니다.","포인트/캐시백, 바우처, 프리미엄 영역 혜택 정보가 수집되었습니다.","상세 한도와 제외 조건은 아직 검증 전입니다.","2026-06-11T11:14:42.801Z"
"naver-card-10510","10510","KB전통시장온누리카드","KB국민","credit","active","needs_review","전통시장 가맹점 최대10% 청구할인","20000","400000","전통시장 가맹점 최대10% 청구할인","10000","2026-06-10","생활 | 포인트/캐시백 | 간편결제","네이버 카드 검색 원본을 기준으로 만든 임시 랭킹 데이터입니다. | 통합 할인한도, 실적 제외, 할인받은 매출의 실적 포함 여부는 공식 상품설명서로 추가 검증이 필요합니다.","생활, 포인트/캐시백, 간편결제 영역 혜택 정보가 수집되었습니다.","상세 한도와 제외 조건은 아직 검증 전입니다.","2026-06-11T11:14:42.801Z"
"naver-card-835","835","국방복지카드 KB국민 Prestige Members카드","KB국민","credit","active","needs_review","스포츠용품점 5% 국방복지포인트 적립","0","300000","스포츠용품점 5% 국방복지포인트 적립","15000","2026-06-10","포인트/캐시백 | 레저 | 주유","네이버 카드 검색 원본을 기준으로 만든 임시 랭킹 데이터입니다. | 통합 할인한도, 실적 제외, 할인받은 매출의 실적 포함 여부는 공식 상품설명서로 추가 검증이 필요합니다.","포인트/캐시백, 레저, 주유 영역 혜택 정보가 수집되었습니다.","상세 한도와 제외 조건은 아직 검증 전입니다.","2026-06-11T11:14:42.801Z"
"naver-card-1470","1470","KB국민 가온글로벌카드","KB국민","credit","active","needs_review","해외가맹점 최대 3% 포인트리 적립","15000","200000","해외가맹점 최대 3% 포인트리 적립","15000","2026-06-10","포인트/캐시백 | 쇼핑 | 카페/베이커리","네이버 카드 검색 원본을 기준으로 만든 임시 랭킹 데이터입니다. | 통합 할인한도, 실적 제외, 할인받은 매출의 실적 포함 여부는 공식 상품설명서로 추가 검증이 필요합니다.","포인트/캐시백, 쇼핑, 카페/베이커리 영역 혜택 정보가 수집되었습니다.","상세 한도와 제외 조건은 아직 검증 전입니다.","2026-06-11T11:14:42.801Z"
"naver-card-10386","10386","KB국민 WE:SH Daily 카드","KB국민","credit","active","needs_review","실적조건없이 국내가맹점0.5%청구할인","15000","0","실적조건없이 국내가맹점0.5%청구할인","20000","2026-06-10","언제나할인 | 쇼핑 | 편의점","네이버 카드 검색 원본을 기준으로 만든 임시 랭킹 데이터입니다. | 통합 할인한도, 실적 제외, 할인받은 매출의 실적 포함 여부는 공식 상품설명서로 추가 검증이 필요합니다.","언제나할인, 쇼핑, 편의점 영역 혜택 정보가 수집되었습니다.","상세 한도와 제외 조건은 아직 검증 전입니다.","2026-06-11T11:14:42.801Z"
"naver-card-10489","10489","현대카드M-경차전용카드 Edition2(유류세환급)","현대","credit","active","needs_review","경차 유류세 연간 최대 30만원 환급","0","300000","경차 유류세 연간 최대 30만원 환급","15000","2026-06-10","경차유류환급 | 주유 | 포인트/캐시백","네이버 카드 검색 원본을 기준으로 만든 임시 랭킹 데이터입니다. | 통합 할인한도, 실적 제외, 할인받은 매출의 실적 포함 여부는 공식 상품설명서로 추가 검증이 필요합니다.","경차유류환급, 주유, 포인트/캐시백 영역 혜택 정보가 수집되었습니다.","상세 한도와 제외 조건은 아직 검증 전입니다.","2026-06-11T11:14:42.801Z"
"naver-card-10574","10574","KB국민 All 카드","KB국민","credit","active","needs_review","국내가맹점1%,해외가맹점2% 청구할인","20000","400000","국내가맹점1%,해외가맹점2% 청구할인","15000","2026-06-10","언제나할인 | 쇼핑 | 문화","네이버 카드 검색 원본을 기준으로 만든 임시 랭킹 데이터입니다. | 통합 할인한도, 실적 제외, 할인받은 매출의 실적 포함 여부는 공식 상품설명서로 추가 검증이 필요합니다.","언제나할인, 쇼핑, 문화 영역 혜택 정보가 수집되었습니다.","상세 한도와 제외 조건은 아직 검증 전입니다.","2026-06-11T11:14:42.801Z"
"naver-card-10423","10423","KB국민 HERITAGE Classic (할인형)","KB국민","credit","active","needs_review","생활밀착 영역 최대 1.2% 청구할인","127000","500000","생활밀착 영역 최대 1.2% 청구할인","32000","2026-06-10","언제나할인 | 바우처 | 프리미엄","네이버 카드 검색 원본을 기준으로 만든 임시 랭킹 데이터입니다. | 통합 할인한도, 실적 제외, 할인받은 매출의 실적 포함 여부는 공식 상품설명서로 추가 검증이 필요합니다.","언제나할인, 바우처, 프리미엄 영역 혜택 정보가 수집되었습니다.","상세 한도와 제외 조건은 아직 검증 전입니다.","2026-06-11T11:14:42.801Z"
"naver-card-10627","10627","신한법인카드 Untact+","신한","credit","active","needs_review","국내 온라인 간편결제 0.2% 적립","5000","0","국내 온라인 간편결제 0.2% 적립","10000","2026-06-10","법인","네이버 카드 검색 원본을 기준으로 만든 임시 랭킹 데이터입니다. | 통합 할인한도, 실적 제외, 할인받은 매출의 실적 포함 여부는 공식 상품설명서로 추가 검증이 필요합니다.","법인 영역 혜택 정보가 수집되었습니다.","상세 한도와 제외 조건은 아직 검증 전입니다.","2026-06-11T11:14:42.801Z"
"naver-card-10570","10570","LOCA Biz","롯데","credit","active","needs_review","사업경비영역 최대 3% 결제일 할인","30000","500000","사업경비영역 최대 3% 결제일 할인","32000","2026-06-10","언제나할인 | 사업자 | 카페/베이커리","네이버 카드 검색 원본을 기준으로 만든 임시 랭킹 데이터입니다. | 통합 할인한도, 실적 제외, 할인받은 매출의 실적 포함 여부는 공식 상품설명서로 추가 검증이 필요합니다.","언제나할인, 사업자, 카페/베이커리 영역 혜택 정보가 수집되었습니다.","상세 한도와 제외 조건은 아직 검증 전입니다.","2026-06-11T11:14:42.801Z"
"naver-card-10569","10569","디지로카 Link","롯데","credit","active","needs_review","가족 합산시 국내외가맹점 최대2%할인","30000","0","가족 합산시 국내외가맹점 최대2%할인","10000","2026-06-10","카페/베이커리 | 편의점 | 대형마트","네이버 카드 검색 원본을 기준으로 만든 임시 랭킹 데이터입니다. | 통합 할인한도, 실적 제외, 할인받은 매출의 실적 포함 여부는 공식 상품설명서로 추가 검증이 필요합니다.","카페/베이커리, 편의점, 대형마트 영역 혜택 정보가 수집되었습니다.","상세 한도와 제외 조건은 아직 검증 전입니다.","2026-06-11T11:14:42.801Z"
"naver-card-10059","10059","KB국민 Green Wave 1.5℃ 카드","KB국민","credit","active","needs_review","친환경마켓 20% 포인트리 적립","15000","400000","친환경마켓 20% 포인트리 적립","20000","2026-06-10","포인트/캐시백 | 주유 | 대중교통","네이버 카드 검색 원본을 기준으로 만든 임시 랭킹 데이터입니다. | 통합 할인한도, 실적 제외, 할인받은 매출의 실적 포함 여부는 공식 상품설명서로 추가 검증이 필요합니다.","포인트/캐시백, 주유, 대중교통 영역 혜택 정보가 수집되었습니다.","상세 한도와 제외 조건은 아직 검증 전입니다.","2026-06-11T11:14:42.801Z"
"naver-card-10619","10619","KB YOU Wish카드","KB국민","credit","active","needs_review","일상팩 선택시 영화관 30% 청구할인","15000","400000","일상팩 선택시 영화관 30% 청구할인","20000","2026-06-10","간편결제 | 외식 | 편의점","네이버 카드 검색 원본을 기준으로 만든 임시 랭킹 데이터입니다. | 통합 할인한도, 실적 제외, 할인받은 매출의 실적 포함 여부는 공식 상품설명서로 추가 검증이 필요합니다.","간편결제, 외식, 편의점 영역 혜택 정보가 수집되었습니다.","상세 한도와 제외 조건은 아직 검증 전입니다.","2026-06-11T11:14:42.801Z"
"naver-card-10371","10371","JADE Prime","SK","credit","active","needs_review","국내외 공항라운지 무료 이용 가능","295000","200000","국내외 공항라운지 무료 이용 가능","10000","2026-06-10","바우처 | 프리미엄 | 포인트/캐시백","네이버 카드 검색 원본을 기준으로 만든 임시 랭킹 데이터입니다. | 통합 할인한도, 실적 제외, 할인받은 매출의 실적 포함 여부는 공식 상품설명서로 추가 검증이 필요합니다.","바우처, 프리미엄, 포인트/캐시백 영역 혜택 정보가 수집되었습니다.","상세 한도와 제외 조건은 아직 검증 전입니다.","2026-06-11T11:14:42.801Z"
"naver-card-10628","10628","신한법인카드 SKYPASS","신한","credit","active","needs_review","법인카드 대한항공 마일리지 적립","20000","0","법인카드 대한항공 마일리지 적립","10000","2026-06-10","법인","네이버 카드 검색 원본을 기준으로 만든 임시 랭킹 데이터입니다. | 통합 할인한도, 실적 제외, 할인받은 매출의 실적 포함 여부는 공식 상품설명서로 추가 검증이 필요합니다.","법인 영역 혜택 정보가 수집되었습니다.","상세 한도와 제외 조건은 아직 검증 전입니다.","2026-06-11T11:14:42.801Z"
"naver-card-2533","2533","신한카드 Deep On Platinum+","신한","credit","active","needs_review","온라인 간편결제 최대 20% 할인","30000","300000","온라인 간편결제 최대 20% 할인","20000","2026-06-10","간편결제 | 편의점 | 쇼핑","네이버 카드 검색 원본을 기준으로 만든 임시 랭킹 데이터입니다. | 통합 할인한도, 실적 제외, 할인받은 매출의 실적 포함 여부는 공식 상품설명서로 추가 검증이 필요합니다.","간편결제, 편의점, 쇼핑 영역 혜택 정보가 수집되었습니다.","상세 한도와 제외 조건은 아직 검증 전입니다.","2026-06-11T11:14:42.801Z"
"naver-card-10053","10053","메리어트 본보이™ 더 베스트 신한카드","신한","credit","active","needs_review","메리어트 호텔 무료 숙박권 제공","264000","300000","메리어트 호텔 무료 숙박권 제공","10000","2026-06-10","바우처 | 포인트/캐시백 | 프리미엄","네이버 카드 검색 원본을 기준으로 만든 임시 랭킹 데이터입니다. | 통합 할인한도, 실적 제외, 할인받은 매출의 실적 포함 여부는 공식 상품설명서로 추가 검증이 필요합니다.","바우처, 포인트/캐시백, 프리미엄 영역 혜택 정보가 수집되었습니다.","상세 한도와 제외 조건은 아직 검증 전입니다.","2026-06-11T11:14:42.801Z"
"naver-card-1591","1591","신한카드 Shopping","신한","credit","active","needs_review","백화점/아울렛/대형마트 10% 할인","20000","500000","백화점/아울렛/대형마트 10% 할인","32000","2026-06-10","쇼핑 | 대형마트 | 카페/베이커리","네이버 카드 검색 원본을 기준으로 만든 임시 랭킹 데이터입니다. | 통합 할인한도, 실적 제외, 할인받은 매출의 실적 포함 여부는 공식 상품설명서로 추가 검증이 필요합니다.","쇼핑, 대형마트, 카페/베이커리 영역 혜택 정보가 수집되었습니다.","상세 한도와 제외 조건은 아직 검증 전입니다.","2026-06-11T11:14:42.801Z"
"naver-card-10609","10609","이마트 신한카드","신한","credit","active","needs_review","이마트 계열 15% 할인","18000","400000","이마트 계열 15% 할인","20000","2026-06-10","대형마트 | 카페/베이커리 | 편의점","네이버 카드 검색 원본을 기준으로 만든 임시 랭킹 데이터입니다. | 통합 할인한도, 실적 제외, 할인받은 매출의 실적 포함 여부는 공식 상품설명서로 추가 검증이 필요합니다.","대형마트, 카페/베이커리, 편의점 영역 혜택 정보가 수집되었습니다.","상세 한도와 제외 조건은 아직 검증 전입니다.","2026-06-11T11:14:42.801Z"
"naver-card-10469","10469","신한카드 The CLASSIC-S","신한","credit","active","needs_review","마이신한포인트 적립 제공","97000","500000","마이신한포인트 적립 제공","16000","2026-06-10","포인트/캐시백 | 프리미엄","네이버 카드 검색 원본을 기준으로 만든 임시 랭킹 데이터입니다. | 통합 할인한도, 실적 제외, 할인받은 매출의 실적 포함 여부는 공식 상품설명서로 추가 검증이 필요합니다.","포인트/캐시백, 프리미엄 영역 혜택 정보가 수집되었습니다.","상세 한도와 제외 조건은 아직 검증 전입니다.","2026-06-11T11:14:42.801Z"
"naver-card-10416","10416","신한카드 처음(ANNIVERSE)","신한","credit","active","needs_review","음식점, 카페, 편의점 5% 적립","15000","300000","음식점, 카페, 편의점 5% 적립","20000","2026-06-10","포인트/캐시백 | 통신 | 카페/베이커리","네이버 카드 검색 원본을 기준으로 만든 임시 랭킹 데이터입니다. | 통합 할인한도, 실적 제외, 할인받은 매출의 실적 포함 여부는 공식 상품설명서로 추가 검증이 필요합니다.","포인트/캐시백, 통신, 카페/베이커리 영역 혜택 정보가 수집되었습니다.","상세 한도와 제외 조건은 아직 검증 전입니다.","2026-06-11T11:14:42.801Z"
"naver-card-1570","1570","신한카드 YOLOⓘ","신한","credit","active","needs_review","YOLOⓘ 할인율 선택 서비스","15000","300000","YOLOⓘ 할인율 선택 서비스","20000","2026-06-10","언제나할인 | 카페/베이커리 | 편의점","네이버 카드 검색 원본을 기준으로 만든 임시 랭킹 데이터입니다. | 통합 할인한도, 실적 제외, 할인받은 매출의 실적 포함 여부는 공식 상품설명서로 추가 검증이 필요합니다.","언제나할인, 카페/베이커리, 편의점 영역 혜택 정보가 수집되었습니다.","상세 한도와 제외 조건은 아직 검증 전입니다.","2026-06-11T11:14:42.801Z"
"naver-card-3756","3756","신한카드 MY CAR","신한","credit","active","needs_review","전국 주유소 리터당 80원 결제일할인","27000","400000","전국 주유소 리터당 80원 결제일할인","2000","2026-06-10","주유 | 오토 | 하이패스","네이버 카드 검색 원본을 기준으로 만든 임시 랭킹 데이터입니다. | 통합 할인한도, 실적 제외, 할인받은 매출의 실적 포함 여부는 공식 상품설명서로 추가 검증이 필요합니다.","주유, 오토, 하이패스 영역 혜택 정보가 수집되었습니다.","상세 한도와 제외 조건은 아직 검증 전입니다.","2026-06-11T11:14:42.801Z"
"naver-card-10467","10467","신한카드 The CLASSIC-V","신한","credit","active","needs_review","연간 기프트 옵션 서비스 제공","197000","500000","연간 기프트 옵션 서비스 제공","16000","2026-06-10","바우처 | 포인트/캐시백 | 프리미엄","네이버 카드 검색 원본을 기준으로 만든 임시 랭킹 데이터입니다. | 통합 할인한도, 실적 제외, 할인받은 매출의 실적 포함 여부는 공식 상품설명서로 추가 검증이 필요합니다.","바우처, 포인트/캐시백, 프리미엄 영역 혜택 정보가 수집되었습니다.","상세 한도와 제외 조건은 아직 검증 전입니다.","2026-06-11T11:14:42.801Z"
"naver-card-10402","10402","신한카드 Point Plan+","신한","credit","active","needs_review","국내 가맹점 최대 3% 포인트 적립","30000","400000","국내 가맹점 최대 3% 포인트 적립","20000","2026-06-10","포인트/캐시백 | 외식 | 관리비","네이버 카드 검색 원본을 기준으로 만든 임시 랭킹 데이터입니다. | 통합 할인한도, 실적 제외, 할인받은 매출의 실적 포함 여부는 공식 상품설명서로 추가 검증이 필요합니다.","포인트/캐시백, 외식, 관리비 영역 혜택 정보가 수집되었습니다.","상세 한도와 제외 조건은 아직 검증 전입니다.","2026-06-11T11:14:42.801Z"
"naver-card-10080","10080","#Pay 신한카드","신한","credit","active","needs_review","간편결제 이용 시 5% 포인트 적립","27000","300000","간편결제 이용 시 5% 포인트 적립","20000","2026-06-10","포인트/캐시백","네이버 카드 검색 원본을 기준으로 만든 임시 랭킹 데이터입니다. | 통합 할인한도, 실적 제외, 할인받은 매출의 실적 포함 여부는 공식 상품설명서로 추가 검증이 필요합니다.","포인트/캐시백 영역 혜택 정보가 수집되었습니다.","상세 한도와 제외 조건은 아직 검증 전입니다.","2026-06-11T11:14:42.801Z"
"naver-card-10493","10493","CLUB SK (클럽SK)","SK","credit","active","needs_review","SKT 통신비 최대 1만5천원 할인","6000","400000","SKT 통신비 최대 1만5천원 할인","20000","2026-06-10","통신 | 주유 | 외식","네이버 카드 검색 원본을 기준으로 만든 임시 랭킹 데이터입니다. | 통합 할인한도, 실적 제외, 할인받은 매출의 실적 포함 여부는 공식 상품설명서로 추가 검증이 필요합니다.","통신, 주유, 외식 영역 혜택 정보가 수집되었습니다.","상세 한도와 제외 조건은 아직 검증 전입니다.","2026-06-11T11:14:42.801Z"
"naver-card-10151","10151","신한카드 플리","신한","credit","active","needs_review","국내 이용금액 최대 0.9% 할인","15000","400000","국내 이용금액 최대 0.9% 할인","6000","2026-06-10","언제나할인 | 포인트/캐시백 | 바우처","네이버 카드 검색 원본을 기준으로 만든 임시 랭킹 데이터입니다. | 통합 할인한도, 실적 제외, 할인받은 매출의 실적 포함 여부는 공식 상품설명서로 추가 검증이 필요합니다.","언제나할인, 포인트/캐시백, 바우처 영역 혜택 정보가 수집되었습니다.","상세 한도와 제외 조건은 아직 검증 전입니다.","2026-06-11T11:14:42.801Z"
"naver-card-10207","10207","신한카드 알뜰More(알뜰모아)","신한","credit","active","needs_review","알뜰폰 통신요금 할인카드","20000","400000","알뜰폰 통신요금 할인카드","15000","2026-06-10","통신","네이버 카드 검색 원본을 기준으로 만든 임시 랭킹 데이터입니다. | 통합 할인한도, 실적 제외, 할인받은 매출의 실적 포함 여부는 공식 상품설명서로 추가 검증이 필요합니다.","통신 영역 혜택 정보가 수집되었습니다.","상세 한도와 제외 조건은 아직 검증 전입니다.","2026-06-11T11:14:42.801Z"
"naver-card-10313","10313","zgm living카드","NH농협","credit","active","needs_review","주유소, 공과금, 교육, 통신, 보험","50000","500000","주유소, 공과금, 교육, 통신, 보험","32000","2026-06-10","주유 | 관리비 | 교육","네이버 카드 검색 원본을 기준으로 만든 임시 랭킹 데이터입니다. | 통합 할인한도, 실적 제외, 할인받은 매출의 실적 포함 여부는 공식 상품설명서로 추가 검증이 필요합니다.","주유, 관리비, 교육 영역 혜택 정보가 수집되었습니다.","상세 한도와 제외 조건은 아직 검증 전입니다.","2026-06-11T11:14:42.801Z"
"naver-card-10327","10327","신한카드 Point Plan","신한","credit","active","needs_review","해외 결제금액 1% 포인트 적립","20000","400000","해외 결제금액 1% 포인트 적립","10000","2026-06-10","포인트/캐시백","네이버 카드 검색 원본을 기준으로 만든 임시 랭킹 데이터입니다. | 통합 할인한도, 실적 제외, 할인받은 매출의 실적 포함 여부는 공식 상품설명서로 추가 검증이 필요합니다.","포인트/캐시백 영역 혜택 정보가 수집되었습니다.","상세 한도와 제외 조건은 아직 검증 전입니다.","2026-06-11T11:14:42.801Z"
"naver-card-10260","10260","신한카드 Globus","신한","credit","active","needs_review","해외 이용금액 1.7% 포인트 적립","22000","300000","해외 이용금액 1.7% 포인트 적립","10000","2026-06-10","언제나할인 | 포인트/캐시백","네이버 카드 검색 원본을 기준으로 만든 임시 랭킹 데이터입니다. | 통합 할인한도, 실적 제외, 할인받은 매출의 실적 포함 여부는 공식 상품설명서로 추가 검증이 필요합니다.","언제나할인, 포인트/캐시백 영역 혜택 정보가 수집되었습니다.","상세 한도와 제외 조건은 아직 검증 전입니다.","2026-06-11T11:14:42.801Z"
"naver-card-10187","10187","zgm.the pay카드","NH농협","credit","active","needs_review","국내외 가맹점 1.0% 청구할인","12000","0","국내외 가맹점 1.0% 청구할인","10000","2026-06-10","언제나할인 | 간편결제","네이버 카드 검색 원본을 기준으로 만든 임시 랭킹 데이터입니다. | 통합 할인한도, 실적 제외, 할인받은 매출의 실적 포함 여부는 공식 상품설명서로 추가 검증이 필요합니다.","언제나할인, 간편결제 영역 혜택 정보가 수집되었습니다.","상세 한도와 제외 조건은 아직 검증 전입니다.","2026-06-11T11:14:42.801Z"
"naver-card-10584","10584","NH올원더풀카드","NH농협","credit","active","needs_review","'할인PACK' 최대 6만원 청구할인","28000","400000","'할인PACK' 최대 6만원 청구할인","20000","2026-06-10","포인트/캐시백 | 쇼핑 | 대중교통","네이버 카드 검색 원본을 기준으로 만든 임시 랭킹 데이터입니다. | 통합 할인한도, 실적 제외, 할인받은 매출의 실적 포함 여부는 공식 상품설명서로 추가 검증이 필요합니다.","포인트/캐시백, 쇼핑, 대중교통 영역 혜택 정보가 수집되었습니다.","상세 한도와 제외 조건은 아직 검증 전입니다.","2026-06-11T11:14:42.801Z"
"naver-card-10409","10409","신한카드 Edu Plan+","신한","credit","active","needs_review","학원비 최대 10% 캐시백","40000","500000","학원비 최대 10% 캐시백","32000","2026-06-10","교육 | 대형마트 | 의료","네이버 카드 검색 원본을 기준으로 만든 임시 랭킹 데이터입니다. | 통합 할인한도, 실적 제외, 할인받은 매출의 실적 포함 여부는 공식 상품설명서로 추가 검증이 필요합니다.","교육, 대형마트, 의료 영역 혜택 정보가 수집되었습니다.","상세 한도와 제외 조건은 아직 검증 전입니다.","2026-06-11T11:14:42.801Z"
"naver-card-1292","1292","신한카드 B.Big(삑)","신한","credit","active","needs_review","버스, 지하철 일 최대 600원 할인","10000","300000","버스, 지하철 일 최대 600원 할인","20000","2026-06-10","대중교통 | 편의점 | 카페/베이커리","네이버 카드 검색 원본을 기준으로 만든 임시 랭킹 데이터입니다. | 통합 할인한도, 실적 제외, 할인받은 매출의 실적 포함 여부는 공식 상품설명서로 추가 검증이 필요합니다.","대중교통, 편의점, 카페/베이커리 영역 혜택 정보가 수집되었습니다.","상세 한도와 제외 조건은 아직 검증 전입니다.","2026-06-11T11:14:42.801Z"
"naver-card-10201","10201","티머니 Pay & GO 신한카드","신한","credit","active","needs_review","버스, 지하철 30% 결제일 할인카드","15000","300000","버스, 지하철 30% 결제일 할인카드","20000","2026-06-10","대중교통 | 쇼핑 | 편의점","네이버 카드 검색 원본을 기준으로 만든 임시 랭킹 데이터입니다. | 통합 할인한도, 실적 제외, 할인받은 매출의 실적 포함 여부는 공식 상품설명서로 추가 검증이 필요합니다.","대중교통, 쇼핑, 편의점 영역 혜택 정보가 수집되었습니다.","상세 한도와 제외 조건은 아직 검증 전입니다.","2026-06-11T11:14:42.801Z"
"naver-card-10617","10617","현대카드 MC GLOBAL","현대","credit","active","needs_review","실적·한도 제한없이 법인 리워드 적립","5000","0","실적·한도 제한없이 법인 리워드 적립","10000","2026-06-10","법인 | 프리미엄","네이버 카드 검색 원본을 기준으로 만든 임시 랭킹 데이터입니다. | 통합 할인한도, 실적 제외, 할인받은 매출의 실적 포함 여부는 공식 상품설명서로 추가 검증이 필요합니다.","법인, 프리미엄 영역 혜택 정보가 수집되었습니다.","상세 한도와 제외 조건은 아직 검증 전입니다.","2026-06-11T11:14:42.801Z"
"naver-card-10410","10410","신한카드 The PET","신한","credit","active","needs_review","전국 동물병원 30% 결제일 할인","20000","400000","전국 동물병원 30% 결제일 할인","10000","2026-06-10","반려동물 | 쇼핑","네이버 카드 검색 원본을 기준으로 만든 임시 랭킹 데이터입니다. | 통합 할인한도, 실적 제외, 할인받은 매출의 실적 포함 여부는 공식 상품설명서로 추가 검증이 필요합니다.","반려동물, 쇼핑 영역 혜택 정보가 수집되었습니다.","상세 한도와 제외 조건은 아직 검증 전입니다.","2026-06-11T11:14:42.801Z"
"naver-card-10396","10396","트래블로그 PRESTIGE 신용카드","SK","credit","active","needs_review","바우처 제공·해외이용 수수료 면제!","150000","500000","바우처 제공·해외이용 수수료 면제!","16000","2026-06-10","바우처 | 항공마일리지 | 외화결제","네이버 카드 검색 원본을 기준으로 만든 임시 랭킹 데이터입니다. | 통합 할인한도, 실적 제외, 할인받은 매출의 실적 포함 여부는 공식 상품설명서로 추가 검증이 필요합니다.","바우처, 항공마일리지, 외화결제 영역 혜택 정보가 수집되었습니다.","상세 한도와 제외 조건은 아직 검증 전입니다.","2026-06-11T11:14:42.801Z"
"naver-card-10506","10506","LG헬로비전 롯데카드","롯데","credit","active","needs_review","LG헬로비전 통신료 월최대 2만원할인","10000","300000","LG헬로비전 통신료 월최대 2만원할인","20000","2026-06-10","통신","네이버 카드 검색 원본을 기준으로 만든 임시 랭킹 데이터입니다. | 통합 할인한도, 실적 제외, 할인받은 매출의 실적 포함 여부는 공식 상품설명서로 추가 검증이 필요합니다.","통신 영역 혜택 정보가 수집되었습니다.","상세 한도와 제외 조건은 아직 검증 전입니다.","2026-06-11T11:14:42.801Z"
"naver-card-10535","10535","코웨이 신한카드","신한","credit","active","needs_review","코웨이 렌탈요금 결제일 할인 서비스","27000","500000","코웨이 렌탈요금 결제일 할인 서비스","30000","2026-06-10","렌탈","네이버 카드 검색 원본을 기준으로 만든 임시 랭킹 데이터입니다. | 통합 할인한도, 실적 제외, 할인받은 매출의 실적 포함 여부는 공식 상품설명서로 추가 검증이 필요합니다.","렌탈 영역 혜택 정보가 수집되었습니다.","상세 한도와 제외 조건은 아직 검증 전입니다.","2026-06-11T11:14:42.801Z"
"naver-card-10346","10346","zgm point카드","NH농협","credit","active","needs_review","전 가맹점 최대 1.8% 기본적립","50000","0","전 가맹점 최대 1.8% 기본적립","10000","2026-06-10","포인트/캐시백","네이버 카드 검색 원본을 기준으로 만든 임시 랭킹 데이터입니다. | 통합 할인한도, 실적 제외, 할인받은 매출의 실적 포함 여부는 공식 상품설명서로 추가 검증이 필요합니다.","포인트/캐시백 영역 혜택 정보가 수집되었습니다.","상세 한도와 제외 조건은 아직 검증 전입니다.","2026-06-11T11:14:42.801Z"
"naver-card-10378","10378","coway-현대카드M Edition3","현대","credit","active","needs_review","coway 렌탈 최대 2만원 청구할인","30000","500000","coway 렌탈 최대 2만원 청구할인","16000","2026-06-10","렌탈 | 포인트/캐시백","네이버 카드 검색 원본을 기준으로 만든 임시 랭킹 데이터입니다. | 통합 할인한도, 실적 제외, 할인받은 매출의 실적 포함 여부는 공식 상품설명서로 추가 검증이 필요합니다.","렌탈, 포인트/캐시백 영역 혜택 정보가 수집되었습니다.","상세 한도와 제외 조건은 아직 검증 전입니다.","2026-06-11T11:14:42.801Z"
"naver-card-10128","10128","별다줄카드","NH농협","credit","active","needs_review","국내 온라인 가맹점 7% 청구할인","12000","300000","국내 온라인 가맹점 7% 청구할인","20000","2026-06-10","언제나할인 | 쇼핑 | 대중교통","네이버 카드 검색 원본을 기준으로 만든 임시 랭킹 데이터입니다. | 통합 할인한도, 실적 제외, 할인받은 매출의 실적 포함 여부는 공식 상품설명서로 추가 검증이 필요합니다.","언제나할인, 쇼핑, 대중교통 영역 혜택 정보가 수집되었습니다.","상세 한도와 제외 조건은 아직 검증 전입니다.","2026-06-11T11:14:42.801Z"
"naver-card-10491","10491","클래시 트래블카드","NH농협","credit","active","needs_review","해외수수료 면제, 국내 1.2% 적립","120000","0","해외수수료 면제, 국내 1.2% 적립","10000","2026-06-10","언제나할인 | 포인트/캐시백 | 프리미엄","네이버 카드 검색 원본을 기준으로 만든 임시 랭킹 데이터입니다. | 통합 할인한도, 실적 제외, 할인받은 매출의 실적 포함 여부는 공식 상품설명서로 추가 검증이 필요합니다.","언제나할인, 포인트/캐시백, 프리미엄 영역 혜택 정보가 수집되었습니다.","상세 한도와 제외 조건은 아직 검증 전입니다.","2026-06-11T11:14:42.801Z"
"naver-card-10385","10385","SKT-현대카드M Edition3(통신할인형2.0)","현대","credit","active","needs_review","SKT 통신요금 최대 2만5천원 할인","20000","500000","SKT 통신요금 최대 2만5천원 할인","16000","2026-06-10","통신 | 포인트/캐시백","네이버 카드 검색 원본을 기준으로 만든 임시 랭킹 데이터입니다. | 통합 할인한도, 실적 제외, 할인받은 매출의 실적 포함 여부는 공식 상품설명서로 추가 검증이 필요합니다.","통신, 포인트/캐시백 영역 혜택 정보가 수집되었습니다.","상세 한도와 제외 조건은 아직 검증 전입니다.","2026-06-11T11:14:42.801Z"
"naver-card-10479","10479","미미(美米)카드","NH농협","credit","active","needs_review","오전 5~9시 음식점 50% 청구할인","28000","400000","오전 5~9시 음식점 50% 청구할인","15000","2026-06-10","바우처 | 외식 | 프리미엄","네이버 카드 검색 원본을 기준으로 만든 임시 랭킹 데이터입니다. | 통합 할인한도, 실적 제외, 할인받은 매출의 실적 포함 여부는 공식 상품설명서로 추가 검증이 필요합니다.","바우처, 외식, 프리미엄 영역 혜택 정보가 수집되었습니다.","상세 한도와 제외 조건은 아직 검증 전입니다.","2026-06-11T11:14:42.801Z"
"naver-card-10314","10314","zgm shopping카드","NH농협","credit","active","needs_review","쇼핑 최대 15% NH포인트 적립","50000","500000","쇼핑 최대 15% NH포인트 적립","30000","2026-06-10","쇼핑 | 포인트/캐시백 | 프리미엄","네이버 카드 검색 원본을 기준으로 만든 임시 랭킹 데이터입니다. | 통합 할인한도, 실적 제외, 할인받은 매출의 실적 포함 여부는 공식 상품설명서로 추가 검증이 필요합니다.","쇼핑, 포인트/캐시백, 프리미엄 영역 혜택 정보가 수집되었습니다.","상세 한도와 제외 조건은 아직 검증 전입니다.","2026-06-11T11:14:42.801Z"
"naver-card-1400","1400","NH농협 국민행복카드(비씨)","NH농협","credit","active","needs_review","임신, 출산, 유아학비와 보육료 지원","0","300000","임신, 출산, 유아학비와 보육료 지원","20000","2026-06-10","국민행복카드 | 의료 | 쇼핑","네이버 카드 검색 원본을 기준으로 만든 임시 랭킹 데이터입니다. | 통합 할인한도, 실적 제외, 할인받은 매출의 실적 포함 여부는 공식 상품설명서로 추가 검증이 필요합니다.","국민행복카드, 의료, 쇼핑 영역 혜택 정보가 수집되었습니다.","상세 한도와 제외 조건은 아직 검증 전입니다.","2026-06-11T11:14:42.801Z"
"naver-card-10465","10465","LGE.COM 신한카드","신한","credit","active","needs_review","LGE.COM 플러스 서비스 제공","25000","500000","LGE.COM 플러스 서비스 제공","32000","2026-06-10","포인트/캐시백 | 쇼핑 | 대형마트","네이버 카드 검색 원본을 기준으로 만든 임시 랭킹 데이터입니다. | 통합 할인한도, 실적 제외, 할인받은 매출의 실적 포함 여부는 공식 상품설명서로 추가 검증이 필요합니다.","포인트/캐시백, 쇼핑, 대형마트 영역 혜택 정보가 수집되었습니다.","상세 한도와 제외 조건은 아직 검증 전입니다.","2026-06-11T11:14:42.801Z"
"naver-card-10373","10373","JADE First Centum","SK","credit","active","needs_review","해외·항공·면세·여행 60만원 할인!","995000","500000","해외·항공·면세·여행 60만원 할인!","24000","2026-06-10","바우처 | 레저 | 쇼핑","네이버 카드 검색 원본을 기준으로 만든 임시 랭킹 데이터입니다. | 통합 할인한도, 실적 제외, 할인받은 매출의 실적 포함 여부는 공식 상품설명서로 추가 검증이 필요합니다.","바우처, 레저, 쇼핑 영역 혜택 정보가 수집되었습니다.","상세 한도와 제외 조건은 아직 검증 전입니다.","2026-06-11T11:14:42.801Z"
"naver-card-10219","10219","zgm.휴가중카드","NH농협","credit","active","needs_review","호텔스닷컴 이용 시 20% 즉시할인!","25000","0","호텔스닷컴 이용 시 20% 즉시할인!","10000","2026-06-10","포인트/캐시백 | 레저 | 프리미엄","네이버 카드 검색 원본을 기준으로 만든 임시 랭킹 데이터입니다. | 통합 할인한도, 실적 제외, 할인받은 매출의 실적 포함 여부는 공식 상품설명서로 추가 검증이 필요합니다.","포인트/캐시백, 레저, 프리미엄 영역 혜택 정보가 수집되었습니다.","상세 한도와 제외 조건은 아직 검증 전입니다.","2026-06-11T11:14:42.801Z"
"naver-card-10076","10076","하나 스카이패스 아멕스 플래티늄","SK","credit","active","needs_review","국내 가맹점 1천원 당 1마일 적립","45000","500000","국내 가맹점 1천원 당 1마일 적립","16000","2026-06-10","항공마일리지 | 프리미엄","네이버 카드 검색 원본을 기준으로 만든 임시 랭킹 데이터입니다. | 통합 할인한도, 실적 제외, 할인받은 매출의 실적 포함 여부는 공식 상품설명서로 추가 검증이 필요합니다.","항공마일리지, 프리미엄 영역 혜택 정보가 수집되었습니다.","상세 한도와 제외 조건은 아직 검증 전입니다.","2026-06-11T11:14:42.801Z"
"naver-card-10507","10507","KT 가족만족 DC 신한카드","신한","credit","active","needs_review","KT 통신요금 최대 1만5천원 할인","15000","300000","KT 통신요금 최대 1만5천원 할인","10000","2026-06-10","통신","네이버 카드 검색 원본을 기준으로 만든 임시 랭킹 데이터입니다. | 통합 할인한도, 실적 제외, 할인받은 매출의 실적 포함 여부는 공식 상품설명서로 추가 검증이 필요합니다.","통신 영역 혜택 정보가 수집되었습니다.","상세 한도와 제외 조건은 아직 검증 전입니다.","2026-06-11T11:14:42.801Z"
"naver-card-10455","10455","11번가 신한카드","신한","credit","active","needs_review","적립한도 없이 0.5% 적립","5000","0","적립한도 없이 0.5% 적립","10000","2026-06-10","포인트/캐시백","네이버 카드 검색 원본을 기준으로 만든 임시 랭킹 데이터입니다. | 통합 할인한도, 실적 제외, 할인받은 매출의 실적 포함 여부는 공식 상품설명서로 추가 검증이 필요합니다.","포인트/캐시백 영역 혜택 정보가 수집되었습니다.","상세 한도와 제외 조건은 아직 검증 전입니다.","2026-06-11T11:14:42.801Z"
"naver-card-10622","10622","the Purple(대한항공 마일리지형)","현대","credit","active","needs_review","국내외 공항 라운지 무료 이용","1000000","500000","국내외 공항 라운지 무료 이용","24000","2026-06-10","항공마일리지 | 바우처 | Priority Pass","네이버 카드 검색 원본을 기준으로 만든 임시 랭킹 데이터입니다. | 통합 할인한도, 실적 제외, 할인받은 매출의 실적 포함 여부는 공식 상품설명서로 추가 검증이 필요합니다.","항공마일리지, 바우처, Priority Pass 영역 혜택 정보가 수집되었습니다.","상세 한도와 제외 조건은 아직 검증 전입니다.","2026-06-11T11:14:42.801Z"
"naver-card-10394","10394","현대카드 대한항공카드 060","현대","credit","active","needs_review","연간 보너스 1천 마일리지 적립","60000","500000","연간 보너스 1천 마일리지 적립","24000","2026-06-10","항공마일리지 | 프리미엄 | 바우처","네이버 카드 검색 원본을 기준으로 만든 임시 랭킹 데이터입니다. | 통합 할인한도, 실적 제외, 할인받은 매출의 실적 포함 여부는 공식 상품설명서로 추가 검증이 필요합니다.","항공마일리지, 프리미엄, 바우처 영역 혜택 정보가 수집되었습니다.","상세 한도와 제외 조건은 아직 검증 전입니다.","2026-06-11T11:14:42.801Z"
"naver-card-10500","10500","SKT T라이트 신한카드","신한","credit","active","needs_review","SKT 통신요금 최대 1만5천원 할인","22000","300000","SKT 통신요금 최대 1만5천원 할인","10000","2026-06-10","통신","네이버 카드 검색 원본을 기준으로 만든 임시 랭킹 데이터입니다. | 통합 할인한도, 실적 제외, 할인받은 매출의 실적 포함 여부는 공식 상품설명서로 추가 검증이 필요합니다.","통신 영역 혜택 정보가 수집되었습니다.","상세 한도와 제외 조건은 아직 검증 전입니다.","2026-06-11T11:14:42.801Z"
"naver-card-1614","1614","NH올원 파이카드","NH농협","credit","active","needs_review","온라인쇼핑+선택업종 7~20%청구할인","10000","300000","온라인쇼핑+선택업종 7~20%청구할인","20000","2026-06-10","쇼핑 | 주유 | 통신","네이버 카드 검색 원본을 기준으로 만든 임시 랭킹 데이터입니다. | 통합 할인한도, 실적 제외, 할인받은 매출의 실적 포함 여부는 공식 상품설명서로 추가 검증이 필요합니다.","쇼핑, 주유, 통신 영역 혜택 정보가 수집되었습니다.","상세 한도와 제외 조건은 아직 검증 전입니다.","2026-06-11T11:14:42.801Z"
"naver-card-10400","10400","현대카드 대한항공카드 300","현대","credit","active","needs_review","연간보너스 1만 마일(조건 충족 시)","300000","500000","연간보너스 1만 마일(조건 충족 시)","24000","2026-06-10","항공마일리지 | 프리미엄 | 바우처","네이버 카드 검색 원본을 기준으로 만든 임시 랭킹 데이터입니다. | 통합 할인한도, 실적 제외, 할인받은 매출의 실적 포함 여부는 공식 상품설명서로 추가 검증이 필요합니다.","항공마일리지, 프리미엄, 바우처 영역 혜택 정보가 수집되었습니다.","상세 한도와 제외 조건은 아직 검증 전입니다.","2026-06-11T11:14:42.801Z"
"naver-card-10573","10573","에너지플러스 현대카드","현대","credit","active","needs_review","최저가 보장+추가 5% 청구할인","10000","400000","최저가 보장+추가 5% 청구할인","10000","2026-06-10","주유 | 오토","네이버 카드 검색 원본을 기준으로 만든 임시 랭킹 데이터입니다. | 통합 할인한도, 실적 제외, 할인받은 매출의 실적 포함 여부는 공식 상품설명서로 추가 검증이 필요합니다.","주유, 오토 영역 혜택 정보가 수집되었습니다.","상세 한도와 제외 조건은 아직 검증 전입니다.","2026-06-11T11:14:42.801Z"
"naver-card-10441","10441","세라젬 KB국민카드","KB국민","credit","active","needs_review","세라젬 자동납부 청구할인 서비스","15000","200000","세라젬 자동납부 청구할인 서비스","17000","2026-06-10","렌탈","네이버 카드 검색 원본을 기준으로 만든 임시 랭킹 데이터입니다. | 통합 할인한도, 실적 제외, 할인받은 매출의 실적 포함 여부는 공식 상품설명서로 추가 검증이 필요합니다.","렌탈 영역 혜택 정보가 수집되었습니다.","상세 한도와 제외 조건은 아직 검증 전입니다.","2026-06-11T11:14:42.801Z"
"naver-card-10350","10350","NH농협 K-패스카드","NH농협","credit","active","needs_review","버스/지하철/택시/철도 10%청구할인","13000","400000","버스/지하철/택시/철도 10%청구할인","20000","2026-06-10","대중교통 | 레저 | 쇼핑","네이버 카드 검색 원본을 기준으로 만든 임시 랭킹 데이터입니다. | 통합 할인한도, 실적 제외, 할인받은 매출의 실적 포함 여부는 공식 상품설명서로 추가 검증이 필요합니다.","대중교통, 레저, 쇼핑 영역 혜택 정보가 수집되었습니다.","상세 한도와 제외 조건은 아직 검증 전입니다.","2026-06-11T11:14:42.801Z"
"naver-card-10528","10528","zgm 스스로카드","NH농협","credit","active","needs_review","미성년 자녀 가족카드","1000","100000","미성년 자녀 가족카드","20000","2026-06-10","편의점 | 카페/베이커리 | 뷰티","네이버 카드 검색 원본을 기준으로 만든 임시 랭킹 데이터입니다. | 통합 할인한도, 실적 제외, 할인받은 매출의 실적 포함 여부는 공식 상품설명서로 추가 검증이 필요합니다.","편의점, 카페/베이커리, 뷰티 영역 혜택 정보가 수집되었습니다.","상세 한도와 제외 조건은 아직 검증 전입니다.","2026-06-11T11:14:42.801Z"
"naver-card-10401","10401","현대카드 대한항공카드 the First Edition2","현대","credit","active","needs_review","1천원당 최대 5 마일리지 적립","800000","500000","1천원당 최대 5 마일리지 적립","24000","2026-06-10","항공마일리지 | 프리미엄 | 바우처","네이버 카드 검색 원본을 기준으로 만든 임시 랭킹 데이터입니다. | 통합 할인한도, 실적 제외, 할인받은 매출의 실적 포함 여부는 공식 상품설명서로 추가 검증이 필요합니다.","항공마일리지, 프리미엄, 바우처 영역 혜택 정보가 수집되었습니다.","상세 한도와 제외 조건은 아직 검증 전입니다.","2026-06-11T11:14:42.801Z"
"naver-card-2487","2487","KB국민 코웨이Ⅱ카드","KB국민","credit","active","needs_review","코웨이 렌탈료 월최대 2만원 청구할인","30000","100000","코웨이 렌탈료 월최대 2만원 청구할인","20000","2026-06-10","렌탈 | 포인트/캐시백 | 레저","네이버 카드 검색 원본을 기준으로 만든 임시 랭킹 데이터입니다. | 통합 할인한도, 실적 제외, 할인받은 매출의 실적 포함 여부는 공식 상품설명서로 추가 검증이 필요합니다.","렌탈, 포인트/캐시백, 레저 영역 혜택 정보가 수집되었습니다.","상세 한도와 제외 조건은 아직 검증 전입니다.","2026-06-11T11:14:42.801Z"
"naver-card-10562","10562","신한카드 The CLASSIC+(SKYPASS형)","신한","credit","active","needs_review","1500원당 대한항공 1마일 적립","120000","300000","1500원당 대한항공 1마일 적립","20000","2026-06-10","바우처 | 항공마일리지 | 포인트/캐시백","네이버 카드 검색 원본을 기준으로 만든 임시 랭킹 데이터입니다. | 통합 할인한도, 실적 제외, 할인받은 매출의 실적 포함 여부는 공식 상품설명서로 추가 검증이 필요합니다.","바우처, 항공마일리지, 포인트/캐시백 영역 혜택 정보가 수집되었습니다.","상세 한도와 제외 조건은 아직 검증 전입니다.","2026-06-11T11:14:42.801Z"
"naver-card-10189","10189","하나 CLUB H 아메리칸 익스프레스 리저브 카드","SK","credit","active","needs_review","스카이패스 1천원당 최대 2마일 적립","150000","500000","스카이패스 1천원당 최대 2마일 적립","16000","2026-06-10","항공마일리지 | 프리미엄","네이버 카드 검색 원본을 기준으로 만든 임시 랭킹 데이터입니다. | 통합 할인한도, 실적 제외, 할인받은 매출의 실적 포함 여부는 공식 상품설명서로 추가 검증이 필요합니다.","항공마일리지, 프리미엄 영역 혜택 정보가 수집되었습니다.","상세 한도와 제외 조건은 아직 검증 전입니다.","2026-06-11T11:14:42.801Z"
"naver-card-10399","10399","현대카드 대한항공카드 120","현대","credit","active","needs_review","1천원당 최대 2 마일리지 적립","120000","500000","1천원당 최대 2 마일리지 적립","24000","2026-06-10","항공마일리지 | 프리미엄 | 바우처","네이버 카드 검색 원본을 기준으로 만든 임시 랭킹 데이터입니다. | 통합 할인한도, 실적 제외, 할인받은 매출의 실적 포함 여부는 공식 상품설명서로 추가 검증이 필요합니다.","항공마일리지, 프리미엄, 바우처 영역 혜택 정보가 수집되었습니다.","상세 한도와 제외 조건은 아직 검증 전입니다.","2026-06-11T11:14:42.801Z"
"naver-card-10420","10420","KB국민 EV카드","KB국민","credit","active","needs_review","주차/세차 20% 청구할인","20000","400000","주차/세차 20% 청구할인","15000","2026-06-10","주유 | 오토 | 문화","네이버 카드 검색 원본을 기준으로 만든 임시 랭킹 데이터입니다. | 통합 할인한도, 실적 제외, 할인받은 매출의 실적 포함 여부는 공식 상품설명서로 추가 검증이 필요합니다.","주유, 오토, 문화 영역 혜택 정보가 수집되었습니다.","상세 한도와 제외 조건은 아직 검증 전입니다.","2026-06-11T11:14:42.801Z"
"naver-card-10565","10565","현대카드 MC TWO(법인 리워드형)","현대","credit","active","needs_review","최대 0.6% 법인 리워드 적립","5000","0","최대 0.6% 법인 리워드 적립","10000","2026-06-10","법인 | 프리미엄","네이버 카드 검색 원본을 기준으로 만든 임시 랭킹 데이터입니다. | 통합 할인한도, 실적 제외, 할인받은 매출의 실적 포함 여부는 공식 상품설명서로 추가 검증이 필요합니다.","법인, 프리미엄 영역 혜택 정보가 수집되었습니다.","상세 한도와 제외 조건은 아직 검증 전입니다.","2026-06-11T11:14:42.801Z"
"naver-card-10362","10362","현대 아멕스 골드 카드 Edition2","현대","credit","active","needs_review","25만원 상당 연간 바우처 제공","300000","250000","25만원 상당 연간 바우처 제공","20000","2026-06-10","포인트/캐시백 | 바우처 | 프리미엄","네이버 카드 검색 원본을 기준으로 만든 임시 랭킹 데이터입니다. | 통합 할인한도, 실적 제외, 할인받은 매출의 실적 포함 여부는 공식 상품설명서로 추가 검증이 필요합니다.","포인트/캐시백, 바우처, 프리미엄 영역 혜택 정보가 수집되었습니다.","상세 한도와 제외 조건은 아직 검증 전입니다.","2026-06-11T11:14:42.801Z"
"naver-card-10608","10608","무신사 삼성카드","삼성","credit","active","needs_review","최대 10% 무신사 머니리워드 적립","10000","300000","최대 10% 무신사 머니리워드 적립","10000","2026-06-10","포인트/캐시백 | 쇼핑","네이버 카드 검색 원본을 기준으로 만든 임시 랭킹 데이터입니다. | 통합 할인한도, 실적 제외, 할인받은 매출의 실적 포함 여부는 공식 상품설명서로 추가 검증이 필요합니다.","포인트/캐시백, 쇼핑 영역 혜택 정보가 수집되었습니다.","상세 한도와 제외 조건은 아직 검증 전입니다.","2026-06-11T11:14:42.801Z"
"naver-card-1243","1243","올바른POINT UP 카드","NH농협","credit","active","needs_review","적립한도없이 최대 2% NH포인트적립","14000","400000","적립한도없이 최대 2% NH포인트적립","14000","2026-06-10","포인트/캐시백 | 프리미엄 | 금융","네이버 카드 검색 원본을 기준으로 만든 임시 랭킹 데이터입니다. | 통합 할인한도, 실적 제외, 할인받은 매출의 실적 포함 여부는 공식 상품설명서로 추가 검증이 필요합니다.","포인트/캐시백, 프리미엄, 금융 영역 혜택 정보가 수집되었습니다.","상세 한도와 제외 조건은 아직 검증 전입니다.","2026-06-11T11:14:42.801Z"
"naver-card-10384","10384","LG U+-현대카드M Edition3(통신할인형2.0)","현대","credit","active","needs_review","LG U+ 요금 최대 2만5천원 할인","20000","500000","LG U+ 요금 최대 2만5천원 할인","16000","2026-06-10","통신 | 포인트/캐시백","네이버 카드 검색 원본을 기준으로 만든 임시 랭킹 데이터입니다. | 통합 할인한도, 실적 제외, 할인받은 매출의 실적 포함 여부는 공식 상품설명서로 추가 검증이 필요합니다.","통신, 포인트/캐시백 영역 혜택 정보가 수집되었습니다.","상세 한도와 제외 조건은 아직 검증 전입니다.","2026-06-11T11:14:42.801Z"
"naver-card-10581","10581","현대카드 MC SKYPASS","현대","credit","active","needs_review","3,000원당 1 대한항공 마일리지","0","0","3,000원당 1 대한항공 마일리지","10000","2026-06-10","법인 | 프리미엄","네이버 카드 검색 원본을 기준으로 만든 임시 랭킹 데이터입니다. | 통합 할인한도, 실적 제외, 할인받은 매출의 실적 포함 여부는 공식 상품설명서로 추가 검증이 필요합니다.","법인, 프리미엄 영역 혜택 정보가 수집되었습니다.","상세 한도와 제외 조건은 아직 검증 전입니다.","2026-06-11T11:14:42.801Z"
"naver-card-2418","2418","삼성카드 스페셜마일리지 (스카이패스)","삼성","credit","active","needs_review","스카이패스 1천원당 최대 2마일적립","97000","500000","스카이패스 1천원당 최대 2마일적립","32000","2026-06-10","항공마일리지 | 쇼핑 | 대형마트","네이버 카드 검색 원본을 기준으로 만든 임시 랭킹 데이터입니다. | 통합 할인한도, 실적 제외, 할인받은 매출의 실적 포함 여부는 공식 상품설명서로 추가 검증이 필요합니다.","항공마일리지, 쇼핑, 대형마트 영역 혜택 정보가 수집되었습니다.","상세 한도와 제외 조건은 아직 검증 전입니다.","2026-06-11T11:14:42.801Z"
"naver-card-10518","10518","국민내일배움 신한카드 Simple","신한","credit","active","needs_review","국내외 가맹점 0.5% 캐시백","5000","300000","국내외 가맹점 0.5% 캐시백","10000","2026-06-10","국민내일배움카드 | 포인트/캐시백 | 영화","네이버 카드 검색 원본을 기준으로 만든 임시 랭킹 데이터입니다. | 통합 할인한도, 실적 제외, 할인받은 매출의 실적 포함 여부는 공식 상품설명서로 추가 검증이 필요합니다.","국민내일배움카드, 포인트/캐시백, 영화 영역 혜택 정보가 수집되었습니다.","상세 한도와 제외 조건은 아직 검증 전입니다.","2026-06-11T11:14:42.801Z"
"naver-card-10225","10225","원더카드2.0 LIVING","SK","credit","active","needs_review","아파트관리비/전기세 등 10%","19900","400000","아파트관리비/전기세 등 10%","20000","2026-06-10","관리비 | 의료 | 주유","네이버 카드 검색 원본을 기준으로 만든 임시 랭킹 데이터입니다. | 통합 할인한도, 실적 제외, 할인받은 매출의 실적 포함 여부는 공식 상품설명서로 추가 검증이 필요합니다.","관리비, 의료, 주유 영역 혜택 정보가 수집되었습니다.","상세 한도와 제외 조건은 아직 검증 전입니다.","2026-06-11T11:14:42.801Z"
"naver-card-10618","10618","SmileCard Edition3","현대","credit","active","needs_review","최대 2% 스마일캐시 적립 혜택","20000","300000","최대 2% 스마일캐시 적립 혜택","10000","2026-06-10","포인트/캐시백 | 쇼핑 | 프리미엄","네이버 카드 검색 원본을 기준으로 만든 임시 랭킹 데이터입니다. | 통합 할인한도, 실적 제외, 할인받은 매출의 실적 포함 여부는 공식 상품설명서로 추가 검증이 필요합니다.","포인트/캐시백, 쇼핑, 프리미엄 영역 혜택 정보가 수집되었습니다.","상세 한도와 제외 조건은 아직 검증 전입니다.","2026-06-11T11:14:42.801Z"
"naver-card-10186","10186","zgm.streaming카드","NH농협","credit","active","needs_review","스타벅스/넷플릭스 50% 할인","12000","400000","스타벅스/넷플릭스 50% 할인","7000","2026-06-10","쇼핑 | 문화 | 카페/베이커리","네이버 카드 검색 원본을 기준으로 만든 임시 랭킹 데이터입니다. | 통합 할인한도, 실적 제외, 할인받은 매출의 실적 포함 여부는 공식 상품설명서로 추가 검증이 필요합니다.","쇼핑, 문화, 카페/베이커리 영역 혜택 정보가 수집되었습니다.","상세 한도와 제외 조건은 아직 검증 전입니다.","2026-06-11T11:14:42.801Z"
"naver-card-10297","10297","NH농협 어디로든 그린카드","NH농협","credit","active","needs_review","전기차/수소차 충전 최대 40% 적립","15000","300000","전기차/수소차 충전 최대 40% 적립","5000","2026-06-10","그린카드 | 주유 | 대중교통","네이버 카드 검색 원본을 기준으로 만든 임시 랭킹 데이터입니다. | 통합 할인한도, 실적 제외, 할인받은 매출의 실적 포함 여부는 공식 상품설명서로 추가 검증이 필요합니다.","그린카드, 주유, 대중교통 영역 혜택 정보가 수집되었습니다.","상세 한도와 제외 조건은 아직 검증 전입니다.","2026-06-11T11:14:42.801Z"
"naver-card-10262","10262","NH올원 Rental&코웨이카드","NH농협","credit","active","needs_review","매월 코웨이 렌탈료1~3만원 청구할인","10000","300000","매월 코웨이 렌탈료1~3만원 청구할인","10000","2026-06-10","렌탈 | 레저","네이버 카드 검색 원본을 기준으로 만든 임시 랭킹 데이터입니다. | 통합 할인한도, 실적 제외, 할인받은 매출의 실적 포함 여부는 공식 상품설명서로 추가 검증이 필요합니다.","렌탈, 레저 영역 혜택 정보가 수집되었습니다.","상세 한도와 제외 조건은 아직 검증 전입니다.","2026-06-11T11:14:42.801Z"
"naver-card-2349","2349","Mile 1.6 대한항공","SK","credit","active","needs_review","국내 1,500원당 1.6 마일 적립","45000","500000","국내 1,500원당 1.6 마일 적립","1000","2026-06-10","항공마일리지 | 카페/베이커리 | 영화","네이버 카드 검색 원본을 기준으로 만든 임시 랭킹 데이터입니다. | 통합 할인한도, 실적 제외, 할인받은 매출의 실적 포함 여부는 공식 상품설명서로 추가 검증이 필요합니다.","항공마일리지, 카페/베이커리, 영화 영역 혜택 정보가 수집되었습니다.","상세 한도와 제외 조건은 아직 검증 전입니다.","2026-06-11T11:14:42.801Z"
"naver-card-10223","10223","원더카드2.0 DAILY","SK","credit","active","needs_review","영상스트리밍 40%","19900","400000","영상스트리밍 40%","20000","2026-06-10","대중교통 | 편의점 | 문화","네이버 카드 검색 원본을 기준으로 만든 임시 랭킹 데이터입니다. | 통합 할인한도, 실적 제외, 할인받은 매출의 실적 포함 여부는 공식 상품설명서로 추가 검증이 필요합니다.","대중교통, 편의점, 문화 영역 혜택 정보가 수집되었습니다.","상세 한도와 제외 조건은 아직 검증 전입니다.","2026-06-11T11:14:42.801Z"
"naver-card-652","652","채움 스카이패스(SKYPASS)카드","NH농협","credit","active","needs_review","영화/커피 2배 면세/항공 3배 적립","15000","0","영화/커피 2배 면세/항공 3배 적립","20000","2026-06-10","항공마일리지 | 영화 | 쇼핑","네이버 카드 검색 원본을 기준으로 만든 임시 랭킹 데이터입니다. | 통합 할인한도, 실적 제외, 할인받은 매출의 실적 포함 여부는 공식 상품설명서로 추가 검증이 필요합니다.","항공마일리지, 영화, 쇼핑 영역 혜택 정보가 수집되었습니다.","상세 한도와 제외 조건은 아직 검증 전입니다.","2026-06-11T11:14:42.801Z"
"naver-card-10160","10160","올바른HOMETOWN카드","NH농협","credit","active","needs_review","하나로마트/슈퍼마켓/병원/약국5%할인","12000","400000","하나로마트/슈퍼마켓/병원/약국5%할인","20000","2026-06-10","대형마트 | 쇼핑 | 의료","네이버 카드 검색 원본을 기준으로 만든 임시 랭킹 데이터입니다. | 통합 할인한도, 실적 제외, 할인받은 매출의 실적 포함 여부는 공식 상품설명서로 추가 검증이 필요합니다.","대형마트, 쇼핑, 의료 영역 혜택 정보가 수집되었습니다.","상세 한도와 제외 조건은 아직 검증 전입니다.","2026-06-11T11:14:42.801Z"
"naver-card-3996","3996","올바른FLEX카드","NH농협","credit","active","needs_review","스타벅스 50%,스트리밍 20% 할인","10000","300000","스타벅스 50%,스트리밍 20% 할인","20000","2026-06-10","카페/베이커리 | 문화 | 외식","네이버 카드 검색 원본을 기준으로 만든 임시 랭킹 데이터입니다. | 통합 할인한도, 실적 제외, 할인받은 매출의 실적 포함 여부는 공식 상품설명서로 추가 검증이 필요합니다.","카페/베이커리, 문화, 외식 영역 혜택 정보가 수집되었습니다.","상세 한도와 제외 조건은 아직 검증 전입니다.","2026-06-11T11:14:42.801Z"
"naver-card-10436","10436","현대백화점카드","HC","credit","active","needs_review","5%할인, 무이자 할부","0","1000000","5%할인, 무이자 할부","12000","2026-06-10","쇼핑","네이버 카드 검색 원본을 기준으로 만든 임시 랭킹 데이터입니다. | 통합 할인한도, 실적 제외, 할인받은 매출의 실적 포함 여부는 공식 상품설명서로 추가 검증이 필요합니다.","쇼핑 영역 혜택 정보가 수집되었습니다.","상세 한도와 제외 조건은 아직 검증 전입니다.","2026-06-11T11:14:42.801Z"
"naver-card-10625","10625","U+ X LOCA 라이트 할부 카드","롯데","credit","active","needs_review","LG U+ 기기값 월최대 2만원 할인","25000","500000","LG U+ 기기값 월최대 2만원 할인","20000","2026-06-10","통신","네이버 카드 검색 원본을 기준으로 만든 임시 랭킹 데이터입니다. | 통합 할인한도, 실적 제외, 할인받은 매출의 실적 포함 여부는 공식 상품설명서로 추가 검증이 필요합니다.","통신 영역 혜택 정보가 수집되었습니다.","상세 한도와 제외 조건은 아직 검증 전입니다.","2026-06-11T11:14:42.801Z"
"naver-card-10361","10361","현대 아멕스 더 플래티넘 카드 Edition2","현대","credit","active","needs_review","85만원 상당 연간 바우처 제공","1000000","500000","85만원 상당 연간 바우처 제공","32000","2026-06-10","포인트/캐시백 | 바우처 | 프리미엄","네이버 카드 검색 원본을 기준으로 만든 임시 랭킹 데이터입니다. | 통합 할인한도, 실적 제외, 할인받은 매출의 실적 포함 여부는 공식 상품설명서로 추가 검증이 필요합니다.","포인트/캐시백, 바우처, 프리미엄 영역 혜택 정보가 수집되었습니다.","상세 한도와 제외 조건은 아직 검증 전입니다.","2026-06-11T11:14:42.801Z"
"naver-card-10607","10607","KT가족만족 할부 신한카드","신한","credit","active","needs_review","할부 24개월 연 5.9%","22000","300000","할부 24개월 연 5.9%","15000","2026-06-10","통신 | 납부 혜택","네이버 카드 검색 원본을 기준으로 만든 임시 랭킹 데이터입니다. | 통합 할인한도, 실적 제외, 할인받은 매출의 실적 포함 여부는 공식 상품설명서로 추가 검증이 필요합니다.","통신, 납부 혜택 영역 혜택 정보가 수집되었습니다.","상세 한도와 제외 조건은 아직 검증 전입니다.","2026-06-11T11:14:42.801Z"
"naver-card-10525","10525","BIZ THE iD. PLATINUM (포인트)","삼성","credit","active","needs_review","4대사회보험 등 사업필수경비 3%할인","240000","500000","4대사회보험 등 사업필수경비 3%할인","32000","2026-06-10","사업자 | 프리미엄 | 바우처","네이버 카드 검색 원본을 기준으로 만든 임시 랭킹 데이터입니다. | 통합 할인한도, 실적 제외, 할인받은 매출의 실적 포함 여부는 공식 상품설명서로 추가 검증이 필요합니다.","사업자, 프리미엄, 바우처 영역 혜택 정보가 수집되었습니다.","상세 한도와 제외 조건은 아직 검증 전입니다.","2026-06-11T11:14:42.801Z"
"naver-card-10488","10488","신한카드 Point Plan(서울시다둥이행복카드)","신한","credit","active","needs_review","국내 가맹점 최대 3% 포인트 적립","20000","400000","국내 가맹점 최대 3% 포인트 적립","10000","2026-06-10","포인트/캐시백 | 외식 | 관리비","네이버 카드 검색 원본을 기준으로 만든 임시 랭킹 데이터입니다. | 통합 할인한도, 실적 제외, 할인받은 매출의 실적 포함 여부는 공식 상품설명서로 추가 검증이 필요합니다.","포인트/캐시백, 외식, 관리비 영역 혜택 정보가 수집되었습니다.","상세 한도와 제외 조건은 아직 검증 전입니다.","2026-06-11T11:14:42.801Z"
"naver-card-10636","10636","파인애플 신한카드","신한","credit","active","needs_review","SKT통신 요금 최대 1만5천원 할인","12000","300000","SKT통신 요금 최대 1만5천원 할인","20000","2026-06-10","통신 | 주유 | 영화","네이버 카드 검색 원본을 기준으로 만든 임시 랭킹 데이터입니다. | 통합 할인한도, 실적 제외, 할인받은 매출의 실적 포함 여부는 공식 상품설명서로 추가 검증이 필요합니다.","통신, 주유, 영화 영역 혜택 정보가 수집되었습니다.","상세 한도와 제외 조건은 아직 검증 전입니다.","2026-06-11T11:14:42.801Z"
"naver-card-10637","10637","KT 으랏차차 신한카드","신한","credit","active","needs_review","KT 통신요금 최대 3만3천원 할인","36000","500000","KT 통신요금 최대 3만3천원 할인","16000","2026-06-10","통신 | 포인트/캐시백","네이버 카드 검색 원본을 기준으로 만든 임시 랭킹 데이터입니다. | 통합 할인한도, 실적 제외, 할인받은 매출의 실적 포함 여부는 공식 상품설명서로 추가 검증이 필요합니다.","통신, 포인트/캐시백 영역 혜택 정보가 수집되었습니다.","상세 한도와 제외 조건은 아직 검증 전입니다.","2026-06-11T11:14:42.801Z"
"naver-card-10638","10638","LG헬로비전 신한카드","신한","credit","active","needs_review","LG헬로비전요금 최대 1만5천원 할인","22000","400000","LG헬로비전요금 최대 1만5천원 할인","10000","2026-06-10","통신","네이버 카드 검색 원본을 기준으로 만든 임시 랭킹 데이터입니다. | 통합 할인한도, 실적 제외, 할인받은 매출의 실적 포함 여부는 공식 상품설명서로 추가 검증이 필요합니다.","통신 영역 혜택 정보가 수집되었습니다.","상세 한도와 제외 조건은 아직 검증 전입니다.","2026-06-11T11:14:42.801Z"
"naver-card-10640","10640","New LG전자 베스트샵 PLUS 신한카드","신한","credit","active","needs_review","LG전자 최대 10% 할인","10000","300000","LG전자 최대 10% 할인","10000","2026-06-10","포인트/캐시백 | 쇼핑 | 영화","네이버 카드 검색 원본을 기준으로 만든 임시 랭킹 데이터입니다. | 통합 할인한도, 실적 제외, 할인받은 매출의 실적 포함 여부는 공식 상품설명서로 추가 검증이 필요합니다.","포인트/캐시백, 쇼핑, 영화 영역 혜택 정보가 수집되었습니다.","상세 한도와 제외 조건은 아직 검증 전입니다.","2026-06-11T11:14:42.801Z"
"naver-card-3777","3777","올바른NEW HAVE+카드","NH농협","credit","active","needs_review","기본적립 0.7% 최대 3.5% 적립","23000","400000","기본적립 0.7% 최대 3.5% 적립","23000","2026-06-10","포인트/캐시백 | 쇼핑 | 통신","네이버 카드 검색 원본을 기준으로 만든 임시 랭킹 데이터입니다. | 통합 할인한도, 실적 제외, 할인받은 매출의 실적 포함 여부는 공식 상품설명서로 추가 검증이 필요합니다.","포인트/캐시백, 쇼핑, 통신 영역 혜택 정보가 수집되었습니다.","상세 한도와 제외 조건은 아직 검증 전입니다.","2026-06-11T11:14:42.801Z"
"naver-card-3776","3776","올바른NEW HAVE카드","NH농협","credit","active","needs_review","기본적립 0.7% 최대 2.1% 적립","12000","400000","기본적립 0.7% 최대 2.1% 적립","12000","2026-06-10","포인트/캐시백 | 쇼핑 | 통신","네이버 카드 검색 원본을 기준으로 만든 임시 랭킹 데이터입니다. | 통합 할인한도, 실적 제외, 할인받은 매출의 실적 포함 여부는 공식 상품설명서로 추가 검증이 필요합니다.","포인트/캐시백, 쇼핑, 통신 영역 혜택 정보가 수집되었습니다.","상세 한도와 제외 조건은 아직 검증 전입니다.","2026-06-11T11:14:42.801Z"
"naver-card-10383","10383","kt-현대카드M Edition3(통신할인형2.0)","현대","credit","active","needs_review","kt 통신요금 최대 2만 5천원 할인","20000","500000","kt 통신요금 최대 2만 5천원 할인","16000","2026-06-10","통신 | 포인트/캐시백","네이버 카드 검색 원본을 기준으로 만든 임시 랭킹 데이터입니다. | 통합 할인한도, 실적 제외, 할인받은 매출의 실적 포함 여부는 공식 상품설명서로 추가 검증이 필요합니다.","통신, 포인트/캐시백 영역 혜택 정보가 수집되었습니다.","상세 한도와 제외 조건은 아직 검증 전입니다.","2026-06-11T11:14:42.801Z"
"naver-card-10289","10289","신한카드 My TeenS","신한","credit","active","needs_review","만 12세 이상 미성년 가족 신용카드","1000","200000","만 12세 이상 미성년 가족 신용카드","10000","2026-06-10","편의점","네이버 카드 검색 원본을 기준으로 만든 임시 랭킹 데이터입니다. | 통합 할인한도, 실적 제외, 할인받은 매출의 실적 포함 여부는 공식 상품설명서로 추가 검증이 필요합니다.","편의점 영역 혜택 정보가 수집되었습니다.","상세 한도와 제외 조건은 아직 검증 전입니다.","2026-06-11T11:14:42.801Z"
"naver-card-10442","10442","NH농협 기후동행카드","NH농협","credit","active","needs_review","쇼핑/도서/어학/배달앱 10%청구할인","10000","300000","쇼핑/도서/어학/배달앱 10%청구할인","20000","2026-06-10","대중교통 | 쇼핑 | 문화","네이버 카드 검색 원본을 기준으로 만든 임시 랭킹 데이터입니다. | 통합 할인한도, 실적 제외, 할인받은 매출의 실적 포함 여부는 공식 상품설명서로 추가 검증이 필요합니다.","대중교통, 쇼핑, 문화 영역 혜택 정보가 수집되었습니다.","상세 한도와 제외 조건은 아직 검증 전입니다.","2026-06-11T11:14:42.801Z"
"naver-card-3055","3055","올바른POINT UP+ 카드","NH농협","credit","active","needs_review","적립한도없이 0.7~2.2%포인트적립","23000","0","적립한도없이 0.7~2.2%포인트적립","10000","2026-06-10","포인트/캐시백 | 프리미엄 | 금융","네이버 카드 검색 원본을 기준으로 만든 임시 랭킹 데이터입니다. | 통합 할인한도, 실적 제외, 할인받은 매출의 실적 포함 여부는 공식 상품설명서로 추가 검증이 필요합니다.","포인트/캐시백, 프리미엄, 금융 영역 혜택 정보가 수집되었습니다.","상세 한도와 제외 조건은 아직 검증 전입니다.","2026-06-11T11:14:42.801Z"
"naver-card-10363","10363","현대 아멕스 그린 카드 Edition2","현대","credit","active","needs_review","12만원 상당 연간 바우처 제공","150000","120000","12만원 상당 연간 바우처 제공","20000","2026-06-10","포인트/캐시백 | 바우처 | 프리미엄","네이버 카드 검색 원본을 기준으로 만든 임시 랭킹 데이터입니다. | 통합 할인한도, 실적 제외, 할인받은 매출의 실적 포함 여부는 공식 상품설명서로 추가 검증이 필요합니다.","포인트/캐시백, 바우처, 프리미엄 영역 혜택 정보가 수집되었습니다.","상세 한도와 제외 조건은 아직 검증 전입니다.","2026-06-11T11:14:42.801Z"
"naver-card-3257","3257","신한카드 Deep Once","신한","credit","active","needs_review","10개 렌탈사 자동이체 포인트 적립","20000","400000","10개 렌탈사 자동이체 포인트 적립","10000","2026-06-10","렌탈 | 관리비 | 문화","네이버 카드 검색 원본을 기준으로 만든 임시 랭킹 데이터입니다. | 통합 할인한도, 실적 제외, 할인받은 매출의 실적 포함 여부는 공식 상품설명서로 추가 검증이 필요합니다.","렌탈, 관리비, 문화 영역 혜택 정보가 수집되었습니다.","상세 한도와 제외 조건은 아직 검증 전입니다.","2026-06-11T11:14:42.801Z"
"naver-card-2206","2206","NH20 해봄카드","NH농협","credit","active","needs_review","커피 30%, 쇼핑 10% 청구할인!","10000","300000","커피 30%, 쇼핑 10% 청구할인!","40000","2026-06-10","쇼핑 | 카페/베이커리 | 대중교통","네이버 카드 검색 원본을 기준으로 만든 임시 랭킹 데이터입니다. | 통합 할인한도, 실적 제외, 할인받은 매출의 실적 포함 여부는 공식 상품설명서로 추가 검증이 필요합니다.","쇼핑, 카페/베이커리, 대중교통 영역 혜택 정보가 수집되었습니다.","상세 한도와 제외 조건은 아직 검증 전입니다.","2026-06-11T11:14:42.801Z"
"naver-card-10464","10464","신한카드 The Best-XO(스카이패스형)","신한","credit","active","needs_review","기프트 옵션 서비스 제공","317000","500000","기프트 옵션 서비스 제공","32000","2026-06-10","바우처 | 포인트/캐시백 | 항공마일리지","네이버 카드 검색 원본을 기준으로 만든 임시 랭킹 데이터입니다. | 통합 할인한도, 실적 제외, 할인받은 매출의 실적 포함 여부는 공식 상품설명서로 추가 검증이 필요합니다.","바우처, 포인트/캐시백, 항공마일리지 영역 혜택 정보가 수집되었습니다.","상세 한도와 제외 조건은 아직 검증 전입니다.","2026-06-11T11:14:42.801Z"
"naver-card-10456","10456","올리브영 현대카드","현대","credit","active","needs_review","올리브영에서 최대 5% 혜택","30000","400000","올리브영에서 최대 5% 혜택","10000","2026-06-10","포인트/캐시백 | 쇼핑 | 프리미엄","네이버 카드 검색 원본을 기준으로 만든 임시 랭킹 데이터입니다. | 통합 할인한도, 실적 제외, 할인받은 매출의 실적 포함 여부는 공식 상품설명서로 추가 검증이 필요합니다.","포인트/캐시백, 쇼핑, 프리미엄 영역 혜택 정보가 수집되었습니다.","상세 한도와 제외 조건은 아직 검증 전입니다.","2026-06-11T11:14:42.801Z"
"naver-card-10388","10388","디지로카 Golf","롯데","credit","active","needs_review","골프장, 골프연습장 최대 7% 캐시백","30000","500000","골프장, 골프연습장 최대 7% 캐시백","10000","2026-06-10","레저 | 납부 혜택","네이버 카드 검색 원본을 기준으로 만든 임시 랭킹 데이터입니다. | 통합 할인한도, 실적 제외, 할인받은 매출의 실적 포함 여부는 공식 상품설명서로 추가 검증이 필요합니다.","레저, 납부 혜택 영역 혜택 정보가 수집되었습니다.","상세 한도와 제외 조건은 아직 검증 전입니다.","2026-06-11T11:14:42.801Z"
"naver-card-10564","10564","현대카드 MC ONE(법인 리워드형)","현대","credit","active","needs_review","0.5% 법인 리워드 적립","5000","0","0.5% 법인 리워드 적립","10000","2026-06-10","법인 | 프리미엄","네이버 카드 검색 원본을 기준으로 만든 임시 랭킹 데이터입니다. | 통합 할인한도, 실적 제외, 할인받은 매출의 실적 포함 여부는 공식 상품설명서로 추가 검증이 필요합니다.","법인, 프리미엄 영역 혜택 정보가 수집되었습니다.","상세 한도와 제외 조건은 아직 검증 전입니다.","2026-06-11T11:14:42.801Z"
"naver-card-10308","10308","Triple in LOCA","롯데","credit","active","needs_review","생활 5종 Triple in 할인!","20000","400000","생활 5종 Triple in 할인!","20000","2026-06-10","문화 | 교육 | 통신","네이버 카드 검색 원본을 기준으로 만든 임시 랭킹 데이터입니다. | 통합 할인한도, 실적 제외, 할인받은 매출의 실적 포함 여부는 공식 상품설명서로 추가 검증이 필요합니다.","문화, 교육, 통신 영역 혜택 정보가 수집되었습니다.","상세 한도와 제외 조건은 아직 검증 전입니다.","2026-06-11T11:14:42.801Z"
"naver-card-10421","10421","이마트II KB국민카드(옐로우)","KB국민","credit","active","needs_review","스타벅스 최대 10% 청구할인","15000","500000","스타벅스 최대 10% 청구할인","32000","2026-06-10","대형마트 | 카페/베이커리 | 교육","네이버 카드 검색 원본을 기준으로 만든 임시 랭킹 데이터입니다. | 통합 할인한도, 실적 제외, 할인받은 매출의 실적 포함 여부는 공식 상품설명서로 추가 검증이 필요합니다.","대형마트, 카페/베이커리, 교육 영역 혜택 정보가 수집되었습니다.","상세 한도와 제외 조건은 아직 검증 전입니다.","2026-06-11T11:14:42.801Z"
"naver-card-10226","10226","원더카드2.0 T","SK","credit","active","needs_review","SKT텔레콤 결제 20% 하나머니적립","19900","400000","SKT텔레콤 결제 20% 하나머니적립","20000","2026-06-10","통신 | 주유 | 쇼핑","네이버 카드 검색 원본을 기준으로 만든 임시 랭킹 데이터입니다. | 통합 할인한도, 실적 제외, 할인받은 매출의 실적 포함 여부는 공식 상품설명서로 추가 검증이 필요합니다.","통신, 주유, 쇼핑 영역 혜택 정보가 수집되었습니다.","상세 한도와 제외 조건은 아직 검증 전입니다.","2026-06-11T11:14:42.801Z"
"naver-card-10429","10429","신한카드 The BEST-F(SKY PASS형)","신한","credit","active","needs_review","연1회 쇼핑/레스토랑 기프트옵션 제공","222000","300000","연1회 쇼핑/레스토랑 기프트옵션 제공","20000","2026-06-10","포인트/캐시백 | 바우처 | 항공마일리지","네이버 카드 검색 원본을 기준으로 만든 임시 랭킹 데이터입니다. | 통합 할인한도, 실적 제외, 할인받은 매출의 실적 포함 여부는 공식 상품설명서로 추가 검증이 필요합니다.","포인트/캐시백, 바우처, 항공마일리지 영역 혜택 정보가 수집되었습니다.","상세 한도와 제외 조건은 아직 검증 전입니다.","2026-06-11T11:14:42.801Z"
"naver-card-10582","10582","현대카드 MC ONE(대한항공 마일리지형)","현대","credit","active","needs_review","3,000원당 1 대한항공 마일리지","5000","0","3,000원당 1 대한항공 마일리지","10000","2026-06-10","법인 | 프리미엄","네이버 카드 검색 원본을 기준으로 만든 임시 랭킹 데이터입니다. | 통합 할인한도, 실적 제외, 할인받은 매출의 실적 포함 여부는 공식 상품설명서로 추가 검증이 필요합니다.","법인, 프리미엄 영역 혜택 정보가 수집되었습니다.","상세 한도와 제외 조건은 아직 검증 전입니다.","2026-06-11T11:14:42.801Z"
"naver-card-10517","10517","신한카드 Haru(Hoshino Resorts)","신한","credit","active","needs_review","해외 이용 거래 2% 포인트 적립","30000","300000","해외 이용 거래 2% 포인트 적립","10000","2026-06-10","포인트/캐시백 | 레저","네이버 카드 검색 원본을 기준으로 만든 임시 랭킹 데이터입니다. | 통합 할인한도, 실적 제외, 할인받은 매출의 실적 포함 여부는 공식 상품설명서로 추가 검증이 필요합니다.","포인트/캐시백, 레저 영역 혜택 정보가 수집되었습니다.","상세 한도와 제외 조건은 아직 검증 전입니다.","2026-06-11T11:14:42.801Z"
"naver-card-10390","10390","디지로카 Pet","롯데","credit","active","needs_review","반려동물센터,동물병원 최대 7%캐시백","30000","500000","반려동물센터,동물병원 최대 7%캐시백","10000","2026-06-10","반려동물 | 납부 혜택","네이버 카드 검색 원본을 기준으로 만든 임시 랭킹 데이터입니다. | 통합 할인한도, 실적 제외, 할인받은 매출의 실적 포함 여부는 공식 상품설명서로 추가 검증이 필요합니다.","반려동물, 납부 혜택 영역 혜택 정보가 수집되었습니다.","상세 한도와 제외 조건은 아직 검증 전입니다.","2026-06-11T11:14:42.801Z"
"naver-card-10372","10372","JADE First","SK","credit","active","needs_review","골프/프리미엄 아울렛 50% 청구할인","595000","500000","골프/프리미엄 아울렛 50% 청구할인","24000","2026-06-10","바우처 | 레저 | 쇼핑","네이버 카드 검색 원본을 기준으로 만든 임시 랭킹 데이터입니다. | 통합 할인한도, 실적 제외, 할인받은 매출의 실적 포함 여부는 공식 상품설명서로 추가 검증이 필요합니다.","바우처, 레저, 쇼핑 영역 혜택 정보가 수집되었습니다.","상세 한도와 제외 조건은 아직 검증 전입니다.","2026-06-11T11:14:42.801Z"
"naver-card-10264","10264","zgm.play카드","NH농협","credit","active","needs_review","PC게임/피트니스업종/통신/교통 할인","12000","300000","PC게임/피트니스업종/통신/교통 할인","10000","2026-06-10","쇼핑 | 문화 | 통신","네이버 카드 검색 원본을 기준으로 만든 임시 랭킹 데이터입니다. | 통합 할인한도, 실적 제외, 할인받은 매출의 실적 포함 여부는 공식 상품설명서로 추가 검증이 필요합니다.","쇼핑, 문화, 통신 영역 혜택 정보가 수집되었습니다.","상세 한도와 제외 조건은 아직 검증 전입니다.","2026-06-11T11:14:42.801Z"
"naver-card-10621","10621","the Purple(M포인트형)","현대","credit","active","needs_review","국내외 공항 라운지 무료 이용","1000000","500000","국내외 공항 라운지 무료 이용","16000","2026-06-10","포인트/캐시백 | 바우처 | Priority Pass","네이버 카드 검색 원본을 기준으로 만든 임시 랭킹 데이터입니다. | 통합 할인한도, 실적 제외, 할인받은 매출의 실적 포함 여부는 공식 상품설명서로 추가 검증이 필요합니다.","포인트/캐시백, 바우처, Priority Pass 영역 혜택 정보가 수집되었습니다.","상세 한도와 제외 조건은 아직 검증 전입니다.","2026-06-11T11:14:42.801Z"
"naver-card-10624","10624","TELLO T 라이트 할부 카드","롯데","credit","active","needs_review","SKT 기기값 최대 1.3만원 캐시백","20000","400000","SKT 기기값 최대 1.3만원 캐시백","13000","2026-06-10","통신","네이버 카드 검색 원본을 기준으로 만든 임시 랭킹 데이터입니다. | 통합 할인한도, 실적 제외, 할인받은 매출의 실적 포함 여부는 공식 상품설명서로 추가 검증이 필요합니다.","통신 영역 혜택 정보가 수집되었습니다.","상세 한도와 제외 조건은 아직 검증 전입니다.","2026-06-11T11:14:42.801Z"
"naver-card-10496","10496","KB Biz Prime 카드","KB국민","credit","active","needs_review","국내가맹점 최대 0.5% 포인트리적립","120000","1000000","국내가맹점 최대 0.5% 포인트리적립","36000","2026-06-10","포인트/캐시백 | 쇼핑 | 주유","네이버 카드 검색 원본을 기준으로 만든 임시 랭킹 데이터입니다. | 통합 할인한도, 실적 제외, 할인받은 매출의 실적 포함 여부는 공식 상품설명서로 추가 검증이 필요합니다.","포인트/캐시백, 쇼핑, 주유 영역 혜택 정보가 수집되었습니다.","상세 한도와 제외 조건은 아직 검증 전입니다.","2026-06-11T11:14:42.801Z"
"naver-card-2886","2886","신한카드 Deep Making","신한","credit","active","needs_review","쇼핑영역 1~5% 내맘대로 포인트적립","30000","400000","쇼핑영역 1~5% 내맘대로 포인트적립","20000","2026-06-10","포인트/캐시백 | 쇼핑 | 대형마트","네이버 카드 검색 원본을 기준으로 만든 임시 랭킹 데이터입니다. | 통합 할인한도, 실적 제외, 할인받은 매출의 실적 포함 여부는 공식 상품설명서로 추가 검증이 필요합니다.","포인트/캐시백, 쇼핑, 대형마트 영역 혜택 정보가 수집되었습니다.","상세 한도와 제외 조건은 아직 검증 전입니다.","2026-06-11T11:14:42.801Z"
"naver-card-10287","10287","zgm.일본여행중카드","NH농협","credit","active","needs_review","해외수수료 면제,일본 10%적립","23000","0","해외수수료 면제,일본 10%적립","10000","2026-06-10","금융 | 포인트/캐시백 | 프리미엄","네이버 카드 검색 원본을 기준으로 만든 임시 랭킹 데이터입니다. | 통합 할인한도, 실적 제외, 할인받은 매출의 실적 포함 여부는 공식 상품설명서로 추가 검증이 필요합니다.","금융, 포인트/캐시백, 프리미엄 영역 혜택 정보가 수집되었습니다.","상세 한도와 제외 조건은 아직 검증 전입니다.","2026-06-11T11:14:42.801Z"
"naver-card-10033","10033","LOCA MONEY (로카 머니)","롯데","credit","active","needs_review","한도 없이 최대 2% 로카코인 적립!","20000","0","한도 없이 최대 2% 로카코인 적립!","10000","2026-06-10","포인트/캐시백","네이버 카드 검색 원본을 기준으로 만든 임시 랭킹 데이터입니다. | 통합 할인한도, 실적 제외, 할인받은 매출의 실적 포함 여부는 공식 상품설명서로 추가 검증이 필요합니다.","포인트/캐시백 영역 혜택 정보가 수집되었습니다.","상세 한도와 제외 조건은 아직 검증 전입니다.","2026-06-11T11:14:42.801Z"
"naver-card-10556","10556","한화손해보험 캐롯 KB국민카드","KB국민","credit","active","needs_review","한화손해보험 캐롯 자동납부할인 서비스","15000","200000","한화손해보험 캐롯 자동납부할인 서비스","17000","2026-06-10","금융","네이버 카드 검색 원본을 기준으로 만든 임시 랭킹 데이터입니다. | 통합 할인한도, 실적 제외, 할인받은 매출의 실적 포함 여부는 공식 상품설명서로 추가 검증이 필요합니다.","금융 영역 혜택 정보가 수집되었습니다.","상세 한도와 제외 조건은 아직 검증 전입니다.","2026-06-11T11:14:42.801Z"
"naver-card-10405","10405","SILVER FOR 롯데백화점, 현대카드","현대","credit","active","needs_review","롯데백화점, 롯데아울렛, 롯데몰","30000","500000","롯데백화점, 롯데아울렛, 롯데몰","16000","2026-06-10","쇼핑 | 포인트/캐시백 | 바우처","네이버 카드 검색 원본을 기준으로 만든 임시 랭킹 데이터입니다. | 통합 할인한도, 실적 제외, 할인받은 매출의 실적 포함 여부는 공식 상품설명서로 추가 검증이 필요합니다.","쇼핑, 포인트/캐시백, 바우처 영역 혜택 정보가 수집되었습니다.","상세 한도와 제외 조건은 아직 검증 전입니다.","2026-06-11T11:14:42.801Z"
"naver-card-2757","2757","KB국민 예다함카드","KB국민","credit","active","needs_review","예다함 상조부금 자동납부할인 서비스","15000","200000","예다함 상조부금 자동납부할인 서비스","17000","2026-06-10","금융","네이버 카드 검색 원본을 기준으로 만든 임시 랭킹 데이터입니다. | 통합 할인한도, 실적 제외, 할인받은 매출의 실적 포함 여부는 공식 상품설명서로 추가 검증이 필요합니다.","금융 영역 혜택 정보가 수집되었습니다.","상세 한도와 제외 조건은 아직 검증 전입니다.","2026-06-11T11:14:42.801Z"
"naver-card-3958","3958","올바른BAZIC+ 카드","NH농협","credit","active","needs_review","할인한도없이 0.7~1.4% 기본할인","25000","400000","할인한도없이 0.7~1.4% 기본할인","20000","2026-06-10","언제나할인 | 쇼핑 | 주유","네이버 카드 검색 원본을 기준으로 만든 임시 랭킹 데이터입니다. | 통합 할인한도, 실적 제외, 할인받은 매출의 실적 포함 여부는 공식 상품설명서로 추가 검증이 필요합니다.","언제나할인, 쇼핑, 주유 영역 혜택 정보가 수집되었습니다.","상세 한도와 제외 조건은 아직 검증 전입니다.","2026-06-11T11:14:42.801Z"
"naver-card-10369","10369","The CJ-현대카드M Edition2","현대","credit","active","needs_review","CJ 외식가맹점 최대 20% 할인","15000","0","CJ 외식가맹점 최대 20% 할인","20000","2026-06-10","쇼핑 | 영화 | 외식","네이버 카드 검색 원본을 기준으로 만든 임시 랭킹 데이터입니다. | 통합 할인한도, 실적 제외, 할인받은 매출의 실적 포함 여부는 공식 상품설명서로 추가 검증이 필요합니다.","쇼핑, 영화, 외식 영역 혜택 정보가 수집되었습니다.","상세 한도와 제외 조건은 아직 검증 전입니다.","2026-06-11T11:14:42.801Z"
"naver-card-10325","10325","코스트코 리워드 현대카드 Edition2","현대","credit","active","needs_review","코스트코에서 최대 3%","20000","500000","코스트코에서 최대 3%","32000","2026-06-10","쇼핑 | 포인트/캐시백 | 바우처","네이버 카드 검색 원본을 기준으로 만든 임시 랭킹 데이터입니다. | 통합 할인한도, 실적 제외, 할인받은 매출의 실적 포함 여부는 공식 상품설명서로 추가 검증이 필요합니다.","쇼핑, 포인트/캐시백, 바우처 영역 혜택 정보가 수집되었습니다.","상세 한도와 제외 조건은 아직 검증 전입니다.","2026-06-11T11:14:42.801Z"
"naver-card-10545","10545","힐튼 아너스 아멕스","롯데","credit","active","needs_review","힐튼아너스 1.5천원당 최대4P 적립","247000","500000","힐튼아너스 1.5천원당 최대4P 적립","16000","2026-06-10","포인트/캐시백 | 레저 | 프리미엄","네이버 카드 검색 원본을 기준으로 만든 임시 랭킹 데이터입니다. | 통합 할인한도, 실적 제외, 할인받은 매출의 실적 포함 여부는 공식 상품설명서로 추가 검증이 필요합니다.","포인트/캐시백, 레저, 프리미엄 영역 혜택 정보가 수집되었습니다.","상세 한도와 제외 조건은 아직 검증 전입니다.","2026-06-11T11:14:42.801Z"
"naver-card-1597","1597","CU·배달의민족 삼성카드 taptap","삼성","credit","active","needs_review","CU·배달의민족 월 최대 1만원할인","10000","300000","CU·배달의민족 월 최대 1만원할인","10000","2026-06-10","외식 | 편의점 | 대중교통","네이버 카드 검색 원본을 기준으로 만든 임시 랭킹 데이터입니다. | 통합 할인한도, 실적 제외, 할인받은 매출의 실적 포함 여부는 공식 상품설명서로 추가 검증이 필요합니다.","외식, 편의점, 대중교통 영역 혜택 정보가 수집되었습니다.","상세 한도와 제외 조건은 아직 검증 전입니다.","2026-06-11T11:14:42.801Z"
"naver-card-10563","10563","캐시노트 BUSINESS 현대카드","현대","credit","active","needs_review","사업성 경비 5% M포인트 적립과","30000","1000000","사업성 경비 5% M포인트 적립과","48000","2026-06-10","사업자 | 주유 | 대형마트","네이버 카드 검색 원본을 기준으로 만든 임시 랭킹 데이터입니다. | 통합 할인한도, 실적 제외, 할인받은 매출의 실적 포함 여부는 공식 상품설명서로 추가 검증이 필요합니다.","사업자, 주유, 대형마트 영역 혜택 정보가 수집되었습니다.","상세 한도와 제외 조건은 아직 검증 전입니다.","2026-06-11T11:14:42.801Z"
"naver-card-10634","10634","신한카드 ECO Plan","신한","credit","active","needs_review","전기차 충전 10% 할인","20000","300000","전기차 충전 10% 할인","20000","2026-06-10","포인트/캐시백 | 주유 | 대중교통","네이버 카드 검색 원본을 기준으로 만든 임시 랭킹 데이터입니다. | 통합 할인한도, 실적 제외, 할인받은 매출의 실적 포함 여부는 공식 상품설명서로 추가 검증이 필요합니다.","포인트/캐시백, 주유, 대중교통 영역 혜택 정보가 수집되었습니다.","상세 한도와 제외 조건은 아직 검증 전입니다.","2026-06-11T11:14:42.801Z"
"naver-card-10576","10576","현대카드 MC 항공권전용카드","현대","credit","active","needs_review","최대 12억원 보상 여행자보험 가입","0","0","최대 12억원 보상 여행자보험 가입","10000","2026-06-10","법인","네이버 카드 검색 원본을 기준으로 만든 임시 랭킹 데이터입니다. | 통합 할인한도, 실적 제외, 할인받은 매출의 실적 포함 여부는 공식 상품설명서로 추가 검증이 필요합니다.","법인 영역 혜택 정보가 수집되었습니다.","상세 한도와 제외 조건은 아직 검증 전입니다.","2026-06-11T11:14:42.801Z"
"naver-card-10549","10549","DB손해보험 현대카드","현대","credit","active","needs_review","이용 시 최대 1.7만원 청구 할인","30000","500000","이용 시 최대 1.7만원 청구 할인","24000","2026-06-10","오토 | 금융 | 포인트/캐시백","네이버 카드 검색 원본을 기준으로 만든 임시 랭킹 데이터입니다. | 통합 할인한도, 실적 제외, 할인받은 매출의 실적 포함 여부는 공식 상품설명서로 추가 검증이 필요합니다.","오토, 금융, 포인트/캐시백 영역 혜택 정보가 수집되었습니다.","상세 한도와 제외 조건은 아직 검증 전입니다.","2026-06-11T11:14:42.801Z"
"naver-card-10306","10306","LOCA Professional","롯데","credit","active","needs_review","실적조건·한도없이 최대 2% 캐시백","300000","0","실적조건·한도없이 최대 2% 캐시백","20000","2026-06-10","포인트/캐시백 | 납부 혜택 | 바우처","네이버 카드 검색 원본을 기준으로 만든 임시 랭킹 데이터입니다. | 통합 할인한도, 실적 제외, 할인받은 매출의 실적 포함 여부는 공식 상품설명서로 추가 검증이 필요합니다.","포인트/캐시백, 납부 혜택, 바우처 영역 혜택 정보가 수집되었습니다.","상세 한도와 제외 조건은 아직 검증 전입니다.","2026-06-11T11:14:42.801Z"
"naver-card-10294","10294","싱가포르항공 크리스플라이어 더 베스트 신한카드","신한","credit","active","needs_review","싱가포르항공 1만 5천 마일리지 적립","247000","500000","싱가포르항공 1만 5천 마일리지 적립","24000","2026-06-10","바우처 | 항공마일리지 | 프리미엄","네이버 카드 검색 원본을 기준으로 만든 임시 랭킹 데이터입니다. | 통합 할인한도, 실적 제외, 할인받은 매출의 실적 포함 여부는 공식 상품설명서로 추가 검증이 필요합니다.","바우처, 항공마일리지, 프리미엄 영역 혜택 정보가 수집되었습니다.","상세 한도와 제외 조건은 아직 검증 전입니다.","2026-06-11T11:14:42.801Z"
"naver-card-10527","10527","스타필드 신한카드","신한","credit","active","needs_review","스타필드 10% 할인","17000","400000","스타필드 10% 할인","20000","2026-06-10","쇼핑 | 편의점 | 대형마트","네이버 카드 검색 원본을 기준으로 만든 임시 랭킹 데이터입니다. | 통합 할인한도, 실적 제외, 할인받은 매출의 실적 포함 여부는 공식 상품설명서로 추가 검증이 필요합니다.","쇼핑, 편의점, 대형마트 영역 혜택 정보가 수집되었습니다.","상세 한도와 제외 조건은 아직 검증 전입니다.","2026-06-11T11:14:42.801Z"
"naver-card-10513","10513","LG U+ Bora 신한카드 Big Plus","신한","credit","active","needs_review","LG U+ 통신요금 자동납부 할인","22000","400000","LG U+ 통신요금 자동납부 할인","15000","2026-06-10","통신 | 주유 | 영화","네이버 카드 검색 원본을 기준으로 만든 임시 랭킹 데이터입니다. | 통합 할인한도, 실적 제외, 할인받은 매출의 실적 포함 여부는 공식 상품설명서로 추가 검증이 필요합니다.","통신, 주유, 영화 영역 혜택 정보가 수집되었습니다.","상세 한도와 제외 조건은 아직 검증 전입니다.","2026-06-11T11:14:42.801Z"
"naver-card-10578","10578","현대카드 MC 주유전용카드","현대","credit","active","needs_review","0.2% 리워드 또는 0.5% 할인","0","0","0.2% 리워드 또는 0.5% 할인","10000","2026-06-10","법인","네이버 카드 검색 원본을 기준으로 만든 임시 랭킹 데이터입니다. | 통합 할인한도, 실적 제외, 할인받은 매출의 실적 포함 여부는 공식 상품설명서로 추가 검증이 필요합니다.","법인 영역 혜택 정보가 수집되었습니다.","상세 한도와 제외 조건은 아직 검증 전입니다.","2026-06-11T11:14:42.801Z"
"naver-card-1773","1773","신세계 신한카드","신한","credit","active","needs_review","신세계백화점/이마트 5% 결제일 할인","12000","500000","신세계백화점/이마트 5% 결제일 할인","32000","2026-06-10","쇼핑 | 영화 | 대형마트","네이버 카드 검색 원본을 기준으로 만든 임시 랭킹 데이터입니다. | 통합 할인한도, 실적 제외, 할인받은 매출의 실적 포함 여부는 공식 상품설명서로 추가 검증이 필요합니다.","쇼핑, 영화, 대형마트 영역 혜택 정보가 수집되었습니다.","상세 한도와 제외 조건은 아직 검증 전입니다.","2026-06-11T11:14:42.801Z"
"naver-card-10305","10305","디지로카 Monaco","롯데","credit","active","needs_review","쿠팡 G마켓 등 최대5% 결제일 할인","125000","0","쿠팡 G마켓 등 최대5% 결제일 할인","20000","2026-06-10","언제나할인 | 쇼핑 | 간편결제","네이버 카드 검색 원본을 기준으로 만든 임시 랭킹 데이터입니다. | 통합 할인한도, 실적 제외, 할인받은 매출의 실적 포함 여부는 공식 상품설명서로 추가 검증이 필요합니다.","언제나할인, 쇼핑, 간편결제 영역 혜택 정보가 수집되었습니다.","상세 한도와 제외 조건은 아직 검증 전입니다.","2026-06-11T11:14:42.801Z"
"naver-card-10567","10567","신한카드 THE BEST-F(캐시백형)","신한","credit","active","needs_review","연1회 쇼핑/레스토랑 기프트옵션 제공","202000","300000","연1회 쇼핑/레스토랑 기프트옵션 제공","20000","2026-06-10","바우처 | 포인트/캐시백 | 프리미엄","네이버 카드 검색 원본을 기준으로 만든 임시 랭킹 데이터입니다. | 통합 할인한도, 실적 제외, 할인받은 매출의 실적 포함 여부는 공식 상품설명서로 추가 검증이 필요합니다.","바우처, 포인트/캐시백, 프리미엄 영역 혜택 정보가 수집되었습니다.","상세 한도와 제외 조건은 아직 검증 전입니다.","2026-06-11T11:14:42.801Z"
"naver-card-10555","10555","신한카드 The Best-XO(마이신한포인트형)","신한","credit","active","needs_review","기프트 옵션 서비스 제공","297000","500000","기프트 옵션 서비스 제공","32000","2026-06-10","바우처 | 포인트/캐시백 | 카페/베이커리","네이버 카드 검색 원본을 기준으로 만든 임시 랭킹 데이터입니다. | 통합 할인한도, 실적 제외, 할인받은 매출의 실적 포함 여부는 공식 상품설명서로 추가 검증이 필요합니다.","바우처, 포인트/캐시백, 카페/베이커리 영역 혜택 정보가 수집되었습니다.","상세 한도와 제외 조건은 아직 검증 전입니다.","2026-06-11T11:14:42.801Z"
"naver-card-10277","10277","LOCA PLATINUM(할인형)","롯데","credit","active","needs_review","국내외 가맹점 0.5% 결제일 할인","100000","0","국내외 가맹점 0.5% 결제일 할인","20000","2026-06-10","언제나할인 | 바우처 | 프리미엄","네이버 카드 검색 원본을 기준으로 만든 임시 랭킹 데이터입니다. | 통합 할인한도, 실적 제외, 할인받은 매출의 실적 포함 여부는 공식 상품설명서로 추가 검증이 필요합니다.","언제나할인, 바우처, 프리미엄 영역 혜택 정보가 수집되었습니다.","상세 한도와 제외 조건은 아직 검증 전입니다.","2026-06-11T11:14:42.801Z"
"naver-card-10505","10505","신한카드 KaPick","신한","credit","active","needs_review","요일별 가맹점 이용시 5% 포인트적립","19000","400000","요일별 가맹점 이용시 5% 포인트적립","19000","2026-06-10","포인트/캐시백","네이버 카드 검색 원본을 기준으로 만든 임시 랭킹 데이터입니다. | 통합 할인한도, 실적 제외, 할인받은 매출의 실적 포함 여부는 공식 상품설명서로 추가 검증이 필요합니다.","포인트/캐시백 영역 혜택 정보가 수집되었습니다.","상세 한도와 제외 조건은 아직 검증 전입니다.","2026-06-11T11:14:42.801Z"
"naver-card-10577","10577","한화이글스 신한카드","신한","credit","active","needs_review","한화 이글스 정규시즌 티켓 할인","20000","300000","한화 이글스 정규시즌 티켓 할인","20000","2026-06-10","레저 | 포인트/캐시백 | 카페/베이커리","네이버 카드 검색 원본을 기준으로 만든 임시 랭킹 데이터입니다. | 통합 할인한도, 실적 제외, 할인받은 매출의 실적 포함 여부는 공식 상품설명서로 추가 검증이 필요합니다.","레저, 포인트/캐시백, 카페/베이커리 영역 혜택 정보가 수집되었습니다.","상세 한도와 제외 조건은 아직 검증 전입니다.","2026-06-11T11:14:42.801Z"
"naver-card-10241","10241","zgm.고향으로카드","NH농협","credit","active","needs_review","주말 국내 1% 기부지역 1.7%적립","12000","400000","주말 국내 1% 기부지역 1.7%적립","2000","2026-06-10","포인트/캐시백","네이버 카드 검색 원본을 기준으로 만든 임시 랭킹 데이터입니다. | 통합 할인한도, 실적 제외, 할인받은 매출의 실적 포함 여부는 공식 상품설명서로 추가 검증이 필요합니다.","포인트/캐시백 영역 혜택 정보가 수집되었습니다.","상세 한도와 제외 조건은 아직 검증 전입니다.","2026-06-11T11:14:42.801Z"
"naver-card-10438","10438","현대백화점 현대오일뱅크카드","HC","credit","active","needs_review","현대백화점카드혜택+현대오일뱅크멤버십","0","1000000","현대백화점카드혜택+현대오일뱅크멤버십","12000","2026-06-10","쇼핑","네이버 카드 검색 원본을 기준으로 만든 임시 랭킹 데이터입니다. | 통합 할인한도, 실적 제외, 할인받은 매출의 실적 포함 여부는 공식 상품설명서로 추가 검증이 필요합니다.","쇼핑 영역 혜택 정보가 수집되었습니다.","상세 한도와 제외 조건은 아직 검증 전입니다.","2026-06-11T11:14:42.801Z"
"naver-card-10029","10029","LOCA 100","롯데","credit","active","needs_review","국내외 가맹점 최대 1% 할인!","20000","750000","국내외 가맹점 최대 1% 할인!","32000","2026-06-10","언제나할인 | 바우처 | 쇼핑","네이버 카드 검색 원본을 기준으로 만든 임시 랭킹 데이터입니다. | 통합 할인한도, 실적 제외, 할인받은 매출의 실적 포함 여부는 공식 상품설명서로 추가 검증이 필요합니다.","언제나할인, 바우처, 쇼핑 영역 혜택 정보가 수집되었습니다.","상세 한도와 제외 조건은 아직 검증 전입니다.","2026-06-11T11:14:42.801Z"
"naver-card-10477","10477","신한카드 The CLASSIC-Y","신한","credit","active","needs_review","마이신한포인트 최대 5% 적립","105000","300000","마이신한포인트 최대 5% 적립","20000","2026-06-10","바우처 | 포인트/캐시백 | 프리미엄","네이버 카드 검색 원본을 기준으로 만든 임시 랭킹 데이터입니다. | 통합 할인한도, 실적 제외, 할인받은 매출의 실적 포함 여부는 공식 상품설명서로 추가 검증이 필요합니다.","바우처, 포인트/캐시백, 프리미엄 영역 혜택 정보가 수집되었습니다.","상세 한도와 제외 조건은 아직 검증 전입니다.","2026-06-11T11:14:42.801Z"
"naver-card-10211","10211","NH올원 Rental&바디프랜드카드","NH농협","credit","active","needs_review","바디프랜드 월 최대 3만원 렌탈할인","12000","300000","바디프랜드 월 최대 3만원 렌탈할인","30000","2026-06-10","렌탈 | 레저","네이버 카드 검색 원본을 기준으로 만든 임시 랭킹 데이터입니다. | 통합 할인한도, 실적 제외, 할인받은 매출의 실적 포함 여부는 공식 상품설명서로 추가 검증이 필요합니다.","렌탈, 레저 영역 혜택 정보가 수집되었습니다.","상세 한도와 제외 조건은 아직 검증 전입니다.","2026-06-11T11:14:42.801Z"
"naver-card-10458","10458","현대카드 이마트 e카드 Plus","현대","credit","active","needs_review","이마트 7대 가맹점 5% 적립","30000","500000","이마트 7대 가맹점 5% 적립","32000","2026-06-10","포인트/캐시백 | 대형마트 | 쇼핑","네이버 카드 검색 원본을 기준으로 만든 임시 랭킹 데이터입니다. | 통합 할인한도, 실적 제외, 할인받은 매출의 실적 포함 여부는 공식 상품설명서로 추가 검증이 필요합니다.","포인트/캐시백, 대형마트, 쇼핑 영역 혜택 정보가 수집되었습니다.","상세 한도와 제외 조건은 아직 검증 전입니다.","2026-06-11T11:14:42.801Z"
"naver-card-3258","3258","신한카드 Deep Once Plus","신한","credit","active","needs_review","10개 렌탈사 자동이체 포인트 적립","27000","400000","10개 렌탈사 자동이체 포인트 적립","20000","2026-06-10","렌탈 | 관리비 | 문화","네이버 카드 검색 원본을 기준으로 만든 임시 랭킹 데이터입니다. | 통합 할인한도, 실적 제외, 할인받은 매출의 실적 포함 여부는 공식 상품설명서로 추가 검증이 필요합니다.","렌탈, 관리비, 문화 영역 혜택 정보가 수집되었습니다.","상세 한도와 제외 조건은 아직 검증 전입니다.","2026-06-11T11:14:42.801Z"
"naver-card-10404","10404","GOLD FOR 롯데백화점, 현대카드","현대","credit","active","needs_review","롯데백화점, 롯데아울렛, 롯데몰","150000","500000","롯데백화점, 롯데아울렛, 롯데몰","16000","2026-06-10","쇼핑 | 포인트/캐시백 | 프리미엄","네이버 카드 검색 원본을 기준으로 만든 임시 랭킹 데이터입니다. | 통합 할인한도, 실적 제외, 할인받은 매출의 실적 포함 여부는 공식 상품설명서로 추가 검증이 필요합니다.","쇼핑, 포인트/캐시백, 프리미엄 영역 혜택 정보가 수집되었습니다.","상세 한도와 제외 조건은 아직 검증 전입니다.","2026-06-11T11:14:42.801Z"
"naver-card-4096","4096","롯데백화점 FLEX 카드","롯데","credit","active","needs_review","한도없이 L포인트 0.5% 적립!","100000","500000","한도없이 L포인트 0.5% 적립!","32000","2026-06-10","포인트/캐시백 | 문화 | 카페/베이커리","네이버 카드 검색 원본을 기준으로 만든 임시 랭킹 데이터입니다. | 통합 할인한도, 실적 제외, 할인받은 매출의 실적 포함 여부는 공식 상품설명서로 추가 검증이 필요합니다.","포인트/캐시백, 문화, 카페/베이커리 영역 혜택 정보가 수집되었습니다.","상세 한도와 제외 조건은 아직 검증 전입니다.","2026-06-11T11:14:42.801Z"
"naver-card-10559","10559","신한카드 The CLASSIC NEO","신한","credit","active","needs_review","마이신한포인트 적립","117000","400000","마이신한포인트 적립","20000","2026-06-10","포인트/캐시백 | 외식 | 카페/베이커리","네이버 카드 검색 원본을 기준으로 만든 임시 랭킹 데이터입니다. | 통합 할인한도, 실적 제외, 할인받은 매출의 실적 포함 여부는 공식 상품설명서로 추가 검증이 필요합니다.","포인트/캐시백, 외식, 카페/베이커리 영역 혜택 정보가 수집되었습니다.","상세 한도와 제외 조건은 아직 검증 전입니다.","2026-06-11T11:14:42.801Z"
"naver-card-10546","10546","현대해상 현대카드","현대","credit","active","needs_review","이용 시 최대 1.7만원 청구 할인","30000","500000","이용 시 최대 1.7만원 청구 할인","24000","2026-06-10","오토 | 금융 | 포인트/캐시백","네이버 카드 검색 원본을 기준으로 만든 임시 랭킹 데이터입니다. | 통합 할인한도, 실적 제외, 할인받은 매출의 실적 포함 여부는 공식 상품설명서로 추가 검증이 필요합니다.","오토, 금융, 포인트/캐시백 영역 혜택 정보가 수집되었습니다.","상세 한도와 제외 조건은 아직 검증 전입니다.","2026-06-11T11:14:42.801Z"
"naver-card-10445","10445","신한카드 Biz Plan","신한","credit","active","needs_review","사업성 경비 업종 4% 추가 적립","30000","500000","사업성 경비 업종 4% 추가 적립","10000","2026-06-10","포인트/캐시백","네이버 카드 검색 원본을 기준으로 만든 임시 랭킹 데이터입니다. | 통합 할인한도, 실적 제외, 할인받은 매출의 실적 포함 여부는 공식 상품설명서로 추가 검증이 필요합니다.","포인트/캐시백 영역 혜택 정보가 수집되었습니다.","상세 한도와 제외 조건은 아직 검증 전입니다.","2026-06-11T11:14:42.801Z"
"naver-card-10630","10630","신한법인카드","신한","credit","active","needs_review","결제금액 0.1% 기본 적립","5000","0","결제금액 0.1% 기본 적립","10000","2026-06-10","법인","네이버 카드 검색 원본을 기준으로 만든 임시 랭킹 데이터입니다. | 통합 할인한도, 실적 제외, 할인받은 매출의 실적 포함 여부는 공식 상품설명서로 추가 검증이 필요합니다.","법인 영역 혜택 정보가 수집되었습니다.","상세 한도와 제외 조건은 아직 검증 전입니다.","2026-06-11T11:14:42.801Z"
"naver-card-10419","10419","CU KB국민카드","KB국민","credit","active","needs_review","CU편의점 최대 50% 청구할인","20000","400000","CU편의점 최대 50% 청구할인","15000","2026-06-10","편의점 | 문화 | 통신","네이버 카드 검색 원본을 기준으로 만든 임시 랭킹 데이터입니다. | 통합 할인한도, 실적 제외, 할인받은 매출의 실적 포함 여부는 공식 상품설명서로 추가 검증이 필요합니다.","편의점, 문화, 통신 영역 혜택 정보가 수집되었습니다.","상세 한도와 제외 조건은 아직 검증 전입니다.","2026-06-11T11:14:42.801Z"
"naver-card-10583","10583","현대홈쇼핑 현대카드 Edition2","현대","credit","active","needs_review","현대홈쇼핑 7% 청구 할인","20000","400000","현대홈쇼핑 7% 청구 할인","10000","2026-06-10","쇼핑 | 포인트/캐시백","네이버 카드 검색 원본을 기준으로 만든 임시 랭킹 데이터입니다. | 통합 할인한도, 실적 제외, 할인받은 매출의 실적 포함 여부는 공식 상품설명서로 추가 검증이 필요합니다.","쇼핑, 포인트/캐시백 영역 혜택 정보가 수집되었습니다.","상세 한도와 제외 조건은 아직 검증 전입니다.","2026-06-11T11:14:42.801Z"
"naver-card-10571","10571","LOCA Biz+","롯데","credit","active","needs_review","사업경비영역 최대 5% 결제일 할인","200000","1000000","사업경비영역 최대 5% 결제일 할인","48000","2026-06-10","언제나할인 | 사업자 | 카페/베이커리","네이버 카드 검색 원본을 기준으로 만든 임시 랭킹 데이터입니다. | 통합 할인한도, 실적 제외, 할인받은 매출의 실적 포함 여부는 공식 상품설명서로 추가 검증이 필요합니다.","언제나할인, 사업자, 카페/베이커리 영역 혜택 정보가 수집되었습니다.","상세 한도와 제외 조건은 아직 검증 전입니다.","2026-06-11T11:14:42.801Z"
"naver-card-10543","10543","현대카드M-화물차유가보조금카드","현대","credit","active","needs_review","지정 주유소의 경유 할인 및 적립","0","0","지정 주유소의 경유 할인 및 적립","15000","2026-06-10","주유 | 사업자 | 포인트/캐시백","네이버 카드 검색 원본을 기준으로 만든 임시 랭킹 데이터입니다. | 통합 할인한도, 실적 제외, 할인받은 매출의 실적 포함 여부는 공식 상품설명서로 추가 검증이 필요합니다.","주유, 사업자, 포인트/캐시백 영역 혜택 정보가 수집되었습니다.","상세 한도와 제외 조건은 아직 검증 전입니다.","2026-06-11T11:14:42.801Z"
"naver-card-10632","10632","대한항공 신한법인 크레딧 신용카드","신한","credit","active","needs_review","대한항공 법인 크레딧 적립","15000","0","대한항공 법인 크레딧 적립","10000","2026-06-10","법인","네이버 카드 검색 원본을 기준으로 만든 임시 랭킹 데이터입니다. | 통합 할인한도, 실적 제외, 할인받은 매출의 실적 포함 여부는 공식 상품설명서로 추가 검증이 필요합니다.","법인 영역 혜택 정보가 수집되었습니다.","상세 한도와 제외 조건은 아직 검증 전입니다.","2026-06-11T11:14:42.801Z"
"naver-card-10495","10495","KB MyBiz 사장님든든 기업카드","KB국민","credit","active","needs_review","사업경비 업종 20% 포인트리 적립","10000","0","사업경비 업종 20% 포인트리 적립","10000","2026-06-10","포인트/캐시백 | 오토","네이버 카드 검색 원본을 기준으로 만든 임시 랭킹 데이터입니다. | 통합 할인한도, 실적 제외, 할인받은 매출의 실적 포함 여부는 공식 상품설명서로 추가 검증이 필요합니다.","포인트/캐시백, 오토 영역 혜택 정보가 수집되었습니다.","상세 한도와 제외 조건은 아직 검증 전입니다.","2026-06-11T11:14:42.801Z"
"naver-card-10629","10629","신한법인카드 Business Trip","신한","credit","active","needs_review","해외 이용금액 0.5% 포인트 적립","0","0","해외 이용금액 0.5% 포인트 적립","10000","2026-06-10","법인","네이버 카드 검색 원본을 기준으로 만든 임시 랭킹 데이터입니다. | 통합 할인한도, 실적 제외, 할인받은 매출의 실적 포함 여부는 공식 상품설명서로 추가 검증이 필요합니다.","법인 영역 혜택 정보가 수집되었습니다.","상세 한도와 제외 조건은 아직 검증 전입니다.","2026-06-11T11:14:42.801Z"
"naver-card-2414","2414","NH올원 쇼핑&TLC카드","NH농협","credit","active","needs_review","3년 장기할부 시 최대 72만원 할인","13000","300000","3년 장기할부 시 최대 72만원 할인","15000","2026-06-10","렌탈 | 레저 | 카페/베이커리","네이버 카드 검색 원본을 기준으로 만든 임시 랭킹 데이터입니다. | 통합 할인한도, 실적 제외, 할인받은 매출의 실적 포함 여부는 공식 상품설명서로 추가 검증이 필요합니다.","렌탈, 레저, 카페/베이커리 영역 혜택 정보가 수집되었습니다.","상세 한도와 제외 조건은 아직 검증 전입니다.","2026-06-11T11:14:42.801Z"
"naver-card-10437","10437","현대백화점 해피포인트카드","HC","credit","active","needs_review","현대백화점카드 혜택+해피포인트 멤버십","0","1000000","현대백화점카드 혜택+해피포인트 멤버십","12000","2026-06-10","포인트/캐시백 | 쇼핑","네이버 카드 검색 원본을 기준으로 만든 임시 랭킹 데이터입니다. | 통합 할인한도, 실적 제외, 할인받은 매출의 실적 포함 여부는 공식 상품설명서로 추가 검증이 필요합니다.","포인트/캐시백, 쇼핑 영역 혜택 정보가 수집되었습니다.","상세 한도와 제외 조건은 아직 검증 전입니다.","2026-06-11T11:14:42.801Z"
"naver-card-10539","10539","소노아임레디 KB국민카드","KB국민","credit","active","needs_review","소노아임레디 월최대1만7천원 청구할인","15000","200000","소노아임레디 월최대1만7천원 청구할인","17000","2026-06-10","금융","네이버 카드 검색 원본을 기준으로 만든 임시 랭킹 데이터입니다. | 통합 할인한도, 실적 제외, 할인받은 매출의 실적 포함 여부는 공식 상품설명서로 추가 검증이 필요합니다.","금융 영역 혜택 정보가 수집되었습니다.","상세 한도와 제외 조건은 아직 검증 전입니다.","2026-06-11T11:14:42.801Z"
"naver-card-10631","10631","신한법인 Point Plus 신용카드","신한","credit","active","needs_review","국내외 이용 0.1% 법인포인트 적립","10000","0","국내외 이용 0.1% 법인포인트 적립","10000","2026-06-10","법인","네이버 카드 검색 원본을 기준으로 만든 임시 랭킹 데이터입니다. | 통합 할인한도, 실적 제외, 할인받은 매출의 실적 포함 여부는 공식 상품설명서로 추가 검증이 필요합니다.","법인 영역 혜택 정보가 수집되었습니다.","상세 한도와 제외 조건은 아직 검증 전입니다.","2026-06-11T11:14:42.801Z"
"naver-card-10541","10541","현대카드X-화물차유가보조금카드(S-OIL)","현대","credit","active","needs_review","경유 주유 리터당 최대 105원 할인","0","0","경유 주유 리터당 최대 105원 할인","10000","2026-06-10","주유 | 사업자 | 언제나할인","네이버 카드 검색 원본을 기준으로 만든 임시 랭킹 데이터입니다. | 통합 할인한도, 실적 제외, 할인받은 매출의 실적 포함 여부는 공식 상품설명서로 추가 검증이 필요합니다.","주유, 사업자, 언제나할인 영역 혜택 정보가 수집되었습니다.","상세 한도와 제외 조건은 아직 검증 전입니다.","2026-06-11T11:14:42.801Z"
"naver-card-10542","10542","현대카드X-화물차유가보조금카드(SK에너지)","현대","credit","active","needs_review","내트럭플러스 경유 최대100원 할인","0","0","내트럭플러스 경유 최대100원 할인","10000","2026-06-10","주유 | 사업자 | 언제나할인","네이버 카드 검색 원본을 기준으로 만든 임시 랭킹 데이터입니다. | 통합 할인한도, 실적 제외, 할인받은 매출의 실적 포함 여부는 공식 상품설명서로 추가 검증이 필요합니다.","주유, 사업자, 언제나할인 영역 혜택 정보가 수집되었습니다.","상세 한도와 제외 조건은 아직 검증 전입니다.","2026-06-11T11:14:42.801Z"
"naver-card-10322","10322","네이버 카드 10322","기타","credit","active","needs_review","혜택요약 국내외 가맹점 실적 조건없이 할인 국내외 가맹점 0.8% 할인 온라인 신청 주요혜택 연회비지원 포인트/캐시백 대중교통 간편결제 편의점 다른 인기카드 현대카드ZERO Edition3(포인트형) 신규 회원 최대 1만5","0","0","혜택요약 국내외 가맹점 실적 조건없이 할인 국내외 가맹점 0.8% 할인 온라인 신청 주요혜택 연회비지원 포인트/캐시백 대중교통 간편결제 편의점 다른 인기카드 현대카드ZERO Edition3(포인트형) 신규 회원 최대 1만5","10000","2026-06-10","혜택 분석 대기","네이버 카드 검색 원본을 기준으로 만든 임시 랭킹 데이터입니다. | 통합 할인한도, 실적 제외, 할인받은 매출의 실적 포함 여부는 공식 상품설명서로 추가 검증이 필요합니다.","혜택 분석 대기 영역 혜택 정보가 수집되었습니다.","상세 한도와 제외 조건은 아직 검증 전입니다.","2026-06-11T11:14:42.801Z"
"naver-card-10345","10345","네이버 카드 10345","기타","credit","active","needs_review","혜택요약 온·오프라인 쇼핑 10% 할인 간편결제 이용 시 5% 추가 할인 온라인 신청 주요혜택 연회비지원 쇼핑 간편결제 주유 카페/베이커리 다른 우리 추천카드 카드의정석2 SUPER 신규 회원 최대 100% 지급 카드의정석","0","300000","혜택요약 온·오프라인 쇼핑 10% 할인 간편결제 이용 시 5% 추가 할인 온라인 신청 주요혜택 연회비지원 쇼핑 간편결제 주유 카페/베이커리 다른 우리 추천카드 카드의정석2 SUPER 신규 회원 최대 100% 지급 카드의정석","10000","2026-06-10","혜택 분석 대기","네이버 카드 검색 원본을 기준으로 만든 임시 랭킹 데이터입니다. | 통합 할인한도, 실적 제외, 할인받은 매출의 실적 포함 여부는 공식 상품설명서로 추가 검증이 필요합니다.","혜택 분석 대기 영역 혜택 정보가 수집되었습니다.","상세 한도와 제외 조건은 아직 검증 전입니다.","2026-06-11T11:14:42.801Z"
"naver-card-10387","10387","네이버 카드 10387","기타","credit","active","needs_review","혜택요약 학원, 유치원 최대 7% 캐시백 국내 가맹점 2~3개월 무이자 할부 온라인 신청 주요혜택 연회비지원 교육 납부 혜택 다른 발견5종 Edition 디지로카 Wellness 신규 회원 최대 100% 지급 디지로카 Go","0","500000","혜택요약 학원, 유치원 최대 7% 캐시백 국내 가맹점 2~3개월 무이자 할부 온라인 신청 주요혜택 연회비지원 교육 납부 혜택 다른 발견5종 Edition 디지로카 Wellness 신규 회원 최대 100% 지급 디지로카 Go","10000","2026-06-10","혜택 분석 대기","네이버 카드 검색 원본을 기준으로 만든 임시 랭킹 데이터입니다. | 통합 할인한도, 실적 제외, 할인받은 매출의 실적 포함 여부는 공식 상품설명서로 추가 검증이 필요합니다.","혜택 분석 대기 영역 혜택 정보가 수집되었습니다.","상세 한도와 제외 조건은 아직 검증 전입니다.","2026-06-11T11:14:42.801Z"
