"benefit_id","card_id","category","benefit_name","reward_type","reward_rate","fixed_reward_amount","monthly_cap","min_transaction_amount","previous_month_spend_required","merchant_scope","discounted_spend_counts_for_performance","performance_band","excluded_items","note","exported_at"
"naver-card-10304-shopping-0","naver-card-10304","shopping","포인트/캐시백","cashback","0.01","","5000","","0","포인트/캐시백","unknown","실적 조건 없음","상품권 | 선불카드 충전 | 세금 | 공과금 | 연회비 | 수수료","포인트/캐시백 영역은 네이버 카드 상세에서 수집한 혜택 카테고리를 기준으로 임시 계산합니다.","2026-06-11T11:14:42.801Z"
"naver-card-10304-ott-1","naver-card-10304","ott","렌탈","cashback","0.01","","5000","","0","렌탈","unknown","실적 조건 없음","상품권 | 선불카드 충전 | 세금 | 공과금 | 연회비 | 수수료","렌탈 영역은 네이버 카드 상세에서 수집한 혜택 카테고리를 기준으로 임시 계산합니다.","2026-06-11T11:14:42.801Z"
"naver-card-10304-medical-2","naver-card-10304","medical","의료","cashback","0.01","","5000","","0","의료","unknown","실적 조건 없음","상품권 | 선불카드 충전 | 세금 | 공과금 | 연회비 | 수수료","의료 영역은 네이버 카드 상세에서 수집한 혜택 카테고리를 기준으로 임시 계산합니다.","2026-06-11T11:14:42.801Z"
"naver-card-10304-etc-3","naver-card-10304","etc","레저","cashback","0.01","","5000","","0","레저","unknown","실적 조건 없음","상품권 | 선불카드 충전 | 세금 | 공과금 | 연회비 | 수수료","레저 영역은 네이버 카드 상세에서 수집한 혜택 카테고리를 기준으로 임시 계산합니다.","2026-06-11T11:14:42.801Z"
"naver-card-10304-convenience-4","naver-card-10304","convenience","편의점","cashback","0.01","","5000","","0","편의점","unknown","실적 조건 없음","상품권 | 선불카드 충전 | 세금 | 공과금 | 연회비 | 수수료","편의점 영역은 네이버 카드 상세에서 수집한 혜택 카테고리를 기준으로 임시 계산합니다.","2026-06-11T11:14:42.801Z"
"naver-card-10623-etc-0","naver-card-10623","etc","언제나할인","discount","0.02","","10000","","0","언제나할인","unknown","실적 조건 없음","상품권 | 선불카드 충전 | 세금 | 공과금 | 연회비 | 수수료","언제나할인 영역은 네이버 카드 상세에서 수집한 혜택 카테고리를 기준으로 임시 계산합니다.","2026-06-11T11:14:42.801Z"
"naver-card-1530-etc-0","naver-card-1530","etc","영화","cashback","0.1","","5000","","300000","영화","unknown","30만원 이상","상품권 | 선불카드 충전 | 세금 | 공과금 | 연회비 | 수수료","영화 영역은 네이버 카드 상세에서 수집한 혜택 카테고리를 기준으로 임시 계산합니다.","2026-06-11T11:14:42.801Z"
"naver-card-1530-shopping-1","naver-card-1530","shopping","포인트/캐시백","cashback","0.1","","5000","","300000","포인트/캐시백","unknown","30만원 이상","상품권 | 선불카드 충전 | 세금 | 공과금 | 연회비 | 수수료","포인트/캐시백 영역은 네이버 카드 상세에서 수집한 혜택 카테고리를 기준으로 임시 계산합니다.","2026-06-11T11:14:42.801Z"
"naver-card-1530-coffee-2","naver-card-1530","coffee","카페/베이커리","cashback","0.1","","5000","","300000","카페/베이커리","unknown","30만원 이상","상품권 | 선불카드 충전 | 세금 | 공과금 | 연회비 | 수수료","카페/베이커리 영역은 네이버 카드 상세에서 수집한 혜택 카테고리를 기준으로 임시 계산합니다.","2026-06-11T11:14:42.801Z"
"naver-card-1530-convenience-3","naver-card-1530","convenience","편의점","cashback","0.1","","5000","","300000","편의점","unknown","30만원 이상","상품권 | 선불카드 충전 | 세금 | 공과금 | 연회비 | 수수료","편의점 영역은 네이버 카드 상세에서 수집한 혜택 카테고리를 기준으로 임시 계산합니다.","2026-06-11T11:14:42.801Z"
"naver-card-1530-telecom-4","naver-card-1530","telecom","통신","cashback","0.1","","5000","","300000","통신","unknown","30만원 이상","상품권 | 선불카드 충전 | 세금 | 공과금 | 연회비 | 수수료","통신 영역은 네이버 카드 상세에서 수집한 혜택 카테고리를 기준으로 임시 계산합니다.","2026-06-11T11:14:42.801Z"
"naver-card-10333-etc-0","naver-card-10333","etc","언제나할인","cashback","0.013000000000000001","","5000","","300000","언제나할인","unknown","30만원 이상","상품권 | 선불카드 충전 | 세금 | 공과금 | 연회비 | 수수료","언제나할인 영역은 네이버 카드 상세에서 수집한 혜택 카테고리를 기준으로 임시 계산합니다.","2026-06-11T11:14:42.801Z"
"naver-card-10333-shopping-1","naver-card-10333","shopping","쇼핑","cashback","0.013000000000000001","","5000","","300000","쇼핑","unknown","30만원 이상","상품권 | 선불카드 충전 | 세금 | 공과금 | 연회비 | 수수료","쇼핑 영역은 네이버 카드 상세에서 수집한 혜택 카테고리를 기준으로 임시 계산합니다.","2026-06-11T11:14:42.801Z"
"naver-card-10333-coffee-2","naver-card-10333","coffee","카페/베이커리","cashback","0.013000000000000001","","5000","","300000","카페/베이커리","unknown","30만원 이상","상품권 | 선불카드 충전 | 세금 | 공과금 | 연회비 | 수수료","카페/베이커리 영역은 네이버 카드 상세에서 수집한 혜택 카테고리를 기준으로 임시 계산합니다.","2026-06-11T11:14:42.801Z"
"naver-card-10333-convenience-3","naver-card-10333","convenience","편의점","cashback","0.013000000000000001","","5000","","300000","편의점","unknown","30만원 이상","상품권 | 선불카드 충전 | 세금 | 공과금 | 연회비 | 수수료","편의점 영역은 네이버 카드 상세에서 수집한 혜택 카테고리를 기준으로 임시 계산합니다.","2026-06-11T11:14:42.801Z"
"naver-card-10333-mart-4","naver-card-10333","mart","대형마트","cashback","0.013000000000000001","","5000","","300000","대형마트","unknown","30만원 이상","상품권 | 선불카드 충전 | 세금 | 공과금 | 연회비 | 수수료","대형마트 영역은 네이버 카드 상세에서 수집한 혜택 카테고리를 기준으로 임시 계산합니다.","2026-06-11T11:14:42.801Z"
"naver-card-10105-etc-0","naver-card-10105","etc","언제나할인","cashback","0.015","","5000","","0","언제나할인","unknown","실적 조건 없음","상품권 | 선불카드 충전 | 세금 | 공과금 | 연회비 | 수수료","언제나할인 영역은 네이버 카드 상세에서 수집한 혜택 카테고리를 기준으로 임시 계산합니다.","2026-06-11T11:14:42.801Z"
"naver-card-10105-coffee-1","naver-card-10105","coffee","카페/베이커리","cashback","0.015","","5000","","0","카페/베이커리","unknown","실적 조건 없음","상품권 | 선불카드 충전 | 세금 | 공과금 | 연회비 | 수수료","카페/베이커리 영역은 네이버 카드 상세에서 수집한 혜택 카테고리를 기준으로 임시 계산합니다.","2026-06-11T11:14:42.801Z"
"naver-card-10105-shopping-2","naver-card-10105","shopping","쇼핑","cashback","0.015","","5000","","0","쇼핑","unknown","실적 조건 없음","상품권 | 선불카드 충전 | 세금 | 공과금 | 연회비 | 수수료","쇼핑 영역은 네이버 카드 상세에서 수집한 혜택 카테고리를 기준으로 임시 계산합니다.","2026-06-11T11:14:42.801Z"
"naver-card-10105-medical-3","naver-card-10105","medical","뷰티","cashback","0.015","","5000","","0","뷰티","unknown","실적 조건 없음","상품권 | 선불카드 충전 | 세금 | 공과금 | 연회비 | 수수료","뷰티 영역은 네이버 카드 상세에서 수집한 혜택 카테고리를 기준으로 임시 계산합니다.","2026-06-11T11:14:42.801Z"
"naver-card-10105-mart-4","naver-card-10105","mart","대형마트","cashback","0.015","","5000","","0","대형마트","unknown","실적 조건 없음","상품권 | 선불카드 충전 | 세금 | 공과금 | 연회비 | 수수료","대형마트 영역은 네이버 카드 상세에서 수집한 혜택 카테고리를 기준으로 임시 계산합니다.","2026-06-11T11:14:42.801Z"
"naver-card-10615-etc-0","naver-card-10615","etc","언제나할인","cashback","0.015","","5000","","0","언제나할인","unknown","실적 조건 없음","상품권 | 선불카드 충전 | 세금 | 공과금 | 연회비 | 수수료","언제나할인 영역은 네이버 카드 상세에서 수집한 혜택 카테고리를 기준으로 임시 계산합니다.","2026-06-11T11:14:42.801Z"
"naver-card-10615-shopping-1","naver-card-10615","shopping","쇼핑","cashback","0.015","","5000","","0","쇼핑","unknown","실적 조건 없음","상품권 | 선불카드 충전 | 세금 | 공과금 | 연회비 | 수수료","쇼핑 영역은 네이버 카드 상세에서 수집한 혜택 카테고리를 기준으로 임시 계산합니다.","2026-06-11T11:14:42.801Z"
"naver-card-10615-medical-2","naver-card-10615","medical","뷰티","cashback","0.015","","5000","","0","뷰티","unknown","실적 조건 없음","상품권 | 선불카드 충전 | 세금 | 공과금 | 연회비 | 수수료","뷰티 영역은 네이버 카드 상세에서 수집한 혜택 카테고리를 기준으로 임시 계산합니다.","2026-06-11T11:14:42.801Z"
"naver-card-10615-coffee-3","naver-card-10615","coffee","카페/베이커리","cashback","0.015","","5000","","0","카페/베이커리","unknown","실적 조건 없음","상품권 | 선불카드 충전 | 세금 | 공과금 | 연회비 | 수수료","카페/베이커리 영역은 네이버 카드 상세에서 수집한 혜택 카테고리를 기준으로 임시 계산합니다.","2026-06-11T11:14:42.801Z"
"naver-card-10615-mart-4","naver-card-10615","mart","대형마트","cashback","0.015","","5000","","0","대형마트","unknown","실적 조건 없음","상품권 | 선불카드 충전 | 세금 | 공과금 | 연회비 | 수수료","대형마트 영역은 네이버 카드 상세에서 수집한 혜택 카테고리를 기준으로 임시 계산합니다.","2026-06-11T11:14:42.801Z"
"naver-card-10375-etc-0","naver-card-10375","etc","언제나할인","discount","0.02","","5000","","0","언제나할인","unknown","실적 조건 없음","상품권 | 선불카드 충전 | 세금 | 공과금 | 연회비 | 수수료","언제나할인 영역은 네이버 카드 상세에서 수집한 혜택 카테고리를 기준으로 임시 계산합니다.","2026-06-11T11:14:42.801Z"
"naver-card-10375-ott-1","naver-card-10375","ott","렌탈","discount","0.02","","5000","","0","렌탈","unknown","실적 조건 없음","상품권 | 선불카드 충전 | 세금 | 공과금 | 연회비 | 수수료","렌탈 영역은 네이버 카드 상세에서 수집한 혜택 카테고리를 기준으로 임시 계산합니다.","2026-06-11T11:14:42.801Z"
"naver-card-10375-medical-2","naver-card-10375","medical","의료","discount","0.02","","5000","","0","의료","unknown","실적 조건 없음","상품권 | 선불카드 충전 | 세금 | 공과금 | 연회비 | 수수료","의료 영역은 네이버 카드 상세에서 수집한 혜택 카테고리를 기준으로 임시 계산합니다.","2026-06-11T11:14:42.801Z"
"naver-card-10375-convenience-3","naver-card-10375","convenience","편의점","discount","0.02","","5000","","0","편의점","unknown","실적 조건 없음","상품권 | 선불카드 충전 | 세금 | 공과금 | 연회비 | 수수료","편의점 영역은 네이버 카드 상세에서 수집한 혜택 카테고리를 기준으로 임시 계산합니다.","2026-06-11T11:14:42.801Z"
"naver-card-10375-dining-4","naver-card-10375","dining","외식","discount","0.02","","5000","","0","외식","unknown","실적 조건 없음","상품권 | 선불카드 충전 | 세금 | 공과금 | 연회비 | 수수료","외식 영역은 네이버 카드 상세에서 수집한 혜택 카테고리를 기준으로 임시 계산합니다.","2026-06-11T11:14:42.801Z"
"naver-card-10176-etc-0","naver-card-10176","etc","납부 혜택","cashback","0.01","","10000","","0","납부 혜택","unknown","실적 조건 없음","상품권 | 선불카드 충전 | 세금 | 공과금 | 연회비 | 수수료","납부 혜택 영역은 네이버 카드 상세에서 수집한 혜택 카테고리를 기준으로 임시 계산합니다.","2026-06-11T11:14:42.801Z"
"naver-card-10141-etc-0","naver-card-10141","etc","관리비","cashback","0.1","","8000","","500000","관리비","unknown","50만원 이상","상품권 | 선불카드 충전 | 세금 | 공과금 | 연회비 | 수수료","관리비 영역은 네이버 카드 상세에서 수집한 혜택 카테고리를 기준으로 임시 계산합니다.","2026-06-11T11:14:42.801Z"
"naver-card-10141-telecom-1","naver-card-10141","telecom","통신","cashback","0.1","","8000","","500000","통신","unknown","50만원 이상","상품권 | 선불카드 충전 | 세금 | 공과금 | 연회비 | 수수료","통신 영역은 네이버 카드 상세에서 수집한 혜택 카테고리를 기준으로 임시 계산합니다.","2026-06-11T11:14:42.801Z"
"naver-card-10141-transport-2","naver-card-10141","transport","대중교통","cashback","0.1","","8000","","500000","대중교통","unknown","50만원 이상","상품권 | 선불카드 충전 | 세금 | 공과금 | 연회비 | 수수료","대중교통 영역은 네이버 카드 상세에서 수집한 혜택 카테고리를 기준으로 임시 계산합니다.","2026-06-11T11:14:42.801Z"
"naver-card-10141-dining-3","naver-card-10141","dining","외식","cashback","0.1","","8000","","500000","외식","unknown","50만원 이상","상품권 | 선불카드 충전 | 세금 | 공과금 | 연회비 | 수수료","외식 영역은 네이버 카드 상세에서 수집한 혜택 카테고리를 기준으로 임시 계산합니다.","2026-06-11T11:14:42.801Z"
"naver-card-10141-education-4","naver-card-10141","education","교육","cashback","0.1","","8000","","500000","교육","unknown","50만원 이상","상품권 | 선불카드 충전 | 세금 | 공과금 | 연회비 | 수수료","교육 영역은 네이버 카드 상세에서 수집한 혜택 카테고리를 기준으로 임시 계산합니다.","2026-06-11T11:14:42.801Z"
"naver-card-10157-fuel-0","naver-card-10157","fuel","주유","discount","0.1","","5000","","0","주유","unknown","실적 조건 없음","상품권 | 선불카드 충전 | 세금 | 공과금 | 연회비 | 수수료","주유 영역은 네이버 카드 상세에서 수집한 혜택 카테고리를 기준으로 임시 계산합니다.","2026-06-11T11:14:42.801Z"
"naver-card-10157-shopping-1","naver-card-10157","shopping","간편결제","discount","0.1","","5000","","0","간편결제","unknown","실적 조건 없음","상품권 | 선불카드 충전 | 세금 | 공과금 | 연회비 | 수수료","간편결제 영역은 네이버 카드 상세에서 수집한 혜택 카테고리를 기준으로 임시 계산합니다.","2026-06-11T11:14:42.801Z"
"naver-card-10157-mart-2","naver-card-10157","mart","대형마트","discount","0.1","","5000","","0","대형마트","unknown","실적 조건 없음","상품권 | 선불카드 충전 | 세금 | 공과금 | 연회비 | 수수료","대형마트 영역은 네이버 카드 상세에서 수집한 혜택 카테고리를 기준으로 임시 계산합니다.","2026-06-11T11:14:42.801Z"
"naver-card-10157-convenience-3","naver-card-10157","convenience","편의점","discount","0.1","","5000","","0","편의점","unknown","실적 조건 없음","상품권 | 선불카드 충전 | 세금 | 공과금 | 연회비 | 수수료","편의점 영역은 네이버 카드 상세에서 수집한 혜택 카테고리를 기준으로 임시 계산합니다.","2026-06-11T11:14:42.801Z"
"naver-card-10157-telecom-4","naver-card-10157","telecom","통신","discount","0.1","","5000","","0","통신","unknown","실적 조건 없음","상품권 | 선불카드 충전 | 세금 | 공과금 | 연회비 | 수수료","통신 영역은 네이버 카드 상세에서 수집한 혜택 카테고리를 기준으로 임시 계산합니다.","2026-06-11T11:14:42.801Z"
"naver-card-10307-telecom-0","naver-card-10307","telecom","통신","discount","0.03","","5000","","400000","통신","unknown","40만원 이상","상품권 | 선불카드 충전 | 세금 | 공과금 | 연회비 | 수수료","통신 영역은 네이버 카드 상세에서 수집한 혜택 카테고리를 기준으로 임시 계산합니다.","2026-06-11T11:14:42.801Z"
"naver-card-10307-etc-1","naver-card-10307","etc","납부 혜택","discount","0.03","","5000","","400000","납부 혜택","unknown","40만원 이상","상품권 | 선불카드 충전 | 세금 | 공과금 | 연회비 | 수수료","납부 혜택 영역은 네이버 카드 상세에서 수집한 혜택 카테고리를 기준으로 임시 계산합니다.","2026-06-11T11:14:42.801Z"
"naver-card-1531-fuel-0","naver-card-1531","fuel","주유","cashback","0.01","","5000","","0","주유","unknown","실적 조건 없음","상품권 | 선불카드 충전 | 세금 | 공과금 | 연회비 | 수수료","주유 영역은 네이버 카드 상세에서 수집한 혜택 카테고리를 기준으로 임시 계산합니다.","2026-06-11T11:14:42.801Z"
"naver-card-1531-shopping-1","naver-card-1531","shopping","포인트/캐시백","cashback","0.01","","5000","","0","포인트/캐시백","unknown","실적 조건 없음","상품권 | 선불카드 충전 | 세금 | 공과금 | 연회비 | 수수료","포인트/캐시백 영역은 네이버 카드 상세에서 수집한 혜택 카테고리를 기준으로 임시 계산합니다.","2026-06-11T11:14:42.801Z"
"naver-card-1531-etc-2","naver-card-1531","etc","영화","cashback","0.01","","5000","","0","영화","unknown","실적 조건 없음","상품권 | 선불카드 충전 | 세금 | 공과금 | 연회비 | 수수료","영화 영역은 네이버 카드 상세에서 수집한 혜택 카테고리를 기준으로 임시 계산합니다.","2026-06-11T11:14:42.801Z"
"naver-card-1531-coffee-3","naver-card-1531","coffee","카페/베이커리","cashback","0.01","","5000","","0","카페/베이커리","unknown","실적 조건 없음","상품권 | 선불카드 충전 | 세금 | 공과금 | 연회비 | 수수료","카페/베이커리 영역은 네이버 카드 상세에서 수집한 혜택 카테고리를 기준으로 임시 계산합니다.","2026-06-11T11:14:42.801Z"
"naver-card-1531-mart-4","naver-card-1531","mart","대형마트","cashback","0.01","","5000","","0","대형마트","unknown","실적 조건 없음","상품권 | 선불카드 충전 | 세금 | 공과금 | 연회비 | 수수료","대형마트 영역은 네이버 카드 상세에서 수집한 혜택 카테고리를 기준으로 임시 계산합니다.","2026-06-11T11:14:42.801Z"
"naver-card-10309-telecom-0","naver-card-10309","telecom","통신","discount","0.03","","10000","","300000","통신","unknown","30만원 이상","상품권 | 선불카드 충전 | 세금 | 공과금 | 연회비 | 수수료","통신 영역은 네이버 카드 상세에서 수집한 혜택 카테고리를 기준으로 임시 계산합니다.","2026-06-11T11:14:42.801Z"
"naver-card-10452-shopping-0","naver-card-10452","shopping","포인트/캐시백","cashback","0.05","","5000","","200000","포인트/캐시백","unknown","20만원 이상","상품권 | 선불카드 충전 | 세금 | 공과금 | 연회비 | 수수료","포인트/캐시백 영역은 네이버 카드 상세에서 수집한 혜택 카테고리를 기준으로 임시 계산합니다.","2026-06-11T11:14:42.801Z"
"naver-card-10452-coffee-1","naver-card-10452","coffee","카페/베이커리","cashback","0.05","","5000","","200000","카페/베이커리","unknown","20만원 이상","상품권 | 선불카드 충전 | 세금 | 공과금 | 연회비 | 수수료","카페/베이커리 영역은 네이버 카드 상세에서 수집한 혜택 카테고리를 기준으로 임시 계산합니다.","2026-06-11T11:14:42.801Z"
"naver-card-10452-mart-2","naver-card-10452","mart","대형마트","cashback","0.05","","5000","","200000","대형마트","unknown","20만원 이상","상품권 | 선불카드 충전 | 세금 | 공과금 | 연회비 | 수수료","대형마트 영역은 네이버 카드 상세에서 수집한 혜택 카테고리를 기준으로 임시 계산합니다.","2026-06-11T11:14:42.801Z"
"naver-card-10452-convenience-3","naver-card-10452","convenience","편의점","cashback","0.05","","5000","","200000","편의점","unknown","20만원 이상","상품권 | 선불카드 충전 | 세금 | 공과금 | 연회비 | 수수료","편의점 영역은 네이버 카드 상세에서 수집한 혜택 카테고리를 기준으로 임시 계산합니다.","2026-06-11T11:14:42.801Z"
"naver-card-10452-fuel-4","naver-card-10452","fuel","주유","cashback","0.05","","5000","","200000","주유","unknown","20만원 이상","상품권 | 선불카드 충전 | 세금 | 공과금 | 연회비 | 수수료","주유 영역은 네이버 카드 상세에서 수집한 혜택 카테고리를 기준으로 임시 계산합니다.","2026-06-11T11:14:42.801Z"
"naver-card-10522-fuel-0","naver-card-10522","fuel","주유","discount","0.1","","5000","","400000","주유","unknown","40만원 이상","상품권 | 선불카드 충전 | 세금 | 공과금 | 연회비 | 수수료","주유 영역은 네이버 카드 상세에서 수집한 혜택 카테고리를 기준으로 임시 계산합니다.","2026-06-11T11:14:42.801Z"
"naver-card-10522-medical-1","naver-card-10522","medical","의료","discount","0.1","","5000","","400000","의료","unknown","40만원 이상","상품권 | 선불카드 충전 | 세금 | 공과금 | 연회비 | 수수료","의료 영역은 네이버 카드 상세에서 수집한 혜택 카테고리를 기준으로 임시 계산합니다.","2026-06-11T11:14:42.801Z"
"naver-card-10522-shopping-2","naver-card-10522","shopping","쇼핑","discount","0.1","","5000","","400000","쇼핑","unknown","40만원 이상","상품권 | 선불카드 충전 | 세금 | 공과금 | 연회비 | 수수료","쇼핑 영역은 네이버 카드 상세에서 수집한 혜택 카테고리를 기준으로 임시 계산합니다.","2026-06-11T11:14:42.801Z"
"naver-card-10522-etc-3","naver-card-10522","etc","문화","discount","0.1","","5000","","400000","문화","unknown","40만원 이상","상품권 | 선불카드 충전 | 세금 | 공과금 | 연회비 | 수수료","문화 영역은 네이버 카드 상세에서 수집한 혜택 카테고리를 기준으로 임시 계산합니다.","2026-06-11T11:14:42.801Z"
"naver-card-10522-telecom-4","naver-card-10522","telecom","통신","discount","0.1","","5000","","400000","통신","unknown","40만원 이상","상품권 | 선불카드 충전 | 세금 | 공과금 | 연회비 | 수수료","통신 영역은 네이버 카드 상세에서 수집한 혜택 카테고리를 기준으로 임시 계산합니다.","2026-06-11T11:14:42.801Z"
"naver-card-10332-etc-0","naver-card-10332","etc","금융","cashback","0.01","","5000","","300000","금융","unknown","30만원 이상","상품권 | 선불카드 충전 | 세금 | 공과금 | 연회비 | 수수료","금융 영역은 네이버 카드 상세에서 수집한 혜택 카테고리를 기준으로 임시 계산합니다.","2026-06-11T11:14:42.801Z"
"naver-card-10332-shopping-1","naver-card-10332","shopping","쇼핑","cashback","0.01","","5000","","300000","쇼핑","unknown","30만원 이상","상품권 | 선불카드 충전 | 세금 | 공과금 | 연회비 | 수수료","쇼핑 영역은 네이버 카드 상세에서 수집한 혜택 카테고리를 기준으로 임시 계산합니다.","2026-06-11T11:14:42.801Z"
"naver-card-10332-coffee-2","naver-card-10332","coffee","카페/베이커리","cashback","0.01","","5000","","300000","카페/베이커리","unknown","30만원 이상","상품권 | 선불카드 충전 | 세금 | 공과금 | 연회비 | 수수료","카페/베이커리 영역은 네이버 카드 상세에서 수집한 혜택 카테고리를 기준으로 임시 계산합니다.","2026-06-11T11:14:42.801Z"
"naver-card-10332-convenience-3","naver-card-10332","convenience","편의점","cashback","0.01","","5000","","300000","편의점","unknown","30만원 이상","상품권 | 선불카드 충전 | 세금 | 공과금 | 연회비 | 수수료","편의점 영역은 네이버 카드 상세에서 수집한 혜택 카테고리를 기준으로 임시 계산합니다.","2026-06-11T11:14:42.801Z"
"naver-card-10332-transport-4","naver-card-10332","transport","대중교통","cashback","0.01","","5000","","300000","대중교통","unknown","30만원 이상","상품권 | 선불카드 충전 | 세금 | 공과금 | 연회비 | 수수료","대중교통 영역은 네이버 카드 상세에서 수집한 혜택 카테고리를 기준으로 임시 계산합니다.","2026-06-11T11:14:42.801Z"
"naver-card-10102-dining-0","naver-card-10102","dining","외식","discount","0.1","","5000","","300000","외식","unknown","30만원 이상","상품권 | 선불카드 충전 | 세금 | 공과금 | 연회비 | 수수료","외식 영역은 네이버 카드 상세에서 수집한 혜택 카테고리를 기준으로 임시 계산합니다.","2026-06-11T11:14:42.801Z"
"naver-card-10102-coffee-1","naver-card-10102","coffee","카페/베이커리","discount","0.1","","5000","","300000","카페/베이커리","unknown","30만원 이상","상품권 | 선불카드 충전 | 세금 | 공과금 | 연회비 | 수수료","카페/베이커리 영역은 네이버 카드 상세에서 수집한 혜택 카테고리를 기준으로 임시 계산합니다.","2026-06-11T11:14:42.801Z"
"naver-card-10102-shopping-2","naver-card-10102","shopping","간편결제","discount","0.1","","5000","","300000","간편결제","unknown","30만원 이상","상품권 | 선불카드 충전 | 세금 | 공과금 | 연회비 | 수수료","간편결제 영역은 네이버 카드 상세에서 수집한 혜택 카테고리를 기준으로 임시 계산합니다.","2026-06-11T11:14:42.801Z"
"naver-card-10102-etc-3","naver-card-10102","etc","문화","discount","0.1","","5000","","300000","문화","unknown","30만원 이상","상품권 | 선불카드 충전 | 세금 | 공과금 | 연회비 | 수수료","문화 영역은 네이버 카드 상세에서 수집한 혜택 카테고리를 기준으로 임시 계산합니다.","2026-06-11T11:14:42.801Z"
"naver-card-10102-transport-4","naver-card-10102","transport","대중교통","discount","0.1","","5000","","300000","대중교통","unknown","30만원 이상","상품권 | 선불카드 충전 | 세금 | 공과금 | 연회비 | 수수료","대중교통 영역은 네이버 카드 상세에서 수집한 혜택 카테고리를 기준으로 임시 계산합니다.","2026-06-11T11:14:42.801Z"
"naver-card-1294-fuel-0","naver-card-1294","fuel","주유","discount","0.1","","5000","","300000","주유","unknown","30만원 이상","상품권 | 선불카드 충전 | 세금 | 공과금 | 연회비 | 수수료","주유 영역은 네이버 카드 상세에서 수집한 혜택 카테고리를 기준으로 임시 계산합니다.","2026-06-11T11:14:42.801Z"
"naver-card-1294-mart-1","naver-card-1294","mart","대형마트","discount","0.1","","5000","","300000","대형마트","unknown","30만원 이상","상품권 | 선불카드 충전 | 세금 | 공과금 | 연회비 | 수수료","대형마트 영역은 네이버 카드 상세에서 수집한 혜택 카테고리를 기준으로 임시 계산합니다.","2026-06-11T11:14:42.801Z"
"naver-card-1294-telecom-2","naver-card-1294","telecom","통신","discount","0.1","","5000","","300000","통신","unknown","30만원 이상","상품권 | 선불카드 충전 | 세금 | 공과금 | 연회비 | 수수료","통신 영역은 네이버 카드 상세에서 수집한 혜택 카테고리를 기준으로 임시 계산합니다.","2026-06-11T11:14:42.801Z"
"naver-card-1294-transport-3","naver-card-1294","transport","대중교통","discount","0.1","","5000","","300000","대중교통","unknown","30만원 이상","상품권 | 선불카드 충전 | 세금 | 공과금 | 연회비 | 수수료","대중교통 영역은 네이버 카드 상세에서 수집한 혜택 카테고리를 기준으로 임시 계산합니다.","2026-06-11T11:14:42.801Z"
"naver-card-1294-shopping-4","naver-card-1294","shopping","포인트/캐시백","discount","0.1","","5000","","300000","포인트/캐시백","unknown","30만원 이상","상품권 | 선불카드 충전 | 세금 | 공과금 | 연회비 | 수수료","포인트/캐시백 영역은 네이버 카드 상세에서 수집한 혜택 카테고리를 기준으로 임시 계산합니다.","2026-06-11T11:14:42.801Z"
"naver-card-10343-etc-0","naver-card-10343","etc","언제나할인","discount","0.05","","8000","","500000","언제나할인","unknown","50만원 이상","상품권 | 선불카드 충전 | 세금 | 공과금 | 연회비 | 수수료","언제나할인 영역은 네이버 카드 상세에서 수집한 혜택 카테고리를 기준으로 임시 계산합니다.","2026-06-11T11:14:42.801Z"
"naver-card-10343-fuel-1","naver-card-10343","fuel","주유","discount","0.05","","8000","","500000","주유","unknown","50만원 이상","상품권 | 선불카드 충전 | 세금 | 공과금 | 연회비 | 수수료","주유 영역은 네이버 카드 상세에서 수집한 혜택 카테고리를 기준으로 임시 계산합니다.","2026-06-11T11:14:42.801Z"
"naver-card-10343-shopping-2","naver-card-10343","shopping","쇼핑","discount","0.05","","8000","","500000","쇼핑","unknown","50만원 이상","상품권 | 선불카드 충전 | 세금 | 공과금 | 연회비 | 수수료","쇼핑 영역은 네이버 카드 상세에서 수집한 혜택 카테고리를 기준으로 임시 계산합니다.","2026-06-11T11:14:42.801Z"
"naver-card-10343-convenience-3","naver-card-10343","convenience","편의점","discount","0.05","","8000","","500000","편의점","unknown","50만원 이상","상품권 | 선불카드 충전 | 세금 | 공과금 | 연회비 | 수수료","편의점 영역은 네이버 카드 상세에서 수집한 혜택 카테고리를 기준으로 임시 계산합니다.","2026-06-11T11:14:42.801Z"
"naver-card-10343-coffee-4","naver-card-10343","coffee","카페/베이커리","discount","0.05","","8000","","500000","카페/베이커리","unknown","50만원 이상","상품권 | 선불카드 충전 | 세금 | 공과금 | 연회비 | 수수료","카페/베이커리 영역은 네이버 카드 상세에서 수집한 혜택 카테고리를 기준으로 임시 계산합니다.","2026-06-11T11:14:42.801Z"
"naver-card-1684-shopping-0","naver-card-1684","shopping","쇼핑","cashback","0.1","","10000","","300000","쇼핑","unknown","30만원 이상","상품권 | 선불카드 충전 | 세금 | 공과금 | 연회비 | 수수료","쇼핑 영역은 네이버 카드 상세에서 수집한 혜택 카테고리를 기준으로 임시 계산합니다.","2026-06-11T11:14:42.801Z"
"naver-card-10310-telecom-0","naver-card-10310","telecom","통신","discount","0.03","","10000","","400000","통신","unknown","40만원 이상","상품권 | 선불카드 충전 | 세금 | 공과금 | 연회비 | 수수료","통신 영역은 네이버 카드 상세에서 수집한 혜택 카테고리를 기준으로 임시 계산합니다.","2026-06-11T11:14:42.801Z"
"naver-card-10216-shopping-0","naver-card-10216","shopping","간편결제","cashback","0.1","","5000","","400000","간편결제","unknown","40만원 이상","상품권 | 선불카드 충전 | 세금 | 공과금 | 연회비 | 수수료","간편결제 영역은 네이버 카드 상세에서 수집한 혜택 카테고리를 기준으로 임시 계산합니다.","2026-06-11T11:14:42.801Z"
"naver-card-10216-convenience-1","naver-card-10216","convenience","편의점","cashback","0.1","","5000","","400000","편의점","unknown","40만원 이상","상품권 | 선불카드 충전 | 세금 | 공과금 | 연회비 | 수수료","편의점 영역은 네이버 카드 상세에서 수집한 혜택 카테고리를 기준으로 임시 계산합니다.","2026-06-11T11:14:42.801Z"
"naver-card-10216-dining-2","naver-card-10216","dining","외식","cashback","0.1","","5000","","400000","외식","unknown","40만원 이상","상품권 | 선불카드 충전 | 세금 | 공과금 | 연회비 | 수수료","외식 영역은 네이버 카드 상세에서 수집한 혜택 카테고리를 기준으로 임시 계산합니다.","2026-06-11T11:14:42.801Z"
"naver-card-10216-telecom-3","naver-card-10216","telecom","통신","cashback","0.1","","5000","","400000","통신","unknown","40만원 이상","상품권 | 선불카드 충전 | 세금 | 공과금 | 연회비 | 수수료","통신 영역은 네이버 카드 상세에서 수집한 혜택 카테고리를 기준으로 임시 계산합니다.","2026-06-11T11:14:42.801Z"
"naver-card-10216-transport-4","naver-card-10216","transport","대중교통","cashback","0.1","","5000","","400000","대중교통","unknown","40만원 이상","상품권 | 선불카드 충전 | 세금 | 공과금 | 연회비 | 수수료","대중교통 영역은 네이버 카드 상세에서 수집한 혜택 카테고리를 기준으로 임시 계산합니다.","2026-06-11T11:14:42.801Z"
"naver-card-115-fuel-0","naver-card-115","fuel","주유","discount","0.1","","5000","","300000","주유","unknown","30만원 이상","상품권 | 선불카드 충전 | 세금 | 공과금 | 연회비 | 수수료","주유 영역은 네이버 카드 상세에서 수집한 혜택 카테고리를 기준으로 임시 계산합니다.","2026-06-11T11:14:42.801Z"
"naver-card-115-telecom-1","naver-card-115","telecom","통신","discount","0.1","","5000","","300000","통신","unknown","30만원 이상","상품권 | 선불카드 충전 | 세금 | 공과금 | 연회비 | 수수료","통신 영역은 네이버 카드 상세에서 수집한 혜택 카테고리를 기준으로 임시 계산합니다.","2026-06-11T11:14:42.801Z"
"naver-card-115-transport-2","naver-card-115","transport","대중교통","discount","0.1","","5000","","300000","대중교통","unknown","30만원 이상","상품권 | 선불카드 충전 | 세금 | 공과금 | 연회비 | 수수료","대중교통 영역은 네이버 카드 상세에서 수집한 혜택 카테고리를 기준으로 임시 계산합니다.","2026-06-11T11:14:42.801Z"
"naver-card-115-dining-3","naver-card-115","dining","외식","discount","0.1","","5000","","300000","외식","unknown","30만원 이상","상품권 | 선불카드 충전 | 세금 | 공과금 | 연회비 | 수수료","외식 영역은 네이버 카드 상세에서 수집한 혜택 카테고리를 기준으로 임시 계산합니다.","2026-06-11T11:14:42.801Z"
"naver-card-115-coffee-4","naver-card-115","coffee","카페/베이커리","discount","0.1","","5000","","300000","카페/베이커리","unknown","30만원 이상","상품권 | 선불카드 충전 | 세금 | 공과금 | 연회비 | 수수료","카페/베이커리 영역은 네이버 카드 상세에서 수집한 혜택 카테고리를 기준으로 임시 계산합니다.","2026-06-11T11:14:42.801Z"
"naver-card-1408-etc-0","naver-card-1408","etc","공과금","cashback","0.1","","5000","","300000","공과금","unknown","30만원 이상","상품권 | 선불카드 충전 | 세금 | 공과금 | 연회비 | 수수료","공과금 영역은 네이버 카드 상세에서 수집한 혜택 카테고리를 기준으로 임시 계산합니다.","2026-06-11T11:14:42.801Z"
"naver-card-1408-telecom-1","naver-card-1408","telecom","통신","cashback","0.1","","5000","","300000","통신","unknown","30만원 이상","상품권 | 선불카드 충전 | 세금 | 공과금 | 연회비 | 수수료","통신 영역은 네이버 카드 상세에서 수집한 혜택 카테고리를 기준으로 임시 계산합니다.","2026-06-11T11:14:42.801Z"
"naver-card-1408-convenience-2","naver-card-1408","convenience","편의점","cashback","0.1","","5000","","300000","편의점","unknown","30만원 이상","상품권 | 선불카드 충전 | 세금 | 공과금 | 연회비 | 수수료","편의점 영역은 네이버 카드 상세에서 수집한 혜택 카테고리를 기준으로 임시 계산합니다.","2026-06-11T11:14:42.801Z"
"naver-card-1408-medical-3","naver-card-1408","medical","의료","cashback","0.1","","5000","","300000","의료","unknown","30만원 이상","상품권 | 선불카드 충전 | 세금 | 공과금 | 연회비 | 수수료","의료 영역은 네이버 카드 상세에서 수집한 혜택 카테고리를 기준으로 임시 계산합니다.","2026-06-11T11:14:42.801Z"
"naver-card-1408-shopping-4","naver-card-1408","shopping","쇼핑","cashback","0.1","","5000","","300000","쇼핑","unknown","30만원 이상","상품권 | 선불카드 충전 | 세금 | 공과금 | 연회비 | 수수료","쇼핑 영역은 네이버 카드 상세에서 수집한 혜택 카테고리를 기준으로 임시 계산합니다.","2026-06-11T11:14:42.801Z"
"naver-card-10611-shopping-0","naver-card-10611","shopping","포인트/캐시백","cashback","0.006999999999999999","","5000","","300000","포인트/캐시백","unknown","30만원 이상","상품권 | 선불카드 충전 | 세금 | 공과금 | 연회비 | 수수료","포인트/캐시백 영역은 네이버 카드 상세에서 수집한 혜택 카테고리를 기준으로 임시 계산합니다.","2026-06-11T11:14:42.801Z"
"naver-card-10611-dining-1","naver-card-10611","dining","외식","cashback","0.006999999999999999","","5000","","300000","외식","unknown","30만원 이상","상품권 | 선불카드 충전 | 세금 | 공과금 | 연회비 | 수수료","외식 영역은 네이버 카드 상세에서 수집한 혜택 카테고리를 기준으로 임시 계산합니다.","2026-06-11T11:14:42.801Z"
"naver-card-10611-coffee-2","naver-card-10611","coffee","카페/베이커리","cashback","0.006999999999999999","","5000","","300000","카페/베이커리","unknown","30만원 이상","상품권 | 선불카드 충전 | 세금 | 공과금 | 연회비 | 수수료","카페/베이커리 영역은 네이버 카드 상세에서 수집한 혜택 카테고리를 기준으로 임시 계산합니다.","2026-06-11T11:14:42.801Z"
"naver-card-10611-transport-3","naver-card-10611","transport","대중교통","cashback","0.006999999999999999","","5000","","300000","대중교통","unknown","30만원 이상","상품권 | 선불카드 충전 | 세금 | 공과금 | 연회비 | 수수료","대중교통 영역은 네이버 카드 상세에서 수집한 혜택 카테고리를 기준으로 임시 계산합니다.","2026-06-11T11:14:42.801Z"
"naver-card-10611-telecom-4","naver-card-10611","telecom","통신","cashback","0.006999999999999999","","5000","","300000","통신","unknown","30만원 이상","상품권 | 선불카드 충전 | 세금 | 공과금 | 연회비 | 수수료","통신 영역은 네이버 카드 상세에서 수집한 혜택 카테고리를 기준으로 임시 계산합니다.","2026-06-11T11:14:42.801Z"
"naver-card-10612-etc-0","naver-card-10612","etc","프리미엄","discount","0.1","","14000","","500000","프리미엄","unknown","50만원 이상","상품권 | 선불카드 충전 | 세금 | 공과금 | 연회비 | 수수료","프리미엄 영역은 네이버 카드 상세에서 수집한 혜택 카테고리를 기준으로 임시 계산합니다.","2026-06-11T11:14:42.801Z"
"naver-card-10612-shopping-1","naver-card-10612","shopping","쇼핑","discount","0.1","","14000","","500000","쇼핑","unknown","50만원 이상","상품권 | 선불카드 충전 | 세금 | 공과금 | 연회비 | 수수료","쇼핑 영역은 네이버 카드 상세에서 수집한 혜택 카테고리를 기준으로 임시 계산합니다.","2026-06-11T11:14:42.801Z"
"naver-card-10358-etc-0","naver-card-10358","etc","언제나할인","cashback","0.1","","5000","","400000","언제나할인","unknown","40만원 이상","상품권 | 선불카드 충전 | 세금 | 공과금 | 연회비 | 수수료","언제나할인 영역은 네이버 카드 상세에서 수집한 혜택 카테고리를 기준으로 임시 계산합니다.","2026-06-11T11:14:42.801Z"
"naver-card-10358-telecom-1","naver-card-10358","telecom","통신","cashback","0.1","","5000","","400000","통신","unknown","40만원 이상","상품권 | 선불카드 충전 | 세금 | 공과금 | 연회비 | 수수료","통신 영역은 네이버 카드 상세에서 수집한 혜택 카테고리를 기준으로 임시 계산합니다.","2026-06-11T11:14:42.801Z"
"naver-card-10358-shopping-2","naver-card-10358","shopping","쇼핑","cashback","0.1","","5000","","400000","쇼핑","unknown","40만원 이상","상품권 | 선불카드 충전 | 세금 | 공과금 | 연회비 | 수수료","쇼핑 영역은 네이버 카드 상세에서 수집한 혜택 카테고리를 기준으로 임시 계산합니다.","2026-06-11T11:14:42.801Z"
"naver-card-10358-mart-3","naver-card-10358","mart","대형마트","cashback","0.1","","5000","","400000","대형마트","unknown","40만원 이상","상품권 | 선불카드 충전 | 세금 | 공과금 | 연회비 | 수수료","대형마트 영역은 네이버 카드 상세에서 수집한 혜택 카테고리를 기준으로 임시 계산합니다.","2026-06-11T11:14:42.801Z"
"naver-card-2337-fuel-0","naver-card-2337","fuel","주유","discount","0.1","","5000","","300000","주유","unknown","30만원 이상","상품권 | 선불카드 충전 | 세금 | 공과금 | 연회비 | 수수료","주유 영역은 네이버 카드 상세에서 수집한 혜택 카테고리를 기준으로 임시 계산합니다.","2026-06-11T11:14:42.801Z"
"naver-card-2337-convenience-1","naver-card-2337","convenience","편의점","discount","0.1","","5000","","300000","편의점","unknown","30만원 이상","상품권 | 선불카드 충전 | 세금 | 공과금 | 연회비 | 수수료","편의점 영역은 네이버 카드 상세에서 수집한 혜택 카테고리를 기준으로 임시 계산합니다.","2026-06-11T11:14:42.801Z"
"naver-card-2337-coffee-2","naver-card-2337","coffee","카페/베이커리","discount","0.1","","5000","","300000","카페/베이커리","unknown","30만원 이상","상품권 | 선불카드 충전 | 세금 | 공과금 | 연회비 | 수수료","카페/베이커리 영역은 네이버 카드 상세에서 수집한 혜택 카테고리를 기준으로 임시 계산합니다.","2026-06-11T11:14:42.801Z"
"naver-card-2337-transport-3","naver-card-2337","transport","대중교통","discount","0.1","","5000","","300000","대중교통","unknown","30만원 이상","상품권 | 선불카드 충전 | 세금 | 공과금 | 연회비 | 수수료","대중교통 영역은 네이버 카드 상세에서 수집한 혜택 카테고리를 기준으로 임시 계산합니다.","2026-06-11T11:14:42.801Z"
"naver-card-2337-etc-4","naver-card-2337","etc","영화","discount","0.1","","5000","","300000","영화","unknown","30만원 이상","상품권 | 선불카드 충전 | 세금 | 공과금 | 연회비 | 수수료","영화 영역은 네이버 카드 상세에서 수집한 혜택 카테고리를 기준으로 임시 계산합니다.","2026-06-11T11:14:42.801Z"
"naver-card-10286-travel-0","naver-card-10286","travel","항공마일리지","mileage","0.01","","8000","","500000","항공마일리지","unknown","50만원 이상","상품권 | 선불카드 충전 | 세금 | 공과금 | 연회비 | 수수료","항공마일리지 영역은 네이버 카드 상세에서 수집한 혜택 카테고리를 기준으로 임시 계산합니다.","2026-06-11T11:14:42.801Z"
"naver-card-10286-etc-1","naver-card-10286","etc","프리미엄","mileage","0.01","","8000","","500000","프리미엄","unknown","50만원 이상","상품권 | 선불카드 충전 | 세금 | 공과금 | 연회비 | 수수료","프리미엄 영역은 네이버 카드 상세에서 수집한 혜택 카테고리를 기준으로 임시 계산합니다.","2026-06-11T11:14:42.801Z"
"naver-card-10616-etc-0","naver-card-10616","etc","언제나할인","cashback","0.02","","5000","","0","언제나할인","unknown","실적 조건 없음","상품권 | 선불카드 충전 | 세금 | 공과금 | 연회비 | 수수료","언제나할인 영역은 네이버 카드 상세에서 수집한 혜택 카테고리를 기준으로 임시 계산합니다.","2026-06-11T11:14:42.801Z"
"naver-card-10616-shopping-1","naver-card-10616","shopping","쇼핑","cashback","0.02","","5000","","0","쇼핑","unknown","실적 조건 없음","상품권 | 선불카드 충전 | 세금 | 공과금 | 연회비 | 수수료","쇼핑 영역은 네이버 카드 상세에서 수집한 혜택 카테고리를 기준으로 임시 계산합니다.","2026-06-11T11:14:42.801Z"
"naver-card-10616-medical-2","naver-card-10616","medical","뷰티","cashback","0.02","","5000","","0","뷰티","unknown","실적 조건 없음","상품권 | 선불카드 충전 | 세금 | 공과금 | 연회비 | 수수료","뷰티 영역은 네이버 카드 상세에서 수집한 혜택 카테고리를 기준으로 임시 계산합니다.","2026-06-11T11:14:42.801Z"
"naver-card-10616-coffee-3","naver-card-10616","coffee","카페/베이커리","cashback","0.02","","5000","","0","카페/베이커리","unknown","실적 조건 없음","상품권 | 선불카드 충전 | 세금 | 공과금 | 연회비 | 수수료","카페/베이커리 영역은 네이버 카드 상세에서 수집한 혜택 카테고리를 기준으로 임시 계산합니다.","2026-06-11T11:14:42.801Z"
"naver-card-10616-mart-4","naver-card-10616","mart","대형마트","cashback","0.02","","5000","","0","대형마트","unknown","실적 조건 없음","상품권 | 선불카드 충전 | 세금 | 공과금 | 연회비 | 수수료","대형마트 영역은 네이버 카드 상세에서 수집한 혜택 카테고리를 기준으로 임시 계산합니다.","2026-06-11T11:14:42.801Z"
"naver-card-10303-shopping-0","naver-card-10303","shopping","쇼핑","cashback","0.05","","5000","","0","쇼핑","unknown","실적 조건 없음","상품권 | 선불카드 충전 | 세금 | 공과금 | 연회비 | 수수료","쇼핑 영역은 네이버 카드 상세에서 수집한 혜택 카테고리를 기준으로 임시 계산합니다.","2026-06-11T11:14:42.801Z"
"naver-card-10303-etc-1","naver-card-10303","etc","언제나할인","cashback","0.05","","5000","","0","언제나할인","unknown","실적 조건 없음","상품권 | 선불카드 충전 | 세금 | 공과금 | 연회비 | 수수료","언제나할인 영역은 네이버 카드 상세에서 수집한 혜택 카테고리를 기준으로 임시 계산합니다.","2026-06-11T11:14:42.801Z"
"naver-card-10303-ott-2","naver-card-10303","ott","렌탈","cashback","0.05","","5000","","0","렌탈","unknown","실적 조건 없음","상품권 | 선불카드 충전 | 세금 | 공과금 | 연회비 | 수수료","렌탈 영역은 네이버 카드 상세에서 수집한 혜택 카테고리를 기준으로 임시 계산합니다.","2026-06-11T11:14:42.801Z"
"naver-card-10303-medical-3","naver-card-10303","medical","의료","cashback","0.05","","5000","","0","의료","unknown","실적 조건 없음","상품권 | 선불카드 충전 | 세금 | 공과금 | 연회비 | 수수료","의료 영역은 네이버 카드 상세에서 수집한 혜택 카테고리를 기준으로 임시 계산합니다.","2026-06-11T11:14:42.801Z"
"naver-card-10303-convenience-4","naver-card-10303","convenience","편의점","cashback","0.05","","5000","","0","편의점","unknown","실적 조건 없음","상품권 | 선불카드 충전 | 세금 | 공과금 | 연회비 | 수수료","편의점 영역은 네이버 카드 상세에서 수집한 혜택 카테고리를 기준으로 임시 계산합니다.","2026-06-11T11:14:42.801Z"
"naver-card-1322-etc-0","naver-card-1322","etc","국민행복카드","discount","0.1","","5000","","300000","국민행복카드","unknown","30만원 이상","상품권 | 선불카드 충전 | 세금 | 공과금 | 연회비 | 수수료","국민행복카드 영역은 네이버 카드 상세에서 수집한 혜택 카테고리를 기준으로 임시 계산합니다.","2026-06-11T11:14:42.801Z"
"naver-card-1322-transport-1","naver-card-1322","transport","대중교통","discount","0.1","","5000","","300000","대중교통","unknown","30만원 이상","상품권 | 선불카드 충전 | 세금 | 공과금 | 연회비 | 수수료","대중교통 영역은 네이버 카드 상세에서 수집한 혜택 카테고리를 기준으로 임시 계산합니다.","2026-06-11T11:14:42.801Z"
"naver-card-1322-education-2","naver-card-1322","education","교육","discount","0.1","","5000","","300000","교육","unknown","30만원 이상","상품권 | 선불카드 충전 | 세금 | 공과금 | 연회비 | 수수료","교육 영역은 네이버 카드 상세에서 수집한 혜택 카테고리를 기준으로 임시 계산합니다.","2026-06-11T11:14:42.801Z"
"naver-card-1322-medical-3","naver-card-1322","medical","의료","discount","0.1","","5000","","300000","의료","unknown","30만원 이상","상품권 | 선불카드 충전 | 세금 | 공과금 | 연회비 | 수수료","의료 영역은 네이버 카드 상세에서 수집한 혜택 카테고리를 기준으로 임시 계산합니다.","2026-06-11T11:14:42.801Z"
"naver-card-1322-shopping-4","naver-card-1322","shopping","쇼핑","discount","0.1","","5000","","300000","쇼핑","unknown","30만원 이상","상품권 | 선불카드 충전 | 세금 | 공과금 | 연회비 | 수수료","쇼핑 영역은 네이버 카드 상세에서 수집한 혜택 카테고리를 기준으로 임시 계산합니다.","2026-06-11T11:14:42.801Z"
"naver-card-10218-fuel-0","naver-card-10218","fuel","주유","cashback","0.1","","5000","","400000","주유","unknown","40만원 이상","상품권 | 선불카드 충전 | 세금 | 공과금 | 연회비 | 수수료","주유 영역은 네이버 카드 상세에서 수집한 혜택 카테고리를 기준으로 임시 계산합니다.","2026-06-11T11:14:42.801Z"
"naver-card-10218-etc-1","naver-card-10218","etc","문화","cashback","0.1","","5000","","400000","문화","unknown","40만원 이상","상품권 | 선불카드 충전 | 세금 | 공과금 | 연회비 | 수수료","문화 영역은 네이버 카드 상세에서 수집한 혜택 카테고리를 기준으로 임시 계산합니다.","2026-06-11T11:14:42.801Z"
"naver-card-10218-telecom-2","naver-card-10218","telecom","통신","cashback","0.1","","5000","","400000","통신","unknown","40만원 이상","상품권 | 선불카드 충전 | 세금 | 공과금 | 연회비 | 수수료","통신 영역은 네이버 카드 상세에서 수집한 혜택 카테고리를 기준으로 임시 계산합니다.","2026-06-11T11:14:42.801Z"
"naver-card-10218-convenience-3","naver-card-10218","convenience","편의점","cashback","0.1","","5000","","400000","편의점","unknown","40만원 이상","상품권 | 선불카드 충전 | 세금 | 공과금 | 연회비 | 수수료","편의점 영역은 네이버 카드 상세에서 수집한 혜택 카테고리를 기준으로 임시 계산합니다.","2026-06-11T11:14:42.801Z"
"naver-card-10218-coffee-4","naver-card-10218","coffee","카페/베이커리","cashback","0.1","","5000","","400000","카페/베이커리","unknown","40만원 이상","상품권 | 선불카드 충전 | 세금 | 공과금 | 연회비 | 수수료","카페/베이커리 영역은 네이버 카드 상세에서 수집한 혜택 카테고리를 기준으로 임시 계산합니다.","2026-06-11T11:14:42.801Z"
"naver-card-10045-etc-0","naver-card-10045","etc","국민행복카드","discount","0.07","","5000","","300000","국민행복카드","unknown","30만원 이상","상품권 | 선불카드 충전 | 세금 | 공과금 | 연회비 | 수수료","국민행복카드 영역은 네이버 카드 상세에서 수집한 혜택 카테고리를 기준으로 임시 계산합니다.","2026-06-11T11:14:42.801Z"
"naver-card-10045-medical-1","naver-card-10045","medical","의료","discount","0.07","","5000","","300000","의료","unknown","30만원 이상","상품권 | 선불카드 충전 | 세금 | 공과금 | 연회비 | 수수료","의료 영역은 네이버 카드 상세에서 수집한 혜택 카테고리를 기준으로 임시 계산합니다.","2026-06-11T11:14:42.801Z"
"naver-card-10045-shopping-2","naver-card-10045","shopping","쇼핑","discount","0.07","","5000","","300000","쇼핑","unknown","30만원 이상","상품권 | 선불카드 충전 | 세금 | 공과금 | 연회비 | 수수료","쇼핑 영역은 네이버 카드 상세에서 수집한 혜택 카테고리를 기준으로 임시 계산합니다.","2026-06-11T11:14:42.801Z"
"naver-card-10045-mart-3","naver-card-10045","mart","대형마트","discount","0.07","","5000","","300000","대형마트","unknown","30만원 이상","상품권 | 선불카드 충전 | 세금 | 공과금 | 연회비 | 수수료","대형마트 영역은 네이버 카드 상세에서 수집한 혜택 카테고리를 기준으로 임시 계산합니다.","2026-06-11T11:14:42.801Z"
"naver-card-10045-telecom-4","naver-card-10045","telecom","통신","discount","0.07","","5000","","300000","통신","unknown","30만원 이상","상품권 | 선불카드 충전 | 세금 | 공과금 | 연회비 | 수수료","통신 영역은 네이버 카드 상세에서 수집한 혜택 카테고리를 기준으로 임시 계산합니다.","2026-06-11T11:14:42.801Z"
"naver-card-10108-fuel-0","naver-card-10108","fuel","주유","cashback","0.01","","5000","","400000","주유","unknown","40만원 이상","상품권 | 선불카드 충전 | 세금 | 공과금 | 연회비 | 수수료","주유 영역은 네이버 카드 상세에서 수집한 혜택 카테고리를 기준으로 임시 계산합니다.","2026-06-11T11:14:42.801Z"
"naver-card-10108-etc-1","naver-card-10108","etc","영화","cashback","0.01","","5000","","400000","영화","unknown","40만원 이상","상품권 | 선불카드 충전 | 세금 | 공과금 | 연회비 | 수수료","영화 영역은 네이버 카드 상세에서 수집한 혜택 카테고리를 기준으로 임시 계산합니다.","2026-06-11T11:14:42.801Z"
"naver-card-10108-shopping-2","naver-card-10108","shopping","쇼핑","cashback","0.01","","5000","","400000","쇼핑","unknown","40만원 이상","상품권 | 선불카드 충전 | 세금 | 공과금 | 연회비 | 수수료","쇼핑 영역은 네이버 카드 상세에서 수집한 혜택 카테고리를 기준으로 임시 계산합니다.","2026-06-11T11:14:42.801Z"
"naver-card-277-shopping-0","naver-card-277","shopping","쇼핑","cashback","0.05","","5000","","300000","쇼핑","unknown","30만원 이상","상품권 | 선불카드 충전 | 세금 | 공과금 | 연회비 | 수수료","쇼핑 영역은 네이버 카드 상세에서 수집한 혜택 카테고리를 기준으로 임시 계산합니다.","2026-06-11T11:14:42.801Z"
"naver-card-277-mart-1","naver-card-277","mart","대형마트","cashback","0.05","","5000","","300000","대형마트","unknown","30만원 이상","상품권 | 선불카드 충전 | 세금 | 공과금 | 연회비 | 수수료","대형마트 영역은 네이버 카드 상세에서 수집한 혜택 카테고리를 기준으로 임시 계산합니다.","2026-06-11T11:14:42.801Z"
"naver-card-277-etc-2","naver-card-277","etc","레저","cashback","0.05","","5000","","300000","레저","unknown","30만원 이상","상품권 | 선불카드 충전 | 세금 | 공과금 | 연회비 | 수수료","레저 영역은 네이버 카드 상세에서 수집한 혜택 카테고리를 기준으로 임시 계산합니다.","2026-06-11T11:14:42.801Z"
"naver-card-277-fuel-3","naver-card-277","fuel","오토","cashback","0.05","","5000","","300000","오토","unknown","30만원 이상","상품권 | 선불카드 충전 | 세금 | 공과금 | 연회비 | 수수료","오토 영역은 네이버 카드 상세에서 수집한 혜택 카테고리를 기준으로 임시 계산합니다.","2026-06-11T11:14:42.801Z"
"naver-card-1571-fuel-0","naver-card-1571","fuel","주유","point","0.01","","8000","","500000","주유","unknown","50만원 이상","상품권 | 선불카드 충전 | 세금 | 공과금 | 연회비 | 수수료","주유 영역은 네이버 카드 상세에서 수집한 혜택 카테고리를 기준으로 임시 계산합니다.","2026-06-11T11:14:42.801Z"
"naver-card-1571-etc-1","naver-card-1571","etc","프리미엄","point","0.01","","8000","","500000","프리미엄","unknown","50만원 이상","상품권 | 선불카드 충전 | 세금 | 공과금 | 연회비 | 수수료","프리미엄 영역은 네이버 카드 상세에서 수집한 혜택 카테고리를 기준으로 임시 계산합니다.","2026-06-11T11:14:42.801Z"
"naver-card-1571-shopping-2","naver-card-1571","shopping","쇼핑","point","0.01","","8000","","500000","쇼핑","unknown","50만원 이상","상품권 | 선불카드 충전 | 세금 | 공과금 | 연회비 | 수수료","쇼핑 영역은 네이버 카드 상세에서 수집한 혜택 카테고리를 기준으로 임시 계산합니다.","2026-06-11T11:14:42.801Z"
"naver-card-1571-mart-3","naver-card-1571","mart","대형마트","point","0.01","","8000","","500000","대형마트","unknown","50만원 이상","상품권 | 선불카드 충전 | 세금 | 공과금 | 연회비 | 수수료","대형마트 영역은 네이버 카드 상세에서 수집한 혜택 카테고리를 기준으로 임시 계산합니다.","2026-06-11T11:14:42.801Z"
"naver-card-1571-transport-4","naver-card-1571","transport","대중교통","point","0.01","","8000","","500000","대중교통","unknown","50만원 이상","상품권 | 선불카드 충전 | 세금 | 공과금 | 연회비 | 수수료","대중교통 영역은 네이버 카드 상세에서 수집한 혜택 카테고리를 기준으로 임시 계산합니다.","2026-06-11T11:14:42.801Z"
"naver-card-2776-shopping-0","naver-card-2776","shopping","포인트/캐시백","cashback","0.1","","5000","","300000","포인트/캐시백","unknown","30만원 이상","상품권 | 선불카드 충전 | 세금 | 공과금 | 연회비 | 수수료","포인트/캐시백 영역은 네이버 카드 상세에서 수집한 혜택 카테고리를 기준으로 임시 계산합니다.","2026-06-11T11:14:42.801Z"
"naver-card-2776-coffee-1","naver-card-2776","coffee","카페/베이커리","cashback","0.1","","5000","","300000","카페/베이커리","unknown","30만원 이상","상품권 | 선불카드 충전 | 세금 | 공과금 | 연회비 | 수수료","카페/베이커리 영역은 네이버 카드 상세에서 수집한 혜택 카테고리를 기준으로 임시 계산합니다.","2026-06-11T11:14:42.801Z"
"naver-card-2776-convenience-2","naver-card-2776","convenience","편의점","cashback","0.1","","5000","","300000","편의점","unknown","30만원 이상","상품권 | 선불카드 충전 | 세금 | 공과금 | 연회비 | 수수료","편의점 영역은 네이버 카드 상세에서 수집한 혜택 카테고리를 기준으로 임시 계산합니다.","2026-06-11T11:14:42.801Z"
"naver-card-2776-dining-3","naver-card-2776","dining","외식","cashback","0.1","","5000","","300000","외식","unknown","30만원 이상","상품권 | 선불카드 충전 | 세금 | 공과금 | 연회비 | 수수료","외식 영역은 네이버 카드 상세에서 수집한 혜택 카테고리를 기준으로 임시 계산합니다.","2026-06-11T11:14:42.801Z"
"naver-card-10126-fuel-0","naver-card-10126","fuel","주유","discount","0.1","","8000","","500000","주유","unknown","50만원 이상","상품권 | 선불카드 충전 | 세금 | 공과금 | 연회비 | 수수료","주유 영역은 네이버 카드 상세에서 수집한 혜택 카테고리를 기준으로 임시 계산합니다.","2026-06-11T11:14:42.801Z"
"naver-card-10126-etc-1","naver-card-10126","etc","하이패스","discount","0.1","","8000","","500000","하이패스","unknown","50만원 이상","상품권 | 선불카드 충전 | 세금 | 공과금 | 연회비 | 수수료","하이패스 영역은 네이버 카드 상세에서 수집한 혜택 카테고리를 기준으로 임시 계산합니다.","2026-06-11T11:14:42.801Z"
"naver-card-10126-transport-2","naver-card-10126","transport","대중교통","discount","0.1","","8000","","500000","대중교통","unknown","50만원 이상","상품권 | 선불카드 충전 | 세금 | 공과금 | 연회비 | 수수료","대중교통 영역은 네이버 카드 상세에서 수집한 혜택 카테고리를 기준으로 임시 계산합니다.","2026-06-11T11:14:42.801Z"
"naver-card-10126-coffee-3","naver-card-10126","coffee","카페/베이커리","discount","0.1","","8000","","500000","카페/베이커리","unknown","50만원 이상","상품권 | 선불카드 충전 | 세금 | 공과금 | 연회비 | 수수료","카페/베이커리 영역은 네이버 카드 상세에서 수집한 혜택 카테고리를 기준으로 임시 계산합니다.","2026-06-11T11:14:42.801Z"
"naver-card-10238-telecom-0","naver-card-10238","telecom","통신","discount","0.1","","5000","","300000","통신","unknown","30만원 이상","상품권 | 선불카드 충전 | 세금 | 공과금 | 연회비 | 수수료","통신 영역은 네이버 카드 상세에서 수집한 혜택 카테고리를 기준으로 임시 계산합니다.","2026-06-11T11:14:42.801Z"
"naver-card-10238-etc-1","naver-card-10238","etc","관리비","discount","0.1","","5000","","300000","관리비","unknown","30만원 이상","상품권 | 선불카드 충전 | 세금 | 공과금 | 연회비 | 수수료","관리비 영역은 네이버 카드 상세에서 수집한 혜택 카테고리를 기준으로 임시 계산합니다.","2026-06-11T11:14:42.801Z"
"naver-card-10238-transport-2","naver-card-10238","transport","대중교통","discount","0.1","","5000","","300000","대중교통","unknown","30만원 이상","상품권 | 선불카드 충전 | 세금 | 공과금 | 연회비 | 수수료","대중교통 영역은 네이버 카드 상세에서 수집한 혜택 카테고리를 기준으로 임시 계산합니다.","2026-06-11T11:14:42.801Z"
"naver-card-10238-dining-3","naver-card-10238","dining","외식","discount","0.1","","5000","","300000","외식","unknown","30만원 이상","상품권 | 선불카드 충전 | 세금 | 공과금 | 연회비 | 수수료","외식 영역은 네이버 카드 상세에서 수집한 혜택 카테고리를 기준으로 임시 계산합니다.","2026-06-11T11:14:42.801Z"
"naver-card-10238-shopping-4","naver-card-10238","shopping","쇼핑","discount","0.1","","5000","","300000","쇼핑","unknown","30만원 이상","상품권 | 선불카드 충전 | 세금 | 공과금 | 연회비 | 수수료","쇼핑 영역은 네이버 카드 상세에서 수집한 혜택 카테고리를 기준으로 임시 계산합니다.","2026-06-11T11:14:42.801Z"
"naver-card-2676-mart-0","naver-card-2676","mart","대형마트","discount","0.05","","5000","","400000","대형마트","unknown","40만원 이상","상품권 | 선불카드 충전 | 세금 | 공과금 | 연회비 | 수수료","대형마트 영역은 네이버 카드 상세에서 수집한 혜택 카테고리를 기준으로 임시 계산합니다.","2026-06-11T11:14:42.801Z"
"naver-card-2676-shopping-1","naver-card-2676","shopping","쇼핑","discount","0.05","","5000","","400000","쇼핑","unknown","40만원 이상","상품권 | 선불카드 충전 | 세금 | 공과금 | 연회비 | 수수료","쇼핑 영역은 네이버 카드 상세에서 수집한 혜택 카테고리를 기준으로 임시 계산합니다.","2026-06-11T11:14:42.801Z"
"naver-card-2676-telecom-2","naver-card-2676","telecom","통신","discount","0.05","","5000","","400000","통신","unknown","40만원 이상","상품권 | 선불카드 충전 | 세금 | 공과금 | 연회비 | 수수료","통신 영역은 네이버 카드 상세에서 수집한 혜택 카테고리를 기준으로 임시 계산합니다.","2026-06-11T11:14:42.801Z"
"naver-card-2676-coffee-3","naver-card-2676","coffee","카페/베이커리","discount","0.05","","5000","","400000","카페/베이커리","unknown","40만원 이상","상품권 | 선불카드 충전 | 세금 | 공과금 | 연회비 | 수수료","카페/베이커리 영역은 네이버 카드 상세에서 수집한 혜택 카테고리를 기준으로 임시 계산합니다.","2026-06-11T11:14:42.801Z"
"naver-card-2676-education-4","naver-card-2676","education","교육","discount","0.05","","5000","","400000","교육","unknown","40만원 이상","상품권 | 선불카드 충전 | 세금 | 공과금 | 연회비 | 수수료","교육 영역은 네이버 카드 상세에서 수집한 혜택 카테고리를 기준으로 임시 계산합니다.","2026-06-11T11:14:42.801Z"
"naver-card-1465-travel-0","naver-card-1465","travel","항공마일리지","mileage","0.01","","5000","","0","항공마일리지","unknown","실적 조건 없음","상품권 | 선불카드 충전 | 세금 | 공과금 | 연회비 | 수수료","항공마일리지 영역은 네이버 카드 상세에서 수집한 혜택 카테고리를 기준으로 임시 계산합니다.","2026-06-11T11:14:42.801Z"
"naver-card-1465-fuel-1","naver-card-1465","fuel","주유","mileage","0.01","","5000","","0","주유","unknown","실적 조건 없음","상품권 | 선불카드 충전 | 세금 | 공과금 | 연회비 | 수수료","주유 영역은 네이버 카드 상세에서 수집한 혜택 카테고리를 기준으로 임시 계산합니다.","2026-06-11T11:14:42.801Z"
"naver-card-1465-shopping-2","naver-card-1465","shopping","쇼핑","mileage","0.01","","5000","","0","쇼핑","unknown","실적 조건 없음","상품권 | 선불카드 충전 | 세금 | 공과금 | 연회비 | 수수료","쇼핑 영역은 네이버 카드 상세에서 수집한 혜택 카테고리를 기준으로 임시 계산합니다.","2026-06-11T11:14:42.801Z"
"naver-card-1465-coffee-3","naver-card-1465","coffee","카페/베이커리","mileage","0.01","","5000","","0","카페/베이커리","unknown","실적 조건 없음","상품권 | 선불카드 충전 | 세금 | 공과금 | 연회비 | 수수료","카페/베이커리 영역은 네이버 카드 상세에서 수집한 혜택 카테고리를 기준으로 임시 계산합니다.","2026-06-11T11:14:42.801Z"
"naver-card-1465-convenience-4","naver-card-1465","convenience","편의점","mileage","0.01","","5000","","0","편의점","unknown","실적 조건 없음","상품권 | 선불카드 충전 | 세금 | 공과금 | 연회비 | 수수료","편의점 영역은 네이버 카드 상세에서 수집한 혜택 카테고리를 기준으로 임시 계산합니다.","2026-06-11T11:14:42.801Z"
"naver-card-10103-fuel-0","naver-card-10103","fuel","주유","discount","0.05","","5000","","400000","주유","unknown","40만원 이상","상품권 | 선불카드 충전 | 세금 | 공과금 | 연회비 | 수수료","주유 영역은 네이버 카드 상세에서 수집한 혜택 카테고리를 기준으로 임시 계산합니다.","2026-06-11T11:14:42.801Z"
"naver-card-10103-shopping-1","naver-card-10103","shopping","쇼핑","discount","0.05","","5000","","400000","쇼핑","unknown","40만원 이상","상품권 | 선불카드 충전 | 세금 | 공과금 | 연회비 | 수수료","쇼핑 영역은 네이버 카드 상세에서 수집한 혜택 카테고리를 기준으로 임시 계산합니다.","2026-06-11T11:14:42.801Z"
"naver-card-10103-mart-2","naver-card-10103","mart","대형마트","discount","0.05","","5000","","400000","대형마트","unknown","40만원 이상","상품권 | 선불카드 충전 | 세금 | 공과금 | 연회비 | 수수료","대형마트 영역은 네이버 카드 상세에서 수집한 혜택 카테고리를 기준으로 임시 계산합니다.","2026-06-11T11:14:42.801Z"
"naver-card-10103-telecom-3","naver-card-10103","telecom","통신","discount","0.05","","5000","","400000","통신","unknown","40만원 이상","상품권 | 선불카드 충전 | 세금 | 공과금 | 연회비 | 수수료","통신 영역은 네이버 카드 상세에서 수집한 혜택 카테고리를 기준으로 임시 계산합니다.","2026-06-11T11:14:42.801Z"
"naver-card-10103-etc-4","naver-card-10103","etc","관리비","discount","0.05","","5000","","400000","관리비","unknown","40만원 이상","상품권 | 선불카드 충전 | 세금 | 공과금 | 연회비 | 수수료","관리비 영역은 네이버 카드 상세에서 수집한 혜택 카테고리를 기준으로 임시 계산합니다.","2026-06-11T11:14:42.801Z"
"naver-card-3881-fuel-0","naver-card-3881","fuel","주유","discount","0.01","","5000","","300000","주유","unknown","30만원 이상","상품권 | 선불카드 충전 | 세금 | 공과금 | 연회비 | 수수료","주유 영역은 네이버 카드 상세에서 수집한 혜택 카테고리를 기준으로 임시 계산합니다.","2026-06-11T11:14:42.801Z"
"naver-card-3881-shopping-1","naver-card-3881","shopping","쇼핑","discount","0.01","","5000","","300000","쇼핑","unknown","30만원 이상","상품권 | 선불카드 충전 | 세금 | 공과금 | 연회비 | 수수료","쇼핑 영역은 네이버 카드 상세에서 수집한 혜택 카테고리를 기준으로 임시 계산합니다.","2026-06-11T11:14:42.801Z"
"naver-card-3881-convenience-2","naver-card-3881","convenience","편의점","discount","0.01","","5000","","300000","편의점","unknown","30만원 이상","상품권 | 선불카드 충전 | 세금 | 공과금 | 연회비 | 수수료","편의점 영역은 네이버 카드 상세에서 수집한 혜택 카테고리를 기준으로 임시 계산합니다.","2026-06-11T11:14:42.801Z"
"naver-card-3881-coffee-3","naver-card-3881","coffee","카페/베이커리","discount","0.01","","5000","","300000","카페/베이커리","unknown","30만원 이상","상품권 | 선불카드 충전 | 세금 | 공과금 | 연회비 | 수수료","카페/베이커리 영역은 네이버 카드 상세에서 수집한 혜택 카테고리를 기준으로 임시 계산합니다.","2026-06-11T11:14:42.801Z"
"naver-card-10328-fuel-0","naver-card-10328","fuel","주유","discount","0.1","","5000","","400000","주유","unknown","40만원 이상","상품권 | 선불카드 충전 | 세금 | 공과금 | 연회비 | 수수료","주유 영역은 네이버 카드 상세에서 수집한 혜택 카테고리를 기준으로 임시 계산합니다.","2026-06-11T11:14:42.801Z"
"naver-card-10328-etc-1","naver-card-10328","etc","금융","discount","0.1","","5000","","400000","금융","unknown","40만원 이상","상품권 | 선불카드 충전 | 세금 | 공과금 | 연회비 | 수수료","금융 영역은 네이버 카드 상세에서 수집한 혜택 카테고리를 기준으로 임시 계산합니다.","2026-06-11T11:14:42.801Z"
"naver-card-10328-shopping-2","naver-card-10328","shopping","쇼핑","discount","0.1","","5000","","400000","쇼핑","unknown","40만원 이상","상품권 | 선불카드 충전 | 세금 | 공과금 | 연회비 | 수수료","쇼핑 영역은 네이버 카드 상세에서 수집한 혜택 카테고리를 기준으로 임시 계산합니다.","2026-06-11T11:14:42.801Z"
"naver-card-10406-fuel-0","naver-card-10406","fuel","주유","point","0.1","","8000","","500000","주유","unknown","50만원 이상","상품권 | 선불카드 충전 | 세금 | 공과금 | 연회비 | 수수료","주유 영역은 네이버 카드 상세에서 수집한 혜택 카테고리를 기준으로 임시 계산합니다.","2026-06-11T11:14:42.801Z"
"naver-card-10406-shopping-1","naver-card-10406","shopping","쇼핑","point","0.1","","8000","","500000","쇼핑","unknown","50만원 이상","상품권 | 선불카드 충전 | 세금 | 공과금 | 연회비 | 수수료","쇼핑 영역은 네이버 카드 상세에서 수집한 혜택 카테고리를 기준으로 임시 계산합니다.","2026-06-11T11:14:42.801Z"
"naver-card-10406-mart-2","naver-card-10406","mart","대형마트","point","0.1","","8000","","500000","대형마트","unknown","50만원 이상","상품권 | 선불카드 충전 | 세금 | 공과금 | 연회비 | 수수료","대형마트 영역은 네이버 카드 상세에서 수집한 혜택 카테고리를 기준으로 임시 계산합니다.","2026-06-11T11:14:42.801Z"
"naver-card-10406-etc-3","naver-card-10406","etc","관리비","point","0.1","","8000","","500000","관리비","unknown","50만원 이상","상품권 | 선불카드 충전 | 세금 | 공과금 | 연회비 | 수수료","관리비 영역은 네이버 카드 상세에서 수집한 혜택 카테고리를 기준으로 임시 계산합니다.","2026-06-11T11:14:42.801Z"
"naver-card-10406-telecom-4","naver-card-10406","telecom","통신","point","0.1","","8000","","500000","통신","unknown","50만원 이상","상품권 | 선불카드 충전 | 세금 | 공과금 | 연회비 | 수수료","통신 영역은 네이버 카드 상세에서 수집한 혜택 카테고리를 기준으로 임시 계산합니다.","2026-06-11T11:14:42.801Z"
"naver-card-10355-transport-0","naver-card-10355","transport","대중교통","discount","0.1","","5000","","300000","대중교통","unknown","30만원 이상","상품권 | 선불카드 충전 | 세금 | 공과금 | 연회비 | 수수료","대중교통 영역은 네이버 카드 상세에서 수집한 혜택 카테고리를 기준으로 임시 계산합니다.","2026-06-11T11:14:42.801Z"
"naver-card-10355-shopping-1","naver-card-10355","shopping","간편결제","discount","0.1","","5000","","300000","간편결제","unknown","30만원 이상","상품권 | 선불카드 충전 | 세금 | 공과금 | 연회비 | 수수료","간편결제 영역은 네이버 카드 상세에서 수집한 혜택 카테고리를 기준으로 임시 계산합니다.","2026-06-11T11:14:42.801Z"
"naver-card-10355-dining-2","naver-card-10355","dining","외식","discount","0.1","","5000","","300000","외식","unknown","30만원 이상","상품권 | 선불카드 충전 | 세금 | 공과금 | 연회비 | 수수료","외식 영역은 네이버 카드 상세에서 수집한 혜택 카테고리를 기준으로 임시 계산합니다.","2026-06-11T11:14:42.801Z"
"naver-card-10355-convenience-3","naver-card-10355","convenience","편의점","discount","0.1","","5000","","300000","편의점","unknown","30만원 이상","상품권 | 선불카드 충전 | 세금 | 공과금 | 연회비 | 수수료","편의점 영역은 네이버 카드 상세에서 수집한 혜택 카테고리를 기준으로 임시 계산합니다.","2026-06-11T11:14:42.801Z"
"naver-card-10355-coffee-4","naver-card-10355","coffee","카페/베이커리","discount","0.1","","5000","","300000","카페/베이커리","unknown","30만원 이상","상품권 | 선불카드 충전 | 세금 | 공과금 | 연회비 | 수수료","카페/베이커리 영역은 네이버 카드 상세에서 수집한 혜택 카테고리를 기준으로 임시 계산합니다.","2026-06-11T11:14:42.801Z"
"naver-card-10256-medical-0","naver-card-10256","medical","의료","discount","0.1","","8000","","500000","의료","unknown","50만원 이상","상품권 | 선불카드 충전 | 세금 | 공과금 | 연회비 | 수수료","의료 영역은 네이버 카드 상세에서 수집한 혜택 카테고리를 기준으로 임시 계산합니다.","2026-06-11T11:14:42.801Z"
"naver-card-10256-etc-1","naver-card-10256","etc","금융","discount","0.1","","8000","","500000","금융","unknown","50만원 이상","상품권 | 선불카드 충전 | 세금 | 공과금 | 연회비 | 수수료","금융 영역은 네이버 카드 상세에서 수집한 혜택 카테고리를 기준으로 임시 계산합니다.","2026-06-11T11:14:42.801Z"
"naver-card-10256-mart-2","naver-card-10256","mart","대형마트","discount","0.1","","8000","","500000","대형마트","unknown","50만원 이상","상품권 | 선불카드 충전 | 세금 | 공과금 | 연회비 | 수수료","대형마트 영역은 네이버 카드 상세에서 수집한 혜택 카테고리를 기준으로 임시 계산합니다.","2026-06-11T11:14:42.801Z"
"naver-card-10256-ott-3","naver-card-10256","ott","렌탈","discount","0.1","","8000","","500000","렌탈","unknown","50만원 이상","상품권 | 선불카드 충전 | 세금 | 공과금 | 연회비 | 수수료","렌탈 영역은 네이버 카드 상세에서 수집한 혜택 카테고리를 기준으로 임시 계산합니다.","2026-06-11T11:14:42.801Z"
"naver-card-10256-telecom-4","naver-card-10256","telecom","통신","discount","0.1","","8000","","500000","통신","unknown","50만원 이상","상품권 | 선불카드 충전 | 세금 | 공과금 | 연회비 | 수수료","통신 영역은 네이버 카드 상세에서 수집한 혜택 카테고리를 기준으로 임시 계산합니다.","2026-06-11T11:14:42.801Z"
"naver-card-10589-etc-0","naver-card-10589","etc","언제나할인","discount","0.02","","10000","","0","언제나할인","unknown","실적 조건 없음","상품권 | 선불카드 충전 | 세금 | 공과금 | 연회비 | 수수료","언제나할인 영역은 네이버 카드 상세에서 수집한 혜택 카테고리를 기준으로 임시 계산합니다.","2026-06-11T11:14:42.801Z"
"naver-card-10451-shopping-0","naver-card-10451","shopping","포인트/캐시백","cashback","0.033","","10000","","500000","포인트/캐시백","unknown","50만원 이상","상품권 | 선불카드 충전 | 세금 | 공과금 | 연회비 | 수수료","포인트/캐시백 영역은 네이버 카드 상세에서 수집한 혜택 카테고리를 기준으로 임시 계산합니다.","2026-06-11T11:14:42.801Z"
"naver-card-10268-transport-0","naver-card-10268","transport","대중교통","discount","0.1","","5000","","300000","대중교통","unknown","30만원 이상","상품권 | 선불카드 충전 | 세금 | 공과금 | 연회비 | 수수료","대중교통 영역은 네이버 카드 상세에서 수집한 혜택 카테고리를 기준으로 임시 계산합니다.","2026-06-11T11:14:42.801Z"
"naver-card-10268-convenience-1","naver-card-10268","convenience","편의점","discount","0.1","","5000","","300000","편의점","unknown","30만원 이상","상품권 | 선불카드 충전 | 세금 | 공과금 | 연회비 | 수수료","편의점 영역은 네이버 카드 상세에서 수집한 혜택 카테고리를 기준으로 임시 계산합니다.","2026-06-11T11:14:42.801Z"
"naver-card-10268-etc-2","naver-card-10268","etc","문화","discount","0.1","","5000","","300000","문화","unknown","30만원 이상","상품권 | 선불카드 충전 | 세금 | 공과금 | 연회비 | 수수료","문화 영역은 네이버 카드 상세에서 수집한 혜택 카테고리를 기준으로 임시 계산합니다.","2026-06-11T11:14:42.801Z"
"naver-card-10268-coffee-3","naver-card-10268","coffee","카페/베이커리","discount","0.1","","5000","","300000","카페/베이커리","unknown","30만원 이상","상품권 | 선불카드 충전 | 세금 | 공과금 | 연회비 | 수수료","카페/베이커리 영역은 네이버 카드 상세에서 수집한 혜택 카테고리를 기준으로 임시 계산합니다.","2026-06-11T11:14:42.801Z"
"naver-card-10268-telecom-4","naver-card-10268","telecom","통신","discount","0.1","","5000","","300000","통신","unknown","30만원 이상","상품권 | 선불카드 충전 | 세금 | 공과금 | 연회비 | 수수료","통신 영역은 네이버 카드 상세에서 수집한 혜택 카테고리를 기준으로 임시 계산합니다.","2026-06-11T11:14:42.801Z"
"naver-card-10463-fuel-0","naver-card-10463","fuel","주유","discount","0.1","","5000","","400000","주유","unknown","40만원 이상","상품권 | 선불카드 충전 | 세금 | 공과금 | 연회비 | 수수료","주유 영역은 네이버 카드 상세에서 수집한 혜택 카테고리를 기준으로 임시 계산합니다.","2026-06-11T11:14:42.801Z"
"naver-card-10463-telecom-1","naver-card-10463","telecom","통신","discount","0.1","","5000","","400000","통신","unknown","40만원 이상","상품권 | 선불카드 충전 | 세금 | 공과금 | 연회비 | 수수료","통신 영역은 네이버 카드 상세에서 수집한 혜택 카테고리를 기준으로 임시 계산합니다.","2026-06-11T11:14:42.801Z"
"naver-card-10463-convenience-2","naver-card-10463","convenience","편의점","discount","0.1","","5000","","400000","편의점","unknown","40만원 이상","상품권 | 선불카드 충전 | 세금 | 공과금 | 연회비 | 수수료","편의점 영역은 네이버 카드 상세에서 수집한 혜택 카테고리를 기준으로 임시 계산합니다.","2026-06-11T11:14:42.801Z"
"naver-card-10463-shopping-3","naver-card-10463","shopping","쇼핑","discount","0.1","","5000","","400000","쇼핑","unknown","40만원 이상","상품권 | 선불카드 충전 | 세금 | 공과금 | 연회비 | 수수료","쇼핑 영역은 네이버 카드 상세에서 수집한 혜택 카테고리를 기준으로 임시 계산합니다.","2026-06-11T11:14:42.801Z"
"naver-card-10236-shopping-0","naver-card-10236","shopping","바우처","cashback","0.015","","8000","","500000","바우처","unknown","50만원 이상","상품권 | 선불카드 충전 | 세금 | 공과금 | 연회비 | 수수료","바우처 영역은 네이버 카드 상세에서 수집한 혜택 카테고리를 기준으로 임시 계산합니다.","2026-06-11T11:14:42.801Z"
"naver-card-10236-etc-1","naver-card-10236","etc","문화","cashback","0.015","","8000","","500000","문화","unknown","50만원 이상","상품권 | 선불카드 충전 | 세금 | 공과금 | 연회비 | 수수료","문화 영역은 네이버 카드 상세에서 수집한 혜택 카테고리를 기준으로 임시 계산합니다.","2026-06-11T11:14:42.801Z"
"naver-card-10236-coffee-2","naver-card-10236","coffee","카페/베이커리","cashback","0.015","","8000","","500000","카페/베이커리","unknown","50만원 이상","상품권 | 선불카드 충전 | 세금 | 공과금 | 연회비 | 수수료","카페/베이커리 영역은 네이버 카드 상세에서 수집한 혜택 카테고리를 기준으로 임시 계산합니다.","2026-06-11T11:14:42.801Z"
"naver-card-10592-fuel-0","naver-card-10592","fuel","주유","discount","0.07","","5000","","400000","주유","unknown","40만원 이상","상품권 | 선불카드 충전 | 세금 | 공과금 | 연회비 | 수수료","주유 영역은 네이버 카드 상세에서 수집한 혜택 카테고리를 기준으로 임시 계산합니다.","2026-06-11T11:14:42.801Z"
"naver-card-10592-convenience-1","naver-card-10592","convenience","편의점","discount","0.07","","5000","","400000","편의점","unknown","40만원 이상","상품권 | 선불카드 충전 | 세금 | 공과금 | 연회비 | 수수료","편의점 영역은 네이버 카드 상세에서 수집한 혜택 카테고리를 기준으로 임시 계산합니다.","2026-06-11T11:14:42.801Z"
"naver-card-10592-coffee-2","naver-card-10592","coffee","카페/베이커리","discount","0.07","","5000","","400000","카페/베이커리","unknown","40만원 이상","상품권 | 선불카드 충전 | 세금 | 공과금 | 연회비 | 수수료","카페/베이커리 영역은 네이버 카드 상세에서 수집한 혜택 카테고리를 기준으로 임시 계산합니다.","2026-06-11T11:14:42.801Z"
"naver-card-10592-etc-3","naver-card-10592","etc","문화","discount","0.07","","5000","","400000","문화","unknown","40만원 이상","상품권 | 선불카드 충전 | 세금 | 공과금 | 연회비 | 수수료","문화 영역은 네이버 카드 상세에서 수집한 혜택 카테고리를 기준으로 임시 계산합니다.","2026-06-11T11:14:42.801Z"
"naver-card-3896-shopping-0","naver-card-3896","shopping","쇼핑","discount","0.015","","5000","","300000","쇼핑","unknown","30만원 이상","상품권 | 선불카드 충전 | 세금 | 공과금 | 연회비 | 수수료","쇼핑 영역은 네이버 카드 상세에서 수집한 혜택 카테고리를 기준으로 임시 계산합니다.","2026-06-11T11:14:42.801Z"
"naver-card-3896-mart-1","naver-card-3896","mart","대형마트","discount","0.015","","5000","","300000","대형마트","unknown","30만원 이상","상품권 | 선불카드 충전 | 세금 | 공과금 | 연회비 | 수수료","대형마트 영역은 네이버 카드 상세에서 수집한 혜택 카테고리를 기준으로 임시 계산합니다.","2026-06-11T11:14:42.801Z"
"naver-card-3896-etc-2","naver-card-3896","etc","언제나할인","discount","0.015","","5000","","300000","언제나할인","unknown","30만원 이상","상품권 | 선불카드 충전 | 세금 | 공과금 | 연회비 | 수수료","언제나할인 영역은 네이버 카드 상세에서 수집한 혜택 카테고리를 기준으로 임시 계산합니다.","2026-06-11T11:14:42.801Z"
"naver-card-10049-shopping-0","naver-card-10049","shopping","바우처","cashback","0.04","","12000","","1000000","바우처","unknown","100만원 이상","상품권 | 선불카드 충전 | 세금 | 공과금 | 연회비 | 수수료","바우처 영역은 네이버 카드 상세에서 수집한 혜택 카테고리를 기준으로 임시 계산합니다.","2026-06-11T11:14:42.801Z"
"naver-card-10049-dining-1","naver-card-10049","dining","외식","cashback","0.04","","12000","","1000000","외식","unknown","100만원 이상","상품권 | 선불카드 충전 | 세금 | 공과금 | 연회비 | 수수료","외식 영역은 네이버 카드 상세에서 수집한 혜택 카테고리를 기준으로 임시 계산합니다.","2026-06-11T11:14:42.801Z"
"naver-card-10049-coffee-2","naver-card-10049","coffee","카페/베이커리","cashback","0.04","","12000","","1000000","카페/베이커리","unknown","100만원 이상","상품권 | 선불카드 충전 | 세금 | 공과금 | 연회비 | 수수료","카페/베이커리 영역은 네이버 카드 상세에서 수집한 혜택 카테고리를 기준으로 임시 계산합니다.","2026-06-11T11:14:42.801Z"
"naver-card-10049-etc-3","naver-card-10049","etc","영화","cashback","0.04","","12000","","1000000","영화","unknown","100만원 이상","상품권 | 선불카드 충전 | 세금 | 공과금 | 연회비 | 수수료","영화 영역은 네이버 카드 상세에서 수집한 혜택 카테고리를 기준으로 임시 계산합니다.","2026-06-11T11:14:42.801Z"
"naver-card-10590-etc-0","naver-card-10590","etc","언제나할인","cashback","0.02","","5000","","0","언제나할인","unknown","실적 조건 없음","상품권 | 선불카드 충전 | 세금 | 공과금 | 연회비 | 수수료","언제나할인 영역은 네이버 카드 상세에서 수집한 혜택 카테고리를 기준으로 임시 계산합니다.","2026-06-11T11:14:42.801Z"
"naver-card-10590-shopping-1","naver-card-10590","shopping","포인트/캐시백","cashback","0.02","","5000","","0","포인트/캐시백","unknown","실적 조건 없음","상품권 | 선불카드 충전 | 세금 | 공과금 | 연회비 | 수수료","포인트/캐시백 영역은 네이버 카드 상세에서 수집한 혜택 카테고리를 기준으로 임시 계산합니다.","2026-06-11T11:14:42.801Z"
"naver-card-10450-shopping-0","naver-card-10450","shopping","포인트/캐시백","cashback","0.065","","10000","","500000","포인트/캐시백","unknown","50만원 이상","상품권 | 선불카드 충전 | 세금 | 공과금 | 연회비 | 수수료","포인트/캐시백 영역은 네이버 카드 상세에서 수집한 혜택 카테고리를 기준으로 임시 계산합니다.","2026-06-11T11:14:42.801Z"
"naver-card-10235-shopping-0","naver-card-10235","shopping","바우처","cashback","0.015","","8000","","500000","바우처","unknown","50만원 이상","상품권 | 선불카드 충전 | 세금 | 공과금 | 연회비 | 수수료","바우처 영역은 네이버 카드 상세에서 수집한 혜택 카테고리를 기준으로 임시 계산합니다.","2026-06-11T11:14:42.801Z"
"naver-card-10235-etc-1","naver-card-10235","etc","문화","cashback","0.015","","8000","","500000","문화","unknown","50만원 이상","상품권 | 선불카드 충전 | 세금 | 공과금 | 연회비 | 수수료","문화 영역은 네이버 카드 상세에서 수집한 혜택 카테고리를 기준으로 임시 계산합니다.","2026-06-11T11:14:42.801Z"
"naver-card-10568-shopping-0","naver-card-10568","shopping","바우처","mileage","0.01","","8000","","500000","바우처","unknown","50만원 이상","상품권 | 선불카드 충전 | 세금 | 공과금 | 연회비 | 수수료","바우처 영역은 네이버 카드 상세에서 수집한 혜택 카테고리를 기준으로 임시 계산합니다.","2026-06-11T11:14:42.801Z"
"naver-card-10568-travel-1","naver-card-10568","travel","항공마일리지","mileage","0.01","","8000","","500000","항공마일리지","unknown","50만원 이상","상품권 | 선불카드 충전 | 세금 | 공과금 | 연회비 | 수수료","항공마일리지 영역은 네이버 카드 상세에서 수집한 혜택 카테고리를 기준으로 임시 계산합니다.","2026-06-11T11:14:42.801Z"
"naver-card-10568-etc-2","naver-card-10568","etc","레저","mileage","0.01","","8000","","500000","레저","unknown","50만원 이상","상품권 | 선불카드 충전 | 세금 | 공과금 | 연회비 | 수수료","레저 영역은 네이버 카드 상세에서 수집한 혜택 카테고리를 기준으로 임시 계산합니다.","2026-06-11T11:14:42.801Z"
"naver-card-10568-coffee-3","naver-card-10568","coffee","카페/베이커리","mileage","0.01","","8000","","500000","카페/베이커리","unknown","50만원 이상","상품권 | 선불카드 충전 | 세금 | 공과금 | 연회비 | 수수료","카페/베이커리 영역은 네이버 카드 상세에서 수집한 혜택 카테고리를 기준으로 임시 계산합니다.","2026-06-11T11:14:42.801Z"
"naver-card-10568-transport-4","naver-card-10568","transport","대중교통","mileage","0.01","","8000","","500000","대중교통","unknown","50만원 이상","상품권 | 선불카드 충전 | 세금 | 공과금 | 연회비 | 수수료","대중교통 영역은 네이버 카드 상세에서 수집한 혜택 카테고리를 기준으로 임시 계산합니다.","2026-06-11T11:14:42.801Z"
"naver-card-10579-telecom-0","naver-card-10579","telecom","통신","discount","0.03","","10000","","300000","통신","unknown","30만원 이상","상품권 | 선불카드 충전 | 세금 | 공과금 | 연회비 | 수수료","통신 영역은 네이버 카드 상세에서 수집한 혜택 카테고리를 기준으로 임시 계산합니다.","2026-06-11T11:14:42.801Z"
"naver-card-10184-etc-0","naver-card-10184","etc","금융","discount","0.1","","5000","","400000","금융","unknown","40만원 이상","상품권 | 선불카드 충전 | 세금 | 공과금 | 연회비 | 수수료","금융 영역은 네이버 카드 상세에서 수집한 혜택 카테고리를 기준으로 임시 계산합니다.","2026-06-11T11:14:42.801Z"
"naver-card-10184-shopping-1","naver-card-10184","shopping","쇼핑","discount","0.1","","5000","","400000","쇼핑","unknown","40만원 이상","상품권 | 선불카드 충전 | 세금 | 공과금 | 연회비 | 수수료","쇼핑 영역은 네이버 카드 상세에서 수집한 혜택 카테고리를 기준으로 임시 계산합니다.","2026-06-11T11:14:42.801Z"
"naver-card-10184-convenience-2","naver-card-10184","convenience","편의점","discount","0.1","","5000","","400000","편의점","unknown","40만원 이상","상품권 | 선불카드 충전 | 세금 | 공과금 | 연회비 | 수수료","편의점 영역은 네이버 카드 상세에서 수집한 혜택 카테고리를 기준으로 임시 계산합니다.","2026-06-11T11:14:42.801Z"
"naver-card-10184-coffee-3","naver-card-10184","coffee","카페/베이커리","discount","0.1","","5000","","400000","카페/베이커리","unknown","40만원 이상","상품권 | 선불카드 충전 | 세금 | 공과금 | 연회비 | 수수료","카페/베이커리 영역은 네이버 카드 상세에서 수집한 혜택 카테고리를 기준으로 임시 계산합니다.","2026-06-11T11:14:42.801Z"
"naver-card-10184-fuel-4","naver-card-10184","fuel","오토","discount","0.1","","5000","","400000","오토","unknown","40만원 이상","상품권 | 선불카드 충전 | 세금 | 공과금 | 연회비 | 수수료","오토 영역은 네이버 카드 상세에서 수집한 혜택 카테고리를 기준으로 임시 계산합니다.","2026-06-11T11:14:42.801Z"
"naver-card-3878-mart-0","naver-card-3878","mart","대형마트","cashback","0.01","","8000","","500000","대형마트","unknown","50만원 이상","상품권 | 선불카드 충전 | 세금 | 공과금 | 연회비 | 수수료","대형마트 영역은 네이버 카드 상세에서 수집한 혜택 카테고리를 기준으로 임시 계산합니다.","2026-06-11T11:14:42.801Z"
"naver-card-3878-dining-1","naver-card-3878","dining","외식","cashback","0.01","","8000","","500000","외식","unknown","50만원 이상","상품권 | 선불카드 충전 | 세금 | 공과금 | 연회비 | 수수료","외식 영역은 네이버 카드 상세에서 수집한 혜택 카테고리를 기준으로 임시 계산합니다.","2026-06-11T11:14:42.801Z"
"naver-card-3878-shopping-2","naver-card-3878","shopping","쇼핑","cashback","0.01","","8000","","500000","쇼핑","unknown","50만원 이상","상품권 | 선불카드 충전 | 세금 | 공과금 | 연회비 | 수수료","쇼핑 영역은 네이버 카드 상세에서 수집한 혜택 카테고리를 기준으로 임시 계산합니다.","2026-06-11T11:14:42.801Z"
"naver-card-3878-medical-3","naver-card-3878","medical","의료","cashback","0.01","","8000","","500000","의료","unknown","50만원 이상","상품권 | 선불카드 충전 | 세금 | 공과금 | 연회비 | 수수료","의료 영역은 네이버 카드 상세에서 수집한 혜택 카테고리를 기준으로 임시 계산합니다.","2026-06-11T11:14:42.801Z"
"naver-card-3878-transport-4","naver-card-3878","transport","대중교통","cashback","0.01","","8000","","500000","대중교통","unknown","50만원 이상","상품권 | 선불카드 충전 | 세금 | 공과금 | 연회비 | 수수료","대중교통 영역은 네이버 카드 상세에서 수집한 혜택 카테고리를 기준으로 임시 계산합니다.","2026-06-11T11:14:42.801Z"
"naver-card-10349-transport-0","naver-card-10349","transport","대중교통","discount","0.1","","5000","","400000","대중교통","unknown","40만원 이상","상품권 | 선불카드 충전 | 세금 | 공과금 | 연회비 | 수수료","대중교통 영역은 네이버 카드 상세에서 수집한 혜택 카테고리를 기준으로 임시 계산합니다.","2026-06-11T11:14:42.801Z"
"naver-card-10349-coffee-1","naver-card-10349","coffee","카페/베이커리","discount","0.1","","5000","","400000","카페/베이커리","unknown","40만원 이상","상품권 | 선불카드 충전 | 세금 | 공과금 | 연회비 | 수수료","카페/베이커리 영역은 네이버 카드 상세에서 수집한 혜택 카테고리를 기준으로 임시 계산합니다.","2026-06-11T11:14:42.801Z"
"naver-card-10349-etc-2","naver-card-10349","etc","문화","discount","0.1","","5000","","400000","문화","unknown","40만원 이상","상품권 | 선불카드 충전 | 세금 | 공과금 | 연회비 | 수수료","문화 영역은 네이버 카드 상세에서 수집한 혜택 카테고리를 기준으로 임시 계산합니다.","2026-06-11T11:14:42.801Z"
"naver-card-10349-shopping-3","naver-card-10349","shopping","쇼핑","discount","0.1","","5000","","400000","쇼핑","unknown","40만원 이상","상품권 | 선불카드 충전 | 세금 | 공과금 | 연회비 | 수수료","쇼핑 영역은 네이버 카드 상세에서 수집한 혜택 카테고리를 기준으로 임시 계산합니다.","2026-06-11T11:14:42.801Z"
"naver-card-10311-fuel-0","naver-card-10311","fuel","주유","cashback","0.1","","5000","","300000","주유","unknown","30만원 이상","상품권 | 선불카드 충전 | 세금 | 공과금 | 연회비 | 수수료","주유 영역은 네이버 카드 상세에서 수집한 혜택 카테고리를 기준으로 임시 계산합니다.","2026-06-11T11:14:42.801Z"
"naver-card-10311-etc-1","naver-card-10311","etc","금융","cashback","0.1","","5000","","300000","금융","unknown","30만원 이상","상품권 | 선불카드 충전 | 세금 | 공과금 | 연회비 | 수수료","금융 영역은 네이버 카드 상세에서 수집한 혜택 카테고리를 기준으로 임시 계산합니다.","2026-06-11T11:14:42.801Z"
"naver-card-10311-convenience-2","naver-card-10311","convenience","편의점","cashback","0.1","","5000","","300000","편의점","unknown","30만원 이상","상품권 | 선불카드 충전 | 세금 | 공과금 | 연회비 | 수수료","편의점 영역은 네이버 카드 상세에서 수집한 혜택 카테고리를 기준으로 임시 계산합니다.","2026-06-11T11:14:42.801Z"
"naver-card-10311-medical-3","naver-card-10311","medical","의료","cashback","0.1","","5000","","300000","의료","unknown","30만원 이상","상품권 | 선불카드 충전 | 세금 | 공과금 | 연회비 | 수수료","의료 영역은 네이버 카드 상세에서 수집한 혜택 카테고리를 기준으로 임시 계산합니다.","2026-06-11T11:14:42.801Z"
"naver-card-10311-education-4","naver-card-10311","education","교육","cashback","0.1","","5000","","300000","교육","unknown","30만원 이상","상품권 | 선불카드 충전 | 세금 | 공과금 | 연회비 | 수수료","교육 영역은 네이버 카드 상세에서 수집한 혜택 카테고리를 기준으로 임시 계산합니다.","2026-06-11T11:14:42.801Z"
"naver-card-3857-shopping-0","naver-card-3857","shopping","쇼핑","discount","0.1","","5000","","240000","쇼핑","unknown","24만원 이상","상품권 | 선불카드 충전 | 세금 | 공과금 | 연회비 | 수수료","쇼핑 영역은 네이버 카드 상세에서 수집한 혜택 카테고리를 기준으로 임시 계산합니다.","2026-06-11T11:14:42.801Z"
"naver-card-3857-etc-1","naver-card-3857","etc","문화","discount","0.1","","5000","","240000","문화","unknown","24만원 이상","상품권 | 선불카드 충전 | 세금 | 공과금 | 연회비 | 수수료","문화 영역은 네이버 카드 상세에서 수집한 혜택 카테고리를 기준으로 임시 계산합니다.","2026-06-11T11:14:42.801Z"
"naver-card-3857-convenience-2","naver-card-3857","convenience","편의점","discount","0.1","","5000","","240000","편의점","unknown","24만원 이상","상품권 | 선불카드 충전 | 세금 | 공과금 | 연회비 | 수수료","편의점 영역은 네이버 카드 상세에서 수집한 혜택 카테고리를 기준으로 임시 계산합니다.","2026-06-11T11:14:42.801Z"
"naver-card-3857-medical-3","naver-card-3857","medical","뷰티","discount","0.1","","5000","","240000","뷰티","unknown","24만원 이상","상품권 | 선불카드 충전 | 세금 | 공과금 | 연회비 | 수수료","뷰티 영역은 네이버 카드 상세에서 수집한 혜택 카테고리를 기준으로 임시 계산합니다.","2026-06-11T11:14:42.801Z"
"naver-card-10550-shopping-0","naver-card-10550","shopping","쇼핑","point","0.01","","5000","","150000","쇼핑","unknown","15만원 이상","상품권 | 선불카드 충전 | 세금 | 공과금 | 연회비 | 수수료","쇼핑 영역은 네이버 카드 상세에서 수집한 혜택 카테고리를 기준으로 임시 계산합니다.","2026-06-11T11:14:42.801Z"
"naver-card-10550-etc-1","naver-card-10550","etc","레저","point","0.01","","5000","","150000","레저","unknown","15만원 이상","상품권 | 선불카드 충전 | 세금 | 공과금 | 연회비 | 수수료","레저 영역은 네이버 카드 상세에서 수집한 혜택 카테고리를 기준으로 임시 계산합니다.","2026-06-11T11:14:42.801Z"
"naver-card-10550-medical-2","naver-card-10550","medical","의료","point","0.01","","5000","","150000","의료","unknown","15만원 이상","상품권 | 선불카드 충전 | 세금 | 공과금 | 연회비 | 수수료","의료 영역은 네이버 카드 상세에서 수집한 혜택 카테고리를 기준으로 임시 계산합니다.","2026-06-11T11:14:42.801Z"
"naver-card-10550-dining-3","naver-card-10550","dining","외식","point","0.01","","5000","","150000","외식","unknown","15만원 이상","상품권 | 선불카드 충전 | 세금 | 공과금 | 연회비 | 수수료","외식 영역은 네이버 카드 상세에서 수집한 혜택 카테고리를 기준으로 임시 계산합니다.","2026-06-11T11:14:42.801Z"
"naver-card-10550-convenience-4","naver-card-10550","convenience","편의점","point","0.01","","5000","","150000","편의점","unknown","15만원 이상","상품권 | 선불카드 충전 | 세금 | 공과금 | 연회비 | 수수료","편의점 영역은 네이버 카드 상세에서 수집한 혜택 카테고리를 기준으로 임시 계산합니다.","2026-06-11T11:14:42.801Z"
"naver-card-10315-shopping-0","naver-card-10315","shopping","바우처","cashback","0.01","","8000","","500000","바우처","unknown","50만원 이상","상품권 | 선불카드 충전 | 세금 | 공과금 | 연회비 | 수수료","바우처 영역은 네이버 카드 상세에서 수집한 혜택 카테고리를 기준으로 임시 계산합니다.","2026-06-11T11:14:42.801Z"
"naver-card-10315-etc-1","naver-card-10315","etc","프리미엄","cashback","0.01","","8000","","500000","프리미엄","unknown","50만원 이상","상품권 | 선불카드 충전 | 세금 | 공과금 | 연회비 | 수수료","프리미엄 영역은 네이버 카드 상세에서 수집한 혜택 카테고리를 기준으로 임시 계산합니다.","2026-06-11T11:14:42.801Z"
"naver-card-10480-shopping-0","naver-card-10480","shopping","쇼핑","discount","0.01","","5000","","300000","쇼핑","unknown","30만원 이상","상품권 | 선불카드 충전 | 세금 | 공과금 | 연회비 | 수수료","쇼핑 영역은 네이버 카드 상세에서 수집한 혜택 카테고리를 기준으로 임시 계산합니다.","2026-06-11T11:14:42.801Z"
"naver-card-10480-mart-1","naver-card-10480","mart","대형마트","discount","0.01","","5000","","300000","대형마트","unknown","30만원 이상","상품권 | 선불카드 충전 | 세금 | 공과금 | 연회비 | 수수료","대형마트 영역은 네이버 카드 상세에서 수집한 혜택 카테고리를 기준으로 임시 계산합니다.","2026-06-11T11:14:42.801Z"
"naver-card-10480-convenience-2","naver-card-10480","convenience","편의점","discount","0.01","","5000","","300000","편의점","unknown","30만원 이상","상품권 | 선불카드 충전 | 세금 | 공과금 | 연회비 | 수수료","편의점 영역은 네이버 카드 상세에서 수집한 혜택 카테고리를 기준으로 임시 계산합니다.","2026-06-11T11:14:42.801Z"
"naver-card-10480-medical-3","naver-card-10480","medical","의료","discount","0.01","","5000","","300000","의료","unknown","30만원 이상","상품권 | 선불카드 충전 | 세금 | 공과금 | 연회비 | 수수료","의료 영역은 네이버 카드 상세에서 수집한 혜택 카테고리를 기준으로 임시 계산합니다.","2026-06-11T11:14:42.801Z"
"naver-card-10480-etc-4","naver-card-10480","etc","언제나할인","discount","0.01","","5000","","300000","언제나할인","unknown","30만원 이상","상품권 | 선불카드 충전 | 세금 | 공과금 | 연회비 | 수수료","언제나할인 영역은 네이버 카드 상세에서 수집한 혜택 카테고리를 기준으로 임시 계산합니다.","2026-06-11T11:14:42.801Z"
"naver-card-10237-shopping-0","naver-card-10237","shopping","바우처","cashback","0.01","","8000","","500000","바우처","unknown","50만원 이상","상품권 | 선불카드 충전 | 세금 | 공과금 | 연회비 | 수수료","바우처 영역은 네이버 카드 상세에서 수집한 혜택 카테고리를 기준으로 임시 계산합니다.","2026-06-11T11:14:42.801Z"
"naver-card-10237-etc-1","naver-card-10237","etc","문화","cashback","0.01","","8000","","500000","문화","unknown","50만원 이상","상품권 | 선불카드 충전 | 세금 | 공과금 | 연회비 | 수수료","문화 영역은 네이버 카드 상세에서 수집한 혜택 카테고리를 기준으로 임시 계산합니다.","2026-06-11T11:14:42.801Z"
"naver-card-10237-dining-2","naver-card-10237","dining","외식","cashback","0.01","","8000","","500000","외식","unknown","50만원 이상","상품권 | 선불카드 충전 | 세금 | 공과금 | 연회비 | 수수료","외식 영역은 네이버 카드 상세에서 수집한 혜택 카테고리를 기준으로 임시 계산합니다.","2026-06-11T11:14:42.801Z"
"naver-card-10523-shopping-0","naver-card-10523","shopping","간편결제","discount","0.1","","5000","","300000","간편결제","unknown","30만원 이상","상품권 | 선불카드 충전 | 세금 | 공과금 | 연회비 | 수수료","간편결제 영역은 네이버 카드 상세에서 수집한 혜택 카테고리를 기준으로 임시 계산합니다.","2026-06-11T11:14:42.801Z"
"naver-card-10523-etc-1","naver-card-10523","etc","언제나할인","discount","0.1","","5000","","300000","언제나할인","unknown","30만원 이상","상품권 | 선불카드 충전 | 세금 | 공과금 | 연회비 | 수수료","언제나할인 영역은 네이버 카드 상세에서 수집한 혜택 카테고리를 기준으로 임시 계산합니다.","2026-06-11T11:14:42.801Z"
"naver-card-10523-dining-2","naver-card-10523","dining","외식","discount","0.1","","5000","","300000","외식","unknown","30만원 이상","상품권 | 선불카드 충전 | 세금 | 공과금 | 연회비 | 수수료","외식 영역은 네이버 카드 상세에서 수집한 혜택 카테고리를 기준으로 임시 계산합니다.","2026-06-11T11:14:42.801Z"
"naver-card-10523-coffee-3","naver-card-10523","coffee","카페/베이커리","discount","0.1","","5000","","300000","카페/베이커리","unknown","30만원 이상","상품권 | 선불카드 충전 | 세금 | 공과금 | 연회비 | 수수료","카페/베이커리 영역은 네이버 카드 상세에서 수집한 혜택 카테고리를 기준으로 임시 계산합니다.","2026-06-11T11:14:42.801Z"
"naver-card-10523-transport-4","naver-card-10523","transport","대중교통","discount","0.1","","5000","","300000","대중교통","unknown","30만원 이상","상품권 | 선불카드 충전 | 세금 | 공과금 | 연회비 | 수수료","대중교통 영역은 네이버 카드 상세에서 수집한 혜택 카테고리를 기준으로 임시 계산합니다.","2026-06-11T11:14:42.801Z"
"naver-card-10462-fuel-0","naver-card-10462","fuel","주유","discount","0.1","","5000","","400000","주유","unknown","40만원 이상","상품권 | 선불카드 충전 | 세금 | 공과금 | 연회비 | 수수료","주유 영역은 네이버 카드 상세에서 수집한 혜택 카테고리를 기준으로 임시 계산합니다.","2026-06-11T11:14:42.801Z"
"naver-card-10462-telecom-1","naver-card-10462","telecom","통신","discount","0.1","","5000","","400000","통신","unknown","40만원 이상","상품권 | 선불카드 충전 | 세금 | 공과금 | 연회비 | 수수료","통신 영역은 네이버 카드 상세에서 수집한 혜택 카테고리를 기준으로 임시 계산합니다.","2026-06-11T11:14:42.801Z"
"naver-card-10462-convenience-2","naver-card-10462","convenience","편의점","discount","0.1","","5000","","400000","편의점","unknown","40만원 이상","상품권 | 선불카드 충전 | 세금 | 공과금 | 연회비 | 수수료","편의점 영역은 네이버 카드 상세에서 수집한 혜택 카테고리를 기준으로 임시 계산합니다.","2026-06-11T11:14:42.801Z"
"naver-card-10462-shopping-3","naver-card-10462","shopping","쇼핑","discount","0.1","","5000","","400000","쇼핑","unknown","40만원 이상","상품권 | 선불카드 충전 | 세금 | 공과금 | 연회비 | 수수료","쇼핑 영역은 네이버 카드 상세에서 수집한 혜택 카테고리를 기준으로 임시 계산합니다.","2026-06-11T11:14:42.801Z"
"naver-card-247-shopping-0","naver-card-247","shopping","포인트/캐시백","cashback","0.01","","5000","","0","포인트/캐시백","unknown","실적 조건 없음","상품권 | 선불카드 충전 | 세금 | 공과금 | 연회비 | 수수료","포인트/캐시백 영역은 네이버 카드 상세에서 수집한 혜택 카테고리를 기준으로 임시 계산합니다.","2026-06-11T11:14:42.801Z"
"naver-card-247-mart-1","naver-card-247","mart","대형마트","cashback","0.01","","5000","","0","대형마트","unknown","실적 조건 없음","상품권 | 선불카드 충전 | 세금 | 공과금 | 연회비 | 수수료","대형마트 영역은 네이버 카드 상세에서 수집한 혜택 카테고리를 기준으로 임시 계산합니다.","2026-06-11T11:14:42.801Z"
"naver-card-247-fuel-2","naver-card-247","fuel","주유","cashback","0.01","","5000","","0","주유","unknown","실적 조건 없음","상품권 | 선불카드 충전 | 세금 | 공과금 | 연회비 | 수수료","주유 영역은 네이버 카드 상세에서 수집한 혜택 카테고리를 기준으로 임시 계산합니다.","2026-06-11T11:14:42.801Z"
"naver-card-247-dining-3","naver-card-247","dining","외식","cashback","0.01","","5000","","0","외식","unknown","실적 조건 없음","상품권 | 선불카드 충전 | 세금 | 공과금 | 연회비 | 수수료","외식 영역은 네이버 카드 상세에서 수집한 혜택 카테고리를 기준으로 임시 계산합니다.","2026-06-11T11:14:42.801Z"
"naver-card-247-etc-4","naver-card-247","etc","레저","cashback","0.01","","5000","","0","레저","unknown","실적 조건 없음","상품권 | 선불카드 충전 | 세금 | 공과금 | 연회비 | 수수료","레저 영역은 네이버 카드 상세에서 수집한 혜택 카테고리를 기준으로 임시 계산합니다.","2026-06-11T11:14:42.801Z"
"naver-card-4047-etc-0","naver-card-4047","etc","국민행복카드","discount","0.07","","5000","","300000","국민행복카드","unknown","30만원 이상","상품권 | 선불카드 충전 | 세금 | 공과금 | 연회비 | 수수료","국민행복카드 영역은 네이버 카드 상세에서 수집한 혜택 카테고리를 기준으로 임시 계산합니다.","2026-06-11T11:14:42.801Z"
"naver-card-4047-shopping-1","naver-card-4047","shopping","쇼핑","discount","0.07","","5000","","300000","쇼핑","unknown","30만원 이상","상품권 | 선불카드 충전 | 세금 | 공과금 | 연회비 | 수수료","쇼핑 영역은 네이버 카드 상세에서 수집한 혜택 카테고리를 기준으로 임시 계산합니다.","2026-06-11T11:14:42.801Z"
"naver-card-4047-medical-2","naver-card-4047","medical","의료","discount","0.07","","5000","","300000","의료","unknown","30만원 이상","상품권 | 선불카드 충전 | 세금 | 공과금 | 연회비 | 수수료","의료 영역은 네이버 카드 상세에서 수집한 혜택 카테고리를 기준으로 임시 계산합니다.","2026-06-11T11:14:42.801Z"
"naver-card-4047-education-3","naver-card-4047","education","교육","discount","0.07","","5000","","300000","교육","unknown","30만원 이상","상품권 | 선불카드 충전 | 세금 | 공과금 | 연회비 | 수수료","교육 영역은 네이버 카드 상세에서 수집한 혜택 카테고리를 기준으로 임시 계산합니다.","2026-06-11T11:14:42.801Z"
"naver-card-4047-fuel-4","naver-card-4047","fuel","주유","discount","0.07","","5000","","300000","주유","unknown","30만원 이상","상품권 | 선불카드 충전 | 세금 | 공과금 | 연회비 | 수수료","주유 영역은 네이버 카드 상세에서 수집한 혜택 카테고리를 기준으로 임시 계산합니다.","2026-06-11T11:14:42.801Z"
"naver-card-10596-fuel-0","naver-card-10596","fuel","주유","discount","0.1","","5000","","400000","주유","unknown","40만원 이상","상품권 | 선불카드 충전 | 세금 | 공과금 | 연회비 | 수수료","주유 영역은 네이버 카드 상세에서 수집한 혜택 카테고리를 기준으로 임시 계산합니다.","2026-06-11T11:14:42.801Z"
"naver-card-10596-telecom-1","naver-card-10596","telecom","통신","discount","0.1","","5000","","400000","통신","unknown","40만원 이상","상품권 | 선불카드 충전 | 세금 | 공과금 | 연회비 | 수수료","통신 영역은 네이버 카드 상세에서 수집한 혜택 카테고리를 기준으로 임시 계산합니다.","2026-06-11T11:14:42.801Z"
"naver-card-10596-convenience-2","naver-card-10596","convenience","편의점","discount","0.1","","5000","","400000","편의점","unknown","40만원 이상","상품권 | 선불카드 충전 | 세금 | 공과금 | 연회비 | 수수료","편의점 영역은 네이버 카드 상세에서 수집한 혜택 카테고리를 기준으로 임시 계산합니다.","2026-06-11T11:14:42.801Z"
"naver-card-10596-shopping-3","naver-card-10596","shopping","쇼핑","discount","0.1","","5000","","400000","쇼핑","unknown","40만원 이상","상품권 | 선불카드 충전 | 세금 | 공과금 | 연회비 | 수수료","쇼핑 영역은 네이버 카드 상세에서 수집한 혜택 카테고리를 기준으로 임시 계산합니다.","2026-06-11T11:14:42.801Z"
"naver-card-1695-shopping-0","naver-card-1695","shopping","간편결제","discount","0.1","","5000","","300000","간편결제","unknown","30만원 이상","상품권 | 선불카드 충전 | 세금 | 공과금 | 연회비 | 수수료","간편결제 영역은 네이버 카드 상세에서 수집한 혜택 카테고리를 기준으로 임시 계산합니다.","2026-06-11T11:14:42.801Z"
"naver-card-1695-telecom-1","naver-card-1695","telecom","통신","discount","0.1","","5000","","300000","통신","unknown","30만원 이상","상품권 | 선불카드 충전 | 세금 | 공과금 | 연회비 | 수수료","통신 영역은 네이버 카드 상세에서 수집한 혜택 카테고리를 기준으로 임시 계산합니다.","2026-06-11T11:14:42.801Z"
"naver-card-1695-etc-2","naver-card-1695","etc","영화","discount","0.1","","5000","","300000","영화","unknown","30만원 이상","상품권 | 선불카드 충전 | 세금 | 공과금 | 연회비 | 수수료","영화 영역은 네이버 카드 상세에서 수집한 혜택 카테고리를 기준으로 임시 계산합니다.","2026-06-11T11:14:42.801Z"
"naver-card-1695-mart-3","naver-card-1695","mart","대형마트","discount","0.1","","5000","","300000","대형마트","unknown","30만원 이상","상품권 | 선불카드 충전 | 세금 | 공과금 | 연회비 | 수수료","대형마트 영역은 네이버 카드 상세에서 수집한 혜택 카테고리를 기준으로 임시 계산합니다.","2026-06-11T11:14:42.801Z"
"naver-card-1695-education-4","naver-card-1695","education","교육","discount","0.1","","5000","","300000","교육","unknown","30만원 이상","상품권 | 선불카드 충전 | 세금 | 공과금 | 연회비 | 수수료","교육 영역은 네이버 카드 상세에서 수집한 혜택 카테고리를 기준으로 임시 계산합니다.","2026-06-11T11:14:42.801Z"
"naver-card-10284-fuel-0","naver-card-10284","fuel","주유","cashback","0.1","","7500","","300000","주유","unknown","30만원 이상","상품권 | 선불카드 충전 | 세금 | 공과금 | 연회비 | 수수료","주유 영역은 네이버 카드 상세에서 수집한 혜택 카테고리를 기준으로 임시 계산합니다.","2026-06-11T11:14:42.801Z"
"naver-card-10284-shopping-1","naver-card-10284","shopping","포인트/캐시백","cashback","0.1","","7500","","300000","포인트/캐시백","unknown","30만원 이상","상품권 | 선불카드 충전 | 세금 | 공과금 | 연회비 | 수수료","포인트/캐시백 영역은 네이버 카드 상세에서 수집한 혜택 카테고리를 기준으로 임시 계산합니다.","2026-06-11T11:14:42.801Z"
"naver-card-10284-coffee-2","naver-card-10284","coffee","카페/베이커리","cashback","0.1","","7500","","300000","카페/베이커리","unknown","30만원 이상","상품권 | 선불카드 충전 | 세금 | 공과금 | 연회비 | 수수료","카페/베이커리 영역은 네이버 카드 상세에서 수집한 혜택 카테고리를 기준으로 임시 계산합니다.","2026-06-11T11:14:42.801Z"
"naver-card-10284-etc-3","naver-card-10284","etc","하이패스","cashback","0.1","","7500","","300000","하이패스","unknown","30만원 이상","상품권 | 선불카드 충전 | 세금 | 공과금 | 연회비 | 수수료","하이패스 영역은 네이버 카드 상세에서 수집한 혜택 카테고리를 기준으로 임시 계산합니다.","2026-06-11T11:14:42.801Z"
"naver-card-10552-travel-0","naver-card-10552","travel","항공마일리지","mileage","0.01","","10000","","500000","항공마일리지","unknown","50만원 이상","상품권 | 선불카드 충전 | 세금 | 공과금 | 연회비 | 수수료","항공마일리지 영역은 네이버 카드 상세에서 수집한 혜택 카테고리를 기준으로 임시 계산합니다.","2026-06-11T11:14:42.801Z"
"naver-card-10071-coffee-0","naver-card-10071","coffee","카페/베이커리","cashback","0.01","","5000","","400000","카페/베이커리","unknown","40만원 이상","상품권 | 선불카드 충전 | 세금 | 공과금 | 연회비 | 수수료","카페/베이커리 영역은 네이버 카드 상세에서 수집한 혜택 카테고리를 기준으로 임시 계산합니다.","2026-06-11T11:14:42.801Z"
"naver-card-10071-etc-1","naver-card-10071","etc","영화","cashback","0.01","","5000","","400000","영화","unknown","40만원 이상","상품권 | 선불카드 충전 | 세금 | 공과금 | 연회비 | 수수료","영화 영역은 네이버 카드 상세에서 수집한 혜택 카테고리를 기준으로 임시 계산합니다.","2026-06-11T11:14:42.801Z"
"naver-card-10071-transport-2","naver-card-10071","transport","대중교통","cashback","0.01","","5000","","400000","대중교통","unknown","40만원 이상","상품권 | 선불카드 충전 | 세금 | 공과금 | 연회비 | 수수료","대중교통 영역은 네이버 카드 상세에서 수집한 혜택 카테고리를 기준으로 임시 계산합니다.","2026-06-11T11:14:42.801Z"
"naver-card-10071-telecom-3","naver-card-10071","telecom","통신","cashback","0.01","","5000","","400000","통신","unknown","40만원 이상","상품권 | 선불카드 충전 | 세금 | 공과금 | 연회비 | 수수료","통신 영역은 네이버 카드 상세에서 수집한 혜택 카테고리를 기준으로 임시 계산합니다.","2026-06-11T11:14:42.801Z"
"naver-card-10071-dining-4","naver-card-10071","dining","외식","cashback","0.01","","5000","","400000","외식","unknown","40만원 이상","상품권 | 선불카드 충전 | 세금 | 공과금 | 연회비 | 수수료","외식 영역은 네이버 카드 상세에서 수집한 혜택 카테고리를 기준으로 임시 계산합니다.","2026-06-11T11:14:42.801Z"
"naver-card-3959-shopping-0","naver-card-3959","shopping","포인트/캐시백","cashback","0.1","","25000","","300000","포인트/캐시백","unknown","30만원 이상","상품권 | 선불카드 충전 | 세금 | 공과금 | 연회비 | 수수료","포인트/캐시백 영역은 네이버 카드 상세에서 수집한 혜택 카테고리를 기준으로 임시 계산합니다.","2026-06-11T11:14:42.801Z"
"naver-card-3959-convenience-1","naver-card-3959","convenience","편의점","cashback","0.1","","25000","","300000","편의점","unknown","30만원 이상","상품권 | 선불카드 충전 | 세금 | 공과금 | 연회비 | 수수료","편의점 영역은 네이버 카드 상세에서 수집한 혜택 카테고리를 기준으로 임시 계산합니다.","2026-06-11T11:14:42.801Z"
"naver-card-3959-dining-2","naver-card-3959","dining","외식","cashback","0.1","","25000","","300000","외식","unknown","30만원 이상","상품권 | 선불카드 충전 | 세금 | 공과금 | 연회비 | 수수료","외식 영역은 네이버 카드 상세에서 수집한 혜택 카테고리를 기준으로 임시 계산합니다.","2026-06-11T11:14:42.801Z"
"naver-card-3959-transport-3","naver-card-3959","transport","대중교통","cashback","0.1","","25000","","300000","대중교통","unknown","30만원 이상","상품권 | 선불카드 충전 | 세금 | 공과금 | 연회비 | 수수료","대중교통 영역은 네이버 카드 상세에서 수집한 혜택 카테고리를 기준으로 임시 계산합니다.","2026-06-11T11:14:42.801Z"
"naver-card-3959-telecom-4","naver-card-3959","telecom","통신","cashback","0.1","","25000","","300000","통신","unknown","30만원 이상","상품권 | 선불카드 충전 | 세금 | 공과금 | 연회비 | 수수료","통신 영역은 네이버 카드 상세에서 수집한 혜택 카테고리를 기준으로 임시 계산합니다.","2026-06-11T11:14:42.801Z"
"naver-card-10593-fuel-0","naver-card-10593","fuel","주유","cashback","0.1","","5000","","0","주유","unknown","실적 조건 없음","상품권 | 선불카드 충전 | 세금 | 공과금 | 연회비 | 수수료","주유 영역은 네이버 카드 상세에서 수집한 혜택 카테고리를 기준으로 임시 계산합니다.","2026-06-11T11:14:42.801Z"
"naver-card-10593-convenience-1","naver-card-10593","convenience","편의점","cashback","0.1","","5000","","0","편의점","unknown","실적 조건 없음","상품권 | 선불카드 충전 | 세금 | 공과금 | 연회비 | 수수료","편의점 영역은 네이버 카드 상세에서 수집한 혜택 카테고리를 기준으로 임시 계산합니다.","2026-06-11T11:14:42.801Z"
"naver-card-10593-coffee-2","naver-card-10593","coffee","카페/베이커리","cashback","0.1","","5000","","0","카페/베이커리","unknown","실적 조건 없음","상품권 | 선불카드 충전 | 세금 | 공과금 | 연회비 | 수수료","카페/베이커리 영역은 네이버 카드 상세에서 수집한 혜택 카테고리를 기준으로 임시 계산합니다.","2026-06-11T11:14:42.801Z"
"naver-card-10512-shopping-0","naver-card-10512","shopping","쇼핑","discount","0.1","","8000","","500000","쇼핑","unknown","50만원 이상","상품권 | 선불카드 충전 | 세금 | 공과금 | 연회비 | 수수료","쇼핑 영역은 네이버 카드 상세에서 수집한 혜택 카테고리를 기준으로 임시 계산합니다.","2026-06-11T11:14:42.801Z"
"naver-card-10512-mart-1","naver-card-10512","mart","대형마트","discount","0.1","","8000","","500000","대형마트","unknown","50만원 이상","상품권 | 선불카드 충전 | 세금 | 공과금 | 연회비 | 수수료","대형마트 영역은 네이버 카드 상세에서 수집한 혜택 카테고리를 기준으로 임시 계산합니다.","2026-06-11T11:14:42.801Z"
"naver-card-10512-dining-2","naver-card-10512","dining","외식","discount","0.1","","8000","","500000","외식","unknown","50만원 이상","상품권 | 선불카드 충전 | 세금 | 공과금 | 연회비 | 수수료","외식 영역은 네이버 카드 상세에서 수집한 혜택 카테고리를 기준으로 임시 계산합니다.","2026-06-11T11:14:42.801Z"
"naver-card-10512-coffee-3","naver-card-10512","coffee","카페/베이커리","discount","0.1","","8000","","500000","카페/베이커리","unknown","50만원 이상","상품권 | 선불카드 충전 | 세금 | 공과금 | 연회비 | 수수료","카페/베이커리 영역은 네이버 카드 상세에서 수집한 혜택 카테고리를 기준으로 임시 계산합니다.","2026-06-11T11:14:42.801Z"
"naver-card-10512-education-4","naver-card-10512","education","교육","discount","0.1","","8000","","500000","교육","unknown","50만원 이상","상품권 | 선불카드 충전 | 세금 | 공과금 | 연회비 | 수수료","교육 영역은 네이버 카드 상세에서 수집한 혜택 카테고리를 기준으로 임시 계산합니다.","2026-06-11T11:14:42.801Z"
"naver-card-10511-shopping-0","naver-card-10511","shopping","포인트/캐시백","mileage","0.055","","5000","","400000","포인트/캐시백","unknown","40만원 이상","상품권 | 선불카드 충전 | 세금 | 공과금 | 연회비 | 수수료","포인트/캐시백 영역은 네이버 카드 상세에서 수집한 혜택 카테고리를 기준으로 임시 계산합니다.","2026-06-11T11:14:42.801Z"
"naver-card-10511-coffee-1","naver-card-10511","coffee","카페/베이커리","mileage","0.055","","5000","","400000","카페/베이커리","unknown","40만원 이상","상품권 | 선불카드 충전 | 세금 | 공과금 | 연회비 | 수수료","카페/베이커리 영역은 네이버 카드 상세에서 수집한 혜택 카테고리를 기준으로 임시 계산합니다.","2026-06-11T11:14:42.801Z"
"naver-card-10511-convenience-2","naver-card-10511","convenience","편의점","mileage","0.055","","5000","","400000","편의점","unknown","40만원 이상","상품권 | 선불카드 충전 | 세금 | 공과금 | 연회비 | 수수료","편의점 영역은 네이버 카드 상세에서 수집한 혜택 카테고리를 기준으로 임시 계산합니다.","2026-06-11T11:14:42.801Z"
"naver-card-10511-mart-3","naver-card-10511","mart","대형마트","mileage","0.055","","5000","","400000","대형마트","unknown","40만원 이상","상품권 | 선불카드 충전 | 세금 | 공과금 | 연회비 | 수수료","대형마트 영역은 네이버 카드 상세에서 수집한 혜택 카테고리를 기준으로 임시 계산합니다.","2026-06-11T11:14:42.801Z"
"naver-card-10511-transport-4","naver-card-10511","transport","대중교통","mileage","0.055","","5000","","400000","대중교통","unknown","40만원 이상","상품권 | 선불카드 충전 | 세금 | 공과금 | 연회비 | 수수료","대중교통 영역은 네이버 카드 상세에서 수집한 혜택 카테고리를 기준으로 임시 계산합니다.","2026-06-11T11:14:42.801Z"
"naver-card-10554-dining-0","naver-card-10554","dining","외식","discount","0.07","","5000","","0","외식","unknown","실적 조건 없음","상품권 | 선불카드 충전 | 세금 | 공과금 | 연회비 | 수수료","외식 영역은 네이버 카드 상세에서 수집한 혜택 카테고리를 기준으로 임시 계산합니다.","2026-06-11T11:14:42.801Z"
"naver-card-10554-coffee-1","naver-card-10554","coffee","카페/베이커리","discount","0.07","","5000","","0","카페/베이커리","unknown","실적 조건 없음","상품권 | 선불카드 충전 | 세금 | 공과금 | 연회비 | 수수료","카페/베이커리 영역은 네이버 카드 상세에서 수집한 혜택 카테고리를 기준으로 임시 계산합니다.","2026-06-11T11:14:42.801Z"
"naver-card-10554-shopping-2","naver-card-10554","shopping","쇼핑","discount","0.07","","5000","","0","쇼핑","unknown","실적 조건 없음","상품권 | 선불카드 충전 | 세금 | 공과금 | 연회비 | 수수료","쇼핑 영역은 네이버 카드 상세에서 수집한 혜택 카테고리를 기준으로 임시 계산합니다.","2026-06-11T11:14:42.801Z"
"naver-card-10554-etc-3","naver-card-10554","etc","문화","discount","0.07","","5000","","0","문화","unknown","실적 조건 없음","상품권 | 선불카드 충전 | 세금 | 공과금 | 연회비 | 수수료","문화 영역은 네이버 카드 상세에서 수집한 혜택 카테고리를 기준으로 임시 계산합니다.","2026-06-11T11:14:42.801Z"
"naver-card-10454-transport-0","naver-card-10454","transport","대중교통","discount","0.1","","5000","","400000","대중교통","unknown","40만원 이상","상품권 | 선불카드 충전 | 세금 | 공과금 | 연회비 | 수수료","대중교통 영역은 네이버 카드 상세에서 수집한 혜택 카테고리를 기준으로 임시 계산합니다.","2026-06-11T11:14:42.801Z"
"naver-card-10454-coffee-1","naver-card-10454","coffee","카페/베이커리","discount","0.1","","5000","","400000","카페/베이커리","unknown","40만원 이상","상품권 | 선불카드 충전 | 세금 | 공과금 | 연회비 | 수수료","카페/베이커리 영역은 네이버 카드 상세에서 수집한 혜택 카테고리를 기준으로 임시 계산합니다.","2026-06-11T11:14:42.801Z"
"naver-card-10454-convenience-2","naver-card-10454","convenience","편의점","discount","0.1","","5000","","400000","편의점","unknown","40만원 이상","상품권 | 선불카드 충전 | 세금 | 공과금 | 연회비 | 수수료","편의점 영역은 네이버 카드 상세에서 수집한 혜택 카테고리를 기준으로 임시 계산합니다.","2026-06-11T11:14:42.801Z"
"naver-card-10454-shopping-3","naver-card-10454","shopping","쇼핑","discount","0.1","","5000","","400000","쇼핑","unknown","40만원 이상","상품권 | 선불카드 충전 | 세금 | 공과금 | 연회비 | 수수료","쇼핑 영역은 네이버 카드 상세에서 수집한 혜택 카테고리를 기준으로 임시 계산합니다.","2026-06-11T11:14:42.801Z"
"naver-card-10454-etc-4","naver-card-10454","etc","문화","discount","0.1","","5000","","400000","문화","unknown","40만원 이상","상품권 | 선불카드 충전 | 세금 | 공과금 | 연회비 | 수수료","문화 영역은 네이버 카드 상세에서 수집한 혜택 카테고리를 기준으로 임시 계산합니다.","2026-06-11T11:14:42.801Z"
"naver-card-3856-etc-0","naver-card-3856","etc","언제나할인","discount","0.01","","8000","","500000","언제나할인","unknown","50만원 이상","상품권 | 선불카드 충전 | 세금 | 공과금 | 연회비 | 수수료","언제나할인 영역은 네이버 카드 상세에서 수집한 혜택 카테고리를 기준으로 임시 계산합니다.","2026-06-11T11:14:42.801Z"
"naver-card-3856-shopping-1","naver-card-3856","shopping","쇼핑","discount","0.01","","8000","","500000","쇼핑","unknown","50만원 이상","상품권 | 선불카드 충전 | 세금 | 공과금 | 연회비 | 수수료","쇼핑 영역은 네이버 카드 상세에서 수집한 혜택 카테고리를 기준으로 임시 계산합니다.","2026-06-11T11:14:42.801Z"
"naver-card-3856-coffee-2","naver-card-3856","coffee","카페/베이커리","discount","0.01","","8000","","500000","카페/베이커리","unknown","50만원 이상","상품권 | 선불카드 충전 | 세금 | 공과금 | 연회비 | 수수료","카페/베이커리 영역은 네이버 카드 상세에서 수집한 혜택 카테고리를 기준으로 임시 계산합니다.","2026-06-11T11:14:42.801Z"
"naver-card-3856-dining-3","naver-card-3856","dining","외식","discount","0.01","","8000","","500000","외식","unknown","50만원 이상","상품권 | 선불카드 충전 | 세금 | 공과금 | 연회비 | 수수료","외식 영역은 네이버 카드 상세에서 수집한 혜택 카테고리를 기준으로 임시 계산합니다.","2026-06-11T11:14:42.801Z"
"naver-card-3856-convenience-4","naver-card-3856","convenience","편의점","discount","0.01","","8000","","500000","편의점","unknown","50만원 이상","상품권 | 선불카드 충전 | 세금 | 공과금 | 연회비 | 수수료","편의점 영역은 네이버 카드 상세에서 수집한 혜택 카테고리를 기준으로 임시 계산합니다.","2026-06-11T11:14:42.801Z"
"naver-card-10536-travel-0","naver-card-10536","travel","항공마일리지","mileage","0.01","","8000","","500000","항공마일리지","unknown","50만원 이상","상품권 | 선불카드 충전 | 세금 | 공과금 | 연회비 | 수수료","항공마일리지 영역은 네이버 카드 상세에서 수집한 혜택 카테고리를 기준으로 임시 계산합니다.","2026-06-11T11:14:42.801Z"
"naver-card-10536-shopping-1","naver-card-10536","shopping","포인트/캐시백","mileage","0.01","","8000","","500000","포인트/캐시백","unknown","50만원 이상","상품권 | 선불카드 충전 | 세금 | 공과금 | 연회비 | 수수료","포인트/캐시백 영역은 네이버 카드 상세에서 수집한 혜택 카테고리를 기준으로 임시 계산합니다.","2026-06-11T11:14:42.801Z"
"naver-card-10536-etc-2","naver-card-10536","etc","프리미엄","mileage","0.01","","8000","","500000","프리미엄","unknown","50만원 이상","상품권 | 선불카드 충전 | 세금 | 공과금 | 연회비 | 수수료","프리미엄 영역은 네이버 카드 상세에서 수집한 혜택 카테고리를 기준으로 임시 계산합니다.","2026-06-11T11:14:42.801Z"
"naver-card-10106-dining-0","naver-card-10106","dining","외식","cashback","0.01","","5000","","400000","외식","unknown","40만원 이상","상품권 | 선불카드 충전 | 세금 | 공과금 | 연회비 | 수수료","외식 영역은 네이버 카드 상세에서 수집한 혜택 카테고리를 기준으로 임시 계산합니다.","2026-06-11T11:14:42.801Z"
"naver-card-10106-coffee-1","naver-card-10106","coffee","카페/베이커리","cashback","0.01","","5000","","400000","카페/베이커리","unknown","40만원 이상","상품권 | 선불카드 충전 | 세금 | 공과금 | 연회비 | 수수료","카페/베이커리 영역은 네이버 카드 상세에서 수집한 혜택 카테고리를 기준으로 임시 계산합니다.","2026-06-11T11:14:42.801Z"
"naver-card-10106-shopping-2","naver-card-10106","shopping","쇼핑","cashback","0.01","","5000","","400000","쇼핑","unknown","40만원 이상","상품권 | 선불카드 충전 | 세금 | 공과금 | 연회비 | 수수료","쇼핑 영역은 네이버 카드 상세에서 수집한 혜택 카테고리를 기준으로 임시 계산합니다.","2026-06-11T11:14:42.801Z"
"naver-card-10391-medical-0","naver-card-10391","medical","뷰티","cashback","0.07","","8000","","500000","뷰티","unknown","50만원 이상","상품권 | 선불카드 충전 | 세금 | 공과금 | 연회비 | 수수료","뷰티 영역은 네이버 카드 상세에서 수집한 혜택 카테고리를 기준으로 임시 계산합니다.","2026-06-11T11:14:42.801Z"
"naver-card-10391-etc-1","naver-card-10391","etc","레저","cashback","0.07","","8000","","500000","레저","unknown","50만원 이상","상품권 | 선불카드 충전 | 세금 | 공과금 | 연회비 | 수수료","레저 영역은 네이버 카드 상세에서 수집한 혜택 카테고리를 기준으로 임시 계산합니다.","2026-06-11T11:14:42.801Z"
"naver-card-10600-shopping-0","naver-card-10600","shopping","포인트/캐시백","cashback","0.05","","8000","","500000","포인트/캐시백","unknown","50만원 이상","상품권 | 선불카드 충전 | 세금 | 공과금 | 연회비 | 수수료","포인트/캐시백 영역은 네이버 카드 상세에서 수집한 혜택 카테고리를 기준으로 임시 계산합니다.","2026-06-11T11:14:42.801Z"
"naver-card-10600-etc-1","naver-card-10600","etc","프리미엄","cashback","0.05","","8000","","500000","프리미엄","unknown","50만원 이상","상품권 | 선불카드 충전 | 세금 | 공과금 | 연회비 | 수수료","프리미엄 영역은 네이버 카드 상세에서 수집한 혜택 카테고리를 기준으로 임시 계산합니다.","2026-06-11T11:14:42.801Z"
"naver-card-10267-transport-0","naver-card-10267","transport","대중교통","discount","0.1","","5000","","300000","대중교통","unknown","30만원 이상","상품권 | 선불카드 충전 | 세금 | 공과금 | 연회비 | 수수료","대중교통 영역은 네이버 카드 상세에서 수집한 혜택 카테고리를 기준으로 임시 계산합니다.","2026-06-11T11:14:42.801Z"
"naver-card-10267-telecom-1","naver-card-10267","telecom","통신","discount","0.1","","5000","","300000","통신","unknown","30만원 이상","상품권 | 선불카드 충전 | 세금 | 공과금 | 연회비 | 수수료","통신 영역은 네이버 카드 상세에서 수집한 혜택 카테고리를 기준으로 임시 계산합니다.","2026-06-11T11:14:42.801Z"
"naver-card-10267-coffee-2","naver-card-10267","coffee","카페/베이커리","discount","0.1","","5000","","300000","카페/베이커리","unknown","30만원 이상","상품권 | 선불카드 충전 | 세금 | 공과금 | 연회비 | 수수료","카페/베이커리 영역은 네이버 카드 상세에서 수집한 혜택 카테고리를 기준으로 임시 계산합니다.","2026-06-11T11:14:42.801Z"
"naver-card-10267-medical-3","naver-card-10267","medical","의료","discount","0.1","","5000","","300000","의료","unknown","30만원 이상","상품권 | 선불카드 충전 | 세금 | 공과금 | 연회비 | 수수료","의료 영역은 네이버 카드 상세에서 수집한 혜택 카테고리를 기준으로 임시 계산합니다.","2026-06-11T11:14:42.801Z"
"naver-card-10267-convenience-4","naver-card-10267","convenience","편의점","discount","0.1","","5000","","300000","편의점","unknown","30만원 이상","상품권 | 선불카드 충전 | 세금 | 공과금 | 연회비 | 수수료","편의점 영역은 네이버 카드 상세에서 수집한 혜택 카테고리를 기준으로 임시 계산합니다.","2026-06-11T11:14:42.801Z"
"naver-card-10376-coffee-0","naver-card-10376","coffee","카페/베이커리","discount","0.1","","5000","","400000","카페/베이커리","unknown","40만원 이상","상품권 | 선불카드 충전 | 세금 | 공과금 | 연회비 | 수수료","카페/베이커리 영역은 네이버 카드 상세에서 수집한 혜택 카테고리를 기준으로 임시 계산합니다.","2026-06-11T11:14:42.801Z"
"naver-card-10376-convenience-1","naver-card-10376","convenience","편의점","discount","0.1","","5000","","400000","편의점","unknown","40만원 이상","상품권 | 선불카드 충전 | 세금 | 공과금 | 연회비 | 수수료","편의점 영역은 네이버 카드 상세에서 수집한 혜택 카테고리를 기준으로 임시 계산합니다.","2026-06-11T11:14:42.801Z"
"naver-card-10376-transport-2","naver-card-10376","transport","대중교통","discount","0.1","","5000","","400000","대중교통","unknown","40만원 이상","상품권 | 선불카드 충전 | 세금 | 공과금 | 연회비 | 수수료","대중교통 영역은 네이버 카드 상세에서 수집한 혜택 카테고리를 기준으로 임시 계산합니다.","2026-06-11T11:14:42.801Z"
"naver-card-10376-telecom-3","naver-card-10376","telecom","통신","discount","0.1","","5000","","400000","통신","unknown","40만원 이상","상품권 | 선불카드 충전 | 세금 | 공과금 | 연회비 | 수수료","통신 영역은 네이버 카드 상세에서 수집한 혜택 카테고리를 기준으로 임시 계산합니다.","2026-06-11T11:14:42.801Z"
"naver-card-10376-shopping-4","naver-card-10376","shopping","쇼핑","discount","0.1","","5000","","400000","쇼핑","unknown","40만원 이상","상품권 | 선불카드 충전 | 세금 | 공과금 | 연회비 | 수수료","쇼핑 영역은 네이버 카드 상세에서 수집한 혜택 카테고리를 기준으로 임시 계산합니다.","2026-06-11T11:14:42.801Z"
"naver-card-10344-coffee-0","naver-card-10344","coffee","카페/베이커리","discount","0.1","","5000","","300000","카페/베이커리","unknown","30만원 이상","상품권 | 선불카드 충전 | 세금 | 공과금 | 연회비 | 수수료","카페/베이커리 영역은 네이버 카드 상세에서 수집한 혜택 카테고리를 기준으로 임시 계산합니다.","2026-06-11T11:14:42.801Z"
"naver-card-10344-transport-1","naver-card-10344","transport","대중교통","discount","0.1","","5000","","300000","대중교통","unknown","30만원 이상","상품권 | 선불카드 충전 | 세금 | 공과금 | 연회비 | 수수료","대중교통 영역은 네이버 카드 상세에서 수집한 혜택 카테고리를 기준으로 임시 계산합니다.","2026-06-11T11:14:42.801Z"
"naver-card-10344-convenience-2","naver-card-10344","convenience","편의점","discount","0.1","","5000","","300000","편의점","unknown","30만원 이상","상품권 | 선불카드 충전 | 세금 | 공과금 | 연회비 | 수수료","편의점 영역은 네이버 카드 상세에서 수집한 혜택 카테고리를 기준으로 임시 계산합니다.","2026-06-11T11:14:42.801Z"
"naver-card-10344-etc-3","naver-card-10344","etc","영화","discount","0.1","","5000","","300000","영화","unknown","30만원 이상","상품권 | 선불카드 충전 | 세금 | 공과금 | 연회비 | 수수료","영화 영역은 네이버 카드 상세에서 수집한 혜택 카테고리를 기준으로 임시 계산합니다.","2026-06-11T11:14:42.801Z"
"naver-card-10553-travel-0","naver-card-10553","travel","항공마일리지","mileage","0.01","","8000","","500000","항공마일리지","unknown","50만원 이상","상품권 | 선불카드 충전 | 세금 | 공과금 | 연회비 | 수수료","항공마일리지 영역은 네이버 카드 상세에서 수집한 혜택 카테고리를 기준으로 임시 계산합니다.","2026-06-11T11:14:42.801Z"
"naver-card-10553-etc-1","naver-card-10553","etc","관리비","mileage","0.01","","8000","","500000","관리비","unknown","50만원 이상","상품권 | 선불카드 충전 | 세금 | 공과금 | 연회비 | 수수료","관리비 영역은 네이버 카드 상세에서 수집한 혜택 카테고리를 기준으로 임시 계산합니다.","2026-06-11T11:14:42.801Z"
"naver-card-10492-etc-0","naver-card-10492","etc","언제나할인","cashback","0.012","","8000","","500000","언제나할인","unknown","50만원 이상","상품권 | 선불카드 충전 | 세금 | 공과금 | 연회비 | 수수료","언제나할인 영역은 네이버 카드 상세에서 수집한 혜택 카테고리를 기준으로 임시 계산합니다.","2026-06-11T11:14:42.801Z"
"naver-card-10492-shopping-1","naver-card-10492","shopping","쇼핑","cashback","0.012","","8000","","500000","쇼핑","unknown","50만원 이상","상품권 | 선불카드 충전 | 세금 | 공과금 | 연회비 | 수수료","쇼핑 영역은 네이버 카드 상세에서 수집한 혜택 카테고리를 기준으로 임시 계산합니다.","2026-06-11T11:14:42.801Z"
"naver-card-10492-coffee-2","naver-card-10492","coffee","카페/베이커리","cashback","0.012","","8000","","500000","카페/베이커리","unknown","50만원 이상","상품권 | 선불카드 충전 | 세금 | 공과금 | 연회비 | 수수료","카페/베이커리 영역은 네이버 카드 상세에서 수집한 혜택 카테고리를 기준으로 임시 계산합니다.","2026-06-11T11:14:42.801Z"
"naver-card-10492-dining-3","naver-card-10492","dining","외식","cashback","0.012","","8000","","500000","외식","unknown","50만원 이상","상품권 | 선불카드 충전 | 세금 | 공과금 | 연회비 | 수수료","외식 영역은 네이버 카드 상세에서 수집한 혜택 카테고리를 기준으로 임시 계산합니다.","2026-06-11T11:14:42.801Z"
"naver-card-10492-medical-4","naver-card-10492","medical","뷰티","cashback","0.012","","8000","","500000","뷰티","unknown","50만원 이상","상품권 | 선불카드 충전 | 세금 | 공과금 | 연회비 | 수수료","뷰티 영역은 네이버 카드 상세에서 수집한 혜택 카테고리를 기준으로 임시 계산합니다.","2026-06-11T11:14:42.801Z"
"naver-card-2226-etc-0","naver-card-2226","etc","경차유류환급","discount","0.03","","5000","","300000","경차유류환급","unknown","30만원 이상","상품권 | 선불카드 충전 | 세금 | 공과금 | 연회비 | 수수료","경차유류환급 영역은 네이버 카드 상세에서 수집한 혜택 카테고리를 기준으로 임시 계산합니다.","2026-06-11T11:14:42.801Z"
"naver-card-2226-fuel-1","naver-card-2226","fuel","주유","discount","0.03","","5000","","300000","주유","unknown","30만원 이상","상품권 | 선불카드 충전 | 세금 | 공과금 | 연회비 | 수수료","주유 영역은 네이버 카드 상세에서 수집한 혜택 카테고리를 기준으로 임시 계산합니다.","2026-06-11T11:14:42.801Z"
"naver-card-2226-transport-2","naver-card-2226","transport","대중교통","discount","0.03","","5000","","300000","대중교통","unknown","30만원 이상","상품권 | 선불카드 충전 | 세금 | 공과금 | 연회비 | 수수료","대중교통 영역은 네이버 카드 상세에서 수집한 혜택 카테고리를 기준으로 임시 계산합니다.","2026-06-11T11:14:42.801Z"
"naver-card-2226-mart-3","naver-card-2226","mart","대형마트","discount","0.03","","5000","","300000","대형마트","unknown","30만원 이상","상품권 | 선불카드 충전 | 세금 | 공과금 | 연회비 | 수수료","대형마트 영역은 네이버 카드 상세에서 수집한 혜택 카테고리를 기준으로 임시 계산합니다.","2026-06-11T11:14:42.801Z"
"naver-card-10107-shopping-0","naver-card-10107","shopping","쇼핑","cashback","0.01","","5000","","400000","쇼핑","unknown","40만원 이상","상품권 | 선불카드 충전 | 세금 | 공과금 | 연회비 | 수수료","쇼핑 영역은 네이버 카드 상세에서 수집한 혜택 카테고리를 기준으로 임시 계산합니다.","2026-06-11T11:14:42.801Z"
"naver-card-10107-medical-1","naver-card-10107","medical","뷰티","cashback","0.01","","5000","","400000","뷰티","unknown","40만원 이상","상품권 | 선불카드 충전 | 세금 | 공과금 | 연회비 | 수수료","뷰티 영역은 네이버 카드 상세에서 수집한 혜택 카테고리를 기준으로 임시 계산합니다.","2026-06-11T11:14:42.801Z"
"naver-card-10107-convenience-2","naver-card-10107","convenience","편의점","cashback","0.01","","5000","","400000","편의점","unknown","40만원 이상","상품권 | 선불카드 충전 | 세금 | 공과금 | 연회비 | 수수료","편의점 영역은 네이버 카드 상세에서 수집한 혜택 카테고리를 기준으로 임시 계산합니다.","2026-06-11T11:14:42.801Z"
"naver-card-10348-etc-0","naver-card-10348","etc","언제나할인","discount","0.03","","5000","","300000","언제나할인","unknown","30만원 이상","상품권 | 선불카드 충전 | 세금 | 공과금 | 연회비 | 수수료","언제나할인 영역은 네이버 카드 상세에서 수집한 혜택 카테고리를 기준으로 임시 계산합니다.","2026-06-11T11:14:42.801Z"
"naver-card-10348-fuel-1","naver-card-10348","fuel","주유","discount","0.03","","5000","","300000","주유","unknown","30만원 이상","상품권 | 선불카드 충전 | 세금 | 공과금 | 연회비 | 수수료","주유 영역은 네이버 카드 상세에서 수집한 혜택 카테고리를 기준으로 임시 계산합니다.","2026-06-11T11:14:42.801Z"
"naver-card-10348-transport-2","naver-card-10348","transport","대중교통","discount","0.03","","5000","","300000","대중교통","unknown","30만원 이상","상품권 | 선불카드 충전 | 세금 | 공과금 | 연회비 | 수수료","대중교통 영역은 네이버 카드 상세에서 수집한 혜택 카테고리를 기준으로 임시 계산합니다.","2026-06-11T11:14:42.801Z"
"naver-card-10348-coffee-3","naver-card-10348","coffee","카페/베이커리","discount","0.03","","5000","","300000","카페/베이커리","unknown","30만원 이상","상품권 | 선불카드 충전 | 세금 | 공과금 | 연회비 | 수수료","카페/베이커리 영역은 네이버 카드 상세에서 수집한 혜택 카테고리를 기준으로 임시 계산합니다.","2026-06-11T11:14:42.801Z"
"naver-card-10504-ott-0","naver-card-10504","ott","렌탈","cashback","0.01","","10000","","300000","렌탈","unknown","30만원 이상","상품권 | 선불카드 충전 | 세금 | 공과금 | 연회비 | 수수료","렌탈 영역은 네이버 카드 상세에서 수집한 혜택 카테고리를 기준으로 임시 계산합니다.","2026-06-11T11:14:42.801Z"
"naver-card-10039-etc-0","naver-card-10039","etc","국민행복카드","discount","0.05","","5000","","400000","국민행복카드","unknown","40만원 이상","상품권 | 선불카드 충전 | 세금 | 공과금 | 연회비 | 수수료","국민행복카드 영역은 네이버 카드 상세에서 수집한 혜택 카테고리를 기준으로 임시 계산합니다.","2026-06-11T11:14:42.801Z"
"naver-card-10039-shopping-1","naver-card-10039","shopping","쇼핑","discount","0.05","","5000","","400000","쇼핑","unknown","40만원 이상","상품권 | 선불카드 충전 | 세금 | 공과금 | 연회비 | 수수료","쇼핑 영역은 네이버 카드 상세에서 수집한 혜택 카테고리를 기준으로 임시 계산합니다.","2026-06-11T11:14:42.801Z"
"naver-card-10039-mart-2","naver-card-10039","mart","대형마트","discount","0.05","","5000","","400000","대형마트","unknown","40만원 이상","상품권 | 선불카드 충전 | 세금 | 공과금 | 연회비 | 수수료","대형마트 영역은 네이버 카드 상세에서 수집한 혜택 카테고리를 기준으로 임시 계산합니다.","2026-06-11T11:14:42.801Z"
"naver-card-10039-education-3","naver-card-10039","education","교육","discount","0.05","","5000","","400000","교육","unknown","40만원 이상","상품권 | 선불카드 충전 | 세금 | 공과금 | 연회비 | 수수료","교육 영역은 네이버 카드 상세에서 수집한 혜택 카테고리를 기준으로 임시 계산합니다.","2026-06-11T11:14:42.801Z"
"naver-card-10039-telecom-4","naver-card-10039","telecom","통신","discount","0.05","","5000","","400000","통신","unknown","40만원 이상","상품권 | 선불카드 충전 | 세금 | 공과금 | 연회비 | 수수료","통신 영역은 네이버 카드 상세에서 수집한 혜택 카테고리를 기준으로 임시 계산합니다.","2026-06-11T11:14:42.801Z"
"naver-card-10338-shopping-0","naver-card-10338","shopping","쇼핑","discount","0.1","","8000","","500000","쇼핑","unknown","50만원 이상","상품권 | 선불카드 충전 | 세금 | 공과금 | 연회비 | 수수료","쇼핑 영역은 네이버 카드 상세에서 수집한 혜택 카테고리를 기준으로 임시 계산합니다.","2026-06-11T11:14:42.801Z"
"naver-card-10338-convenience-1","naver-card-10338","convenience","편의점","discount","0.1","","8000","","500000","편의점","unknown","50만원 이상","상품권 | 선불카드 충전 | 세금 | 공과금 | 연회비 | 수수료","편의점 영역은 네이버 카드 상세에서 수집한 혜택 카테고리를 기준으로 임시 계산합니다.","2026-06-11T11:14:42.801Z"
"naver-card-10338-coffee-2","naver-card-10338","coffee","카페/베이커리","discount","0.1","","8000","","500000","카페/베이커리","unknown","50만원 이상","상품권 | 선불카드 충전 | 세금 | 공과금 | 연회비 | 수수료","카페/베이커리 영역은 네이버 카드 상세에서 수집한 혜택 카테고리를 기준으로 임시 계산합니다.","2026-06-11T11:14:42.801Z"
"naver-card-10338-transport-3","naver-card-10338","transport","대중교통","discount","0.1","","8000","","500000","대중교통","unknown","50만원 이상","상품권 | 선불카드 충전 | 세금 | 공과금 | 연회비 | 수수료","대중교통 영역은 네이버 카드 상세에서 수집한 혜택 카테고리를 기준으로 임시 계산합니다.","2026-06-11T11:14:42.801Z"
"naver-card-10338-etc-4","naver-card-10338","etc","문화","discount","0.1","","8000","","500000","문화","unknown","50만원 이상","상품권 | 선불카드 충전 | 세금 | 공과금 | 연회비 | 수수료","문화 영역은 네이버 카드 상세에서 수집한 혜택 카테고리를 기준으로 임시 계산합니다.","2026-06-11T11:14:42.801Z"
"naver-card-10403-etc-0","naver-card-10403","etc","언제나할인","discount","0.02","","5000","","0","언제나할인","unknown","실적 조건 없음","상품권 | 선불카드 충전 | 세금 | 공과금 | 연회비 | 수수료","언제나할인 영역은 네이버 카드 상세에서 수집한 혜택 카테고리를 기준으로 임시 계산합니다.","2026-06-11T11:14:42.801Z"
"naver-card-10403-shopping-1","naver-card-10403","shopping","간편결제","discount","0.02","","5000","","0","간편결제","unknown","실적 조건 없음","상품권 | 선불카드 충전 | 세금 | 공과금 | 연회비 | 수수료","간편결제 영역은 네이버 카드 상세에서 수집한 혜택 카테고리를 기준으로 임시 계산합니다.","2026-06-11T11:14:42.801Z"
"naver-card-10403-coffee-2","naver-card-10403","coffee","카페/베이커리","discount","0.02","","5000","","0","카페/베이커리","unknown","실적 조건 없음","상품권 | 선불카드 충전 | 세금 | 공과금 | 연회비 | 수수료","카페/베이커리 영역은 네이버 카드 상세에서 수집한 혜택 카테고리를 기준으로 임시 계산합니다.","2026-06-11T11:14:42.801Z"
"naver-card-10403-dining-3","naver-card-10403","dining","외식","discount","0.02","","5000","","0","외식","unknown","실적 조건 없음","상품권 | 선불카드 충전 | 세금 | 공과금 | 연회비 | 수수료","외식 영역은 네이버 카드 상세에서 수집한 혜택 카테고리를 기준으로 임시 계산합니다.","2026-06-11T11:14:42.801Z"
"naver-card-10403-medical-4","naver-card-10403","medical","뷰티","discount","0.02","","5000","","0","뷰티","unknown","실적 조건 없음","상품권 | 선불카드 충전 | 세금 | 공과금 | 연회비 | 수수료","뷰티 영역은 네이버 카드 상세에서 수집한 혜택 카테고리를 기준으로 임시 계산합니다.","2026-06-11T11:14:42.801Z"
"naver-card-10514-shopping-0","naver-card-10514","shopping","포인트/캐시백","mileage","0.03","","10000","","0","포인트/캐시백","unknown","실적 조건 없음","상품권 | 선불카드 충전 | 세금 | 공과금 | 연회비 | 수수료","포인트/캐시백 영역은 네이버 카드 상세에서 수집한 혜택 카테고리를 기준으로 임시 계산합니다.","2026-06-11T11:14:42.801Z"
"naver-card-10509-etc-0","naver-card-10509","etc","언제나할인","discount","0.02","","5000","","300000","언제나할인","unknown","30만원 이상","상품권 | 선불카드 충전 | 세금 | 공과금 | 연회비 | 수수료","언제나할인 영역은 네이버 카드 상세에서 수집한 혜택 카테고리를 기준으로 임시 계산합니다.","2026-06-11T11:14:42.801Z"
"naver-card-10509-coffee-1","naver-card-10509","coffee","카페/베이커리","discount","0.02","","5000","","300000","카페/베이커리","unknown","30만원 이상","상품권 | 선불카드 충전 | 세금 | 공과금 | 연회비 | 수수료","카페/베이커리 영역은 네이버 카드 상세에서 수집한 혜택 카테고리를 기준으로 임시 계산합니다.","2026-06-11T11:14:42.801Z"
"naver-card-10509-shopping-2","naver-card-10509","shopping","쇼핑","discount","0.02","","5000","","300000","쇼핑","unknown","30만원 이상","상품권 | 선불카드 충전 | 세금 | 공과금 | 연회비 | 수수료","쇼핑 영역은 네이버 카드 상세에서 수집한 혜택 카테고리를 기준으로 임시 계산합니다.","2026-06-11T11:14:42.801Z"
"naver-card-10509-medical-3","naver-card-10509","medical","뷰티","discount","0.02","","5000","","300000","뷰티","unknown","30만원 이상","상품권 | 선불카드 충전 | 세금 | 공과금 | 연회비 | 수수료","뷰티 영역은 네이버 카드 상세에서 수집한 혜택 카테고리를 기준으로 임시 계산합니다.","2026-06-11T11:14:42.801Z"
"naver-card-10509-mart-4","naver-card-10509","mart","대형마트","discount","0.02","","5000","","300000","대형마트","unknown","30만원 이상","상품권 | 선불카드 충전 | 세금 | 공과금 | 연회비 | 수수료","대형마트 영역은 네이버 카드 상세에서 수집한 혜택 카테고리를 기준으로 임시 계산합니다.","2026-06-11T11:14:42.801Z"
"naver-card-10130-etc-0","naver-card-10130","etc","언제나할인","point","0.1","","8000","","500000","언제나할인","unknown","50만원 이상","상품권 | 선불카드 충전 | 세금 | 공과금 | 연회비 | 수수료","언제나할인 영역은 네이버 카드 상세에서 수집한 혜택 카테고리를 기준으로 임시 계산합니다.","2026-06-11T11:14:42.801Z"
"naver-card-10130-shopping-1","naver-card-10130","shopping","쇼핑","point","0.1","","8000","","500000","쇼핑","unknown","50만원 이상","상품권 | 선불카드 충전 | 세금 | 공과금 | 연회비 | 수수료","쇼핑 영역은 네이버 카드 상세에서 수집한 혜택 카테고리를 기준으로 임시 계산합니다.","2026-06-11T11:14:42.801Z"
"naver-card-10130-fuel-2","naver-card-10130","fuel","주유","point","0.1","","8000","","500000","주유","unknown","50만원 이상","상품권 | 선불카드 충전 | 세금 | 공과금 | 연회비 | 수수료","주유 영역은 네이버 카드 상세에서 수집한 혜택 카테고리를 기준으로 임시 계산합니다.","2026-06-11T11:14:42.801Z"
"naver-card-10130-mart-3","naver-card-10130","mart","대형마트","point","0.1","","8000","","500000","대형마트","unknown","50만원 이상","상품권 | 선불카드 충전 | 세금 | 공과금 | 연회비 | 수수료","대형마트 영역은 네이버 카드 상세에서 수집한 혜택 카테고리를 기준으로 임시 계산합니다.","2026-06-11T11:14:42.801Z"
"naver-card-10130-telecom-4","naver-card-10130","telecom","통신","point","0.1","","8000","","500000","통신","unknown","50만원 이상","상품권 | 선불카드 충전 | 세금 | 공과금 | 연회비 | 수수료","통신 영역은 네이버 카드 상세에서 수집한 혜택 카테고리를 기준으로 임시 계산합니다.","2026-06-11T11:14:42.801Z"
"naver-card-10323-shopping-0","naver-card-10323","shopping","포인트/캐시백","cashback","0.012","","5000","","0","포인트/캐시백","unknown","실적 조건 없음","상품권 | 선불카드 충전 | 세금 | 공과금 | 연회비 | 수수료","포인트/캐시백 영역은 네이버 카드 상세에서 수집한 혜택 카테고리를 기준으로 임시 계산합니다.","2026-06-11T11:14:42.801Z"
"naver-card-10323-transport-1","naver-card-10323","transport","대중교통","cashback","0.012","","5000","","0","대중교통","unknown","실적 조건 없음","상품권 | 선불카드 충전 | 세금 | 공과금 | 연회비 | 수수료","대중교통 영역은 네이버 카드 상세에서 수집한 혜택 카테고리를 기준으로 임시 계산합니다.","2026-06-11T11:14:42.801Z"
"naver-card-10323-convenience-2","naver-card-10323","convenience","편의점","cashback","0.012","","5000","","0","편의점","unknown","실적 조건 없음","상품권 | 선불카드 충전 | 세금 | 공과금 | 연회비 | 수수료","편의점 영역은 네이버 카드 상세에서 수집한 혜택 카테고리를 기준으로 임시 계산합니다.","2026-06-11T11:14:42.801Z"
"naver-card-10323-telecom-3","naver-card-10323","telecom","통신","cashback","0.012","","5000","","0","통신","unknown","실적 조건 없음","상품권 | 선불카드 충전 | 세금 | 공과금 | 연회비 | 수수료","통신 영역은 네이버 카드 상세에서 수집한 혜택 카테고리를 기준으로 임시 계산합니다.","2026-06-11T11:14:42.801Z"
"naver-card-10323-mart-4","naver-card-10323","mart","대형마트","cashback","0.012","","5000","","0","대형마트","unknown","실적 조건 없음","상품권 | 선불카드 충전 | 세금 | 공과금 | 연회비 | 수수료","대형마트 영역은 네이버 카드 상세에서 수집한 혜택 카테고리를 기준으로 임시 계산합니다.","2026-06-11T11:14:42.801Z"
"naver-card-10347-shopping-0","naver-card-10347","shopping","포인트/캐시백","cashback","0.008","","5000","","0","포인트/캐시백","unknown","실적 조건 없음","상품권 | 선불카드 충전 | 세금 | 공과금 | 연회비 | 수수료","포인트/캐시백 영역은 네이버 카드 상세에서 수집한 혜택 카테고리를 기준으로 임시 계산합니다.","2026-06-11T11:14:42.801Z"
"naver-card-10347-coffee-1","naver-card-10347","coffee","카페/베이커리","cashback","0.008","","5000","","0","카페/베이커리","unknown","실적 조건 없음","상품권 | 선불카드 충전 | 세금 | 공과금 | 연회비 | 수수료","카페/베이커리 영역은 네이버 카드 상세에서 수집한 혜택 카테고리를 기준으로 임시 계산합니다.","2026-06-11T11:14:42.801Z"
"naver-card-10347-dining-2","naver-card-10347","dining","외식","cashback","0.008","","5000","","0","외식","unknown","실적 조건 없음","상품권 | 선불카드 충전 | 세금 | 공과금 | 연회비 | 수수료","외식 영역은 네이버 카드 상세에서 수집한 혜택 카테고리를 기준으로 임시 계산합니다.","2026-06-11T11:14:42.801Z"
"naver-card-10347-medical-3","naver-card-10347","medical","뷰티","cashback","0.008","","5000","","0","뷰티","unknown","실적 조건 없음","상품권 | 선불카드 충전 | 세금 | 공과금 | 연회비 | 수수료","뷰티 영역은 네이버 카드 상세에서 수집한 혜택 카테고리를 기준으로 임시 계산합니다.","2026-06-11T11:14:42.801Z"
"naver-card-10347-fuel-4","naver-card-10347","fuel","주유","cashback","0.008","","5000","","0","주유","unknown","실적 조건 없음","상품권 | 선불카드 충전 | 세금 | 공과금 | 연회비 | 수수료","주유 영역은 네이버 카드 상세에서 수집한 혜택 카테고리를 기준으로 임시 계산합니다.","2026-06-11T11:14:42.801Z"
"naver-card-10601-travel-0","naver-card-10601","travel","항공마일리지","mileage","0.01","","8000","","500000","항공마일리지","unknown","50만원 이상","상품권 | 선불카드 충전 | 세금 | 공과금 | 연회비 | 수수료","항공마일리지 영역은 네이버 카드 상세에서 수집한 혜택 카테고리를 기준으로 임시 계산합니다.","2026-06-11T11:14:42.801Z"
"naver-card-10601-shopping-1","naver-card-10601","shopping","바우처","mileage","0.01","","8000","","500000","바우처","unknown","50만원 이상","상품권 | 선불카드 충전 | 세금 | 공과금 | 연회비 | 수수료","바우처 영역은 네이버 카드 상세에서 수집한 혜택 카테고리를 기준으로 임시 계산합니다.","2026-06-11T11:14:42.801Z"
"naver-card-10601-etc-2","naver-card-10601","etc","프리미엄","mileage","0.01","","8000","","500000","프리미엄","unknown","50만원 이상","상품권 | 선불카드 충전 | 세금 | 공과금 | 연회비 | 수수료","프리미엄 영역은 네이버 카드 상세에서 수집한 혜택 카테고리를 기준으로 임시 계산합니다.","2026-06-11T11:14:42.801Z"
"naver-card-10134-etc-0","naver-card-10134","etc","언제나할인","point","0.03","","8000","","500000","언제나할인","unknown","50만원 이상","상품권 | 선불카드 충전 | 세금 | 공과금 | 연회비 | 수수료","언제나할인 영역은 네이버 카드 상세에서 수집한 혜택 카테고리를 기준으로 임시 계산합니다.","2026-06-11T11:14:42.801Z"
"naver-card-10134-shopping-1","naver-card-10134","shopping","쇼핑","point","0.03","","8000","","500000","쇼핑","unknown","50만원 이상","상품권 | 선불카드 충전 | 세금 | 공과금 | 연회비 | 수수료","쇼핑 영역은 네이버 카드 상세에서 수집한 혜택 카테고리를 기준으로 임시 계산합니다.","2026-06-11T11:14:42.801Z"
"naver-card-10134-mart-2","naver-card-10134","mart","대형마트","point","0.03","","8000","","500000","대형마트","unknown","50만원 이상","상품권 | 선불카드 충전 | 세금 | 공과금 | 연회비 | 수수료","대형마트 영역은 네이버 카드 상세에서 수집한 혜택 카테고리를 기준으로 임시 계산합니다.","2026-06-11T11:14:42.801Z"
"naver-card-10134-fuel-3","naver-card-10134","fuel","주유","point","0.03","","8000","","500000","주유","unknown","50만원 이상","상품권 | 선불카드 충전 | 세금 | 공과금 | 연회비 | 수수료","주유 영역은 네이버 카드 상세에서 수집한 혜택 카테고리를 기준으로 임시 계산합니다.","2026-06-11T11:14:42.801Z"
"naver-card-10134-telecom-4","naver-card-10134","telecom","통신","point","0.03","","8000","","500000","통신","unknown","50만원 이상","상품권 | 선불카드 충전 | 세금 | 공과금 | 연회비 | 수수료","통신 영역은 네이버 카드 상세에서 수집한 혜택 카테고리를 기준으로 임시 계산합니다.","2026-06-11T11:14:42.801Z"
"naver-card-10357-telecom-0","naver-card-10357","telecom","통신","discount","0.01","","5000","","300000","통신","unknown","30만원 이상","상품권 | 선불카드 충전 | 세금 | 공과금 | 연회비 | 수수료","통신 영역은 네이버 카드 상세에서 수집한 혜택 카테고리를 기준으로 임시 계산합니다.","2026-06-11T11:14:42.801Z"
"naver-card-10357-fuel-1","naver-card-10357","fuel","주유","discount","0.01","","5000","","300000","주유","unknown","30만원 이상","상품권 | 선불카드 충전 | 세금 | 공과금 | 연회비 | 수수료","주유 영역은 네이버 카드 상세에서 수집한 혜택 카테고리를 기준으로 임시 계산합니다.","2026-06-11T11:14:42.801Z"
"naver-card-10317-fuel-0","naver-card-10317","fuel","주유","point","0.1","","10000","","300000","주유","unknown","30만원 이상","상품권 | 선불카드 충전 | 세금 | 공과금 | 연회비 | 수수료","주유 영역은 네이버 카드 상세에서 수집한 혜택 카테고리를 기준으로 임시 계산합니다.","2026-06-11T11:14:42.801Z"
"naver-card-10317-etc-1","naver-card-10317","etc","레저","point","0.1","","10000","","300000","레저","unknown","30만원 이상","상품권 | 선불카드 충전 | 세금 | 공과금 | 연회비 | 수수료","레저 영역은 네이버 카드 상세에서 수집한 혜택 카테고리를 기준으로 임시 계산합니다.","2026-06-11T11:14:42.801Z"
"naver-card-10317-transport-2","naver-card-10317","transport","대중교통","point","0.1","","10000","","300000","대중교통","unknown","30만원 이상","상품권 | 선불카드 충전 | 세금 | 공과금 | 연회비 | 수수료","대중교통 영역은 네이버 카드 상세에서 수집한 혜택 카테고리를 기준으로 임시 계산합니다.","2026-06-11T11:14:42.801Z"
"naver-card-10317-coffee-3","naver-card-10317","coffee","카페/베이커리","point","0.1","","10000","","300000","카페/베이커리","unknown","30만원 이상","상품권 | 선불카드 충전 | 세금 | 공과금 | 연회비 | 수수료","카페/베이커리 영역은 네이버 카드 상세에서 수집한 혜택 카테고리를 기준으로 임시 계산합니다.","2026-06-11T11:14:42.801Z"
"naver-card-10317-shopping-4","naver-card-10317","shopping","쇼핑","point","0.1","","10000","","300000","쇼핑","unknown","30만원 이상","상품권 | 선불카드 충전 | 세금 | 공과금 | 연회비 | 수수료","쇼핑 영역은 네이버 카드 상세에서 수집한 혜택 카테고리를 기준으로 임시 계산합니다.","2026-06-11T11:14:42.801Z"
"naver-card-10354-fuel-0","naver-card-10354","fuel","주유","discount","0.05","","5000","","200000","주유","unknown","20만원 이상","상품권 | 선불카드 충전 | 세금 | 공과금 | 연회비 | 수수료","주유 영역은 네이버 카드 상세에서 수집한 혜택 카테고리를 기준으로 임시 계산합니다.","2026-06-11T11:14:42.801Z"
"naver-card-10354-telecom-1","naver-card-10354","telecom","통신","discount","0.05","","5000","","200000","통신","unknown","20만원 이상","상품권 | 선불카드 충전 | 세금 | 공과금 | 연회비 | 수수료","통신 영역은 네이버 카드 상세에서 수집한 혜택 카테고리를 기준으로 임시 계산합니다.","2026-06-11T11:14:42.801Z"
"naver-card-10354-dining-2","naver-card-10354","dining","외식","discount","0.05","","5000","","200000","외식","unknown","20만원 이상","상품권 | 선불카드 충전 | 세금 | 공과금 | 연회비 | 수수료","외식 영역은 네이버 카드 상세에서 수집한 혜택 카테고리를 기준으로 임시 계산합니다.","2026-06-11T11:14:42.801Z"
"naver-card-10354-etc-3","naver-card-10354","etc","영화","discount","0.05","","5000","","200000","영화","unknown","20만원 이상","상품권 | 선불카드 충전 | 세금 | 공과금 | 연회비 | 수수료","영화 영역은 네이버 카드 상세에서 수집한 혜택 카테고리를 기준으로 임시 계산합니다.","2026-06-11T11:14:42.801Z"
"naver-card-10354-transport-4","naver-card-10354","transport","대중교통","discount","0.05","","5000","","200000","대중교통","unknown","20만원 이상","상품권 | 선불카드 충전 | 세금 | 공과금 | 연회비 | 수수료","대중교통 영역은 네이버 카드 상세에서 수집한 혜택 카테고리를 기준으로 임시 계산합니다.","2026-06-11T11:14:42.801Z"
"naver-card-10337-shopping-0","naver-card-10337","shopping","쇼핑","discount","0.1","","8000","","500000","쇼핑","unknown","50만원 이상","상품권 | 선불카드 충전 | 세금 | 공과금 | 연회비 | 수수료","쇼핑 영역은 네이버 카드 상세에서 수집한 혜택 카테고리를 기준으로 임시 계산합니다.","2026-06-11T11:14:42.801Z"
"naver-card-10337-medical-1","naver-card-10337","medical","의료","discount","0.1","","8000","","500000","의료","unknown","50만원 이상","상품권 | 선불카드 충전 | 세금 | 공과금 | 연회비 | 수수료","의료 영역은 네이버 카드 상세에서 수집한 혜택 카테고리를 기준으로 임시 계산합니다.","2026-06-11T11:14:42.801Z"
"naver-card-10337-education-2","naver-card-10337","education","교육","discount","0.1","","8000","","500000","교육","unknown","50만원 이상","상품권 | 선불카드 충전 | 세금 | 공과금 | 연회비 | 수수료","교육 영역은 네이버 카드 상세에서 수집한 혜택 카테고리를 기준으로 임시 계산합니다.","2026-06-11T11:14:42.801Z"
"naver-card-10337-fuel-3","naver-card-10337","fuel","주유","discount","0.1","","8000","","500000","주유","unknown","50만원 이상","상품권 | 선불카드 충전 | 세금 | 공과금 | 연회비 | 수수료","주유 영역은 네이버 카드 상세에서 수집한 혜택 카테고리를 기준으로 임시 계산합니다.","2026-06-11T11:14:42.801Z"
"naver-card-10337-telecom-4","naver-card-10337","telecom","통신","discount","0.1","","8000","","500000","통신","unknown","50만원 이상","상품권 | 선불카드 충전 | 세금 | 공과금 | 연회비 | 수수료","통신 영역은 네이버 카드 상세에서 수집한 혜택 카테고리를 기준으로 임시 계산합니다.","2026-06-11T11:14:42.801Z"
"naver-card-10169-etc-0","naver-card-10169","etc","문화","discount","0.03","","5000","","150000","문화","unknown","15만원 이상","상품권 | 선불카드 충전 | 세금 | 공과금 | 연회비 | 수수료","문화 영역은 네이버 카드 상세에서 수집한 혜택 카테고리를 기준으로 임시 계산합니다.","2026-06-11T11:14:42.801Z"
"naver-card-10169-shopping-1","naver-card-10169","shopping","쇼핑","discount","0.03","","5000","","150000","쇼핑","unknown","15만원 이상","상품권 | 선불카드 충전 | 세금 | 공과금 | 연회비 | 수수료","쇼핑 영역은 네이버 카드 상세에서 수집한 혜택 카테고리를 기준으로 임시 계산합니다.","2026-06-11T11:14:42.801Z"
"naver-card-10169-telecom-2","naver-card-10169","telecom","통신","discount","0.03","","5000","","150000","통신","unknown","15만원 이상","상품권 | 선불카드 충전 | 세금 | 공과금 | 연회비 | 수수료","통신 영역은 네이버 카드 상세에서 수집한 혜택 카테고리를 기준으로 임시 계산합니다.","2026-06-11T11:14:42.801Z"
"naver-card-10169-transport-3","naver-card-10169","transport","대중교통","discount","0.03","","5000","","150000","대중교통","unknown","15만원 이상","상품권 | 선불카드 충전 | 세금 | 공과금 | 연회비 | 수수료","대중교통 영역은 네이버 카드 상세에서 수집한 혜택 카테고리를 기준으로 임시 계산합니다.","2026-06-11T11:14:42.801Z"
"naver-card-10169-medical-4","naver-card-10169","medical","뷰티","discount","0.03","","5000","","150000","뷰티","unknown","15만원 이상","상품권 | 선불카드 충전 | 세금 | 공과금 | 연회비 | 수수료","뷰티 영역은 네이버 카드 상세에서 수집한 혜택 카테고리를 기준으로 임시 계산합니다.","2026-06-11T11:14:42.801Z"
"naver-card-10340-travel-0","naver-card-10340","travel","항공마일리지","mileage","0.01","","8000","","500000","항공마일리지","unknown","50만원 이상","상품권 | 선불카드 충전 | 세금 | 공과금 | 연회비 | 수수료","항공마일리지 영역은 네이버 카드 상세에서 수집한 혜택 카테고리를 기준으로 임시 계산합니다.","2026-06-11T11:14:42.801Z"
"naver-card-10340-etc-1","naver-card-10340","etc","프리미엄","mileage","0.01","","8000","","500000","프리미엄","unknown","50만원 이상","상품권 | 선불카드 충전 | 세금 | 공과금 | 연회비 | 수수료","프리미엄 영역은 네이버 카드 상세에서 수집한 혜택 카테고리를 기준으로 임시 계산합니다.","2026-06-11T11:14:42.801Z"
"naver-card-10340-coffee-2","naver-card-10340","coffee","카페/베이커리","mileage","0.01","","8000","","500000","카페/베이커리","unknown","50만원 이상","상품권 | 선불카드 충전 | 세금 | 공과금 | 연회비 | 수수료","카페/베이커리 영역은 네이버 카드 상세에서 수집한 혜택 카테고리를 기준으로 임시 계산합니다.","2026-06-11T11:14:42.801Z"
"naver-card-10485-dining-0","naver-card-10485","dining","외식","discount","0.1","","5000","","400000","외식","unknown","40만원 이상","상품권 | 선불카드 충전 | 세금 | 공과금 | 연회비 | 수수료","외식 영역은 네이버 카드 상세에서 수집한 혜택 카테고리를 기준으로 임시 계산합니다.","2026-06-11T11:14:42.801Z"
"naver-card-10485-convenience-1","naver-card-10485","convenience","편의점","discount","0.1","","5000","","400000","편의점","unknown","40만원 이상","상품권 | 선불카드 충전 | 세금 | 공과금 | 연회비 | 수수료","편의점 영역은 네이버 카드 상세에서 수집한 혜택 카테고리를 기준으로 임시 계산합니다.","2026-06-11T11:14:42.801Z"
"naver-card-10485-shopping-2","naver-card-10485","shopping","쇼핑","discount","0.1","","5000","","400000","쇼핑","unknown","40만원 이상","상품권 | 선불카드 충전 | 세금 | 공과금 | 연회비 | 수수료","쇼핑 영역은 네이버 카드 상세에서 수집한 혜택 카테고리를 기준으로 임시 계산합니다.","2026-06-11T11:14:42.801Z"
"naver-card-10485-fuel-3","naver-card-10485","fuel","주유","discount","0.1","","5000","","400000","주유","unknown","40만원 이상","상품권 | 선불카드 충전 | 세금 | 공과금 | 연회비 | 수수료","주유 영역은 네이버 카드 상세에서 수집한 혜택 카테고리를 기준으로 임시 계산합니다.","2026-06-11T11:14:42.801Z"
"naver-card-10485-transport-4","naver-card-10485","transport","대중교통","discount","0.1","","5000","","400000","대중교통","unknown","40만원 이상","상품권 | 선불카드 충전 | 세금 | 공과금 | 연회비 | 수수료","대중교통 영역은 네이버 카드 상세에서 수집한 혜택 카테고리를 기준으로 임시 계산합니다.","2026-06-11T11:14:42.801Z"
"naver-card-10334-shopping-0","naver-card-10334","shopping","포인트/캐시백","cashback","0.05","","8000","","500000","포인트/캐시백","unknown","50만원 이상","상품권 | 선불카드 충전 | 세금 | 공과금 | 연회비 | 수수료","포인트/캐시백 영역은 네이버 카드 상세에서 수집한 혜택 카테고리를 기준으로 임시 계산합니다.","2026-06-11T11:14:42.801Z"
"naver-card-10334-dining-1","naver-card-10334","dining","외식","cashback","0.05","","8000","","500000","외식","unknown","50만원 이상","상품권 | 선불카드 충전 | 세금 | 공과금 | 연회비 | 수수료","외식 영역은 네이버 카드 상세에서 수집한 혜택 카테고리를 기준으로 임시 계산합니다.","2026-06-11T11:14:42.801Z"
"naver-card-10334-convenience-2","naver-card-10334","convenience","편의점","cashback","0.05","","8000","","500000","편의점","unknown","50만원 이상","상품권 | 선불카드 충전 | 세금 | 공과금 | 연회비 | 수수료","편의점 영역은 네이버 카드 상세에서 수집한 혜택 카테고리를 기준으로 임시 계산합니다.","2026-06-11T11:14:42.801Z"
"naver-card-10334-telecom-3","naver-card-10334","telecom","통신","cashback","0.05","","8000","","500000","통신","unknown","50만원 이상","상품권 | 선불카드 충전 | 세금 | 공과금 | 연회비 | 수수료","통신 영역은 네이버 카드 상세에서 수집한 혜택 카테고리를 기준으로 임시 계산합니다.","2026-06-11T11:14:42.801Z"
"naver-card-10334-coffee-4","naver-card-10334","coffee","카페/베이커리","cashback","0.05","","8000","","500000","카페/베이커리","unknown","50만원 이상","상품권 | 선불카드 충전 | 세금 | 공과금 | 연회비 | 수수료","카페/베이커리 영역은 네이버 카드 상세에서 수집한 혜택 카테고리를 기준으로 임시 계산합니다.","2026-06-11T11:14:42.801Z"
"naver-card-10502-ott-0","naver-card-10502","ott","렌탈","cashback","0.01","","10000","","300000","렌탈","unknown","30만원 이상","상품권 | 선불카드 충전 | 세금 | 공과금 | 연회비 | 수수료","렌탈 영역은 네이버 카드 상세에서 수집한 혜택 카테고리를 기준으로 임시 계산합니다.","2026-06-11T11:14:42.801Z"
"naver-card-10534-etc-0","naver-card-10534","etc","언제나할인","discount","0.02","","5000","","0","언제나할인","unknown","실적 조건 없음","상품권 | 선불카드 충전 | 세금 | 공과금 | 연회비 | 수수료","언제나할인 영역은 네이버 카드 상세에서 수집한 혜택 카테고리를 기준으로 임시 계산합니다.","2026-06-11T11:14:42.801Z"
"naver-card-10534-shopping-1","naver-card-10534","shopping","간편결제","discount","0.02","","5000","","0","간편결제","unknown","실적 조건 없음","상품권 | 선불카드 충전 | 세금 | 공과금 | 연회비 | 수수료","간편결제 영역은 네이버 카드 상세에서 수집한 혜택 카테고리를 기준으로 임시 계산합니다.","2026-06-11T11:14:42.801Z"
"naver-card-10534-fuel-2","naver-card-10534","fuel","주유","discount","0.02","","5000","","0","주유","unknown","실적 조건 없음","상품권 | 선불카드 충전 | 세금 | 공과금 | 연회비 | 수수료","주유 영역은 네이버 카드 상세에서 수집한 혜택 카테고리를 기준으로 임시 계산합니다.","2026-06-11T11:14:42.801Z"
"naver-card-10534-mart-3","naver-card-10534","mart","대형마트","discount","0.02","","5000","","0","대형마트","unknown","실적 조건 없음","상품권 | 선불카드 충전 | 세금 | 공과금 | 연회비 | 수수료","대형마트 영역은 네이버 카드 상세에서 수집한 혜택 카테고리를 기준으로 임시 계산합니다.","2026-06-11T11:14:42.801Z"
"naver-card-10534-education-4","naver-card-10534","education","교육","discount","0.02","","5000","","0","교육","unknown","실적 조건 없음","상품권 | 선불카드 충전 | 세금 | 공과금 | 연회비 | 수수료","교육 영역은 네이버 카드 상세에서 수집한 혜택 카테고리를 기준으로 임시 계산합니다.","2026-06-11T11:14:42.801Z"
"naver-card-10497-shopping-0","naver-card-10497","shopping","포인트/캐시백","cashback","0.016","","5000","","0","포인트/캐시백","unknown","실적 조건 없음","상품권 | 선불카드 충전 | 세금 | 공과금 | 연회비 | 수수료","포인트/캐시백 영역은 네이버 카드 상세에서 수집한 혜택 카테고리를 기준으로 임시 계산합니다.","2026-06-11T11:14:42.801Z"
"naver-card-10497-etc-1","naver-card-10497","etc","프리미엄","cashback","0.016","","5000","","0","프리미엄","unknown","실적 조건 없음","상품권 | 선불카드 충전 | 세금 | 공과금 | 연회비 | 수수료","프리미엄 영역은 네이버 카드 상세에서 수집한 혜택 카테고리를 기준으로 임시 계산합니다.","2026-06-11T11:14:42.801Z"
"naver-card-10497-mart-2","naver-card-10497","mart","대형마트","cashback","0.016","","5000","","0","대형마트","unknown","실적 조건 없음","상품권 | 선불카드 충전 | 세금 | 공과금 | 연회비 | 수수료","대형마트 영역은 네이버 카드 상세에서 수집한 혜택 카테고리를 기준으로 임시 계산합니다.","2026-06-11T11:14:42.801Z"
"naver-card-10497-education-3","naver-card-10497","education","교육","cashback","0.016","","5000","","0","교육","unknown","실적 조건 없음","상품권 | 선불카드 충전 | 세금 | 공과금 | 연회비 | 수수료","교육 영역은 네이버 카드 상세에서 수집한 혜택 카테고리를 기준으로 임시 계산합니다.","2026-06-11T11:14:42.801Z"
"naver-card-10497-fuel-4","naver-card-10497","fuel","주유","cashback","0.016","","5000","","0","주유","unknown","실적 조건 없음","상품권 | 선불카드 충전 | 세금 | 공과금 | 연회비 | 수수료","주유 영역은 네이버 카드 상세에서 수집한 혜택 카테고리를 기준으로 임시 계산합니다.","2026-06-11T11:14:42.801Z"
"naver-card-10580-shopping-0","naver-card-10580","shopping","포인트/캐시백","cashback","0.03","","8000","","500000","포인트/캐시백","unknown","50만원 이상","상품권 | 선불카드 충전 | 세금 | 공과금 | 연회비 | 수수료","포인트/캐시백 영역은 네이버 카드 상세에서 수집한 혜택 카테고리를 기준으로 임시 계산합니다.","2026-06-11T11:14:42.801Z"
"naver-card-10580-etc-1","naver-card-10580","etc","프리미엄","cashback","0.03","","8000","","500000","프리미엄","unknown","50만원 이상","상품권 | 선불카드 충전 | 세금 | 공과금 | 연회비 | 수수료","프리미엄 영역은 네이버 카드 상세에서 수집한 혜택 카테고리를 기준으로 임시 계산합니다.","2026-06-11T11:14:42.801Z"
"naver-card-10398-fuel-0","naver-card-10398","fuel","주유","discount","0.1","","5000","","0","주유","unknown","실적 조건 없음","상품권 | 선불카드 충전 | 세금 | 공과금 | 연회비 | 수수료","주유 영역은 네이버 카드 상세에서 수집한 혜택 카테고리를 기준으로 임시 계산합니다.","2026-06-11T11:14:42.801Z"
"naver-card-10398-shopping-1","naver-card-10398","shopping","쇼핑","discount","0.1","","5000","","0","쇼핑","unknown","실적 조건 없음","상품권 | 선불카드 충전 | 세금 | 공과금 | 연회비 | 수수료","쇼핑 영역은 네이버 카드 상세에서 수집한 혜택 카테고리를 기준으로 임시 계산합니다.","2026-06-11T11:14:42.801Z"
"naver-card-10398-mart-2","naver-card-10398","mart","대형마트","discount","0.1","","5000","","0","대형마트","unknown","실적 조건 없음","상품권 | 선불카드 충전 | 세금 | 공과금 | 연회비 | 수수료","대형마트 영역은 네이버 카드 상세에서 수집한 혜택 카테고리를 기준으로 임시 계산합니다.","2026-06-11T11:14:42.801Z"
"naver-card-10398-etc-3","naver-card-10398","etc","언제나할인","discount","0.1","","5000","","0","언제나할인","unknown","실적 조건 없음","상품권 | 선불카드 충전 | 세금 | 공과금 | 연회비 | 수수료","언제나할인 영역은 네이버 카드 상세에서 수집한 혜택 카테고리를 기준으로 임시 계산합니다.","2026-06-11T11:14:42.801Z"
"naver-card-10428-etc-0","naver-card-10428","etc","언제나할인","discount","0.005","","5000","","300000","언제나할인","unknown","30만원 이상","상품권 | 선불카드 충전 | 세금 | 공과금 | 연회비 | 수수료","언제나할인 영역은 네이버 카드 상세에서 수집한 혜택 카테고리를 기준으로 임시 계산합니다.","2026-06-11T11:14:42.801Z"
"naver-card-10428-transport-1","naver-card-10428","transport","대중교통","discount","0.005","","5000","","300000","대중교통","unknown","30만원 이상","상품권 | 선불카드 충전 | 세금 | 공과금 | 연회비 | 수수료","대중교통 영역은 네이버 카드 상세에서 수집한 혜택 카테고리를 기준으로 임시 계산합니다.","2026-06-11T11:14:42.801Z"
"naver-card-10428-shopping-2","naver-card-10428","shopping","쇼핑","discount","0.005","","5000","","300000","쇼핑","unknown","30만원 이상","상품권 | 선불카드 충전 | 세금 | 공과금 | 연회비 | 수수료","쇼핑 영역은 네이버 카드 상세에서 수집한 혜택 카테고리를 기준으로 임시 계산합니다.","2026-06-11T11:14:42.801Z"
"naver-card-10428-coffee-3","naver-card-10428","coffee","카페/베이커리","discount","0.005","","5000","","300000","카페/베이커리","unknown","30만원 이상","상품권 | 선불카드 충전 | 세금 | 공과금 | 연회비 | 수수료","카페/베이커리 영역은 네이버 카드 상세에서 수집한 혜택 카테고리를 기준으로 임시 계산합니다.","2026-06-11T11:14:42.801Z"
"naver-card-10428-convenience-4","naver-card-10428","convenience","편의점","discount","0.005","","5000","","300000","편의점","unknown","30만원 이상","상품권 | 선불카드 충전 | 세금 | 공과금 | 연회비 | 수수료","편의점 영역은 네이버 카드 상세에서 수집한 혜택 카테고리를 기준으로 임시 계산합니다.","2026-06-11T11:14:42.801Z"
"naver-card-10447-transport-0","naver-card-10447","transport","대중교통","discount","0.1","","5000","","400000","대중교통","unknown","40만원 이상","상품권 | 선불카드 충전 | 세금 | 공과금 | 연회비 | 수수료","대중교통 영역은 네이버 카드 상세에서 수집한 혜택 카테고리를 기준으로 임시 계산합니다.","2026-06-11T11:14:42.801Z"
"naver-card-10447-shopping-1","naver-card-10447","shopping","쇼핑","discount","0.1","","5000","","400000","쇼핑","unknown","40만원 이상","상품권 | 선불카드 충전 | 세금 | 공과금 | 연회비 | 수수료","쇼핑 영역은 네이버 카드 상세에서 수집한 혜택 카테고리를 기준으로 임시 계산합니다.","2026-06-11T11:14:42.801Z"
"naver-card-10447-coffee-2","naver-card-10447","coffee","카페/베이커리","discount","0.1","","5000","","400000","카페/베이커리","unknown","40만원 이상","상품권 | 선불카드 충전 | 세금 | 공과금 | 연회비 | 수수료","카페/베이커리 영역은 네이버 카드 상세에서 수집한 혜택 카테고리를 기준으로 임시 계산합니다.","2026-06-11T11:14:42.801Z"
"naver-card-10447-convenience-3","naver-card-10447","convenience","편의점","discount","0.1","","5000","","400000","편의점","unknown","40만원 이상","상품권 | 선불카드 충전 | 세금 | 공과금 | 연회비 | 수수료","편의점 영역은 네이버 카드 상세에서 수집한 혜택 카테고리를 기준으로 임시 계산합니다.","2026-06-11T11:14:42.801Z"
"naver-card-10447-medical-4","naver-card-10447","medical","의료","discount","0.1","","5000","","400000","의료","unknown","40만원 이상","상품권 | 선불카드 충전 | 세금 | 공과금 | 연회비 | 수수료","의료 영역은 네이버 카드 상세에서 수집한 혜택 카테고리를 기준으로 임시 계산합니다.","2026-06-11T11:14:42.801Z"
"naver-card-10540-shopping-0","naver-card-10540","shopping","간편결제","discount","0.1","","1000","","300000","간편결제","unknown","30만원 이상","상품권 | 선불카드 충전 | 세금 | 공과금 | 연회비 | 수수료","간편결제 영역은 네이버 카드 상세에서 수집한 혜택 카테고리를 기준으로 임시 계산합니다.","2026-06-11T11:14:42.801Z"
"naver-card-10540-coffee-1","naver-card-10540","coffee","카페/베이커리","discount","0.1","","1000","","300000","카페/베이커리","unknown","30만원 이상","상품권 | 선불카드 충전 | 세금 | 공과금 | 연회비 | 수수료","카페/베이커리 영역은 네이버 카드 상세에서 수집한 혜택 카테고리를 기준으로 임시 계산합니다.","2026-06-11T11:14:42.801Z"
"naver-card-10540-transport-2","naver-card-10540","transport","대중교통","discount","0.1","","1000","","300000","대중교통","unknown","30만원 이상","상품권 | 선불카드 충전 | 세금 | 공과금 | 연회비 | 수수료","대중교통 영역은 네이버 카드 상세에서 수집한 혜택 카테고리를 기준으로 임시 계산합니다.","2026-06-11T11:14:42.801Z"
"naver-card-10540-etc-3","naver-card-10540","etc","언제나할인","discount","0.1","","1000","","300000","언제나할인","unknown","30만원 이상","상품권 | 선불카드 충전 | 세금 | 공과금 | 연회비 | 수수료","언제나할인 영역은 네이버 카드 상세에서 수집한 혜택 카테고리를 기준으로 임시 계산합니다.","2026-06-11T11:14:42.801Z"
"naver-card-10321-telecom-0","naver-card-10321","telecom","통신","discount","0.01","","5000","","300000","통신","unknown","30만원 이상","상품권 | 선불카드 충전 | 세금 | 공과금 | 연회비 | 수수료","통신 영역은 네이버 카드 상세에서 수집한 혜택 카테고리를 기준으로 임시 계산합니다.","2026-06-11T11:14:42.801Z"
"naver-card-10321-fuel-1","naver-card-10321","fuel","주유","discount","0.01","","5000","","300000","주유","unknown","30만원 이상","상품권 | 선불카드 충전 | 세금 | 공과금 | 연회비 | 수수료","주유 영역은 네이버 카드 상세에서 수집한 혜택 카테고리를 기준으로 임시 계산합니다.","2026-06-11T11:14:42.801Z"
"naver-card-10538-shopping-0","naver-card-10538","shopping","바우처","cashback","0.03","","5000","","130000","바우처","unknown","13만원 이상","상품권 | 선불카드 충전 | 세금 | 공과금 | 연회비 | 수수료","바우처 영역은 네이버 카드 상세에서 수집한 혜택 카테고리를 기준으로 임시 계산합니다.","2026-06-11T11:14:42.801Z"
"naver-card-10538-etc-1","naver-card-10538","etc","프리미엄","cashback","0.03","","5000","","130000","프리미엄","unknown","13만원 이상","상품권 | 선불카드 충전 | 세금 | 공과금 | 연회비 | 수수료","프리미엄 영역은 네이버 카드 상세에서 수집한 혜택 카테고리를 기준으로 임시 계산합니다.","2026-06-11T11:14:42.801Z"
"naver-card-10538-medical-2","naver-card-10538","medical","뷰티","cashback","0.03","","5000","","130000","뷰티","unknown","13만원 이상","상품권 | 선불카드 충전 | 세금 | 공과금 | 연회비 | 수수료","뷰티 영역은 네이버 카드 상세에서 수집한 혜택 카테고리를 기준으로 임시 계산합니다.","2026-06-11T11:14:42.801Z"
"naver-card-10538-coffee-3","naver-card-10538","coffee","카페/베이커리","cashback","0.03","","5000","","130000","카페/베이커리","unknown","13만원 이상","상품권 | 선불카드 충전 | 세금 | 공과금 | 연회비 | 수수료","카페/베이커리 영역은 네이버 카드 상세에서 수집한 혜택 카테고리를 기준으로 임시 계산합니다.","2026-06-11T11:14:42.801Z"
"naver-card-1360-fuel-0","naver-card-1360","fuel","주유","discount","0.05","","5000","","200000","주유","unknown","20만원 이상","상품권 | 선불카드 충전 | 세금 | 공과금 | 연회비 | 수수료","주유 영역은 네이버 카드 상세에서 수집한 혜택 카테고리를 기준으로 임시 계산합니다.","2026-06-11T11:14:42.801Z"
"naver-card-1360-dining-1","naver-card-1360","dining","외식","discount","0.05","","5000","","200000","외식","unknown","20만원 이상","상품권 | 선불카드 충전 | 세금 | 공과금 | 연회비 | 수수료","외식 영역은 네이버 카드 상세에서 수집한 혜택 카테고리를 기준으로 임시 계산합니다.","2026-06-11T11:14:42.801Z"
"naver-card-1360-etc-2","naver-card-1360","etc","레저","discount","0.05","","5000","","200000","레저","unknown","20만원 이상","상품권 | 선불카드 충전 | 세금 | 공과금 | 연회비 | 수수료","레저 영역은 네이버 카드 상세에서 수집한 혜택 카테고리를 기준으로 임시 계산합니다.","2026-06-11T11:14:42.801Z"
"naver-card-1360-telecom-3","naver-card-1360","telecom","통신","discount","0.05","","5000","","200000","통신","unknown","20만원 이상","상품권 | 선불카드 충전 | 세금 | 공과금 | 연회비 | 수수료","통신 영역은 네이버 카드 상세에서 수집한 혜택 카테고리를 기준으로 임시 계산합니다.","2026-06-11T11:14:42.801Z"
"naver-card-1360-transport-4","naver-card-1360","transport","대중교통","discount","0.05","","5000","","200000","대중교통","unknown","20만원 이상","상품권 | 선불카드 충전 | 세금 | 공과금 | 연회비 | 수수료","대중교통 영역은 네이버 카드 상세에서 수집한 혜택 카테고리를 기준으로 임시 계산합니다.","2026-06-11T11:14:42.801Z"
"naver-card-10424-etc-0","naver-card-10424","etc","하이패스","cashback","0.001","","5000","","0","하이패스","unknown","실적 조건 없음","상품권 | 선불카드 충전 | 세금 | 공과금 | 연회비 | 수수료","하이패스 영역은 네이버 카드 상세에서 수집한 혜택 카테고리를 기준으로 임시 계산합니다.","2026-06-11T11:14:42.801Z"
"naver-card-10424-shopping-1","naver-card-10424","shopping","포인트/캐시백","cashback","0.001","","5000","","0","포인트/캐시백","unknown","실적 조건 없음","상품권 | 선불카드 충전 | 세금 | 공과금 | 연회비 | 수수료","포인트/캐시백 영역은 네이버 카드 상세에서 수집한 혜택 카테고리를 기준으로 임시 계산합니다.","2026-06-11T11:14:42.801Z"
"naver-card-10353-shopping-0","naver-card-10353","shopping","바우처","cashback","0.01","","5000","","150000","바우처","unknown","15만원 이상","상품권 | 선불카드 충전 | 세금 | 공과금 | 연회비 | 수수료","바우처 영역은 네이버 카드 상세에서 수집한 혜택 카테고리를 기준으로 임시 계산합니다.","2026-06-11T11:14:42.801Z"
"naver-card-10353-etc-1","naver-card-10353","etc","프리미엄","cashback","0.01","","5000","","150000","프리미엄","unknown","15만원 이상","상품권 | 선불카드 충전 | 세금 | 공과금 | 연회비 | 수수료","프리미엄 영역은 네이버 카드 상세에서 수집한 혜택 카테고리를 기준으로 임시 계산합니다.","2026-06-11T11:14:42.801Z"
"naver-card-10353-education-2","naver-card-10353","education","교육","cashback","0.01","","5000","","150000","교육","unknown","15만원 이상","상품권 | 선불카드 충전 | 세금 | 공과금 | 연회비 | 수수료","교육 영역은 네이버 카드 상세에서 수집한 혜택 카테고리를 기준으로 임시 계산합니다.","2026-06-11T11:14:42.801Z"
"naver-card-10353-medical-3","naver-card-10353","medical","의료","cashback","0.01","","5000","","150000","의료","unknown","15만원 이상","상품권 | 선불카드 충전 | 세금 | 공과금 | 연회비 | 수수료","의료 영역은 네이버 카드 상세에서 수집한 혜택 카테고리를 기준으로 임시 계산합니다.","2026-06-11T11:14:42.801Z"
"naver-card-10353-mart-4","naver-card-10353","mart","대형마트","cashback","0.01","","5000","","150000","대형마트","unknown","15만원 이상","상품권 | 선불카드 충전 | 세금 | 공과금 | 연회비 | 수수료","대형마트 영역은 네이버 카드 상세에서 수집한 혜택 카테고리를 기준으로 임시 계산합니다.","2026-06-11T11:14:42.801Z"
"naver-card-10335-shopping-0","naver-card-10335","shopping","포인트/캐시백","cashback","0.015","","8000","","500000","포인트/캐시백","unknown","50만원 이상","상품권 | 선불카드 충전 | 세금 | 공과금 | 연회비 | 수수료","포인트/캐시백 영역은 네이버 카드 상세에서 수집한 혜택 카테고리를 기준으로 임시 계산합니다.","2026-06-11T11:14:42.801Z"
"naver-card-10335-dining-1","naver-card-10335","dining","외식","cashback","0.015","","8000","","500000","외식","unknown","50만원 이상","상품권 | 선불카드 충전 | 세금 | 공과금 | 연회비 | 수수료","외식 영역은 네이버 카드 상세에서 수집한 혜택 카테고리를 기준으로 임시 계산합니다.","2026-06-11T11:14:42.801Z"
"naver-card-10335-etc-2","naver-card-10335","etc","프리미엄","cashback","0.015","","8000","","500000","프리미엄","unknown","50만원 이상","상품권 | 선불카드 충전 | 세금 | 공과금 | 연회비 | 수수료","프리미엄 영역은 네이버 카드 상세에서 수집한 혜택 카테고리를 기준으로 임시 계산합니다.","2026-06-11T11:14:42.801Z"
"naver-card-10335-convenience-3","naver-card-10335","convenience","편의점","cashback","0.015","","8000","","500000","편의점","unknown","50만원 이상","상품권 | 선불카드 충전 | 세금 | 공과금 | 연회비 | 수수료","편의점 영역은 네이버 카드 상세에서 수집한 혜택 카테고리를 기준으로 임시 계산합니다.","2026-06-11T11:14:42.801Z"
"naver-card-10335-telecom-4","naver-card-10335","telecom","통신","cashback","0.015","","8000","","500000","통신","unknown","50만원 이상","상품권 | 선불카드 충전 | 세금 | 공과금 | 연회비 | 수수료","통신 영역은 네이버 카드 상세에서 수집한 혜택 카테고리를 기준으로 임시 계산합니다.","2026-06-11T11:14:42.801Z"
"naver-card-10531-fuel-0","naver-card-10531","fuel","주유","discount","0.1","","5000","","400000","주유","unknown","40만원 이상","상품권 | 선불카드 충전 | 세금 | 공과금 | 연회비 | 수수료","주유 영역은 네이버 카드 상세에서 수집한 혜택 카테고리를 기준으로 임시 계산합니다.","2026-06-11T11:14:42.801Z"
"naver-card-10531-telecom-1","naver-card-10531","telecom","통신","discount","0.1","","5000","","400000","통신","unknown","40만원 이상","상품권 | 선불카드 충전 | 세금 | 공과금 | 연회비 | 수수료","통신 영역은 네이버 카드 상세에서 수집한 혜택 카테고리를 기준으로 임시 계산합니다.","2026-06-11T11:14:42.801Z"
"naver-card-10531-etc-2","naver-card-10531","etc","관리비","discount","0.1","","5000","","400000","관리비","unknown","40만원 이상","상품권 | 선불카드 충전 | 세금 | 공과금 | 연회비 | 수수료","관리비 영역은 네이버 카드 상세에서 수집한 혜택 카테고리를 기준으로 임시 계산합니다.","2026-06-11T11:14:42.801Z"
"naver-card-10531-shopping-3","naver-card-10531","shopping","간편결제","discount","0.1","","5000","","400000","간편결제","unknown","40만원 이상","상품권 | 선불카드 충전 | 세금 | 공과금 | 연회비 | 수수료","간편결제 영역은 네이버 카드 상세에서 수집한 혜택 카테고리를 기준으로 임시 계산합니다.","2026-06-11T11:14:42.801Z"
"naver-card-10533-dining-0","naver-card-10533","dining","외식","discount","0.1","","8000","","500000","외식","unknown","50만원 이상","상품권 | 선불카드 충전 | 세금 | 공과금 | 연회비 | 수수료","외식 영역은 네이버 카드 상세에서 수집한 혜택 카테고리를 기준으로 임시 계산합니다.","2026-06-11T11:14:42.801Z"
"naver-card-10533-fuel-1","naver-card-10533","fuel","주유","discount","0.1","","8000","","500000","주유","unknown","50만원 이상","상품권 | 선불카드 충전 | 세금 | 공과금 | 연회비 | 수수료","주유 영역은 네이버 카드 상세에서 수집한 혜택 카테고리를 기준으로 임시 계산합니다.","2026-06-11T11:14:42.801Z"
"naver-card-10533-mart-2","naver-card-10533","mart","대형마트","discount","0.1","","8000","","500000","대형마트","unknown","50만원 이상","상품권 | 선불카드 충전 | 세금 | 공과금 | 연회비 | 수수료","대형마트 영역은 네이버 카드 상세에서 수집한 혜택 카테고리를 기준으로 임시 계산합니다.","2026-06-11T11:14:42.801Z"
"naver-card-10533-telecom-3","naver-card-10533","telecom","통신","discount","0.1","","8000","","500000","통신","unknown","50만원 이상","상품권 | 선불카드 충전 | 세금 | 공과금 | 연회비 | 수수료","통신 영역은 네이버 카드 상세에서 수집한 혜택 카테고리를 기준으로 임시 계산합니다.","2026-06-11T11:14:42.801Z"
"naver-card-10533-transport-4","naver-card-10533","transport","대중교통","discount","0.1","","8000","","500000","대중교통","unknown","50만원 이상","상품권 | 선불카드 충전 | 세금 | 공과금 | 연회비 | 수수료","대중교통 영역은 네이버 카드 상세에서 수집한 혜택 카테고리를 기준으로 임시 계산합니다.","2026-06-11T11:14:42.801Z"
"naver-card-10503-ott-0","naver-card-10503","ott","렌탈","cashback","0.01","","10000","","300000","렌탈","unknown","30만원 이상","상품권 | 선불카드 충전 | 세금 | 공과금 | 연회비 | 수수료","렌탈 영역은 네이버 카드 상세에서 수집한 혜택 카테고리를 기준으로 임시 계산합니다.","2026-06-11T11:14:42.801Z"
"naver-card-10532-shopping-0","naver-card-10532","shopping","쇼핑","discount","0.1","","5000","","400000","쇼핑","unknown","40만원 이상","상품권 | 선불카드 충전 | 세금 | 공과금 | 연회비 | 수수료","쇼핑 영역은 네이버 카드 상세에서 수집한 혜택 카테고리를 기준으로 임시 계산합니다.","2026-06-11T11:14:42.801Z"
"naver-card-10532-mart-1","naver-card-10532","mart","대형마트","discount","0.1","","5000","","400000","대형마트","unknown","40만원 이상","상품권 | 선불카드 충전 | 세금 | 공과금 | 연회비 | 수수료","대형마트 영역은 네이버 카드 상세에서 수집한 혜택 카테고리를 기준으로 임시 계산합니다.","2026-06-11T11:14:42.801Z"
"naver-card-10532-coffee-2","naver-card-10532","coffee","카페/베이커리","discount","0.1","","5000","","400000","카페/베이커리","unknown","40만원 이상","상품권 | 선불카드 충전 | 세금 | 공과금 | 연회비 | 수수료","카페/베이커리 영역은 네이버 카드 상세에서 수집한 혜택 카테고리를 기준으로 임시 계산합니다.","2026-06-11T11:14:42.801Z"
"naver-card-10532-convenience-3","naver-card-10532","convenience","편의점","discount","0.1","","5000","","400000","편의점","unknown","40만원 이상","상품권 | 선불카드 충전 | 세금 | 공과금 | 연회비 | 수수료","편의점 영역은 네이버 카드 상세에서 수집한 혜택 카테고리를 기준으로 임시 계산합니다.","2026-06-11T11:14:42.801Z"
"naver-card-10532-transport-4","naver-card-10532","transport","대중교통","discount","0.1","","5000","","400000","대중교통","unknown","40만원 이상","상품권 | 선불카드 충전 | 세금 | 공과금 | 연회비 | 수수료","대중교통 영역은 네이버 카드 상세에서 수집한 혜택 카테고리를 기준으로 임시 계산합니다.","2026-06-11T11:14:42.801Z"
"naver-card-10440-transport-0","naver-card-10440","transport","대중교통","discount","0.1","","5000","","300000","대중교통","unknown","30만원 이상","상품권 | 선불카드 충전 | 세금 | 공과금 | 연회비 | 수수료","대중교통 영역은 네이버 카드 상세에서 수집한 혜택 카테고리를 기준으로 임시 계산합니다.","2026-06-11T11:14:42.801Z"
"naver-card-10440-etc-1","naver-card-10440","etc","문화","discount","0.1","","5000","","300000","문화","unknown","30만원 이상","상품권 | 선불카드 충전 | 세금 | 공과금 | 연회비 | 수수료","문화 영역은 네이버 카드 상세에서 수집한 혜택 카테고리를 기준으로 임시 계산합니다.","2026-06-11T11:14:42.801Z"
"naver-card-10440-shopping-2","naver-card-10440","shopping","쇼핑","discount","0.1","","5000","","300000","쇼핑","unknown","30만원 이상","상품권 | 선불카드 충전 | 세금 | 공과금 | 연회비 | 수수료","쇼핑 영역은 네이버 카드 상세에서 수집한 혜택 카테고리를 기준으로 임시 계산합니다.","2026-06-11T11:14:42.801Z"
"naver-card-10440-telecom-3","naver-card-10440","telecom","통신","discount","0.1","","5000","","300000","통신","unknown","30만원 이상","상품권 | 선불카드 충전 | 세금 | 공과금 | 연회비 | 수수료","통신 영역은 네이버 카드 상세에서 수집한 혜택 카테고리를 기준으로 임시 계산합니다.","2026-06-11T11:14:42.801Z"
"naver-card-10440-convenience-4","naver-card-10440","convenience","편의점","discount","0.1","","5000","","300000","편의점","unknown","30만원 이상","상품권 | 선불카드 충전 | 세금 | 공과금 | 연회비 | 수수료","편의점 영역은 네이버 카드 상세에서 수집한 혜택 카테고리를 기준으로 임시 계산합니다.","2026-06-11T11:14:42.801Z"
"naver-card-10266-travel-0","naver-card-10266","travel","항공마일리지","mileage","0.01","","8000","","500000","항공마일리지","unknown","50만원 이상","상품권 | 선불카드 충전 | 세금 | 공과금 | 연회비 | 수수료","항공마일리지 영역은 네이버 카드 상세에서 수집한 혜택 카테고리를 기준으로 임시 계산합니다.","2026-06-11T11:14:42.801Z"
"naver-card-10266-shopping-1","naver-card-10266","shopping","바우처","mileage","0.01","","8000","","500000","바우처","unknown","50만원 이상","상품권 | 선불카드 충전 | 세금 | 공과금 | 연회비 | 수수료","바우처 영역은 네이버 카드 상세에서 수집한 혜택 카테고리를 기준으로 임시 계산합니다.","2026-06-11T11:14:42.801Z"
"naver-card-10266-etc-2","naver-card-10266","etc","프리미엄","mileage","0.01","","8000","","500000","프리미엄","unknown","50만원 이상","상품권 | 선불카드 충전 | 세금 | 공과금 | 연회비 | 수수료","프리미엄 영역은 네이버 카드 상세에서 수집한 혜택 카테고리를 기준으로 임시 계산합니다.","2026-06-11T11:14:42.801Z"
"naver-card-10266-coffee-3","naver-card-10266","coffee","카페/베이커리","mileage","0.01","","8000","","500000","카페/베이커리","unknown","50만원 이상","상품권 | 선불카드 충전 | 세금 | 공과금 | 연회비 | 수수료","카페/베이커리 영역은 네이버 카드 상세에서 수집한 혜택 카테고리를 기준으로 임시 계산합니다.","2026-06-11T11:14:42.801Z"
"naver-card-10266-mart-4","naver-card-10266","mart","대형마트","mileage","0.01","","8000","","500000","대형마트","unknown","50만원 이상","상품권 | 선불카드 충전 | 세금 | 공과금 | 연회비 | 수수료","대형마트 영역은 네이버 카드 상세에서 수집한 혜택 카테고리를 기준으로 임시 계산합니다.","2026-06-11T11:14:42.801Z"
"naver-card-10413-shopping-0","naver-card-10413","shopping","바우처","cashback","0.05","","12000","","1000000","바우처","unknown","100만원 이상","상품권 | 선불카드 충전 | 세금 | 공과금 | 연회비 | 수수료","바우처 영역은 네이버 카드 상세에서 수집한 혜택 카테고리를 기준으로 임시 계산합니다.","2026-06-11T11:14:42.801Z"
"naver-card-10413-etc-1","naver-card-10413","etc","프리미엄","cashback","0.05","","12000","","1000000","프리미엄","unknown","100만원 이상","상품권 | 선불카드 충전 | 세금 | 공과금 | 연회비 | 수수료","프리미엄 영역은 네이버 카드 상세에서 수집한 혜택 카테고리를 기준으로 임시 계산합니다.","2026-06-11T11:14:42.801Z"
"naver-card-10413-mart-2","naver-card-10413","mart","대형마트","cashback","0.05","","12000","","1000000","대형마트","unknown","100만원 이상","상품권 | 선불카드 충전 | 세금 | 공과금 | 연회비 | 수수료","대형마트 영역은 네이버 카드 상세에서 수집한 혜택 카테고리를 기준으로 임시 계산합니다.","2026-06-11T11:14:42.801Z"
"naver-card-10413-dining-3","naver-card-10413","dining","외식","cashback","0.05","","12000","","1000000","외식","unknown","100만원 이상","상품권 | 선불카드 충전 | 세금 | 공과금 | 연회비 | 수수료","외식 영역은 네이버 카드 상세에서 수집한 혜택 카테고리를 기준으로 임시 계산합니다.","2026-06-11T11:14:42.801Z"
"naver-card-10413-convenience-4","naver-card-10413","convenience","편의점","cashback","0.05","","12000","","1000000","편의점","unknown","100만원 이상","상품권 | 선불카드 충전 | 세금 | 공과금 | 연회비 | 수수료","편의점 영역은 네이버 카드 상세에서 수집한 혜택 카테고리를 기준으로 임시 계산합니다.","2026-06-11T11:14:42.801Z"
"naver-card-10490-dining-0","naver-card-10490","dining","외식","discount","0.1","","5000","","400000","외식","unknown","40만원 이상","상품권 | 선불카드 충전 | 세금 | 공과금 | 연회비 | 수수료","외식 영역은 네이버 카드 상세에서 수집한 혜택 카테고리를 기준으로 임시 계산합니다.","2026-06-11T11:14:42.801Z"
"naver-card-10490-convenience-1","naver-card-10490","convenience","편의점","discount","0.1","","5000","","400000","편의점","unknown","40만원 이상","상품권 | 선불카드 충전 | 세금 | 공과금 | 연회비 | 수수료","편의점 영역은 네이버 카드 상세에서 수집한 혜택 카테고리를 기준으로 임시 계산합니다.","2026-06-11T11:14:42.801Z"
"naver-card-10490-shopping-2","naver-card-10490","shopping","쇼핑","discount","0.1","","5000","","400000","쇼핑","unknown","40만원 이상","상품권 | 선불카드 충전 | 세금 | 공과금 | 연회비 | 수수료","쇼핑 영역은 네이버 카드 상세에서 수집한 혜택 카테고리를 기준으로 임시 계산합니다.","2026-06-11T11:14:42.801Z"
"naver-card-10490-fuel-3","naver-card-10490","fuel","주유","discount","0.1","","5000","","400000","주유","unknown","40만원 이상","상품권 | 선불카드 충전 | 세금 | 공과금 | 연회비 | 수수료","주유 영역은 네이버 카드 상세에서 수집한 혜택 카테고리를 기준으로 임시 계산합니다.","2026-06-11T11:14:42.801Z"
"naver-card-10490-transport-4","naver-card-10490","transport","대중교통","discount","0.1","","5000","","400000","대중교통","unknown","40만원 이상","상품권 | 선불카드 충전 | 세금 | 공과금 | 연회비 | 수수료","대중교통 영역은 네이버 카드 상세에서 수집한 혜택 카테고리를 기준으로 임시 계산합니다.","2026-06-11T11:14:42.801Z"
"naver-card-1573-etc-0","naver-card-1573","etc","레저","discount","0.03","","2500","","300000","레저","unknown","30만원 이상","상품권 | 선불카드 충전 | 세금 | 공과금 | 연회비 | 수수료","레저 영역은 네이버 카드 상세에서 수집한 혜택 카테고리를 기준으로 임시 계산합니다.","2026-06-11T11:14:42.801Z"
"naver-card-1573-mart-1","naver-card-1573","mart","대형마트","discount","0.03","","2500","","300000","대형마트","unknown","30만원 이상","상품권 | 선불카드 충전 | 세금 | 공과금 | 연회비 | 수수료","대형마트 영역은 네이버 카드 상세에서 수집한 혜택 카테고리를 기준으로 임시 계산합니다.","2026-06-11T11:14:42.801Z"
"naver-card-1573-fuel-2","naver-card-1573","fuel","주유","discount","0.03","","2500","","300000","주유","unknown","30만원 이상","상품권 | 선불카드 충전 | 세금 | 공과금 | 연회비 | 수수료","주유 영역은 네이버 카드 상세에서 수집한 혜택 카테고리를 기준으로 임시 계산합니다.","2026-06-11T11:14:42.801Z"
"naver-card-1573-dining-3","naver-card-1573","dining","외식","discount","0.03","","2500","","300000","외식","unknown","30만원 이상","상품권 | 선불카드 충전 | 세금 | 공과금 | 연회비 | 수수료","외식 영역은 네이버 카드 상세에서 수집한 혜택 카테고리를 기준으로 임시 계산합니다.","2026-06-11T11:14:42.801Z"
"naver-card-1573-coffee-4","naver-card-1573","coffee","카페/베이커리","discount","0.03","","2500","","300000","카페/베이커리","unknown","30만원 이상","상품권 | 선불카드 충전 | 세금 | 공과금 | 연회비 | 수수료","카페/베이커리 영역은 네이버 카드 상세에서 수집한 혜택 카테고리를 기준으로 임시 계산합니다.","2026-06-11T11:14:42.801Z"
"naver-card-10291-shopping-0","naver-card-10291","shopping","쇼핑","discount","0.1","","2500","","400000","쇼핑","unknown","40만원 이상","상품권 | 선불카드 충전 | 세금 | 공과금 | 연회비 | 수수료","쇼핑 영역은 네이버 카드 상세에서 수집한 혜택 카테고리를 기준으로 임시 계산합니다.","2026-06-11T11:14:42.801Z"
"naver-card-10291-coffee-1","naver-card-10291","coffee","카페/베이커리","discount","0.1","","2500","","400000","카페/베이커리","unknown","40만원 이상","상품권 | 선불카드 충전 | 세금 | 공과금 | 연회비 | 수수료","카페/베이커리 영역은 네이버 카드 상세에서 수집한 혜택 카테고리를 기준으로 임시 계산합니다.","2026-06-11T11:14:42.801Z"
"naver-card-10291-mart-2","naver-card-10291","mart","대형마트","discount","0.1","","2500","","400000","대형마트","unknown","40만원 이상","상품권 | 선불카드 충전 | 세금 | 공과금 | 연회비 | 수수료","대형마트 영역은 네이버 카드 상세에서 수집한 혜택 카테고리를 기준으로 임시 계산합니다.","2026-06-11T11:14:42.801Z"
"naver-card-10291-convenience-3","naver-card-10291","convenience","편의점","discount","0.1","","2500","","400000","편의점","unknown","40만원 이상","상품권 | 선불카드 충전 | 세금 | 공과금 | 연회비 | 수수료","편의점 영역은 네이버 카드 상세에서 수집한 혜택 카테고리를 기준으로 임시 계산합니다.","2026-06-11T11:14:42.801Z"
"naver-card-10291-etc-4","naver-card-10291","etc","반려동물","discount","0.1","","2500","","400000","반려동물","unknown","40만원 이상","상품권 | 선불카드 충전 | 세금 | 공과금 | 연회비 | 수수료","반려동물 영역은 네이버 카드 상세에서 수집한 혜택 카테고리를 기준으로 임시 계산합니다.","2026-06-11T11:14:42.801Z"
"naver-card-10444-shopping-0","naver-card-10444","shopping","쇼핑","discount","0.1","","5000","","400000","쇼핑","unknown","40만원 이상","상품권 | 선불카드 충전 | 세금 | 공과금 | 연회비 | 수수료","쇼핑 영역은 네이버 카드 상세에서 수집한 혜택 카테고리를 기준으로 임시 계산합니다.","2026-06-11T11:14:42.801Z"
"naver-card-10444-etc-1","naver-card-10444","etc","문화","discount","0.1","","5000","","400000","문화","unknown","40만원 이상","상품권 | 선불카드 충전 | 세금 | 공과금 | 연회비 | 수수료","문화 영역은 네이버 카드 상세에서 수집한 혜택 카테고리를 기준으로 임시 계산합니다.","2026-06-11T11:14:42.801Z"
"naver-card-10444-dining-2","naver-card-10444","dining","외식","discount","0.1","","5000","","400000","외식","unknown","40만원 이상","상품권 | 선불카드 충전 | 세금 | 공과금 | 연회비 | 수수료","외식 영역은 네이버 카드 상세에서 수집한 혜택 카테고리를 기준으로 임시 계산합니다.","2026-06-11T11:14:42.801Z"
"naver-card-10444-coffee-3","naver-card-10444","coffee","카페/베이커리","discount","0.1","","5000","","400000","카페/베이커리","unknown","40만원 이상","상품권 | 선불카드 충전 | 세금 | 공과금 | 연회비 | 수수료","카페/베이커리 영역은 네이버 카드 상세에서 수집한 혜택 카테고리를 기준으로 임시 계산합니다.","2026-06-11T11:14:42.801Z"
"naver-card-10444-convenience-4","naver-card-10444","convenience","편의점","discount","0.1","","5000","","400000","편의점","unknown","40만원 이상","상품권 | 선불카드 충전 | 세금 | 공과금 | 연회비 | 수수료","편의점 영역은 네이버 카드 상세에서 수집한 혜택 카테고리를 기준으로 임시 계산합니다.","2026-06-11T11:14:42.801Z"
"naver-card-1715-shopping-0","naver-card-1715","shopping","쇼핑","discount","0.1","","8000","","500000","쇼핑","unknown","50만원 이상","상품권 | 선불카드 충전 | 세금 | 공과금 | 연회비 | 수수료","쇼핑 영역은 네이버 카드 상세에서 수집한 혜택 카테고리를 기준으로 임시 계산합니다.","2026-06-11T11:14:42.801Z"
"naver-card-1715-convenience-1","naver-card-1715","convenience","편의점","discount","0.1","","8000","","500000","편의점","unknown","50만원 이상","상품권 | 선불카드 충전 | 세금 | 공과금 | 연회비 | 수수료","편의점 영역은 네이버 카드 상세에서 수집한 혜택 카테고리를 기준으로 임시 계산합니다.","2026-06-11T11:14:42.801Z"
"naver-card-1715-mart-2","naver-card-1715","mart","대형마트","discount","0.1","","8000","","500000","대형마트","unknown","50만원 이상","상품권 | 선불카드 충전 | 세금 | 공과금 | 연회비 | 수수료","대형마트 영역은 네이버 카드 상세에서 수집한 혜택 카테고리를 기준으로 임시 계산합니다.","2026-06-11T11:14:42.801Z"
"naver-card-1715-transport-3","naver-card-1715","transport","대중교통","discount","0.1","","8000","","500000","대중교통","unknown","50만원 이상","상품권 | 선불카드 충전 | 세금 | 공과금 | 연회비 | 수수료","대중교통 영역은 네이버 카드 상세에서 수집한 혜택 카테고리를 기준으로 임시 계산합니다.","2026-06-11T11:14:42.801Z"
"naver-card-1715-fuel-4","naver-card-1715","fuel","주유","discount","0.1","","8000","","500000","주유","unknown","50만원 이상","상품권 | 선불카드 충전 | 세금 | 공과금 | 연회비 | 수수료","주유 영역은 네이버 카드 상세에서 수집한 혜택 카테고리를 기준으로 임시 계산합니다.","2026-06-11T11:14:42.801Z"
"naver-card-1889-shopping-0","naver-card-1889","shopping","쇼핑","point","0.1","","3000","","300000","쇼핑","unknown","30만원 이상","상품권 | 선불카드 충전 | 세금 | 공과금 | 연회비 | 수수료","쇼핑 영역은 네이버 카드 상세에서 수집한 혜택 카테고리를 기준으로 임시 계산합니다.","2026-06-11T11:14:42.801Z"
"naver-card-1889-medical-1","naver-card-1889","medical","뷰티","point","0.1","","3000","","300000","뷰티","unknown","30만원 이상","상품권 | 선불카드 충전 | 세금 | 공과금 | 연회비 | 수수료","뷰티 영역은 네이버 카드 상세에서 수집한 혜택 카테고리를 기준으로 임시 계산합니다.","2026-06-11T11:14:42.801Z"
"naver-card-1889-coffee-2","naver-card-1889","coffee","카페/베이커리","point","0.1","","3000","","300000","카페/베이커리","unknown","30만원 이상","상품권 | 선불카드 충전 | 세금 | 공과금 | 연회비 | 수수료","카페/베이커리 영역은 네이버 카드 상세에서 수집한 혜택 카테고리를 기준으로 임시 계산합니다.","2026-06-11T11:14:42.801Z"
"naver-card-1889-etc-3","naver-card-1889","etc","영화","point","0.1","","3000","","300000","영화","unknown","30만원 이상","상품권 | 선불카드 충전 | 세금 | 공과금 | 연회비 | 수수료","영화 영역은 네이버 카드 상세에서 수집한 혜택 카테고리를 기준으로 임시 계산합니다.","2026-06-11T11:14:42.801Z"
"naver-card-1889-mart-4","naver-card-1889","mart","대형마트","point","0.1","","3000","","300000","대형마트","unknown","30만원 이상","상품권 | 선불카드 충전 | 세금 | 공과금 | 연회비 | 수수료","대형마트 영역은 네이버 카드 상세에서 수집한 혜택 카테고리를 기준으로 임시 계산합니다.","2026-06-11T11:14:42.801Z"
"naver-card-1340-mart-0","naver-card-1340","mart","대형마트","discount","0.1","","10000","","300000","대형마트","unknown","30만원 이상","상품권 | 선불카드 충전 | 세금 | 공과금 | 연회비 | 수수료","대형마트 영역은 네이버 카드 상세에서 수집한 혜택 카테고리를 기준으로 임시 계산합니다.","2026-06-11T11:14:42.801Z"
"naver-card-1340-fuel-1","naver-card-1340","fuel","주유","discount","0.1","","10000","","300000","주유","unknown","30만원 이상","상품권 | 선불카드 충전 | 세금 | 공과금 | 연회비 | 수수료","주유 영역은 네이버 카드 상세에서 수집한 혜택 카테고리를 기준으로 임시 계산합니다.","2026-06-11T11:14:42.801Z"
"naver-card-1340-etc-2","naver-card-1340","etc","영화","discount","0.1","","10000","","300000","영화","unknown","30만원 이상","상품권 | 선불카드 충전 | 세금 | 공과금 | 연회비 | 수수료","영화 영역은 네이버 카드 상세에서 수집한 혜택 카테고리를 기준으로 임시 계산합니다.","2026-06-11T11:14:42.801Z"
"naver-card-1340-dining-3","naver-card-1340","dining","외식","discount","0.1","","10000","","300000","외식","unknown","30만원 이상","상품권 | 선불카드 충전 | 세금 | 공과금 | 연회비 | 수수료","외식 영역은 네이버 카드 상세에서 수집한 혜택 카테고리를 기준으로 임시 계산합니다.","2026-06-11T11:14:42.801Z"
"naver-card-1340-shopping-4","naver-card-1340","shopping","쇼핑","discount","0.1","","10000","","300000","쇼핑","unknown","30만원 이상","상품권 | 선불카드 충전 | 세금 | 공과금 | 연회비 | 수수료","쇼핑 영역은 네이버 카드 상세에서 수집한 혜택 카테고리를 기준으로 임시 계산합니다.","2026-06-11T11:14:42.801Z"
"naver-card-10389-fuel-0","naver-card-10389","fuel","주유","cashback","0.01","","8000","","500000","주유","unknown","50만원 이상","상품권 | 선불카드 충전 | 세금 | 공과금 | 연회비 | 수수료","주유 영역은 네이버 카드 상세에서 수집한 혜택 카테고리를 기준으로 임시 계산합니다.","2026-06-11T11:14:42.801Z"
"naver-card-10389-etc-1","naver-card-10389","etc","납부 혜택","cashback","0.01","","8000","","500000","납부 혜택","unknown","50만원 이상","상품권 | 선불카드 충전 | 세금 | 공과금 | 연회비 | 수수료","납부 혜택 영역은 네이버 카드 상세에서 수집한 혜택 카테고리를 기준으로 임시 계산합니다.","2026-06-11T11:14:42.801Z"
"naver-card-10232-shopping-0","naver-card-10232","shopping","쇼핑","discount","0.005","","5000","","0","쇼핑","unknown","실적 조건 없음","상품권 | 선불카드 충전 | 세금 | 공과금 | 연회비 | 수수료","쇼핑 영역은 네이버 카드 상세에서 수집한 혜택 카테고리를 기준으로 임시 계산합니다.","2026-06-11T11:14:42.801Z"
"naver-card-10232-dining-1","naver-card-10232","dining","외식","discount","0.005","","5000","","0","외식","unknown","실적 조건 없음","상품권 | 선불카드 충전 | 세금 | 공과금 | 연회비 | 수수료","외식 영역은 네이버 카드 상세에서 수집한 혜택 카테고리를 기준으로 임시 계산합니다.","2026-06-11T11:14:42.801Z"
"naver-card-10232-mart-2","naver-card-10232","mart","대형마트","discount","0.005","","5000","","0","대형마트","unknown","실적 조건 없음","상품권 | 선불카드 충전 | 세금 | 공과금 | 연회비 | 수수료","대형마트 영역은 네이버 카드 상세에서 수집한 혜택 카테고리를 기준으로 임시 계산합니다.","2026-06-11T11:14:42.801Z"
"naver-card-10232-coffee-3","naver-card-10232","coffee","카페/베이커리","discount","0.005","","5000","","0","카페/베이커리","unknown","실적 조건 없음","상품권 | 선불카드 충전 | 세금 | 공과금 | 연회비 | 수수료","카페/베이커리 영역은 네이버 카드 상세에서 수집한 혜택 카테고리를 기준으로 임시 계산합니다.","2026-06-11T11:14:42.801Z"
"naver-card-10232-convenience-4","naver-card-10232","convenience","편의점","discount","0.005","","5000","","0","편의점","unknown","실적 조건 없음","상품권 | 선불카드 충전 | 세금 | 공과금 | 연회비 | 수수료","편의점 영역은 네이버 카드 상세에서 수집한 혜택 카테고리를 기준으로 임시 계산합니다.","2026-06-11T11:14:42.801Z"
"naver-card-10591-shopping-0","naver-card-10591","shopping","포인트/캐시백","cashback","0.01","","5000","","0","포인트/캐시백","unknown","실적 조건 없음","상품권 | 선불카드 충전 | 세금 | 공과금 | 연회비 | 수수료","포인트/캐시백 영역은 네이버 카드 상세에서 수집한 혜택 카테고리를 기준으로 임시 계산합니다.","2026-06-11T11:14:42.801Z"
"naver-card-10591-etc-1","naver-card-10591","etc","금융","cashback","0.01","","5000","","0","금융","unknown","실적 조건 없음","상품권 | 선불카드 충전 | 세금 | 공과금 | 연회비 | 수수료","금융 영역은 네이버 카드 상세에서 수집한 혜택 카테고리를 기준으로 임시 계산합니다.","2026-06-11T11:14:42.801Z"
"naver-card-2345-etc-0","naver-card-2345","etc","국민행복카드","discount","0.03","","5000","","300000","국민행복카드","unknown","30만원 이상","상품권 | 선불카드 충전 | 세금 | 공과금 | 연회비 | 수수료","국민행복카드 영역은 네이버 카드 상세에서 수집한 혜택 카테고리를 기준으로 임시 계산합니다.","2026-06-11T11:14:42.801Z"
"naver-card-2345-medical-1","naver-card-2345","medical","의료","discount","0.03","","5000","","300000","의료","unknown","30만원 이상","상품권 | 선불카드 충전 | 세금 | 공과금 | 연회비 | 수수료","의료 영역은 네이버 카드 상세에서 수집한 혜택 카테고리를 기준으로 임시 계산합니다.","2026-06-11T11:14:42.801Z"
"naver-card-2345-shopping-2","naver-card-2345","shopping","쇼핑","discount","0.03","","5000","","300000","쇼핑","unknown","30만원 이상","상품권 | 선불카드 충전 | 세금 | 공과금 | 연회비 | 수수료","쇼핑 영역은 네이버 카드 상세에서 수집한 혜택 카테고리를 기준으로 임시 계산합니다.","2026-06-11T11:14:42.801Z"
"naver-card-2345-education-3","naver-card-2345","education","교육","discount","0.03","","5000","","300000","교육","unknown","30만원 이상","상품권 | 선불카드 충전 | 세금 | 공과금 | 연회비 | 수수료","교육 영역은 네이버 카드 상세에서 수집한 혜택 카테고리를 기준으로 임시 계산합니다.","2026-06-11T11:14:42.801Z"
"naver-card-2345-transport-4","naver-card-2345","transport","대중교통","discount","0.03","","5000","","300000","대중교통","unknown","30만원 이상","상품권 | 선불카드 충전 | 세금 | 공과금 | 연회비 | 수수료","대중교통 영역은 네이버 카드 상세에서 수집한 혜택 카테고리를 기준으로 임시 계산합니다.","2026-06-11T11:14:42.801Z"
"naver-card-1337-shopping-0","naver-card-1337","shopping","포인트/캐시백","cashback","0.01","","10000","","300000","포인트/캐시백","unknown","30만원 이상","상품권 | 선불카드 충전 | 세금 | 공과금 | 연회비 | 수수료","포인트/캐시백 영역은 네이버 카드 상세에서 수집한 혜택 카테고리를 기준으로 임시 계산합니다.","2026-06-11T11:14:42.801Z"
"naver-card-10194-etc-0","naver-card-10194","etc","언제나할인","cashback","0.008","","5000","","200000","언제나할인","unknown","20만원 이상","상품권 | 선불카드 충전 | 세금 | 공과금 | 연회비 | 수수료","언제나할인 영역은 네이버 카드 상세에서 수집한 혜택 카테고리를 기준으로 임시 계산합니다.","2026-06-11T11:14:42.801Z"
"naver-card-10194-transport-1","naver-card-10194","transport","대중교통","cashback","0.008","","5000","","200000","대중교통","unknown","20만원 이상","상품권 | 선불카드 충전 | 세금 | 공과금 | 연회비 | 수수료","대중교통 영역은 네이버 카드 상세에서 수집한 혜택 카테고리를 기준으로 임시 계산합니다.","2026-06-11T11:14:42.801Z"
"naver-card-10194-shopping-2","naver-card-10194","shopping","포인트/캐시백","cashback","0.008","","5000","","200000","포인트/캐시백","unknown","20만원 이상","상품권 | 선불카드 충전 | 세금 | 공과금 | 연회비 | 수수료","포인트/캐시백 영역은 네이버 카드 상세에서 수집한 혜택 카테고리를 기준으로 임시 계산합니다.","2026-06-11T11:14:42.801Z"
"naver-card-2348-etc-0","naver-card-2348","etc","경차유류환급","discount","0.03","","5000","","300000","경차유류환급","unknown","30만원 이상","상품권 | 선불카드 충전 | 세금 | 공과금 | 연회비 | 수수료","경차유류환급 영역은 네이버 카드 상세에서 수집한 혜택 카테고리를 기준으로 임시 계산합니다.","2026-06-11T11:14:42.801Z"
"naver-card-2348-fuel-1","naver-card-2348","fuel","주유","discount","0.03","","5000","","300000","주유","unknown","30만원 이상","상품권 | 선불카드 충전 | 세금 | 공과금 | 연회비 | 수수료","주유 영역은 네이버 카드 상세에서 수집한 혜택 카테고리를 기준으로 임시 계산합니다.","2026-06-11T11:14:42.801Z"
"naver-card-2348-convenience-2","naver-card-2348","convenience","편의점","discount","0.03","","5000","","300000","편의점","unknown","30만원 이상","상품권 | 선불카드 충전 | 세금 | 공과금 | 연회비 | 수수료","편의점 영역은 네이버 카드 상세에서 수집한 혜택 카테고리를 기준으로 임시 계산합니다.","2026-06-11T11:14:42.801Z"
"naver-card-2348-medical-3","naver-card-2348","medical","의료","discount","0.03","","5000","","300000","의료","unknown","30만원 이상","상품권 | 선불카드 충전 | 세금 | 공과금 | 연회비 | 수수료","의료 영역은 네이버 카드 상세에서 수집한 혜택 카테고리를 기준으로 임시 계산합니다.","2026-06-11T11:14:42.801Z"
"naver-card-2348-coffee-4","naver-card-2348","coffee","카페/베이커리","discount","0.03","","5000","","300000","카페/베이커리","unknown","30만원 이상","상품권 | 선불카드 충전 | 세금 | 공과금 | 연회비 | 수수료","카페/베이커리 영역은 네이버 카드 상세에서 수집한 혜택 카테고리를 기준으로 임시 계산합니다.","2026-06-11T11:14:42.801Z"
"naver-card-10265-shopping-0","naver-card-10265","shopping","포인트/캐시백","cashback","0.01","","8000","","500000","포인트/캐시백","unknown","50만원 이상","상품권 | 선불카드 충전 | 세금 | 공과금 | 연회비 | 수수료","포인트/캐시백 영역은 네이버 카드 상세에서 수집한 혜택 카테고리를 기준으로 임시 계산합니다.","2026-06-11T11:14:42.801Z"
"naver-card-10265-etc-1","naver-card-10265","etc","프리미엄","cashback","0.01","","8000","","500000","프리미엄","unknown","50만원 이상","상품권 | 선불카드 충전 | 세금 | 공과금 | 연회비 | 수수료","프리미엄 영역은 네이버 카드 상세에서 수집한 혜택 카테고리를 기준으로 임시 계산합니다.","2026-06-11T11:14:42.801Z"
"naver-card-10265-coffee-2","naver-card-10265","coffee","카페/베이커리","cashback","0.01","","8000","","500000","카페/베이커리","unknown","50만원 이상","상품권 | 선불카드 충전 | 세금 | 공과금 | 연회비 | 수수료","카페/베이커리 영역은 네이버 카드 상세에서 수집한 혜택 카테고리를 기준으로 임시 계산합니다.","2026-06-11T11:14:42.801Z"
"naver-card-10265-mart-3","naver-card-10265","mart","대형마트","cashback","0.01","","8000","","500000","대형마트","unknown","50만원 이상","상품권 | 선불카드 충전 | 세금 | 공과금 | 연회비 | 수수료","대형마트 영역은 네이버 카드 상세에서 수집한 혜택 카테고리를 기준으로 임시 계산합니다.","2026-06-11T11:14:42.801Z"
"naver-card-10265-transport-4","naver-card-10265","transport","대중교통","cashback","0.01","","8000","","500000","대중교통","unknown","50만원 이상","상품권 | 선불카드 충전 | 세금 | 공과금 | 연회비 | 수수료","대중교통 영역은 네이버 카드 상세에서 수집한 혜택 카테고리를 기준으로 임시 계산합니다.","2026-06-11T11:14:42.801Z"
"naver-card-10594-shopping-0","naver-card-10594","shopping","바우처","cashback","0.01","","8000","","500000","바우처","unknown","50만원 이상","상품권 | 선불카드 충전 | 세금 | 공과금 | 연회비 | 수수료","바우처 영역은 네이버 카드 상세에서 수집한 혜택 카테고리를 기준으로 임시 계산합니다.","2026-06-11T11:14:42.801Z"
"naver-card-10594-etc-1","naver-card-10594","etc","프리미엄","cashback","0.01","","8000","","500000","프리미엄","unknown","50만원 이상","상품권 | 선불카드 충전 | 세금 | 공과금 | 연회비 | 수수료","프리미엄 영역은 네이버 카드 상세에서 수집한 혜택 카테고리를 기준으로 임시 계산합니다.","2026-06-11T11:14:42.801Z"
"naver-card-10594-dining-2","naver-card-10594","dining","외식","cashback","0.01","","8000","","500000","외식","unknown","50만원 이상","상품권 | 선불카드 충전 | 세금 | 공과금 | 연회비 | 수수료","외식 영역은 네이버 카드 상세에서 수집한 혜택 카테고리를 기준으로 임시 계산합니다.","2026-06-11T11:14:42.801Z"
"naver-card-10594-medical-3","naver-card-10594","medical","의료","cashback","0.01","","8000","","500000","의료","unknown","50만원 이상","상품권 | 선불카드 충전 | 세금 | 공과금 | 연회비 | 수수료","의료 영역은 네이버 카드 상세에서 수집한 혜택 카테고리를 기준으로 임시 계산합니다.","2026-06-11T11:14:42.801Z"
"naver-card-10594-mart-4","naver-card-10594","mart","대형마트","cashback","0.01","","8000","","500000","대형마트","unknown","50만원 이상","상품권 | 선불카드 충전 | 세금 | 공과금 | 연회비 | 수수료","대형마트 영역은 네이버 카드 상세에서 수집한 혜택 카테고리를 기준으로 임시 계산합니다.","2026-06-11T11:14:42.801Z"
"naver-card-10614-shopping-0","naver-card-10614","shopping","포인트/캐시백","cashback","0.1","","5000","","300000","포인트/캐시백","unknown","30만원 이상","상품권 | 선불카드 충전 | 세금 | 공과금 | 연회비 | 수수료","포인트/캐시백 영역은 네이버 카드 상세에서 수집한 혜택 카테고리를 기준으로 임시 계산합니다.","2026-06-11T11:14:42.801Z"
"naver-card-10614-etc-1","naver-card-10614","etc","체크카드겸용","cashback","0.1","","5000","","300000","체크카드겸용","unknown","30만원 이상","상품권 | 선불카드 충전 | 세금 | 공과금 | 연회비 | 수수료","체크카드겸용 영역은 네이버 카드 상세에서 수집한 혜택 카테고리를 기준으로 임시 계산합니다.","2026-06-11T11:14:42.801Z"
"naver-card-10614-dining-2","naver-card-10614","dining","외식","cashback","0.1","","5000","","300000","외식","unknown","30만원 이상","상품권 | 선불카드 충전 | 세금 | 공과금 | 연회비 | 수수료","외식 영역은 네이버 카드 상세에서 수집한 혜택 카테고리를 기준으로 임시 계산합니다.","2026-06-11T11:14:42.801Z"
"naver-card-10614-medical-3","naver-card-10614","medical","뷰티","cashback","0.1","","5000","","300000","뷰티","unknown","30만원 이상","상품권 | 선불카드 충전 | 세금 | 공과금 | 연회비 | 수수료","뷰티 영역은 네이버 카드 상세에서 수집한 혜택 카테고리를 기준으로 임시 계산합니다.","2026-06-11T11:14:42.801Z"
"naver-card-10614-mart-4","naver-card-10614","mart","대형마트","cashback","0.1","","5000","","300000","대형마트","unknown","30만원 이상","상품권 | 선불카드 충전 | 세금 | 공과금 | 연회비 | 수수료","대형마트 영역은 네이버 카드 상세에서 수집한 혜택 카테고리를 기준으로 임시 계산합니다.","2026-06-11T11:14:42.801Z"
"naver-card-10557-shopping-0","naver-card-10557","shopping","쇼핑","cashback","0.1","","5000","","400000","쇼핑","unknown","40만원 이상","상품권 | 선불카드 충전 | 세금 | 공과금 | 연회비 | 수수료","쇼핑 영역은 네이버 카드 상세에서 수집한 혜택 카테고리를 기준으로 임시 계산합니다.","2026-06-11T11:14:42.801Z"
"naver-card-10557-coffee-1","naver-card-10557","coffee","카페/베이커리","cashback","0.1","","5000","","400000","카페/베이커리","unknown","40만원 이상","상품권 | 선불카드 충전 | 세금 | 공과금 | 연회비 | 수수료","카페/베이커리 영역은 네이버 카드 상세에서 수집한 혜택 카테고리를 기준으로 임시 계산합니다.","2026-06-11T11:14:42.801Z"
"naver-card-10524-telecom-0","naver-card-10524","telecom","통신","discount","0.03","","10000","","300000","통신","unknown","30만원 이상","상품권 | 선불카드 충전 | 세금 | 공과금 | 연회비 | 수수료","통신 영역은 네이버 카드 상세에서 수집한 혜택 카테고리를 기준으로 임시 계산합니다.","2026-06-11T11:14:42.801Z"
"naver-card-10316-shopping-0","naver-card-10316","shopping","바우처","cashback","0.01","","8000","","500000","바우처","unknown","50만원 이상","상품권 | 선불카드 충전 | 세금 | 공과금 | 연회비 | 수수료","바우처 영역은 네이버 카드 상세에서 수집한 혜택 카테고리를 기준으로 임시 계산합니다.","2026-06-11T11:14:42.801Z"
"naver-card-10316-etc-1","naver-card-10316","etc","레저","cashback","0.01","","8000","","500000","레저","unknown","50만원 이상","상품권 | 선불카드 충전 | 세금 | 공과금 | 연회비 | 수수료","레저 영역은 네이버 카드 상세에서 수집한 혜택 카테고리를 기준으로 임시 계산합니다.","2026-06-11T11:14:42.801Z"
"naver-card-10639-telecom-0","naver-card-10639","telecom","통신","discount","0.03","","42000","","700000","통신","unknown","70만원 이상","상품권 | 선불카드 충전 | 세금 | 공과금 | 연회비 | 수수료","통신 영역은 네이버 카드 상세에서 수집한 혜택 카테고리를 기준으로 임시 계산합니다.","2026-06-11T11:14:42.801Z"
"naver-card-10501-dining-0","naver-card-10501","dining","외식","discount","0.05","","8000","","500000","외식","unknown","50만원 이상","상품권 | 선불카드 충전 | 세금 | 공과금 | 연회비 | 수수료","외식 영역은 네이버 카드 상세에서 수집한 혜택 카테고리를 기준으로 임시 계산합니다.","2026-06-11T11:14:42.801Z"
"naver-card-10501-mart-1","naver-card-10501","mart","대형마트","discount","0.05","","8000","","500000","대형마트","unknown","50만원 이상","상품권 | 선불카드 충전 | 세금 | 공과금 | 연회비 | 수수료","대형마트 영역은 네이버 카드 상세에서 수집한 혜택 카테고리를 기준으로 임시 계산합니다.","2026-06-11T11:14:42.801Z"
"naver-card-10501-coffee-2","naver-card-10501","coffee","카페/베이커리","discount","0.05","","8000","","500000","카페/베이커리","unknown","50만원 이상","상품권 | 선불카드 충전 | 세금 | 공과금 | 연회비 | 수수료","카페/베이커리 영역은 네이버 카드 상세에서 수집한 혜택 카테고리를 기준으로 임시 계산합니다.","2026-06-11T11:14:42.801Z"
"naver-card-10501-convenience-3","naver-card-10501","convenience","편의점","discount","0.05","","8000","","500000","편의점","unknown","50만원 이상","상품권 | 선불카드 충전 | 세금 | 공과금 | 연회비 | 수수료","편의점 영역은 네이버 카드 상세에서 수집한 혜택 카테고리를 기준으로 임시 계산합니다.","2026-06-11T11:14:42.801Z"
"naver-card-10501-transport-4","naver-card-10501","transport","대중교통","discount","0.05","","8000","","500000","대중교통","unknown","50만원 이상","상품권 | 선불카드 충전 | 세금 | 공과금 | 연회비 | 수수료","대중교통 영역은 네이버 카드 상세에서 수집한 혜택 카테고리를 기준으로 임시 계산합니다.","2026-06-11T11:14:42.801Z"
"naver-card-10613-shopping-0","naver-card-10613","shopping","포인트/캐시백","cashback","0.05","","5000","","300000","포인트/캐시백","unknown","30만원 이상","상품권 | 선불카드 충전 | 세금 | 공과금 | 연회비 | 수수료","포인트/캐시백 영역은 네이버 카드 상세에서 수집한 혜택 카테고리를 기준으로 임시 계산합니다.","2026-06-11T11:14:42.801Z"
"naver-card-10613-etc-1","naver-card-10613","etc","체크카드겸용","cashback","0.05","","5000","","300000","체크카드겸용","unknown","30만원 이상","상품권 | 선불카드 충전 | 세금 | 공과금 | 연회비 | 수수료","체크카드겸용 영역은 네이버 카드 상세에서 수집한 혜택 카테고리를 기준으로 임시 계산합니다.","2026-06-11T11:14:42.801Z"
"naver-card-10613-dining-2","naver-card-10613","dining","외식","cashback","0.05","","5000","","300000","외식","unknown","30만원 이상","상품권 | 선불카드 충전 | 세금 | 공과금 | 연회비 | 수수료","외식 영역은 네이버 카드 상세에서 수집한 혜택 카테고리를 기준으로 임시 계산합니다.","2026-06-11T11:14:42.801Z"
"naver-card-10613-convenience-3","naver-card-10613","convenience","편의점","cashback","0.05","","5000","","300000","편의점","unknown","30만원 이상","상품권 | 선불카드 충전 | 세금 | 공과금 | 연회비 | 수수료","편의점 영역은 네이버 카드 상세에서 수집한 혜택 카테고리를 기준으로 임시 계산합니다.","2026-06-11T11:14:42.801Z"
"naver-card-10613-transport-4","naver-card-10613","transport","대중교통","cashback","0.05","","5000","","300000","대중교통","unknown","30만원 이상","상품권 | 선불카드 충전 | 세금 | 공과금 | 연회비 | 수수료","대중교통 영역은 네이버 카드 상세에서 수집한 혜택 카테고리를 기준으로 임시 계산합니다.","2026-06-11T11:14:42.801Z"
"naver-card-10299-shopping-0","naver-card-10299","shopping","포인트/캐시백","cashback","0.1","","5000","","300000","포인트/캐시백","unknown","30만원 이상","상품권 | 선불카드 충전 | 세금 | 공과금 | 연회비 | 수수료","포인트/캐시백 영역은 네이버 카드 상세에서 수집한 혜택 카테고리를 기준으로 임시 계산합니다.","2026-06-11T11:14:42.801Z"
"naver-card-10299-etc-1","naver-card-10299","etc","언제나할인","cashback","0.1","","5000","","300000","언제나할인","unknown","30만원 이상","상품권 | 선불카드 충전 | 세금 | 공과금 | 연회비 | 수수료","언제나할인 영역은 네이버 카드 상세에서 수집한 혜택 카테고리를 기준으로 임시 계산합니다.","2026-06-11T11:14:42.801Z"
"naver-card-10299-coffee-2","naver-card-10299","coffee","카페/베이커리","cashback","0.1","","5000","","300000","카페/베이커리","unknown","30만원 이상","상품권 | 선불카드 충전 | 세금 | 공과금 | 연회비 | 수수료","카페/베이커리 영역은 네이버 카드 상세에서 수집한 혜택 카테고리를 기준으로 임시 계산합니다.","2026-06-11T11:14:42.801Z"
"naver-card-10299-transport-3","naver-card-10299","transport","대중교통","cashback","0.1","","5000","","300000","대중교통","unknown","30만원 이상","상품권 | 선불카드 충전 | 세금 | 공과금 | 연회비 | 수수료","대중교통 영역은 네이버 카드 상세에서 수집한 혜택 카테고리를 기준으로 임시 계산합니다.","2026-06-11T11:14:42.801Z"
"naver-card-10597-shopping-0","naver-card-10597","shopping","포인트/캐시백","cashback","0.03","","25000","","0","포인트/캐시백","unknown","실적 조건 없음","상품권 | 선불카드 충전 | 세금 | 공과금 | 연회비 | 수수료","포인트/캐시백 영역은 네이버 카드 상세에서 수집한 혜택 카테고리를 기준으로 임시 계산합니다.","2026-06-11T11:14:42.801Z"
"naver-card-10597-travel-1","naver-card-10597","travel","외화결제","cashback","0.03","","25000","","0","외화결제","unknown","실적 조건 없음","상품권 | 선불카드 충전 | 세금 | 공과금 | 연회비 | 수수료","외화결제 영역은 네이버 카드 상세에서 수집한 혜택 카테고리를 기준으로 임시 계산합니다.","2026-06-11T11:14:42.801Z"
"naver-card-10486-etc-0","naver-card-10486","etc","하이패스","discount","0.1","","10000","","0","하이패스","unknown","실적 조건 없음","상품권 | 선불카드 충전 | 세금 | 공과금 | 연회비 | 수수료","하이패스 영역은 네이버 카드 상세에서 수집한 혜택 카테고리를 기준으로 임시 계산합니다.","2026-06-11T11:14:42.801Z"
"naver-card-1312-travel-0","naver-card-1312","travel","항공마일리지","mileage","0.01","","5000","","0","항공마일리지","unknown","실적 조건 없음","상품권 | 선불카드 충전 | 세금 | 공과금 | 연회비 | 수수료","항공마일리지 영역은 네이버 카드 상세에서 수집한 혜택 카테고리를 기준으로 임시 계산합니다.","2026-06-11T11:14:42.801Z"
"naver-card-1312-shopping-1","naver-card-1312","shopping","쇼핑","mileage","0.01","","5000","","0","쇼핑","unknown","실적 조건 없음","상품권 | 선불카드 충전 | 세금 | 공과금 | 연회비 | 수수료","쇼핑 영역은 네이버 카드 상세에서 수집한 혜택 카테고리를 기준으로 임시 계산합니다.","2026-06-11T11:14:42.801Z"
"naver-card-10610-shopping-0","naver-card-10610","shopping","포인트/캐시백","cashback","0.03","","5000","","300000","포인트/캐시백","unknown","30만원 이상","상품권 | 선불카드 충전 | 세금 | 공과금 | 연회비 | 수수료","포인트/캐시백 영역은 네이버 카드 상세에서 수집한 혜택 카테고리를 기준으로 임시 계산합니다.","2026-06-11T11:14:42.801Z"
"naver-card-10610-etc-1","naver-card-10610","etc","체크카드겸용","cashback","0.03","","5000","","300000","체크카드겸용","unknown","30만원 이상","상품권 | 선불카드 충전 | 세금 | 공과금 | 연회비 | 수수료","체크카드겸용 영역은 네이버 카드 상세에서 수집한 혜택 카테고리를 기준으로 임시 계산합니다.","2026-06-11T11:14:42.801Z"
"naver-card-10610-dining-2","naver-card-10610","dining","외식","cashback","0.03","","5000","","300000","외식","unknown","30만원 이상","상품권 | 선불카드 충전 | 세금 | 공과금 | 연회비 | 수수료","외식 영역은 네이버 카드 상세에서 수집한 혜택 카테고리를 기준으로 임시 계산합니다.","2026-06-11T11:14:42.801Z"
"naver-card-10610-convenience-3","naver-card-10610","convenience","편의점","cashback","0.03","","5000","","300000","편의점","unknown","30만원 이상","상품권 | 선불카드 충전 | 세금 | 공과금 | 연회비 | 수수료","편의점 영역은 네이버 카드 상세에서 수집한 혜택 카테고리를 기준으로 임시 계산합니다.","2026-06-11T11:14:42.801Z"
"naver-card-10610-transport-4","naver-card-10610","transport","대중교통","cashback","0.03","","5000","","300000","대중교통","unknown","30만원 이상","상품권 | 선불카드 충전 | 세금 | 공과금 | 연회비 | 수수료","대중교통 영역은 네이버 카드 상세에서 수집한 혜택 카테고리를 기준으로 임시 계산합니다.","2026-06-11T11:14:42.801Z"
"naver-card-10516-ott-0","naver-card-10516","ott","렌탈","cashback","0.01","","10000","","300000","렌탈","unknown","30만원 이상","상품권 | 선불카드 충전 | 세금 | 공과금 | 연회비 | 수수료","렌탈 영역은 네이버 카드 상세에서 수집한 혜택 카테고리를 기준으로 임시 계산합니다.","2026-06-11T11:14:42.801Z"
"naver-card-10035-etc-0","naver-card-10035","etc","국민행복카드","discount","0.1","","5000","","300000","국민행복카드","unknown","30만원 이상","상품권 | 선불카드 충전 | 세금 | 공과금 | 연회비 | 수수료","국민행복카드 영역은 네이버 카드 상세에서 수집한 혜택 카테고리를 기준으로 임시 계산합니다.","2026-06-11T11:14:42.801Z"
"naver-card-10035-medical-1","naver-card-10035","medical","의료","discount","0.1","","5000","","300000","의료","unknown","30만원 이상","상품권 | 선불카드 충전 | 세금 | 공과금 | 연회비 | 수수료","의료 영역은 네이버 카드 상세에서 수집한 혜택 카테고리를 기준으로 임시 계산합니다.","2026-06-11T11:14:42.801Z"
"naver-card-10035-shopping-2","naver-card-10035","shopping","쇼핑","discount","0.1","","5000","","300000","쇼핑","unknown","30만원 이상","상품권 | 선불카드 충전 | 세금 | 공과금 | 연회비 | 수수료","쇼핑 영역은 네이버 카드 상세에서 수집한 혜택 카테고리를 기준으로 임시 계산합니다.","2026-06-11T11:14:42.801Z"
"naver-card-10035-education-3","naver-card-10035","education","교육","discount","0.1","","5000","","300000","교육","unknown","30만원 이상","상품권 | 선불카드 충전 | 세금 | 공과금 | 연회비 | 수수료","교육 영역은 네이버 카드 상세에서 수집한 혜택 카테고리를 기준으로 임시 계산합니다.","2026-06-11T11:14:42.801Z"
"naver-card-10035-dining-4","naver-card-10035","dining","외식","discount","0.1","","5000","","300000","외식","unknown","30만원 이상","상품권 | 선불카드 충전 | 세금 | 공과금 | 연회비 | 수수료","외식 영역은 네이버 카드 상세에서 수집한 혜택 카테고리를 기준으로 임시 계산합니다.","2026-06-11T11:14:42.801Z"
"naver-card-10320-shopping-0","naver-card-10320","shopping","바우처","cashback","0.1","","8000","","500000","바우처","unknown","50만원 이상","상품권 | 선불카드 충전 | 세금 | 공과금 | 연회비 | 수수료","바우처 영역은 네이버 카드 상세에서 수집한 혜택 카테고리를 기준으로 임시 계산합니다.","2026-06-11T11:14:42.801Z"
"naver-card-10320-etc-1","naver-card-10320","etc","프리미엄","cashback","0.1","","8000","","500000","프리미엄","unknown","50만원 이상","상품권 | 선불카드 충전 | 세금 | 공과금 | 연회비 | 수수료","프리미엄 영역은 네이버 카드 상세에서 수집한 혜택 카테고리를 기준으로 임시 계산합니다.","2026-06-11T11:14:42.801Z"
"naver-card-10558-fuel-0","naver-card-10558","fuel","주유","cashback","0.01","","5000","","400000","주유","unknown","40만원 이상","상품권 | 선불카드 충전 | 세금 | 공과금 | 연회비 | 수수료","주유 영역은 네이버 카드 상세에서 수집한 혜택 카테고리를 기준으로 임시 계산합니다.","2026-06-11T11:14:42.801Z"
"naver-card-10558-dining-1","naver-card-10558","dining","외식","cashback","0.01","","5000","","400000","외식","unknown","40만원 이상","상품권 | 선불카드 충전 | 세금 | 공과금 | 연회비 | 수수료","외식 영역은 네이버 카드 상세에서 수집한 혜택 카테고리를 기준으로 임시 계산합니다.","2026-06-11T11:14:42.801Z"
"naver-card-10558-telecom-2","naver-card-10558","telecom","통신","cashback","0.01","","5000","","400000","통신","unknown","40만원 이상","상품권 | 선불카드 충전 | 세금 | 공과금 | 연회비 | 수수료","통신 영역은 네이버 카드 상세에서 수집한 혜택 카테고리를 기준으로 임시 계산합니다.","2026-06-11T11:14:42.801Z"
"naver-card-10558-etc-3","naver-card-10558","etc","금융","cashback","0.01","","5000","","400000","금융","unknown","40만원 이상","상품권 | 선불카드 충전 | 세금 | 공과금 | 연회비 | 수수료","금융 영역은 네이버 카드 상세에서 수집한 혜택 카테고리를 기준으로 임시 계산합니다.","2026-06-11T11:14:42.801Z"
"naver-card-10558-shopping-4","naver-card-10558","shopping","쇼핑","cashback","0.01","","5000","","400000","쇼핑","unknown","40만원 이상","상품권 | 선불카드 충전 | 세금 | 공과금 | 연회비 | 수수료","쇼핑 영역은 네이버 카드 상세에서 수집한 혜택 카테고리를 기준으로 임시 계산합니다.","2026-06-11T11:14:42.801Z"
"naver-card-10530-education-0","naver-card-10530","education","교육","discount","0.1","","5000","","400000","교육","unknown","40만원 이상","상품권 | 선불카드 충전 | 세금 | 공과금 | 연회비 | 수수료","교육 영역은 네이버 카드 상세에서 수집한 혜택 카테고리를 기준으로 임시 계산합니다.","2026-06-11T11:14:42.801Z"
"naver-card-10530-medical-1","naver-card-10530","medical","의료","discount","0.1","","5000","","400000","의료","unknown","40만원 이상","상품권 | 선불카드 충전 | 세금 | 공과금 | 연회비 | 수수료","의료 영역은 네이버 카드 상세에서 수집한 혜택 카테고리를 기준으로 임시 계산합니다.","2026-06-11T11:14:42.801Z"
"naver-card-10530-telecom-2","naver-card-10530","telecom","통신","discount","0.1","","5000","","400000","통신","unknown","40만원 이상","상품권 | 선불카드 충전 | 세금 | 공과금 | 연회비 | 수수료","통신 영역은 네이버 카드 상세에서 수집한 혜택 카테고리를 기준으로 임시 계산합니다.","2026-06-11T11:14:42.801Z"
"naver-card-10530-etc-3","naver-card-10530","etc","관리비","discount","0.1","","5000","","400000","관리비","unknown","40만원 이상","상품권 | 선불카드 충전 | 세금 | 공과금 | 연회비 | 수수료","관리비 영역은 네이버 카드 상세에서 수집한 혜택 카테고리를 기준으로 임시 계산합니다.","2026-06-11T11:14:42.801Z"
"naver-card-10530-shopping-4","naver-card-10530","shopping","간편결제","discount","0.1","","5000","","400000","간편결제","unknown","40만원 이상","상품권 | 선불카드 충전 | 세금 | 공과금 | 연회비 | 수수료","간편결제 영역은 네이버 카드 상세에서 수집한 혜택 카테고리를 기준으로 임시 계산합니다.","2026-06-11T11:14:42.801Z"
"naver-card-10359-shopping-0","naver-card-10359","shopping","포인트/캐시백","cashback","0.1","","12000","","1000000","포인트/캐시백","unknown","100만원 이상","상품권 | 선불카드 충전 | 세금 | 공과금 | 연회비 | 수수료","포인트/캐시백 영역은 네이버 카드 상세에서 수집한 혜택 카테고리를 기준으로 임시 계산합니다.","2026-06-11T11:14:42.801Z"
"naver-card-10359-etc-1","naver-card-10359","etc","프리미엄","cashback","0.1","","12000","","1000000","프리미엄","unknown","100만원 이상","상품권 | 선불카드 충전 | 세금 | 공과금 | 연회비 | 수수료","프리미엄 영역은 네이버 카드 상세에서 수집한 혜택 카테고리를 기준으로 임시 계산합니다.","2026-06-11T11:14:42.801Z"
"naver-card-10359-coffee-2","naver-card-10359","coffee","카페/베이커리","cashback","0.1","","12000","","1000000","카페/베이커리","unknown","100만원 이상","상품권 | 선불카드 충전 | 세금 | 공과금 | 연회비 | 수수료","카페/베이커리 영역은 네이버 카드 상세에서 수집한 혜택 카테고리를 기준으로 임시 계산합니다.","2026-06-11T11:14:42.801Z"
"naver-card-10359-convenience-3","naver-card-10359","convenience","편의점","cashback","0.1","","12000","","1000000","편의점","unknown","100만원 이상","상품권 | 선불카드 충전 | 세금 | 공과금 | 연회비 | 수수료","편의점 영역은 네이버 카드 상세에서 수집한 혜택 카테고리를 기준으로 임시 계산합니다.","2026-06-11T11:14:42.801Z"
"naver-card-10359-fuel-4","naver-card-10359","fuel","주유","cashback","0.1","","12000","","1000000","주유","unknown","100만원 이상","상품권 | 선불카드 충전 | 세금 | 공과금 | 연회비 | 수수료","주유 영역은 네이버 카드 상세에서 수집한 혜택 카테고리를 기준으로 임시 계산합니다.","2026-06-11T11:14:42.801Z"
"naver-card-10395-travel-0","naver-card-10395","travel","항공마일리지","mileage","0.01","","5000","","0","항공마일리지","unknown","실적 조건 없음","상품권 | 선불카드 충전 | 세금 | 공과금 | 연회비 | 수수료","항공마일리지 영역은 네이버 카드 상세에서 수집한 혜택 카테고리를 기준으로 임시 계산합니다.","2026-06-11T11:14:42.801Z"
"naver-card-10395-etc-1","naver-card-10395","etc","언제나할인","mileage","0.01","","5000","","0","언제나할인","unknown","실적 조건 없음","상품권 | 선불카드 충전 | 세금 | 공과금 | 연회비 | 수수료","언제나할인 영역은 네이버 카드 상세에서 수집한 혜택 카테고리를 기준으로 임시 계산합니다.","2026-06-11T11:14:42.801Z"
"naver-card-710-shopping-0","naver-card-710","shopping","포인트/캐시백","cashback","0.1","","5000","","200000","포인트/캐시백","unknown","20만원 이상","상품권 | 선불카드 충전 | 세금 | 공과금 | 연회비 | 수수료","포인트/캐시백 영역은 네이버 카드 상세에서 수집한 혜택 카테고리를 기준으로 임시 계산합니다.","2026-06-11T11:14:42.801Z"
"naver-card-710-etc-1","naver-card-710","etc","언제나할인","cashback","0.1","","5000","","200000","언제나할인","unknown","20만원 이상","상품권 | 선불카드 충전 | 세금 | 공과금 | 연회비 | 수수료","언제나할인 영역은 네이버 카드 상세에서 수집한 혜택 카테고리를 기준으로 임시 계산합니다.","2026-06-11T11:14:42.801Z"
"naver-card-710-transport-2","naver-card-710","transport","대중교통","cashback","0.1","","5000","","200000","대중교통","unknown","20만원 이상","상품권 | 선불카드 충전 | 세금 | 공과금 | 연회비 | 수수료","대중교통 영역은 네이버 카드 상세에서 수집한 혜택 카테고리를 기준으로 임시 계산합니다.","2026-06-11T11:14:42.801Z"
"naver-card-710-mart-3","naver-card-710","mart","대형마트","cashback","0.1","","5000","","200000","대형마트","unknown","20만원 이상","상품권 | 선불카드 충전 | 세금 | 공과금 | 연회비 | 수수료","대형마트 영역은 네이버 카드 상세에서 수집한 혜택 카테고리를 기준으로 임시 계산합니다.","2026-06-11T11:14:42.801Z"
"naver-card-10414-shopping-0","naver-card-10414","shopping","바우처","mileage","0.01","","8000","","500000","바우처","unknown","50만원 이상","상품권 | 선불카드 충전 | 세금 | 공과금 | 연회비 | 수수료","바우처 영역은 네이버 카드 상세에서 수집한 혜택 카테고리를 기준으로 임시 계산합니다.","2026-06-11T11:14:42.801Z"
"naver-card-10414-travel-1","naver-card-10414","travel","항공마일리지","mileage","0.01","","8000","","500000","항공마일리지","unknown","50만원 이상","상품권 | 선불카드 충전 | 세금 | 공과금 | 연회비 | 수수료","항공마일리지 영역은 네이버 카드 상세에서 수집한 혜택 카테고리를 기준으로 임시 계산합니다.","2026-06-11T11:14:42.801Z"
"naver-card-10414-etc-2","naver-card-10414","etc","프리미엄","mileage","0.01","","8000","","500000","프리미엄","unknown","50만원 이상","상품권 | 선불카드 충전 | 세금 | 공과금 | 연회비 | 수수료","프리미엄 영역은 네이버 카드 상세에서 수집한 혜택 카테고리를 기준으로 임시 계산합니다.","2026-06-11T11:14:42.801Z"
"naver-card-10414-mart-3","naver-card-10414","mart","대형마트","mileage","0.01","","8000","","500000","대형마트","unknown","50만원 이상","상품권 | 선불카드 충전 | 세금 | 공과금 | 연회비 | 수수료","대형마트 영역은 네이버 카드 상세에서 수집한 혜택 카테고리를 기준으로 임시 계산합니다.","2026-06-11T11:14:42.801Z"
"naver-card-10414-medical-4","naver-card-10414","medical","뷰티","mileage","0.01","","8000","","500000","뷰티","unknown","50만원 이상","상품권 | 선불카드 충전 | 세금 | 공과금 | 연회비 | 수수료","뷰티 영역은 네이버 카드 상세에서 수집한 혜택 카테고리를 기준으로 임시 계산합니다.","2026-06-11T11:14:42.801Z"
"naver-card-2332-shopping-0","naver-card-2332","shopping","간편결제","discount","0.1","","5000","","400000","간편결제","unknown","40만원 이상","상품권 | 선불카드 충전 | 세금 | 공과금 | 연회비 | 수수료","간편결제 영역은 네이버 카드 상세에서 수집한 혜택 카테고리를 기준으로 임시 계산합니다.","2026-06-11T11:14:42.801Z"
"naver-card-2332-transport-1","naver-card-2332","transport","대중교통","discount","0.1","","5000","","400000","대중교통","unknown","40만원 이상","상품권 | 선불카드 충전 | 세금 | 공과금 | 연회비 | 수수료","대중교통 영역은 네이버 카드 상세에서 수집한 혜택 카테고리를 기준으로 임시 계산합니다.","2026-06-11T11:14:42.801Z"
"naver-card-2332-convenience-2","naver-card-2332","convenience","편의점","discount","0.1","","5000","","400000","편의점","unknown","40만원 이상","상품권 | 선불카드 충전 | 세금 | 공과금 | 연회비 | 수수료","편의점 영역은 네이버 카드 상세에서 수집한 혜택 카테고리를 기준으로 임시 계산합니다.","2026-06-11T11:14:42.801Z"
"naver-card-2332-coffee-3","naver-card-2332","coffee","카페/베이커리","discount","0.1","","5000","","400000","카페/베이커리","unknown","40만원 이상","상품권 | 선불카드 충전 | 세금 | 공과금 | 연회비 | 수수료","카페/베이커리 영역은 네이버 카드 상세에서 수집한 혜택 카테고리를 기준으로 임시 계산합니다.","2026-06-11T11:14:42.801Z"
"naver-card-2332-dining-4","naver-card-2332","dining","외식","discount","0.1","","5000","","400000","외식","unknown","40만원 이상","상품권 | 선불카드 충전 | 세금 | 공과금 | 연회비 | 수수료","외식 영역은 네이버 카드 상세에서 수집한 혜택 카테고리를 기준으로 임시 계산합니다.","2026-06-11T11:14:42.801Z"
"naver-card-10642-ott-0","naver-card-10642","ott","렌탈","cashback","0.01","","10000","","300000","렌탈","unknown","30만원 이상","상품권 | 선불카드 충전 | 세금 | 공과금 | 연회비 | 수수료","렌탈 영역은 네이버 카드 상세에서 수집한 혜택 카테고리를 기준으로 임시 계산합니다.","2026-06-11T11:14:42.801Z"
"naver-card-10642-shopping-1","naver-card-10642","shopping","포인트/캐시백","cashback","0.01","","10000","","300000","포인트/캐시백","unknown","30만원 이상","상품권 | 선불카드 충전 | 세금 | 공과금 | 연회비 | 수수료","포인트/캐시백 영역은 네이버 카드 상세에서 수집한 혜택 카테고리를 기준으로 임시 계산합니다.","2026-06-11T11:14:42.801Z"
"naver-card-10515-shopping-0","naver-card-10515","shopping","포인트/캐시백","mileage","0.05","","5000","","0","포인트/캐시백","unknown","실적 조건 없음","상품권 | 선불카드 충전 | 세금 | 공과금 | 연회비 | 수수료","포인트/캐시백 영역은 네이버 카드 상세에서 수집한 혜택 카테고리를 기준으로 임시 계산합니다.","2026-06-11T11:14:42.801Z"
"naver-card-10515-etc-1","naver-card-10515","etc","프리미엄","mileage","0.05","","5000","","0","프리미엄","unknown","실적 조건 없음","상품권 | 선불카드 충전 | 세금 | 공과금 | 연회비 | 수수료","프리미엄 영역은 네이버 카드 상세에서 수집한 혜택 카테고리를 기준으로 임시 계산합니다.","2026-06-11T11:14:42.801Z"
"naver-card-10544-shopping-0","naver-card-10544","shopping","포인트/캐시백","cashback","0.01","","8000","","500000","포인트/캐시백","unknown","50만원 이상","상품권 | 선불카드 충전 | 세금 | 공과금 | 연회비 | 수수료","포인트/캐시백 영역은 네이버 카드 상세에서 수집한 혜택 카테고리를 기준으로 임시 계산합니다.","2026-06-11T11:14:42.801Z"
"naver-card-10544-etc-1","naver-card-10544","etc","레저","cashback","0.01","","8000","","500000","레저","unknown","50만원 이상","상품권 | 선불카드 충전 | 세금 | 공과금 | 연회비 | 수수료","레저 영역은 네이버 카드 상세에서 수집한 혜택 카테고리를 기준으로 임시 계산합니다.","2026-06-11T11:14:42.801Z"
"naver-card-10585-shopping-0","naver-card-10585","shopping","간편결제","cashback","0.1","","5000","","360000","간편결제","unknown","36만원 이상","상품권 | 선불카드 충전 | 세금 | 공과금 | 연회비 | 수수료","간편결제 영역은 네이버 카드 상세에서 수집한 혜택 카테고리를 기준으로 임시 계산합니다.","2026-06-11T11:14:42.801Z"
"naver-card-10585-dining-1","naver-card-10585","dining","외식","cashback","0.1","","5000","","360000","외식","unknown","36만원 이상","상품권 | 선불카드 충전 | 세금 | 공과금 | 연회비 | 수수료","외식 영역은 네이버 카드 상세에서 수집한 혜택 카테고리를 기준으로 임시 계산합니다.","2026-06-11T11:14:42.801Z"
"naver-card-10585-etc-2","naver-card-10585","etc","문화","cashback","0.1","","5000","","360000","문화","unknown","36만원 이상","상품권 | 선불카드 충전 | 세금 | 공과금 | 연회비 | 수수료","문화 영역은 네이버 카드 상세에서 수집한 혜택 카테고리를 기준으로 임시 계산합니다.","2026-06-11T11:14:42.801Z"
"naver-card-10566-education-0","naver-card-10566","education","교육","cashback","0.1","","5000","","400000","교육","unknown","40만원 이상","상품권 | 선불카드 충전 | 세금 | 공과금 | 연회비 | 수수료","교육 영역은 네이버 카드 상세에서 수집한 혜택 카테고리를 기준으로 임시 계산합니다.","2026-06-11T11:14:42.801Z"
"naver-card-10566-medical-1","naver-card-10566","medical","의료","cashback","0.1","","5000","","400000","의료","unknown","40만원 이상","상품권 | 선불카드 충전 | 세금 | 공과금 | 연회비 | 수수료","의료 영역은 네이버 카드 상세에서 수집한 혜택 카테고리를 기준으로 임시 계산합니다.","2026-06-11T11:14:42.801Z"
"naver-card-10566-coffee-2","naver-card-10566","coffee","카페/베이커리","cashback","0.1","","5000","","400000","카페/베이커리","unknown","40만원 이상","상품권 | 선불카드 충전 | 세금 | 공과금 | 연회비 | 수수료","카페/베이커리 영역은 네이버 카드 상세에서 수집한 혜택 카테고리를 기준으로 임시 계산합니다.","2026-06-11T11:14:42.801Z"
"naver-card-10411-shopping-0","naver-card-10411","shopping","바우처","cashback","0.05","","12000","","1000000","바우처","unknown","100만원 이상","상품권 | 선불카드 충전 | 세금 | 공과금 | 연회비 | 수수료","바우처 영역은 네이버 카드 상세에서 수집한 혜택 카테고리를 기준으로 임시 계산합니다.","2026-06-11T11:14:42.801Z"
"naver-card-10411-etc-1","naver-card-10411","etc","프리미엄","cashback","0.05","","12000","","1000000","프리미엄","unknown","100만원 이상","상품권 | 선불카드 충전 | 세금 | 공과금 | 연회비 | 수수료","프리미엄 영역은 네이버 카드 상세에서 수집한 혜택 카테고리를 기준으로 임시 계산합니다.","2026-06-11T11:14:42.801Z"
"naver-card-10411-mart-2","naver-card-10411","mart","대형마트","cashback","0.05","","12000","","1000000","대형마트","unknown","100만원 이상","상품권 | 선불카드 충전 | 세금 | 공과금 | 연회비 | 수수료","대형마트 영역은 네이버 카드 상세에서 수집한 혜택 카테고리를 기준으로 임시 계산합니다.","2026-06-11T11:14:42.801Z"
"naver-card-10411-coffee-3","naver-card-10411","coffee","카페/베이커리","cashback","0.05","","12000","","1000000","카페/베이커리","unknown","100만원 이상","상품권 | 선불카드 충전 | 세금 | 공과금 | 연회비 | 수수료","카페/베이커리 영역은 네이버 카드 상세에서 수집한 혜택 카테고리를 기준으로 임시 계산합니다.","2026-06-11T11:14:42.801Z"
"naver-card-10411-dining-4","naver-card-10411","dining","외식","cashback","0.05","","12000","","1000000","외식","unknown","100만원 이상","상품권 | 선불카드 충전 | 세금 | 공과금 | 연회비 | 수수료","외식 영역은 네이버 카드 상세에서 수집한 혜택 카테고리를 기준으로 임시 계산합니다.","2026-06-11T11:14:42.801Z"
"naver-card-2612-shopping-0","naver-card-2612","shopping","포인트/캐시백","cashback","0.057","","5000","","240000","포인트/캐시백","unknown","24만원 이상","상품권 | 선불카드 충전 | 세금 | 공과금 | 연회비 | 수수료","포인트/캐시백 영역은 네이버 카드 상세에서 수집한 혜택 카테고리를 기준으로 임시 계산합니다.","2026-06-11T11:14:42.801Z"
"naver-card-2612-mart-1","naver-card-2612","mart","대형마트","cashback","0.057","","5000","","240000","대형마트","unknown","24만원 이상","상품권 | 선불카드 충전 | 세금 | 공과금 | 연회비 | 수수료","대형마트 영역은 네이버 카드 상세에서 수집한 혜택 카테고리를 기준으로 임시 계산합니다.","2026-06-11T11:14:42.801Z"
"naver-card-2612-convenience-2","naver-card-2612","convenience","편의점","cashback","0.057","","5000","","240000","편의점","unknown","24만원 이상","상품권 | 선불카드 충전 | 세금 | 공과금 | 연회비 | 수수료","편의점 영역은 네이버 카드 상세에서 수집한 혜택 카테고리를 기준으로 임시 계산합니다.","2026-06-11T11:14:42.801Z"
"naver-card-2612-coffee-3","naver-card-2612","coffee","카페/베이커리","cashback","0.057","","5000","","240000","카페/베이커리","unknown","24만원 이상","상품권 | 선불카드 충전 | 세금 | 공과금 | 연회비 | 수수료","카페/베이커리 영역은 네이버 카드 상세에서 수집한 혜택 카테고리를 기준으로 임시 계산합니다.","2026-06-11T11:14:42.801Z"
"naver-card-2612-fuel-4","naver-card-2612","fuel","주유","cashback","0.057","","5000","","240000","주유","unknown","24만원 이상","상품권 | 선불카드 충전 | 세금 | 공과금 | 연회비 | 수수료","주유 영역은 네이버 카드 상세에서 수집한 혜택 카테고리를 기준으로 임시 계산합니다.","2026-06-11T11:14:42.801Z"
"naver-card-99-shopping-0","naver-card-99","shopping","포인트/캐시백","cashback","0.05","","5000","","300000","포인트/캐시백","unknown","30만원 이상","상품권 | 선불카드 충전 | 세금 | 공과금 | 연회비 | 수수료","포인트/캐시백 영역은 네이버 카드 상세에서 수집한 혜택 카테고리를 기준으로 임시 계산합니다.","2026-06-11T11:14:42.801Z"
"naver-card-99-education-1","naver-card-99","education","교육","cashback","0.05","","5000","","300000","교육","unknown","30만원 이상","상품권 | 선불카드 충전 | 세금 | 공과금 | 연회비 | 수수료","교육 영역은 네이버 카드 상세에서 수집한 혜택 카테고리를 기준으로 임시 계산합니다.","2026-06-11T11:14:42.801Z"
"naver-card-99-fuel-2","naver-card-99","fuel","주유","cashback","0.05","","5000","","300000","주유","unknown","30만원 이상","상품권 | 선불카드 충전 | 세금 | 공과금 | 연회비 | 수수료","주유 영역은 네이버 카드 상세에서 수집한 혜택 카테고리를 기준으로 임시 계산합니다.","2026-06-11T11:14:42.801Z"
"naver-card-99-transport-3","naver-card-99","transport","대중교통","cashback","0.05","","5000","","300000","대중교통","unknown","30만원 이상","상품권 | 선불카드 충전 | 세금 | 공과금 | 연회비 | 수수료","대중교통 영역은 네이버 카드 상세에서 수집한 혜택 카테고리를 기준으로 임시 계산합니다.","2026-06-11T11:14:42.801Z"
"naver-card-99-dining-4","naver-card-99","dining","외식","cashback","0.05","","5000","","300000","외식","unknown","30만원 이상","상품권 | 선불카드 충전 | 세금 | 공과금 | 연회비 | 수수료","외식 영역은 네이버 카드 상세에서 수집한 혜택 카테고리를 기준으로 임시 계산합니다.","2026-06-11T11:14:42.801Z"
"naver-card-10412-shopping-0","naver-card-10412","shopping","바우처","mileage","0.01","","8000","","500000","바우처","unknown","50만원 이상","상품권 | 선불카드 충전 | 세금 | 공과금 | 연회비 | 수수료","바우처 영역은 네이버 카드 상세에서 수집한 혜택 카테고리를 기준으로 임시 계산합니다.","2026-06-11T11:14:42.801Z"
"naver-card-10412-travel-1","naver-card-10412","travel","항공마일리지","mileage","0.01","","8000","","500000","항공마일리지","unknown","50만원 이상","상품권 | 선불카드 충전 | 세금 | 공과금 | 연회비 | 수수료","항공마일리지 영역은 네이버 카드 상세에서 수집한 혜택 카테고리를 기준으로 임시 계산합니다.","2026-06-11T11:14:42.801Z"
"naver-card-10412-etc-2","naver-card-10412","etc","프리미엄","mileage","0.01","","8000","","500000","프리미엄","unknown","50만원 이상","상품권 | 선불카드 충전 | 세금 | 공과금 | 연회비 | 수수료","프리미엄 영역은 네이버 카드 상세에서 수집한 혜택 카테고리를 기준으로 임시 계산합니다.","2026-06-11T11:14:42.801Z"
"naver-card-10412-mart-3","naver-card-10412","mart","대형마트","mileage","0.01","","8000","","500000","대형마트","unknown","50만원 이상","상품권 | 선불카드 충전 | 세금 | 공과금 | 연회비 | 수수료","대형마트 영역은 네이버 카드 상세에서 수집한 혜택 카테고리를 기준으로 임시 계산합니다.","2026-06-11T11:14:42.801Z"
"naver-card-10412-medical-4","naver-card-10412","medical","뷰티","mileage","0.01","","8000","","500000","뷰티","unknown","50만원 이상","상품권 | 선불카드 충전 | 세금 | 공과금 | 연회비 | 수수료","뷰티 영역은 네이버 카드 상세에서 수집한 혜택 카테고리를 기준으로 임시 계산합니다.","2026-06-11T11:14:42.801Z"
"naver-card-10529-dining-0","naver-card-10529","dining","외식","discount","0.1","","5000","","400000","외식","unknown","40만원 이상","상품권 | 선불카드 충전 | 세금 | 공과금 | 연회비 | 수수료","외식 영역은 네이버 카드 상세에서 수집한 혜택 카테고리를 기준으로 임시 계산합니다.","2026-06-11T11:14:42.801Z"
"naver-card-10529-coffee-1","naver-card-10529","coffee","카페/베이커리","discount","0.1","","5000","","400000","카페/베이커리","unknown","40만원 이상","상품권 | 선불카드 충전 | 세금 | 공과금 | 연회비 | 수수료","카페/베이커리 영역은 네이버 카드 상세에서 수집한 혜택 카테고리를 기준으로 임시 계산합니다.","2026-06-11T11:14:42.801Z"
"naver-card-10529-convenience-2","naver-card-10529","convenience","편의점","discount","0.1","","5000","","400000","편의점","unknown","40만원 이상","상품권 | 선불카드 충전 | 세금 | 공과금 | 연회비 | 수수료","편의점 영역은 네이버 카드 상세에서 수집한 혜택 카테고리를 기준으로 임시 계산합니다.","2026-06-11T11:14:42.801Z"
"naver-card-10529-transport-3","naver-card-10529","transport","대중교통","discount","0.1","","5000","","400000","대중교통","unknown","40만원 이상","상품권 | 선불카드 충전 | 세금 | 공과금 | 연회비 | 수수료","대중교통 영역은 네이버 카드 상세에서 수집한 혜택 카테고리를 기준으로 임시 계산합니다.","2026-06-11T11:14:42.801Z"
"naver-card-10529-shopping-4","naver-card-10529","shopping","간편결제","discount","0.1","","5000","","400000","간편결제","unknown","40만원 이상","상품권 | 선불카드 충전 | 세금 | 공과금 | 연회비 | 수수료","간편결제 영역은 네이버 카드 상세에서 수집한 혜택 카테고리를 기준으로 임시 계산합니다.","2026-06-11T11:14:42.801Z"
"naver-card-10339-shopping-0","naver-card-10339","shopping","쇼핑","discount","0.1","","8000","","500000","쇼핑","unknown","50만원 이상","상품권 | 선불카드 충전 | 세금 | 공과금 | 연회비 | 수수료","쇼핑 영역은 네이버 카드 상세에서 수집한 혜택 카테고리를 기준으로 임시 계산합니다.","2026-06-11T11:14:42.801Z"
"naver-card-10339-dining-1","naver-card-10339","dining","외식","discount","0.1","","8000","","500000","외식","unknown","50만원 이상","상품권 | 선불카드 충전 | 세금 | 공과금 | 연회비 | 수수료","외식 영역은 네이버 카드 상세에서 수집한 혜택 카테고리를 기준으로 임시 계산합니다.","2026-06-11T11:14:42.801Z"
"naver-card-10339-etc-2","naver-card-10339","etc","영화","discount","0.1","","8000","","500000","영화","unknown","50만원 이상","상품권 | 선불카드 충전 | 세금 | 공과금 | 연회비 | 수수료","영화 영역은 네이버 카드 상세에서 수집한 혜택 카테고리를 기준으로 임시 계산합니다.","2026-06-11T11:14:42.801Z"
"naver-card-10478-shopping-0","naver-card-10478","shopping","포인트/캐시백","cashback","0.05","","5000","","400000","포인트/캐시백","unknown","40만원 이상","상품권 | 선불카드 충전 | 세금 | 공과금 | 연회비 | 수수료","포인트/캐시백 영역은 네이버 카드 상세에서 수집한 혜택 카테고리를 기준으로 임시 계산합니다.","2026-06-11T11:14:42.801Z"
"naver-card-10478-fuel-1","naver-card-10478","fuel","주유","cashback","0.05","","5000","","400000","주유","unknown","40만원 이상","상품권 | 선불카드 충전 | 세금 | 공과금 | 연회비 | 수수료","주유 영역은 네이버 카드 상세에서 수집한 혜택 카테고리를 기준으로 임시 계산합니다.","2026-06-11T11:14:42.801Z"
"naver-card-10478-mart-2","naver-card-10478","mart","대형마트","cashback","0.05","","5000","","400000","대형마트","unknown","40만원 이상","상품권 | 선불카드 충전 | 세금 | 공과금 | 연회비 | 수수료","대형마트 영역은 네이버 카드 상세에서 수집한 혜택 카테고리를 기준으로 임시 계산합니다.","2026-06-11T11:14:42.801Z"
"naver-card-10478-convenience-3","naver-card-10478","convenience","편의점","cashback","0.05","","5000","","400000","편의점","unknown","40만원 이상","상품권 | 선불카드 충전 | 세금 | 공과금 | 연회비 | 수수료","편의점 영역은 네이버 카드 상세에서 수집한 혜택 카테고리를 기준으로 임시 계산합니다.","2026-06-11T11:14:42.801Z"
"naver-card-10478-coffee-4","naver-card-10478","coffee","카페/베이커리","cashback","0.05","","5000","","400000","카페/베이커리","unknown","40만원 이상","상품권 | 선불카드 충전 | 세금 | 공과금 | 연회비 | 수수료","카페/베이커리 영역은 네이버 카드 상세에서 수집한 혜택 카테고리를 기준으로 임시 계산합니다.","2026-06-11T11:14:42.801Z"
"naver-card-10302-shopping-0","naver-card-10302","shopping","쇼핑","cashback","0.1","","5000","","300000","쇼핑","unknown","30만원 이상","상품권 | 선불카드 충전 | 세금 | 공과금 | 연회비 | 수수료","쇼핑 영역은 네이버 카드 상세에서 수집한 혜택 카테고리를 기준으로 임시 계산합니다.","2026-06-11T11:14:42.801Z"
"naver-card-10302-fuel-1","naver-card-10302","fuel","주유","cashback","0.1","","5000","","300000","주유","unknown","30만원 이상","상품권 | 선불카드 충전 | 세금 | 공과금 | 연회비 | 수수료","주유 영역은 네이버 카드 상세에서 수집한 혜택 카테고리를 기준으로 임시 계산합니다.","2026-06-11T11:14:42.801Z"
"naver-card-10302-convenience-2","naver-card-10302","convenience","편의점","cashback","0.1","","5000","","300000","편의점","unknown","30만원 이상","상품권 | 선불카드 충전 | 세금 | 공과금 | 연회비 | 수수료","편의점 영역은 네이버 카드 상세에서 수집한 혜택 카테고리를 기준으로 임시 계산합니다.","2026-06-11T11:14:42.801Z"
"naver-card-10302-telecom-3","naver-card-10302","telecom","통신","cashback","0.1","","5000","","300000","통신","unknown","30만원 이상","상품권 | 선불카드 충전 | 세금 | 공과금 | 연회비 | 수수료","통신 영역은 네이버 카드 상세에서 수집한 혜택 카테고리를 기준으로 임시 계산합니다.","2026-06-11T11:14:42.801Z"
"naver-card-10302-etc-4","naver-card-10302","etc","문화","cashback","0.1","","5000","","300000","문화","unknown","30만원 이상","상품권 | 선불카드 충전 | 세금 | 공과금 | 연회비 | 수수료","문화 영역은 네이버 카드 상세에서 수집한 혜택 카테고리를 기준으로 임시 계산합니다.","2026-06-11T11:14:42.801Z"
"naver-card-3717-etc-0","naver-card-3717","etc","문화","cashback","0.01","","8000","","500000","문화","unknown","50만원 이상","상품권 | 선불카드 충전 | 세금 | 공과금 | 연회비 | 수수료","문화 영역은 네이버 카드 상세에서 수집한 혜택 카테고리를 기준으로 임시 계산합니다.","2026-06-11T11:14:42.801Z"
"naver-card-3717-coffee-1","naver-card-3717","coffee","카페/베이커리","cashback","0.01","","8000","","500000","카페/베이커리","unknown","50만원 이상","상품권 | 선불카드 충전 | 세금 | 공과금 | 연회비 | 수수료","카페/베이커리 영역은 네이버 카드 상세에서 수집한 혜택 카테고리를 기준으로 임시 계산합니다.","2026-06-11T11:14:42.801Z"
"naver-card-3717-transport-2","naver-card-3717","transport","대중교통","cashback","0.01","","8000","","500000","대중교통","unknown","50만원 이상","상품권 | 선불카드 충전 | 세금 | 공과금 | 연회비 | 수수료","대중교통 영역은 네이버 카드 상세에서 수집한 혜택 카테고리를 기준으로 임시 계산합니다.","2026-06-11T11:14:42.801Z"
"naver-card-3717-dining-3","naver-card-3717","dining","외식","cashback","0.01","","8000","","500000","외식","unknown","50만원 이상","상품권 | 선불카드 충전 | 세금 | 공과금 | 연회비 | 수수료","외식 영역은 네이버 카드 상세에서 수집한 혜택 카테고리를 기준으로 임시 계산합니다.","2026-06-11T11:14:42.801Z"
"naver-card-3717-medical-4","naver-card-3717","medical","뷰티","cashback","0.01","","8000","","500000","뷰티","unknown","50만원 이상","상품권 | 선불카드 충전 | 세금 | 공과금 | 연회비 | 수수료","뷰티 영역은 네이버 카드 상세에서 수집한 혜택 카테고리를 기준으로 임시 계산합니다.","2026-06-11T11:14:42.801Z"
"naver-card-1692-coffee-0","naver-card-1692","coffee","카페/베이커리","cashback","0.1","","5000","","300000","카페/베이커리","unknown","30만원 이상","상품권 | 선불카드 충전 | 세금 | 공과금 | 연회비 | 수수료","카페/베이커리 영역은 네이버 카드 상세에서 수집한 혜택 카테고리를 기준으로 임시 계산합니다.","2026-06-11T11:14:42.801Z"
"naver-card-1692-dining-1","naver-card-1692","dining","외식","cashback","0.1","","5000","","300000","외식","unknown","30만원 이상","상품권 | 선불카드 충전 | 세금 | 공과금 | 연회비 | 수수료","외식 영역은 네이버 카드 상세에서 수집한 혜택 카테고리를 기준으로 임시 계산합니다.","2026-06-11T11:14:42.801Z"
"naver-card-1692-shopping-2","naver-card-1692","shopping","간편결제","cashback","0.1","","5000","","300000","간편결제","unknown","30만원 이상","상품권 | 선불카드 충전 | 세금 | 공과금 | 연회비 | 수수료","간편결제 영역은 네이버 카드 상세에서 수집한 혜택 카테고리를 기준으로 임시 계산합니다.","2026-06-11T11:14:42.801Z"
"naver-card-1692-transport-3","naver-card-1692","transport","대중교통","cashback","0.1","","5000","","300000","대중교통","unknown","30만원 이상","상품권 | 선불카드 충전 | 세금 | 공과금 | 연회비 | 수수료","대중교통 영역은 네이버 카드 상세에서 수집한 혜택 카테고리를 기준으로 임시 계산합니다.","2026-06-11T11:14:42.801Z"
"naver-card-1692-telecom-4","naver-card-1692","telecom","통신","cashback","0.1","","5000","","300000","통신","unknown","30만원 이상","상품권 | 선불카드 충전 | 세금 | 공과금 | 연회비 | 수수료","통신 영역은 네이버 카드 상세에서 수집한 혜택 카테고리를 기준으로 임시 계산합니다.","2026-06-11T11:14:42.801Z"
"naver-card-3638-dining-0","naver-card-3638","dining","외식","discount","0.03","","5000","","300000","외식","unknown","30만원 이상","상품권 | 선불카드 충전 | 세금 | 공과금 | 연회비 | 수수료","외식 영역은 네이버 카드 상세에서 수집한 혜택 카테고리를 기준으로 임시 계산합니다.","2026-06-11T11:14:42.801Z"
"naver-card-3638-coffee-1","naver-card-3638","coffee","카페/베이커리","discount","0.03","","5000","","300000","카페/베이커리","unknown","30만원 이상","상품권 | 선불카드 충전 | 세금 | 공과금 | 연회비 | 수수료","카페/베이커리 영역은 네이버 카드 상세에서 수집한 혜택 카테고리를 기준으로 임시 계산합니다.","2026-06-11T11:14:42.801Z"
"naver-card-3638-convenience-2","naver-card-3638","convenience","편의점","discount","0.03","","5000","","300000","편의점","unknown","30만원 이상","상품권 | 선불카드 충전 | 세금 | 공과금 | 연회비 | 수수료","편의점 영역은 네이버 카드 상세에서 수집한 혜택 카테고리를 기준으로 임시 계산합니다.","2026-06-11T11:14:42.801Z"
"naver-card-3638-medical-3","naver-card-3638","medical","뷰티","discount","0.03","","5000","","300000","뷰티","unknown","30만원 이상","상품권 | 선불카드 충전 | 세금 | 공과금 | 연회비 | 수수료","뷰티 영역은 네이버 카드 상세에서 수집한 혜택 카테고리를 기준으로 임시 계산합니다.","2026-06-11T11:14:42.801Z"
"naver-card-3638-mart-4","naver-card-3638","mart","대형마트","discount","0.03","","5000","","300000","대형마트","unknown","30만원 이상","상품권 | 선불카드 충전 | 세금 | 공과금 | 연회비 | 수수료","대형마트 영역은 네이버 카드 상세에서 수집한 혜택 카테고리를 기준으로 임시 계산합니다.","2026-06-11T11:14:42.801Z"
"naver-card-10499-shopping-0","naver-card-10499","shopping","포인트/캐시백","cashback","0.05","","8000","","500000","포인트/캐시백","unknown","50만원 이상","상품권 | 선불카드 충전 | 세금 | 공과금 | 연회비 | 수수료","포인트/캐시백 영역은 네이버 카드 상세에서 수집한 혜택 카테고리를 기준으로 임시 계산합니다.","2026-06-11T11:14:42.801Z"
"naver-card-10499-etc-1","naver-card-10499","etc","프리미엄","cashback","0.05","","8000","","500000","프리미엄","unknown","50만원 이상","상품권 | 선불카드 충전 | 세금 | 공과금 | 연회비 | 수수료","프리미엄 영역은 네이버 카드 상세에서 수집한 혜택 카테고리를 기준으로 임시 계산합니다.","2026-06-11T11:14:42.801Z"
"naver-card-10499-education-2","naver-card-10499","education","교육","cashback","0.05","","8000","","500000","교육","unknown","50만원 이상","상품권 | 선불카드 충전 | 세금 | 공과금 | 연회비 | 수수료","교육 영역은 네이버 카드 상세에서 수집한 혜택 카테고리를 기준으로 임시 계산합니다.","2026-06-11T11:14:42.801Z"
"naver-card-10499-medical-3","naver-card-10499","medical","의료","cashback","0.05","","8000","","500000","의료","unknown","50만원 이상","상품권 | 선불카드 충전 | 세금 | 공과금 | 연회비 | 수수료","의료 영역은 네이버 카드 상세에서 수집한 혜택 카테고리를 기준으로 임시 계산합니다.","2026-06-11T11:14:42.801Z"
"naver-card-10499-transport-4","naver-card-10499","transport","대중교통","cashback","0.05","","8000","","500000","대중교통","unknown","50만원 이상","상품권 | 선불카드 충전 | 세금 | 공과금 | 연회비 | 수수료","대중교통 영역은 네이버 카드 상세에서 수집한 혜택 카테고리를 기준으로 임시 계산합니다.","2026-06-11T11:14:42.801Z"
"naver-card-2856-etc-0","naver-card-2856","etc","레저","discount","0.05","","8000","","500000","레저","unknown","50만원 이상","상품권 | 선불카드 충전 | 세금 | 공과금 | 연회비 | 수수료","레저 영역은 네이버 카드 상세에서 수집한 혜택 카테고리를 기준으로 임시 계산합니다.","2026-06-11T11:14:42.801Z"
"naver-card-2856-dining-1","naver-card-2856","dining","외식","discount","0.05","","8000","","500000","외식","unknown","50만원 이상","상품권 | 선불카드 충전 | 세금 | 공과금 | 연회비 | 수수료","외식 영역은 네이버 카드 상세에서 수집한 혜택 카테고리를 기준으로 임시 계산합니다.","2026-06-11T11:14:42.801Z"
"naver-card-2856-shopping-2","naver-card-2856","shopping","쇼핑","discount","0.05","","8000","","500000","쇼핑","unknown","50만원 이상","상품권 | 선불카드 충전 | 세금 | 공과금 | 연회비 | 수수료","쇼핑 영역은 네이버 카드 상세에서 수집한 혜택 카테고리를 기준으로 임시 계산합니다.","2026-06-11T11:14:42.801Z"
"naver-card-2856-coffee-3","naver-card-2856","coffee","카페/베이커리","discount","0.05","","8000","","500000","카페/베이커리","unknown","50만원 이상","상품권 | 선불카드 충전 | 세금 | 공과금 | 연회비 | 수수료","카페/베이커리 영역은 네이버 카드 상세에서 수집한 혜택 카테고리를 기준으로 임시 계산합니다.","2026-06-11T11:14:42.801Z"
"naver-card-2856-convenience-4","naver-card-2856","convenience","편의점","discount","0.05","","8000","","500000","편의점","unknown","50만원 이상","상품권 | 선불카드 충전 | 세금 | 공과금 | 연회비 | 수수료","편의점 영역은 네이버 카드 상세에서 수집한 혜택 카테고리를 기준으로 임시 계산합니다.","2026-06-11T11:14:42.801Z"
"naver-card-2857-mart-0","naver-card-2857","mart","대형마트","cashback","0.05","","8000","","500000","대형마트","unknown","50만원 이상","상품권 | 선불카드 충전 | 세금 | 공과금 | 연회비 | 수수료","대형마트 영역은 네이버 카드 상세에서 수집한 혜택 카테고리를 기준으로 임시 계산합니다.","2026-06-11T11:14:42.801Z"
"naver-card-2857-fuel-1","naver-card-2857","fuel","주유","cashback","0.05","","8000","","500000","주유","unknown","50만원 이상","상품권 | 선불카드 충전 | 세금 | 공과금 | 연회비 | 수수료","주유 영역은 네이버 카드 상세에서 수집한 혜택 카테고리를 기준으로 임시 계산합니다.","2026-06-11T11:14:42.801Z"
"naver-card-2857-shopping-2","naver-card-2857","shopping","쇼핑","cashback","0.05","","8000","","500000","쇼핑","unknown","50만원 이상","상품권 | 선불카드 충전 | 세금 | 공과금 | 연회비 | 수수료","쇼핑 영역은 네이버 카드 상세에서 수집한 혜택 카테고리를 기준으로 임시 계산합니다.","2026-06-11T11:14:42.801Z"
"naver-card-2857-dining-3","naver-card-2857","dining","외식","cashback","0.05","","8000","","500000","외식","unknown","50만원 이상","상품권 | 선불카드 충전 | 세금 | 공과금 | 연회비 | 수수료","외식 영역은 네이버 카드 상세에서 수집한 혜택 카테고리를 기준으로 임시 계산합니다.","2026-06-11T11:14:42.801Z"
"naver-card-2857-etc-4","naver-card-2857","etc","문화","cashback","0.05","","8000","","500000","문화","unknown","50만원 이상","상품권 | 선불카드 충전 | 세금 | 공과금 | 연회비 | 수수료","문화 영역은 네이버 카드 상세에서 수집한 혜택 카테고리를 기준으로 임시 계산합니다.","2026-06-11T11:14:42.801Z"
"naver-card-1451-transport-0","naver-card-1451","transport","대중교통","cashback","0.07","","5000","","300000","대중교통","unknown","30만원 이상","상품권 | 선불카드 충전 | 세금 | 공과금 | 연회비 | 수수료","대중교통 영역은 네이버 카드 상세에서 수집한 혜택 카테고리를 기준으로 임시 계산합니다.","2026-06-11T11:14:42.801Z"
"naver-card-1451-fuel-1","naver-card-1451","fuel","주유","cashback","0.07","","5000","","300000","주유","unknown","30만원 이상","상품권 | 선불카드 충전 | 세금 | 공과금 | 연회비 | 수수료","주유 영역은 네이버 카드 상세에서 수집한 혜택 카테고리를 기준으로 임시 계산합니다.","2026-06-11T11:14:42.801Z"
"naver-card-1451-shopping-2","naver-card-1451","shopping","포인트/캐시백","cashback","0.07","","5000","","300000","포인트/캐시백","unknown","30만원 이상","상품권 | 선불카드 충전 | 세금 | 공과금 | 연회비 | 수수료","포인트/캐시백 영역은 네이버 카드 상세에서 수집한 혜택 카테고리를 기준으로 임시 계산합니다.","2026-06-11T11:14:42.801Z"
"naver-card-1451-telecom-3","naver-card-1451","telecom","통신","cashback","0.07","","5000","","300000","통신","unknown","30만원 이상","상품권 | 선불카드 충전 | 세금 | 공과금 | 연회비 | 수수료","통신 영역은 네이버 카드 상세에서 수집한 혜택 카테고리를 기준으로 임시 계산합니다.","2026-06-11T11:14:42.801Z"
"naver-card-1451-etc-4","naver-card-1451","etc","영화","cashback","0.07","","5000","","300000","영화","unknown","30만원 이상","상품권 | 선불카드 충전 | 세금 | 공과금 | 연회비 | 수수료","영화 영역은 네이버 카드 상세에서 수집한 혜택 카테고리를 기준으로 임시 계산합니다.","2026-06-11T11:14:42.801Z"
"naver-card-10336-shopping-0","naver-card-10336","shopping","포인트/캐시백","cashback","0.01","","8000","","500000","포인트/캐시백","unknown","50만원 이상","상품권 | 선불카드 충전 | 세금 | 공과금 | 연회비 | 수수료","포인트/캐시백 영역은 네이버 카드 상세에서 수집한 혜택 카테고리를 기준으로 임시 계산합니다.","2026-06-11T11:14:42.801Z"
"naver-card-10336-etc-1","naver-card-10336","etc","프리미엄","cashback","0.01","","8000","","500000","프리미엄","unknown","50만원 이상","상품권 | 선불카드 충전 | 세금 | 공과금 | 연회비 | 수수료","프리미엄 영역은 네이버 카드 상세에서 수집한 혜택 카테고리를 기준으로 임시 계산합니다.","2026-06-11T11:14:42.801Z"
"naver-card-10336-dining-2","naver-card-10336","dining","외식","cashback","0.01","","8000","","500000","외식","unknown","50만원 이상","상품권 | 선불카드 충전 | 세금 | 공과금 | 연회비 | 수수료","외식 영역은 네이버 카드 상세에서 수집한 혜택 카테고리를 기준으로 임시 계산합니다.","2026-06-11T11:14:42.801Z"
"naver-card-10336-transport-3","naver-card-10336","transport","대중교통","cashback","0.01","","8000","","500000","대중교통","unknown","50만원 이상","상품권 | 선불카드 충전 | 세금 | 공과금 | 연회비 | 수수료","대중교통 영역은 네이버 카드 상세에서 수집한 혜택 카테고리를 기준으로 임시 계산합니다.","2026-06-11T11:14:42.801Z"
"naver-card-10336-telecom-4","naver-card-10336","telecom","통신","cashback","0.01","","8000","","500000","통신","unknown","50만원 이상","상품권 | 선불카드 충전 | 세금 | 공과금 | 연회비 | 수수료","통신 영역은 네이버 카드 상세에서 수집한 혜택 카테고리를 기준으로 임시 계산합니다.","2026-06-11T11:14:42.801Z"
"naver-card-10498-shopping-0","naver-card-10498","shopping","포인트/캐시백","cashback","0.05","","8000","","500000","포인트/캐시백","unknown","50만원 이상","상품권 | 선불카드 충전 | 세금 | 공과금 | 연회비 | 수수료","포인트/캐시백 영역은 네이버 카드 상세에서 수집한 혜택 카테고리를 기준으로 임시 계산합니다.","2026-06-11T11:14:42.801Z"
"naver-card-10498-etc-1","naver-card-10498","etc","프리미엄","cashback","0.05","","8000","","500000","프리미엄","unknown","50만원 이상","상품권 | 선불카드 충전 | 세금 | 공과금 | 연회비 | 수수료","프리미엄 영역은 네이버 카드 상세에서 수집한 혜택 카테고리를 기준으로 임시 계산합니다.","2026-06-11T11:14:42.801Z"
"naver-card-10498-convenience-2","naver-card-10498","convenience","편의점","cashback","0.05","","8000","","500000","편의점","unknown","50만원 이상","상품권 | 선불카드 충전 | 세금 | 공과금 | 연회비 | 수수료","편의점 영역은 네이버 카드 상세에서 수집한 혜택 카테고리를 기준으로 임시 계산합니다.","2026-06-11T11:14:42.801Z"
"naver-card-10498-dining-3","naver-card-10498","dining","외식","cashback","0.05","","8000","","500000","외식","unknown","50만원 이상","상품권 | 선불카드 충전 | 세금 | 공과금 | 연회비 | 수수료","외식 영역은 네이버 카드 상세에서 수집한 혜택 카테고리를 기준으로 임시 계산합니다.","2026-06-11T11:14:42.801Z"
"naver-card-10498-medical-4","naver-card-10498","medical","뷰티","cashback","0.05","","8000","","500000","뷰티","unknown","50만원 이상","상품권 | 선불카드 충전 | 세금 | 공과금 | 연회비 | 수수료","뷰티 영역은 네이버 카드 상세에서 수집한 혜택 카테고리를 기준으로 임시 계산합니다.","2026-06-11T11:14:42.801Z"
"naver-card-10058-shopping-0","naver-card-10058","shopping","포인트/캐시백","cashback","0.01","","54000","","0","포인트/캐시백","unknown","실적 조건 없음","상품권 | 선불카드 충전 | 세금 | 공과금 | 연회비 | 수수료","포인트/캐시백 영역은 네이버 카드 상세에서 수집한 혜택 카테고리를 기준으로 임시 계산합니다.","2026-06-11T11:14:42.801Z"
"naver-card-10453-shopping-0","naver-card-10453","shopping","포인트/캐시백","cashback","0.006999999999999999","","8000","","500000","포인트/캐시백","unknown","50만원 이상","상품권 | 선불카드 충전 | 세금 | 공과금 | 연회비 | 수수료","포인트/캐시백 영역은 네이버 카드 상세에서 수집한 혜택 카테고리를 기준으로 임시 계산합니다.","2026-06-11T11:14:42.801Z"
"naver-card-10453-coffee-1","naver-card-10453","coffee","카페/베이커리","cashback","0.006999999999999999","","8000","","500000","카페/베이커리","unknown","50만원 이상","상품권 | 선불카드 충전 | 세금 | 공과금 | 연회비 | 수수료","카페/베이커리 영역은 네이버 카드 상세에서 수집한 혜택 카테고리를 기준으로 임시 계산합니다.","2026-06-11T11:14:42.801Z"
"naver-card-10453-mart-2","naver-card-10453","mart","대형마트","cashback","0.006999999999999999","","8000","","500000","대형마트","unknown","50만원 이상","상품권 | 선불카드 충전 | 세금 | 공과금 | 연회비 | 수수료","대형마트 영역은 네이버 카드 상세에서 수집한 혜택 카테고리를 기준으로 임시 계산합니다.","2026-06-11T11:14:42.801Z"
"naver-card-10453-convenience-3","naver-card-10453","convenience","편의점","cashback","0.006999999999999999","","8000","","500000","편의점","unknown","50만원 이상","상품권 | 선불카드 충전 | 세금 | 공과금 | 연회비 | 수수료","편의점 영역은 네이버 카드 상세에서 수집한 혜택 카테고리를 기준으로 임시 계산합니다.","2026-06-11T11:14:42.801Z"
"naver-card-10453-fuel-4","naver-card-10453","fuel","주유","cashback","0.006999999999999999","","8000","","500000","주유","unknown","50만원 이상","상품권 | 선불카드 충전 | 세금 | 공과금 | 연회비 | 수수료","주유 영역은 네이버 카드 상세에서 수집한 혜택 카테고리를 기준으로 임시 계산합니다.","2026-06-11T11:14:42.801Z"
"naver-card-10448-shopping-0","naver-card-10448","shopping","바우처","mileage","0.015","","8000","","500000","바우처","unknown","50만원 이상","상품권 | 선불카드 충전 | 세금 | 공과금 | 연회비 | 수수료","바우처 영역은 네이버 카드 상세에서 수집한 혜택 카테고리를 기준으로 임시 계산합니다.","2026-06-11T11:14:42.801Z"
"naver-card-10448-etc-1","naver-card-10448","etc","프리미엄","mileage","0.015","","8000","","500000","프리미엄","unknown","50만원 이상","상품권 | 선불카드 충전 | 세금 | 공과금 | 연회비 | 수수료","프리미엄 영역은 네이버 카드 상세에서 수집한 혜택 카테고리를 기준으로 임시 계산합니다.","2026-06-11T11:14:42.801Z"
"naver-card-10448-mart-2","naver-card-10448","mart","대형마트","mileage","0.015","","8000","","500000","대형마트","unknown","50만원 이상","상품권 | 선불카드 충전 | 세금 | 공과금 | 연회비 | 수수료","대형마트 영역은 네이버 카드 상세에서 수집한 혜택 카테고리를 기준으로 임시 계산합니다.","2026-06-11T11:14:42.801Z"
"naver-card-10448-coffee-3","naver-card-10448","coffee","카페/베이커리","mileage","0.015","","8000","","500000","카페/베이커리","unknown","50만원 이상","상품권 | 선불카드 충전 | 세금 | 공과금 | 연회비 | 수수료","카페/베이커리 영역은 네이버 카드 상세에서 수집한 혜택 카테고리를 기준으로 임시 계산합니다.","2026-06-11T11:14:42.801Z"
"naver-card-10448-dining-4","naver-card-10448","dining","외식","mileage","0.015","","8000","","500000","외식","unknown","50만원 이상","상품권 | 선불카드 충전 | 세금 | 공과금 | 연회비 | 수수료","외식 영역은 네이버 카드 상세에서 수집한 혜택 카테고리를 기준으로 임시 계산합니다.","2026-06-11T11:14:42.801Z"
"naver-card-10301-shopping-0","naver-card-10301","shopping","쇼핑","discount","0.1","","5000","","300000","쇼핑","unknown","30만원 이상","상품권 | 선불카드 충전 | 세금 | 공과금 | 연회비 | 수수료","쇼핑 영역은 네이버 카드 상세에서 수집한 혜택 카테고리를 기준으로 임시 계산합니다.","2026-06-11T11:14:42.801Z"
"naver-card-10301-mart-1","naver-card-10301","mart","대형마트","discount","0.1","","5000","","300000","대형마트","unknown","30만원 이상","상품권 | 선불카드 충전 | 세금 | 공과금 | 연회비 | 수수료","대형마트 영역은 네이버 카드 상세에서 수집한 혜택 카테고리를 기준으로 임시 계산합니다.","2026-06-11T11:14:42.801Z"
"naver-card-10301-coffee-2","naver-card-10301","coffee","카페/베이커리","discount","0.1","","5000","","300000","카페/베이커리","unknown","30만원 이상","상품권 | 선불카드 충전 | 세금 | 공과금 | 연회비 | 수수료","카페/베이커리 영역은 네이버 카드 상세에서 수집한 혜택 카테고리를 기준으로 임시 계산합니다.","2026-06-11T11:14:42.801Z"
"naver-card-10301-convenience-3","naver-card-10301","convenience","편의점","discount","0.1","","5000","","300000","편의점","unknown","30만원 이상","상품권 | 선불카드 충전 | 세금 | 공과금 | 연회비 | 수수료","편의점 영역은 네이버 카드 상세에서 수집한 혜택 카테고리를 기준으로 임시 계산합니다.","2026-06-11T11:14:42.801Z"
"naver-card-10301-etc-4","naver-card-10301","etc","레저","discount","0.1","","5000","","300000","레저","unknown","30만원 이상","상품권 | 선불카드 충전 | 세금 | 공과금 | 연회비 | 수수료","레저 영역은 네이버 카드 상세에서 수집한 혜택 카테고리를 기준으로 임시 계산합니다.","2026-06-11T11:14:42.801Z"
"naver-card-3076-shopping-0","naver-card-3076","shopping","포인트/캐시백","cashback","0.1","","5000","","200000","포인트/캐시백","unknown","20만원 이상","상품권 | 선불카드 충전 | 세금 | 공과금 | 연회비 | 수수료","포인트/캐시백 영역은 네이버 카드 상세에서 수집한 혜택 카테고리를 기준으로 임시 계산합니다.","2026-06-11T11:14:42.801Z"
"naver-card-3076-etc-1","naver-card-3076","etc","언제나할인","cashback","0.1","","5000","","200000","언제나할인","unknown","20만원 이상","상품권 | 선불카드 충전 | 세금 | 공과금 | 연회비 | 수수료","언제나할인 영역은 네이버 카드 상세에서 수집한 혜택 카테고리를 기준으로 임시 계산합니다.","2026-06-11T11:14:42.801Z"
"naver-card-3076-transport-2","naver-card-3076","transport","대중교통","cashback","0.1","","5000","","200000","대중교통","unknown","20만원 이상","상품권 | 선불카드 충전 | 세금 | 공과금 | 연회비 | 수수료","대중교통 영역은 네이버 카드 상세에서 수집한 혜택 카테고리를 기준으로 임시 계산합니다.","2026-06-11T11:14:42.801Z"
"naver-card-3076-mart-3","naver-card-3076","mart","대형마트","cashback","0.1","","5000","","200000","대형마트","unknown","20만원 이상","상품권 | 선불카드 충전 | 세금 | 공과금 | 연회비 | 수수료","대형마트 영역은 네이버 카드 상세에서 수집한 혜택 카테고리를 기준으로 임시 계산합니다.","2026-06-11T11:14:42.801Z"
"naver-card-10475-etc-0","naver-card-10475","etc","언제나할인","cashback","0.1","","5000","","400000","언제나할인","unknown","40만원 이상","상품권 | 선불카드 충전 | 세금 | 공과금 | 연회비 | 수수료","언제나할인 영역은 네이버 카드 상세에서 수집한 혜택 카테고리를 기준으로 임시 계산합니다.","2026-06-11T11:14:42.801Z"
"naver-card-10475-shopping-1","naver-card-10475","shopping","쇼핑","cashback","0.1","","5000","","400000","쇼핑","unknown","40만원 이상","상품권 | 선불카드 충전 | 세금 | 공과금 | 연회비 | 수수료","쇼핑 영역은 네이버 카드 상세에서 수집한 혜택 카테고리를 기준으로 임시 계산합니다.","2026-06-11T11:14:42.801Z"
"naver-card-10475-telecom-2","naver-card-10475","telecom","통신","cashback","0.1","","5000","","400000","통신","unknown","40만원 이상","상품권 | 선불카드 충전 | 세금 | 공과금 | 연회비 | 수수료","통신 영역은 네이버 카드 상세에서 수집한 혜택 카테고리를 기준으로 임시 계산합니다.","2026-06-11T11:14:42.801Z"
"naver-card-10620-etc-0","naver-card-10620","etc","언제나할인","discount","0.035","","10000","","0","언제나할인","unknown","실적 조건 없음","상품권 | 선불카드 충전 | 세금 | 공과금 | 연회비 | 수수료","언제나할인 영역은 네이버 카드 상세에서 수집한 혜택 카테고리를 기준으로 임시 계산합니다.","2026-06-11T11:14:42.801Z"
"naver-card-10422-travel-0","naver-card-10422","travel","항공마일리지","mileage","0.01","","5000","","110000","항공마일리지","unknown","11만원 이상","상품권 | 선불카드 충전 | 세금 | 공과금 | 연회비 | 수수료","항공마일리지 영역은 네이버 카드 상세에서 수집한 혜택 카테고리를 기준으로 임시 계산합니다.","2026-06-11T11:14:42.801Z"
"naver-card-10422-shopping-1","naver-card-10422","shopping","바우처","mileage","0.01","","5000","","110000","바우처","unknown","11만원 이상","상품권 | 선불카드 충전 | 세금 | 공과금 | 연회비 | 수수료","바우처 영역은 네이버 카드 상세에서 수집한 혜택 카테고리를 기준으로 임시 계산합니다.","2026-06-11T11:14:42.801Z"
"naver-card-10422-etc-2","naver-card-10422","etc","프리미엄","mileage","0.01","","5000","","110000","프리미엄","unknown","11만원 이상","상품권 | 선불카드 충전 | 세금 | 공과금 | 연회비 | 수수료","프리미엄 영역은 네이버 카드 상세에서 수집한 혜택 카테고리를 기준으로 임시 계산합니다.","2026-06-11T11:14:42.801Z"
"naver-card-10422-fuel-3","naver-card-10422","fuel","오토","mileage","0.01","","5000","","110000","오토","unknown","11만원 이상","상품권 | 선불카드 충전 | 세금 | 공과금 | 연회비 | 수수료","오토 영역은 네이버 카드 상세에서 수집한 혜택 카테고리를 기준으로 임시 계산합니다.","2026-06-11T11:14:42.801Z"
"naver-card-10459-shopping-0","naver-card-10459","shopping","포인트/캐시백","cashback","0.01","","8000","","500000","포인트/캐시백","unknown","50만원 이상","상품권 | 선불카드 충전 | 세금 | 공과금 | 연회비 | 수수료","포인트/캐시백 영역은 네이버 카드 상세에서 수집한 혜택 카테고리를 기준으로 임시 계산합니다.","2026-06-11T11:14:42.801Z"
"naver-card-10459-etc-1","naver-card-10459","etc","프리미엄","cashback","0.01","","8000","","500000","프리미엄","unknown","50만원 이상","상품권 | 선불카드 충전 | 세금 | 공과금 | 연회비 | 수수료","프리미엄 영역은 네이버 카드 상세에서 수집한 혜택 카테고리를 기준으로 임시 계산합니다.","2026-06-11T11:14:42.801Z"
"naver-card-10459-dining-2","naver-card-10459","dining","외식","cashback","0.01","","8000","","500000","외식","unknown","50만원 이상","상품권 | 선불카드 충전 | 세금 | 공과금 | 연회비 | 수수료","외식 영역은 네이버 카드 상세에서 수집한 혜택 카테고리를 기준으로 임시 계산합니다.","2026-06-11T11:14:42.801Z"
"naver-card-10459-convenience-3","naver-card-10459","convenience","편의점","cashback","0.01","","8000","","500000","편의점","unknown","50만원 이상","상품권 | 선불카드 충전 | 세금 | 공과금 | 연회비 | 수수료","편의점 영역은 네이버 카드 상세에서 수집한 혜택 카테고리를 기준으로 임시 계산합니다.","2026-06-11T11:14:42.801Z"
"naver-card-10459-transport-4","naver-card-10459","transport","대중교통","cashback","0.01","","8000","","500000","대중교통","unknown","50만원 이상","상품권 | 선불카드 충전 | 세금 | 공과금 | 연회비 | 수수료","대중교통 영역은 네이버 카드 상세에서 수집한 혜택 카테고리를 기준으로 임시 계산합니다.","2026-06-11T11:14:42.801Z"
"naver-card-10460-shopping-0","naver-card-10460","shopping","포인트/캐시백","cashback","0.01","","8000","","500000","포인트/캐시백","unknown","50만원 이상","상품권 | 선불카드 충전 | 세금 | 공과금 | 연회비 | 수수료","포인트/캐시백 영역은 네이버 카드 상세에서 수집한 혜택 카테고리를 기준으로 임시 계산합니다.","2026-06-11T11:14:42.801Z"
"naver-card-10460-etc-1","naver-card-10460","etc","프리미엄","cashback","0.01","","8000","","500000","프리미엄","unknown","50만원 이상","상품권 | 선불카드 충전 | 세금 | 공과금 | 연회비 | 수수료","프리미엄 영역은 네이버 카드 상세에서 수집한 혜택 카테고리를 기준으로 임시 계산합니다.","2026-06-11T11:14:42.801Z"
"naver-card-10460-medical-2","naver-card-10460","medical","뷰티","cashback","0.01","","8000","","500000","뷰티","unknown","50만원 이상","상품권 | 선불카드 충전 | 세금 | 공과금 | 연회비 | 수수료","뷰티 영역은 네이버 카드 상세에서 수집한 혜택 카테고리를 기준으로 임시 계산합니다.","2026-06-11T11:14:42.801Z"
"naver-card-10460-coffee-3","naver-card-10460","coffee","카페/베이커리","cashback","0.01","","8000","","500000","카페/베이커리","unknown","50만원 이상","상품권 | 선불카드 충전 | 세금 | 공과금 | 연회비 | 수수료","카페/베이커리 영역은 네이버 카드 상세에서 수집한 혜택 카테고리를 기준으로 임시 계산합니다.","2026-06-11T11:14:42.801Z"
"naver-card-10460-transport-4","naver-card-10460","transport","대중교통","cashback","0.01","","8000","","500000","대중교통","unknown","50만원 이상","상품권 | 선불카드 충전 | 세금 | 공과금 | 연회비 | 수수료","대중교통 영역은 네이버 카드 상세에서 수집한 혜택 카테고리를 기준으로 임시 계산합니다.","2026-06-11T11:14:42.801Z"
"naver-card-10466-shopping-0","naver-card-10466","shopping","포인트/캐시백","cashback","0.05","","8000","","500000","포인트/캐시백","unknown","50만원 이상","상품권 | 선불카드 충전 | 세금 | 공과금 | 연회비 | 수수료","포인트/캐시백 영역은 네이버 카드 상세에서 수집한 혜택 카테고리를 기준으로 임시 계산합니다.","2026-06-11T11:14:42.801Z"
"naver-card-10466-etc-1","naver-card-10466","etc","프리미엄","cashback","0.05","","8000","","500000","프리미엄","unknown","50만원 이상","상품권 | 선불카드 충전 | 세금 | 공과금 | 연회비 | 수수료","프리미엄 영역은 네이버 카드 상세에서 수집한 혜택 카테고리를 기준으로 임시 계산합니다.","2026-06-11T11:14:42.801Z"
"naver-card-10466-education-2","naver-card-10466","education","교육","cashback","0.05","","8000","","500000","교육","unknown","50만원 이상","상품권 | 선불카드 충전 | 세금 | 공과금 | 연회비 | 수수료","교육 영역은 네이버 카드 상세에서 수집한 혜택 카테고리를 기준으로 임시 계산합니다.","2026-06-11T11:14:42.801Z"
"naver-card-10466-medical-3","naver-card-10466","medical","의료","cashback","0.05","","8000","","500000","의료","unknown","50만원 이상","상품권 | 선불카드 충전 | 세금 | 공과금 | 연회비 | 수수료","의료 영역은 네이버 카드 상세에서 수집한 혜택 카테고리를 기준으로 임시 계산합니다.","2026-06-11T11:14:42.801Z"
"naver-card-10466-transport-4","naver-card-10466","transport","대중교통","cashback","0.05","","8000","","500000","대중교통","unknown","50만원 이상","상품권 | 선불카드 충전 | 세금 | 공과금 | 연회비 | 수수료","대중교통 영역은 네이버 카드 상세에서 수집한 혜택 카테고리를 기준으로 임시 계산합니다.","2026-06-11T11:14:42.801Z"
"naver-card-10481-shopping-0","naver-card-10481","shopping","간편결제","discount","0.1","","5000","","400000","간편결제","unknown","40만원 이상","상품권 | 선불카드 충전 | 세금 | 공과금 | 연회비 | 수수료","간편결제 영역은 네이버 카드 상세에서 수집한 혜택 카테고리를 기준으로 임시 계산합니다.","2026-06-11T11:14:42.801Z"
"naver-card-10481-dining-1","naver-card-10481","dining","외식","discount","0.1","","5000","","400000","외식","unknown","40만원 이상","상품권 | 선불카드 충전 | 세금 | 공과금 | 연회비 | 수수료","외식 영역은 네이버 카드 상세에서 수집한 혜택 카테고리를 기준으로 임시 계산합니다.","2026-06-11T11:14:42.801Z"
"naver-card-10481-convenience-2","naver-card-10481","convenience","편의점","discount","0.1","","5000","","400000","편의점","unknown","40만원 이상","상품권 | 선불카드 충전 | 세금 | 공과금 | 연회비 | 수수료","편의점 영역은 네이버 카드 상세에서 수집한 혜택 카테고리를 기준으로 임시 계산합니다.","2026-06-11T11:14:42.801Z"
"naver-card-10481-telecom-3","naver-card-10481","telecom","통신","discount","0.1","","5000","","400000","통신","unknown","40만원 이상","상품권 | 선불카드 충전 | 세금 | 공과금 | 연회비 | 수수료","통신 영역은 네이버 카드 상세에서 수집한 혜택 카테고리를 기준으로 임시 계산합니다.","2026-06-11T11:14:42.801Z"
"naver-card-10481-etc-4","naver-card-10481","etc","문화","discount","0.1","","5000","","400000","문화","unknown","40만원 이상","상품권 | 선불카드 충전 | 세금 | 공과금 | 연회비 | 수수료","문화 영역은 네이버 카드 상세에서 수집한 혜택 카테고리를 기준으로 임시 계산합니다.","2026-06-11T11:14:42.801Z"
"naver-card-10449-shopping-0","naver-card-10449","shopping","바우처","mileage","0.015","","8000","","500000","바우처","unknown","50만원 이상","상품권 | 선불카드 충전 | 세금 | 공과금 | 연회비 | 수수료","바우처 영역은 네이버 카드 상세에서 수집한 혜택 카테고리를 기준으로 임시 계산합니다.","2026-06-11T11:14:42.801Z"
"naver-card-10449-etc-1","naver-card-10449","etc","프리미엄","mileage","0.015","","8000","","500000","프리미엄","unknown","50만원 이상","상품권 | 선불카드 충전 | 세금 | 공과금 | 연회비 | 수수료","프리미엄 영역은 네이버 카드 상세에서 수집한 혜택 카테고리를 기준으로 임시 계산합니다.","2026-06-11T11:14:42.801Z"
"naver-card-10449-mart-2","naver-card-10449","mart","대형마트","mileage","0.015","","8000","","500000","대형마트","unknown","50만원 이상","상품권 | 선불카드 충전 | 세금 | 공과금 | 연회비 | 수수료","대형마트 영역은 네이버 카드 상세에서 수집한 혜택 카테고리를 기준으로 임시 계산합니다.","2026-06-11T11:14:42.801Z"
"naver-card-10449-medical-3","naver-card-10449","medical","뷰티","mileage","0.015","","8000","","500000","뷰티","unknown","50만원 이상","상품권 | 선불카드 충전 | 세금 | 공과금 | 연회비 | 수수료","뷰티 영역은 네이버 카드 상세에서 수집한 혜택 카테고리를 기준으로 임시 계산합니다.","2026-06-11T11:14:42.801Z"
"naver-card-10449-coffee-4","naver-card-10449","coffee","카페/베이커리","mileage","0.015","","8000","","500000","카페/베이커리","unknown","50만원 이상","상품권 | 선불카드 충전 | 세금 | 공과금 | 연회비 | 수수료","카페/베이커리 영역은 네이버 카드 상세에서 수집한 혜택 카테고리를 기준으로 임시 계산합니다.","2026-06-11T11:14:42.801Z"
"naver-card-10461-shopping-0","naver-card-10461","shopping","포인트/캐시백","cashback","0.01","","8000","","500000","포인트/캐시백","unknown","50만원 이상","상품권 | 선불카드 충전 | 세금 | 공과금 | 연회비 | 수수료","포인트/캐시백 영역은 네이버 카드 상세에서 수집한 혜택 카테고리를 기준으로 임시 계산합니다.","2026-06-11T11:14:42.801Z"
"naver-card-10461-etc-1","naver-card-10461","etc","프리미엄","cashback","0.01","","8000","","500000","프리미엄","unknown","50만원 이상","상품권 | 선불카드 충전 | 세금 | 공과금 | 연회비 | 수수료","프리미엄 영역은 네이버 카드 상세에서 수집한 혜택 카테고리를 기준으로 임시 계산합니다.","2026-06-11T11:14:42.801Z"
"naver-card-10461-mart-2","naver-card-10461","mart","대형마트","cashback","0.01","","8000","","500000","대형마트","unknown","50만원 이상","상품권 | 선불카드 충전 | 세금 | 공과금 | 연회비 | 수수료","대형마트 영역은 네이버 카드 상세에서 수집한 혜택 카테고리를 기준으로 임시 계산합니다.","2026-06-11T11:14:42.801Z"
"naver-card-10461-education-3","naver-card-10461","education","교육","cashback","0.01","","8000","","500000","교육","unknown","50만원 이상","상품권 | 선불카드 충전 | 세금 | 공과금 | 연회비 | 수수료","교육 영역은 네이버 카드 상세에서 수집한 혜택 카테고리를 기준으로 임시 계산합니다.","2026-06-11T11:14:42.801Z"
"naver-card-10461-transport-4","naver-card-10461","transport","대중교통","cashback","0.01","","8000","","500000","대중교통","unknown","50만원 이상","상품권 | 선불카드 충전 | 세금 | 공과금 | 연회비 | 수수료","대중교통 영역은 네이버 카드 상세에서 수집한 혜택 카테고리를 기준으로 임시 계산합니다.","2026-06-11T11:14:42.801Z"
"naver-card-10510-etc-0","naver-card-10510","etc","생활","cashback","0.1","","5000","","400000","생활","unknown","40만원 이상","상품권 | 선불카드 충전 | 세금 | 공과금 | 연회비 | 수수료","생활 영역은 네이버 카드 상세에서 수집한 혜택 카테고리를 기준으로 임시 계산합니다.","2026-06-11T11:14:42.801Z"
"naver-card-10510-shopping-1","naver-card-10510","shopping","포인트/캐시백","cashback","0.1","","5000","","400000","포인트/캐시백","unknown","40만원 이상","상품권 | 선불카드 충전 | 세금 | 공과금 | 연회비 | 수수료","포인트/캐시백 영역은 네이버 카드 상세에서 수집한 혜택 카테고리를 기준으로 임시 계산합니다.","2026-06-11T11:14:42.801Z"
"naver-card-835-shopping-0","naver-card-835","shopping","포인트/캐시백","cashback","0.1","","5000","","300000","포인트/캐시백","unknown","30만원 이상","상품권 | 선불카드 충전 | 세금 | 공과금 | 연회비 | 수수료","포인트/캐시백 영역은 네이버 카드 상세에서 수집한 혜택 카테고리를 기준으로 임시 계산합니다.","2026-06-11T11:14:42.801Z"
"naver-card-835-etc-1","naver-card-835","etc","레저","cashback","0.1","","5000","","300000","레저","unknown","30만원 이상","상품권 | 선불카드 충전 | 세금 | 공과금 | 연회비 | 수수료","레저 영역은 네이버 카드 상세에서 수집한 혜택 카테고리를 기준으로 임시 계산합니다.","2026-06-11T11:14:42.801Z"
"naver-card-835-fuel-2","naver-card-835","fuel","주유","cashback","0.1","","5000","","300000","주유","unknown","30만원 이상","상품권 | 선불카드 충전 | 세금 | 공과금 | 연회비 | 수수료","주유 영역은 네이버 카드 상세에서 수집한 혜택 카테고리를 기준으로 임시 계산합니다.","2026-06-11T11:14:42.801Z"
"naver-card-1470-shopping-0","naver-card-1470","shopping","포인트/캐시백","cashback","0.05","","5000","","200000","포인트/캐시백","unknown","20만원 이상","상품권 | 선불카드 충전 | 세금 | 공과금 | 연회비 | 수수료","포인트/캐시백 영역은 네이버 카드 상세에서 수집한 혜택 카테고리를 기준으로 임시 계산합니다.","2026-06-11T11:14:42.801Z"
"naver-card-1470-coffee-1","naver-card-1470","coffee","카페/베이커리","cashback","0.05","","5000","","200000","카페/베이커리","unknown","20만원 이상","상품권 | 선불카드 충전 | 세금 | 공과금 | 연회비 | 수수료","카페/베이커리 영역은 네이버 카드 상세에서 수집한 혜택 카테고리를 기준으로 임시 계산합니다.","2026-06-11T11:14:42.801Z"
"naver-card-1470-etc-2","naver-card-1470","etc","프리미엄","cashback","0.05","","5000","","200000","프리미엄","unknown","20만원 이상","상품권 | 선불카드 충전 | 세금 | 공과금 | 연회비 | 수수료","프리미엄 영역은 네이버 카드 상세에서 수집한 혜택 카테고리를 기준으로 임시 계산합니다.","2026-06-11T11:14:42.801Z"
"naver-card-10386-etc-0","naver-card-10386","etc","언제나할인","discount","0.1","","5000","","0","언제나할인","unknown","실적 조건 없음","상품권 | 선불카드 충전 | 세금 | 공과금 | 연회비 | 수수료","언제나할인 영역은 네이버 카드 상세에서 수집한 혜택 카테고리를 기준으로 임시 계산합니다.","2026-06-11T11:14:42.801Z"
"naver-card-10386-shopping-1","naver-card-10386","shopping","쇼핑","discount","0.1","","5000","","0","쇼핑","unknown","실적 조건 없음","상품권 | 선불카드 충전 | 세금 | 공과금 | 연회비 | 수수료","쇼핑 영역은 네이버 카드 상세에서 수집한 혜택 카테고리를 기준으로 임시 계산합니다.","2026-06-11T11:14:42.801Z"
"naver-card-10386-convenience-2","naver-card-10386","convenience","편의점","discount","0.1","","5000","","0","편의점","unknown","실적 조건 없음","상품권 | 선불카드 충전 | 세금 | 공과금 | 연회비 | 수수료","편의점 영역은 네이버 카드 상세에서 수집한 혜택 카테고리를 기준으로 임시 계산합니다.","2026-06-11T11:14:42.801Z"
"naver-card-10386-coffee-3","naver-card-10386","coffee","카페/베이커리","discount","0.1","","5000","","0","카페/베이커리","unknown","실적 조건 없음","상품권 | 선불카드 충전 | 세금 | 공과금 | 연회비 | 수수료","카페/베이커리 영역은 네이버 카드 상세에서 수집한 혜택 카테고리를 기준으로 임시 계산합니다.","2026-06-11T11:14:42.801Z"
"naver-card-10386-dining-4","naver-card-10386","dining","외식","discount","0.1","","5000","","0","외식","unknown","실적 조건 없음","상품권 | 선불카드 충전 | 세금 | 공과금 | 연회비 | 수수료","외식 영역은 네이버 카드 상세에서 수집한 혜택 카테고리를 기준으로 임시 계산합니다.","2026-06-11T11:14:42.801Z"
"naver-card-10489-etc-0","naver-card-10489","etc","경차유류환급","cashback","0.01","","5000","","300000","경차유류환급","unknown","30만원 이상","상품권 | 선불카드 충전 | 세금 | 공과금 | 연회비 | 수수료","경차유류환급 영역은 네이버 카드 상세에서 수집한 혜택 카테고리를 기준으로 임시 계산합니다.","2026-06-11T11:14:42.801Z"
"naver-card-10489-fuel-1","naver-card-10489","fuel","주유","cashback","0.01","","5000","","300000","주유","unknown","30만원 이상","상품권 | 선불카드 충전 | 세금 | 공과금 | 연회비 | 수수료","주유 영역은 네이버 카드 상세에서 수집한 혜택 카테고리를 기준으로 임시 계산합니다.","2026-06-11T11:14:42.801Z"
"naver-card-10489-shopping-2","naver-card-10489","shopping","포인트/캐시백","cashback","0.01","","5000","","300000","포인트/캐시백","unknown","30만원 이상","상품권 | 선불카드 충전 | 세금 | 공과금 | 연회비 | 수수료","포인트/캐시백 영역은 네이버 카드 상세에서 수집한 혜택 카테고리를 기준으로 임시 계산합니다.","2026-06-11T11:14:42.801Z"
"naver-card-10574-etc-0","naver-card-10574","etc","언제나할인","cashback","0.1","","5000","","400000","언제나할인","unknown","40만원 이상","상품권 | 선불카드 충전 | 세금 | 공과금 | 연회비 | 수수료","언제나할인 영역은 네이버 카드 상세에서 수집한 혜택 카테고리를 기준으로 임시 계산합니다.","2026-06-11T11:14:42.801Z"
"naver-card-10574-shopping-1","naver-card-10574","shopping","쇼핑","cashback","0.1","","5000","","400000","쇼핑","unknown","40만원 이상","상품권 | 선불카드 충전 | 세금 | 공과금 | 연회비 | 수수료","쇼핑 영역은 네이버 카드 상세에서 수집한 혜택 카테고리를 기준으로 임시 계산합니다.","2026-06-11T11:14:42.801Z"
"naver-card-10574-telecom-2","naver-card-10574","telecom","통신","cashback","0.1","","5000","","400000","통신","unknown","40만원 이상","상품권 | 선불카드 충전 | 세금 | 공과금 | 연회비 | 수수료","통신 영역은 네이버 카드 상세에서 수집한 혜택 카테고리를 기준으로 임시 계산합니다.","2026-06-11T11:14:42.801Z"
"naver-card-10423-etc-0","naver-card-10423","etc","언제나할인","discount","0.012","","8000","","500000","언제나할인","unknown","50만원 이상","상품권 | 선불카드 충전 | 세금 | 공과금 | 연회비 | 수수료","언제나할인 영역은 네이버 카드 상세에서 수집한 혜택 카테고리를 기준으로 임시 계산합니다.","2026-06-11T11:14:42.801Z"
"naver-card-10423-shopping-1","naver-card-10423","shopping","바우처","discount","0.012","","8000","","500000","바우처","unknown","50만원 이상","상품권 | 선불카드 충전 | 세금 | 공과금 | 연회비 | 수수료","바우처 영역은 네이버 카드 상세에서 수집한 혜택 카테고리를 기준으로 임시 계산합니다.","2026-06-11T11:14:42.801Z"
"naver-card-10423-fuel-2","naver-card-10423","fuel","오토","discount","0.012","","8000","","500000","오토","unknown","50만원 이상","상품권 | 선불카드 충전 | 세금 | 공과금 | 연회비 | 수수료","오토 영역은 네이버 카드 상세에서 수집한 혜택 카테고리를 기준으로 임시 계산합니다.","2026-06-11T11:14:42.801Z"
"naver-card-10423-travel-3","naver-card-10423","travel","외화결제","discount","0.012","","8000","","500000","외화결제","unknown","50만원 이상","상품권 | 선불카드 충전 | 세금 | 공과금 | 연회비 | 수수료","외화결제 영역은 네이버 카드 상세에서 수집한 혜택 카테고리를 기준으로 임시 계산합니다.","2026-06-11T11:14:42.801Z"
"naver-card-10627-etc-0","naver-card-10627","etc","법인","point","0.002","","10000","","0","법인","unknown","실적 조건 없음","상품권 | 선불카드 충전 | 세금 | 공과금 | 연회비 | 수수료","법인 영역은 네이버 카드 상세에서 수집한 혜택 카테고리를 기준으로 임시 계산합니다.","2026-06-11T11:14:42.801Z"
"naver-card-10570-etc-0","naver-card-10570","etc","언제나할인","discount","0.03","","8000","","500000","언제나할인","unknown","50만원 이상","상품권 | 선불카드 충전 | 세금 | 공과금 | 연회비 | 수수료","언제나할인 영역은 네이버 카드 상세에서 수집한 혜택 카테고리를 기준으로 임시 계산합니다.","2026-06-11T11:14:42.801Z"
"naver-card-10570-coffee-1","naver-card-10570","coffee","카페/베이커리","discount","0.03","","8000","","500000","카페/베이커리","unknown","50만원 이상","상품권 | 선불카드 충전 | 세금 | 공과금 | 연회비 | 수수료","카페/베이커리 영역은 네이버 카드 상세에서 수집한 혜택 카테고리를 기준으로 임시 계산합니다.","2026-06-11T11:14:42.801Z"
"naver-card-10570-convenience-2","naver-card-10570","convenience","편의점","discount","0.03","","8000","","500000","편의점","unknown","50만원 이상","상품권 | 선불카드 충전 | 세금 | 공과금 | 연회비 | 수수료","편의점 영역은 네이버 카드 상세에서 수집한 혜택 카테고리를 기준으로 임시 계산합니다.","2026-06-11T11:14:42.801Z"
"naver-card-10570-medical-3","naver-card-10570","medical","뷰티","discount","0.03","","8000","","500000","뷰티","unknown","50만원 이상","상품권 | 선불카드 충전 | 세금 | 공과금 | 연회비 | 수수료","뷰티 영역은 네이버 카드 상세에서 수집한 혜택 카테고리를 기준으로 임시 계산합니다.","2026-06-11T11:14:42.801Z"
"naver-card-10570-dining-4","naver-card-10570","dining","외식","discount","0.03","","8000","","500000","외식","unknown","50만원 이상","상품권 | 선불카드 충전 | 세금 | 공과금 | 연회비 | 수수료","외식 영역은 네이버 카드 상세에서 수집한 혜택 카테고리를 기준으로 임시 계산합니다.","2026-06-11T11:14:42.801Z"
"naver-card-10569-coffee-0","naver-card-10569","coffee","카페/베이커리","cashback","0.02","","2500","","0","카페/베이커리","unknown","실적 조건 없음","상품권 | 선불카드 충전 | 세금 | 공과금 | 연회비 | 수수료","카페/베이커리 영역은 네이버 카드 상세에서 수집한 혜택 카테고리를 기준으로 임시 계산합니다.","2026-06-11T11:14:42.801Z"
"naver-card-10569-convenience-1","naver-card-10569","convenience","편의점","cashback","0.02","","2500","","0","편의점","unknown","실적 조건 없음","상품권 | 선불카드 충전 | 세금 | 공과금 | 연회비 | 수수료","편의점 영역은 네이버 카드 상세에서 수집한 혜택 카테고리를 기준으로 임시 계산합니다.","2026-06-11T11:14:42.801Z"
"naver-card-10569-mart-2","naver-card-10569","mart","대형마트","cashback","0.02","","2500","","0","대형마트","unknown","실적 조건 없음","상품권 | 선불카드 충전 | 세금 | 공과금 | 연회비 | 수수료","대형마트 영역은 네이버 카드 상세에서 수집한 혜택 카테고리를 기준으로 임시 계산합니다.","2026-06-11T11:14:42.801Z"
"naver-card-10569-shopping-3","naver-card-10569","shopping","쇼핑","cashback","0.02","","2500","","0","쇼핑","unknown","실적 조건 없음","상품권 | 선불카드 충전 | 세금 | 공과금 | 연회비 | 수수료","쇼핑 영역은 네이버 카드 상세에서 수집한 혜택 카테고리를 기준으로 임시 계산합니다.","2026-06-11T11:14:42.801Z"
"naver-card-10569-medical-4","naver-card-10569","medical","뷰티","cashback","0.02","","2500","","0","뷰티","unknown","실적 조건 없음","상품권 | 선불카드 충전 | 세금 | 공과금 | 연회비 | 수수료","뷰티 영역은 네이버 카드 상세에서 수집한 혜택 카테고리를 기준으로 임시 계산합니다.","2026-06-11T11:14:42.801Z"
"naver-card-10059-shopping-0","naver-card-10059","shopping","포인트/캐시백","cashback","0.1","","5000","","400000","포인트/캐시백","unknown","40만원 이상","상품권 | 선불카드 충전 | 세금 | 공과금 | 연회비 | 수수료","포인트/캐시백 영역은 네이버 카드 상세에서 수집한 혜택 카테고리를 기준으로 임시 계산합니다.","2026-06-11T11:14:42.801Z"
"naver-card-10059-fuel-1","naver-card-10059","fuel","주유","cashback","0.1","","5000","","400000","주유","unknown","40만원 이상","상품권 | 선불카드 충전 | 세금 | 공과금 | 연회비 | 수수료","주유 영역은 네이버 카드 상세에서 수집한 혜택 카테고리를 기준으로 임시 계산합니다.","2026-06-11T11:14:42.801Z"
"naver-card-10059-transport-2","naver-card-10059","transport","대중교통","cashback","0.1","","5000","","400000","대중교통","unknown","40만원 이상","상품권 | 선불카드 충전 | 세금 | 공과금 | 연회비 | 수수료","대중교통 영역은 네이버 카드 상세에서 수집한 혜택 카테고리를 기준으로 임시 계산합니다.","2026-06-11T11:14:42.801Z"
"naver-card-10059-etc-3","naver-card-10059","etc","문화","cashback","0.1","","5000","","400000","문화","unknown","40만원 이상","상품권 | 선불카드 충전 | 세금 | 공과금 | 연회비 | 수수료","문화 영역은 네이버 카드 상세에서 수집한 혜택 카테고리를 기준으로 임시 계산합니다.","2026-06-11T11:14:42.801Z"
"naver-card-10619-shopping-0","naver-card-10619","shopping","간편결제","discount","0.1","","5000","","400000","간편결제","unknown","40만원 이상","상품권 | 선불카드 충전 | 세금 | 공과금 | 연회비 | 수수료","간편결제 영역은 네이버 카드 상세에서 수집한 혜택 카테고리를 기준으로 임시 계산합니다.","2026-06-11T11:14:42.801Z"
"naver-card-10619-dining-1","naver-card-10619","dining","외식","discount","0.1","","5000","","400000","외식","unknown","40만원 이상","상품권 | 선불카드 충전 | 세금 | 공과금 | 연회비 | 수수료","외식 영역은 네이버 카드 상세에서 수집한 혜택 카테고리를 기준으로 임시 계산합니다.","2026-06-11T11:14:42.801Z"
"naver-card-10619-convenience-2","naver-card-10619","convenience","편의점","discount","0.1","","5000","","400000","편의점","unknown","40만원 이상","상품권 | 선불카드 충전 | 세금 | 공과금 | 연회비 | 수수료","편의점 영역은 네이버 카드 상세에서 수집한 혜택 카테고리를 기준으로 임시 계산합니다.","2026-06-11T11:14:42.801Z"
"naver-card-10619-telecom-3","naver-card-10619","telecom","통신","discount","0.1","","5000","","400000","통신","unknown","40만원 이상","상품권 | 선불카드 충전 | 세금 | 공과금 | 연회비 | 수수료","통신 영역은 네이버 카드 상세에서 수집한 혜택 카테고리를 기준으로 임시 계산합니다.","2026-06-11T11:14:42.801Z"
"naver-card-10619-etc-4","naver-card-10619","etc","문화","discount","0.1","","5000","","400000","문화","unknown","40만원 이상","상품권 | 선불카드 충전 | 세금 | 공과금 | 연회비 | 수수료","문화 영역은 네이버 카드 상세에서 수집한 혜택 카테고리를 기준으로 임시 계산합니다.","2026-06-11T11:14:42.801Z"
"naver-card-10371-shopping-0","naver-card-10371","shopping","바우처","cashback","0.01","","5000","","200000","바우처","unknown","20만원 이상","상품권 | 선불카드 충전 | 세금 | 공과금 | 연회비 | 수수료","바우처 영역은 네이버 카드 상세에서 수집한 혜택 카테고리를 기준으로 임시 계산합니다.","2026-06-11T11:14:42.801Z"
"naver-card-10371-etc-1","naver-card-10371","etc","프리미엄","cashback","0.01","","5000","","200000","프리미엄","unknown","20만원 이상","상품권 | 선불카드 충전 | 세금 | 공과금 | 연회비 | 수수료","프리미엄 영역은 네이버 카드 상세에서 수집한 혜택 카테고리를 기준으로 임시 계산합니다.","2026-06-11T11:14:42.801Z"
"naver-card-10628-etc-0","naver-card-10628","etc","법인","mileage","0.01","","10000","","0","법인","unknown","실적 조건 없음","상품권 | 선불카드 충전 | 세금 | 공과금 | 연회비 | 수수료","법인 영역은 네이버 카드 상세에서 수집한 혜택 카테고리를 기준으로 임시 계산합니다.","2026-06-11T11:14:42.801Z"
"naver-card-2533-shopping-0","naver-card-2533","shopping","간편결제","discount","0.1","","5000","","300000","간편결제","unknown","30만원 이상","상품권 | 선불카드 충전 | 세금 | 공과금 | 연회비 | 수수료","간편결제 영역은 네이버 카드 상세에서 수집한 혜택 카테고리를 기준으로 임시 계산합니다.","2026-06-11T11:14:42.801Z"
"naver-card-2533-convenience-1","naver-card-2533","convenience","편의점","discount","0.1","","5000","","300000","편의점","unknown","30만원 이상","상품권 | 선불카드 충전 | 세금 | 공과금 | 연회비 | 수수료","편의점 영역은 네이버 카드 상세에서 수집한 혜택 카테고리를 기준으로 임시 계산합니다.","2026-06-11T11:14:42.801Z"
"naver-card-2533-coffee-2","naver-card-2533","coffee","카페/베이커리","discount","0.1","","5000","","300000","카페/베이커리","unknown","30만원 이상","상품권 | 선불카드 충전 | 세금 | 공과금 | 연회비 | 수수료","카페/베이커리 영역은 네이버 카드 상세에서 수집한 혜택 카테고리를 기준으로 임시 계산합니다.","2026-06-11T11:14:42.801Z"
"naver-card-2533-etc-3","naver-card-2533","etc","프리미엄","discount","0.1","","5000","","300000","프리미엄","unknown","30만원 이상","상품권 | 선불카드 충전 | 세금 | 공과금 | 연회비 | 수수료","프리미엄 영역은 네이버 카드 상세에서 수집한 혜택 카테고리를 기준으로 임시 계산합니다.","2026-06-11T11:14:42.801Z"
"naver-card-10053-shopping-0","naver-card-10053","shopping","바우처","cashback","0.01","","5000","","300000","바우처","unknown","30만원 이상","상품권 | 선불카드 충전 | 세금 | 공과금 | 연회비 | 수수료","바우처 영역은 네이버 카드 상세에서 수집한 혜택 카테고리를 기준으로 임시 계산합니다.","2026-06-11T11:14:42.801Z"
"naver-card-10053-etc-1","naver-card-10053","etc","프리미엄","cashback","0.01","","5000","","300000","프리미엄","unknown","30만원 이상","상품권 | 선불카드 충전 | 세금 | 공과금 | 연회비 | 수수료","프리미엄 영역은 네이버 카드 상세에서 수집한 혜택 카테고리를 기준으로 임시 계산합니다.","2026-06-11T11:14:42.801Z"
"naver-card-1591-shopping-0","naver-card-1591","shopping","쇼핑","discount","0.1","","8000","","500000","쇼핑","unknown","50만원 이상","상품권 | 선불카드 충전 | 세금 | 공과금 | 연회비 | 수수료","쇼핑 영역은 네이버 카드 상세에서 수집한 혜택 카테고리를 기준으로 임시 계산합니다.","2026-06-11T11:14:42.801Z"
"naver-card-1591-mart-1","naver-card-1591","mart","대형마트","discount","0.1","","8000","","500000","대형마트","unknown","50만원 이상","상품권 | 선불카드 충전 | 세금 | 공과금 | 연회비 | 수수료","대형마트 영역은 네이버 카드 상세에서 수집한 혜택 카테고리를 기준으로 임시 계산합니다.","2026-06-11T11:14:42.801Z"
"naver-card-1591-coffee-2","naver-card-1591","coffee","카페/베이커리","discount","0.1","","8000","","500000","카페/베이커리","unknown","50만원 이상","상품권 | 선불카드 충전 | 세금 | 공과금 | 연회비 | 수수료","카페/베이커리 영역은 네이버 카드 상세에서 수집한 혜택 카테고리를 기준으로 임시 계산합니다.","2026-06-11T11:14:42.801Z"
"naver-card-1591-etc-3","naver-card-1591","etc","문화","discount","0.1","","8000","","500000","문화","unknown","50만원 이상","상품권 | 선불카드 충전 | 세금 | 공과금 | 연회비 | 수수료","문화 영역은 네이버 카드 상세에서 수집한 혜택 카테고리를 기준으로 임시 계산합니다.","2026-06-11T11:14:42.801Z"
"naver-card-1591-fuel-4","naver-card-1591","fuel","주유","discount","0.1","","8000","","500000","주유","unknown","50만원 이상","상품권 | 선불카드 충전 | 세금 | 공과금 | 연회비 | 수수료","주유 영역은 네이버 카드 상세에서 수집한 혜택 카테고리를 기준으로 임시 계산합니다.","2026-06-11T11:14:42.801Z"
"naver-card-10609-mart-0","naver-card-10609","mart","대형마트","point","0.1","","5000","","400000","대형마트","unknown","40만원 이상","상품권 | 선불카드 충전 | 세금 | 공과금 | 연회비 | 수수료","대형마트 영역은 네이버 카드 상세에서 수집한 혜택 카테고리를 기준으로 임시 계산합니다.","2026-06-11T11:14:42.801Z"
"naver-card-10609-coffee-1","naver-card-10609","coffee","카페/베이커리","point","0.1","","5000","","400000","카페/베이커리","unknown","40만원 이상","상품권 | 선불카드 충전 | 세금 | 공과금 | 연회비 | 수수료","카페/베이커리 영역은 네이버 카드 상세에서 수집한 혜택 카테고리를 기준으로 임시 계산합니다.","2026-06-11T11:14:42.801Z"
"naver-card-10609-convenience-2","naver-card-10609","convenience","편의점","point","0.1","","5000","","400000","편의점","unknown","40만원 이상","상품권 | 선불카드 충전 | 세금 | 공과금 | 연회비 | 수수료","편의점 영역은 네이버 카드 상세에서 수집한 혜택 카테고리를 기준으로 임시 계산합니다.","2026-06-11T11:14:42.801Z"
"naver-card-10609-telecom-3","naver-card-10609","telecom","통신","point","0.1","","5000","","400000","통신","unknown","40만원 이상","상품권 | 선불카드 충전 | 세금 | 공과금 | 연회비 | 수수료","통신 영역은 네이버 카드 상세에서 수집한 혜택 카테고리를 기준으로 임시 계산합니다.","2026-06-11T11:14:42.801Z"
"naver-card-10609-shopping-4","naver-card-10609","shopping","쇼핑","point","0.1","","5000","","400000","쇼핑","unknown","40만원 이상","상품권 | 선불카드 충전 | 세금 | 공과금 | 연회비 | 수수료","쇼핑 영역은 네이버 카드 상세에서 수집한 혜택 카테고리를 기준으로 임시 계산합니다.","2026-06-11T11:14:42.801Z"
"naver-card-10469-shopping-0","naver-card-10469","shopping","포인트/캐시백","cashback","0.02","","8000","","500000","포인트/캐시백","unknown","50만원 이상","상품권 | 선불카드 충전 | 세금 | 공과금 | 연회비 | 수수료","포인트/캐시백 영역은 네이버 카드 상세에서 수집한 혜택 카테고리를 기준으로 임시 계산합니다.","2026-06-11T11:14:42.801Z"
"naver-card-10469-etc-1","naver-card-10469","etc","프리미엄","cashback","0.02","","8000","","500000","프리미엄","unknown","50만원 이상","상품권 | 선불카드 충전 | 세금 | 공과금 | 연회비 | 수수료","프리미엄 영역은 네이버 카드 상세에서 수집한 혜택 카테고리를 기준으로 임시 계산합니다.","2026-06-11T11:14:42.801Z"
"naver-card-10416-shopping-0","naver-card-10416","shopping","포인트/캐시백","cashback","0.1","","5000","","300000","포인트/캐시백","unknown","30만원 이상","상품권 | 선불카드 충전 | 세금 | 공과금 | 연회비 | 수수료","포인트/캐시백 영역은 네이버 카드 상세에서 수집한 혜택 카테고리를 기준으로 임시 계산합니다.","2026-06-11T11:14:42.801Z"
"naver-card-10416-telecom-1","naver-card-10416","telecom","통신","cashback","0.1","","5000","","300000","통신","unknown","30만원 이상","상품권 | 선불카드 충전 | 세금 | 공과금 | 연회비 | 수수료","통신 영역은 네이버 카드 상세에서 수집한 혜택 카테고리를 기준으로 임시 계산합니다.","2026-06-11T11:14:42.801Z"
"naver-card-10416-coffee-2","naver-card-10416","coffee","카페/베이커리","cashback","0.1","","5000","","300000","카페/베이커리","unknown","30만원 이상","상품권 | 선불카드 충전 | 세금 | 공과금 | 연회비 | 수수료","카페/베이커리 영역은 네이버 카드 상세에서 수집한 혜택 카테고리를 기준으로 임시 계산합니다.","2026-06-11T11:14:42.801Z"
"naver-card-10416-dining-3","naver-card-10416","dining","외식","cashback","0.1","","5000","","300000","외식","unknown","30만원 이상","상품권 | 선불카드 충전 | 세금 | 공과금 | 연회비 | 수수료","외식 영역은 네이버 카드 상세에서 수집한 혜택 카테고리를 기준으로 임시 계산합니다.","2026-06-11T11:14:42.801Z"
"naver-card-10416-convenience-4","naver-card-10416","convenience","편의점","cashback","0.1","","5000","","300000","편의점","unknown","30만원 이상","상품권 | 선불카드 충전 | 세금 | 공과금 | 연회비 | 수수료","편의점 영역은 네이버 카드 상세에서 수집한 혜택 카테고리를 기준으로 임시 계산합니다.","2026-06-11T11:14:42.801Z"
"naver-card-1570-etc-0","naver-card-1570","etc","언제나할인","discount","0.1","","5000","","300000","언제나할인","unknown","30만원 이상","상품권 | 선불카드 충전 | 세금 | 공과금 | 연회비 | 수수료","언제나할인 영역은 네이버 카드 상세에서 수집한 혜택 카테고리를 기준으로 임시 계산합니다.","2026-06-11T11:14:42.801Z"
"naver-card-1570-coffee-1","naver-card-1570","coffee","카페/베이커리","discount","0.1","","5000","","300000","카페/베이커리","unknown","30만원 이상","상품권 | 선불카드 충전 | 세금 | 공과금 | 연회비 | 수수료","카페/베이커리 영역은 네이버 카드 상세에서 수집한 혜택 카테고리를 기준으로 임시 계산합니다.","2026-06-11T11:14:42.801Z"
"naver-card-1570-convenience-2","naver-card-1570","convenience","편의점","discount","0.1","","5000","","300000","편의점","unknown","30만원 이상","상품권 | 선불카드 충전 | 세금 | 공과금 | 연회비 | 수수료","편의점 영역은 네이버 카드 상세에서 수집한 혜택 카테고리를 기준으로 임시 계산합니다.","2026-06-11T11:14:42.801Z"
"naver-card-1570-shopping-3","naver-card-1570","shopping","쇼핑","discount","0.1","","5000","","300000","쇼핑","unknown","30만원 이상","상품권 | 선불카드 충전 | 세금 | 공과금 | 연회비 | 수수료","쇼핑 영역은 네이버 카드 상세에서 수집한 혜택 카테고리를 기준으로 임시 계산합니다.","2026-06-11T11:14:42.801Z"
"naver-card-1570-transport-4","naver-card-1570","transport","대중교통","discount","0.1","","5000","","300000","대중교통","unknown","30만원 이상","상품권 | 선불카드 충전 | 세금 | 공과금 | 연회비 | 수수료","대중교통 영역은 네이버 카드 상세에서 수집한 혜택 카테고리를 기준으로 임시 계산합니다.","2026-06-11T11:14:42.801Z"
"naver-card-3756-fuel-0","naver-card-3756","fuel","주유","cashback","0.01","","1000","","400000","주유","unknown","40만원 이상","상품권 | 선불카드 충전 | 세금 | 공과금 | 연회비 | 수수료","주유 영역은 네이버 카드 상세에서 수집한 혜택 카테고리를 기준으로 임시 계산합니다.","2026-06-11T11:14:42.801Z"
"naver-card-3756-etc-1","naver-card-3756","etc","하이패스","cashback","0.01","","1000","","400000","하이패스","unknown","40만원 이상","상품권 | 선불카드 충전 | 세금 | 공과금 | 연회비 | 수수료","하이패스 영역은 네이버 카드 상세에서 수집한 혜택 카테고리를 기준으로 임시 계산합니다.","2026-06-11T11:14:42.801Z"
"naver-card-3756-coffee-2","naver-card-3756","coffee","카페/베이커리","cashback","0.01","","1000","","400000","카페/베이커리","unknown","40만원 이상","상품권 | 선불카드 충전 | 세금 | 공과금 | 연회비 | 수수료","카페/베이커리 영역은 네이버 카드 상세에서 수집한 혜택 카테고리를 기준으로 임시 계산합니다.","2026-06-11T11:14:42.801Z"
"naver-card-10467-shopping-0","naver-card-10467","shopping","바우처","cashback","0.013000000000000001","","8000","","500000","바우처","unknown","50만원 이상","상품권 | 선불카드 충전 | 세금 | 공과금 | 연회비 | 수수료","바우처 영역은 네이버 카드 상세에서 수집한 혜택 카테고리를 기준으로 임시 계산합니다.","2026-06-11T11:14:42.801Z"
"naver-card-10467-etc-1","naver-card-10467","etc","프리미엄","cashback","0.013000000000000001","","8000","","500000","프리미엄","unknown","50만원 이상","상품권 | 선불카드 충전 | 세금 | 공과금 | 연회비 | 수수료","프리미엄 영역은 네이버 카드 상세에서 수집한 혜택 카테고리를 기준으로 임시 계산합니다.","2026-06-11T11:14:42.801Z"
"naver-card-10402-shopping-0","naver-card-10402","shopping","포인트/캐시백","cashback","0.03","","5000","","400000","포인트/캐시백","unknown","40만원 이상","상품권 | 선불카드 충전 | 세금 | 공과금 | 연회비 | 수수료","포인트/캐시백 영역은 네이버 카드 상세에서 수집한 혜택 카테고리를 기준으로 임시 계산합니다.","2026-06-11T11:14:42.801Z"
"naver-card-10402-dining-1","naver-card-10402","dining","외식","cashback","0.03","","5000","","400000","외식","unknown","40만원 이상","상품권 | 선불카드 충전 | 세금 | 공과금 | 연회비 | 수수료","외식 영역은 네이버 카드 상세에서 수집한 혜택 카테고리를 기준으로 임시 계산합니다.","2026-06-11T11:14:42.801Z"
"naver-card-10402-etc-2","naver-card-10402","etc","관리비","cashback","0.03","","5000","","400000","관리비","unknown","40만원 이상","상품권 | 선불카드 충전 | 세금 | 공과금 | 연회비 | 수수료","관리비 영역은 네이버 카드 상세에서 수집한 혜택 카테고리를 기준으로 임시 계산합니다.","2026-06-11T11:14:42.801Z"
"naver-card-10402-telecom-3","naver-card-10402","telecom","통신","cashback","0.03","","5000","","400000","통신","unknown","40만원 이상","상품권 | 선불카드 충전 | 세금 | 공과금 | 연회비 | 수수료","통신 영역은 네이버 카드 상세에서 수집한 혜택 카테고리를 기준으로 임시 계산합니다.","2026-06-11T11:14:42.801Z"
"naver-card-10080-shopping-0","naver-card-10080","shopping","포인트/캐시백","cashback","0.05","","20000","","300000","포인트/캐시백","unknown","30만원 이상","상품권 | 선불카드 충전 | 세금 | 공과금 | 연회비 | 수수료","포인트/캐시백 영역은 네이버 카드 상세에서 수집한 혜택 카테고리를 기준으로 임시 계산합니다.","2026-06-11T11:14:42.801Z"
"naver-card-10493-telecom-0","naver-card-10493","telecom","통신","discount","0.03","","5000","","400000","통신","unknown","40만원 이상","상품권 | 선불카드 충전 | 세금 | 공과금 | 연회비 | 수수료","통신 영역은 네이버 카드 상세에서 수집한 혜택 카테고리를 기준으로 임시 계산합니다.","2026-06-11T11:14:42.801Z"
"naver-card-10493-fuel-1","naver-card-10493","fuel","주유","discount","0.03","","5000","","400000","주유","unknown","40만원 이상","상품권 | 선불카드 충전 | 세금 | 공과금 | 연회비 | 수수료","주유 영역은 네이버 카드 상세에서 수집한 혜택 카테고리를 기준으로 임시 계산합니다.","2026-06-11T11:14:42.801Z"
"naver-card-10493-dining-2","naver-card-10493","dining","외식","discount","0.03","","5000","","400000","외식","unknown","40만원 이상","상품권 | 선불카드 충전 | 세금 | 공과금 | 연회비 | 수수료","외식 영역은 네이버 카드 상세에서 수집한 혜택 카테고리를 기준으로 임시 계산합니다.","2026-06-11T11:14:42.801Z"
"naver-card-10493-coffee-3","naver-card-10493","coffee","카페/베이커리","discount","0.03","","5000","","400000","카페/베이커리","unknown","40만원 이상","상품권 | 선불카드 충전 | 세금 | 공과금 | 연회비 | 수수료","카페/베이커리 영역은 네이버 카드 상세에서 수집한 혜택 카테고리를 기준으로 임시 계산합니다.","2026-06-11T11:14:42.801Z"
"naver-card-10493-etc-4","naver-card-10493","etc","영화","discount","0.03","","5000","","400000","영화","unknown","40만원 이상","상품권 | 선불카드 충전 | 세금 | 공과금 | 연회비 | 수수료","영화 영역은 네이버 카드 상세에서 수집한 혜택 카테고리를 기준으로 임시 계산합니다.","2026-06-11T11:14:42.801Z"
"naver-card-10151-etc-0","naver-card-10151","etc","언제나할인","cashback","0.009000000000000001","","3000","","400000","언제나할인","unknown","40만원 이상","상품권 | 선불카드 충전 | 세금 | 공과금 | 연회비 | 수수료","언제나할인 영역은 네이버 카드 상세에서 수집한 혜택 카테고리를 기준으로 임시 계산합니다.","2026-06-11T11:14:42.801Z"
"naver-card-10151-shopping-1","naver-card-10151","shopping","포인트/캐시백","cashback","0.009000000000000001","","3000","","400000","포인트/캐시백","unknown","40만원 이상","상품권 | 선불카드 충전 | 세금 | 공과금 | 연회비 | 수수료","포인트/캐시백 영역은 네이버 카드 상세에서 수집한 혜택 카테고리를 기준으로 임시 계산합니다.","2026-06-11T11:14:42.801Z"
"naver-card-10207-telecom-0","naver-card-10207","telecom","통신","discount","0.03","","15000","","400000","통신","unknown","40만원 이상","상품권 | 선불카드 충전 | 세금 | 공과금 | 연회비 | 수수료","통신 영역은 네이버 카드 상세에서 수집한 혜택 카테고리를 기준으로 임시 계산합니다.","2026-06-11T11:14:42.801Z"
"naver-card-10313-fuel-0","naver-card-10313","fuel","주유","cashback","0.1","","8000","","500000","주유","unknown","50만원 이상","상품권 | 선불카드 충전 | 세금 | 공과금 | 연회비 | 수수료","주유 영역은 네이버 카드 상세에서 수집한 혜택 카테고리를 기준으로 임시 계산합니다.","2026-06-11T11:14:42.801Z"
"naver-card-10313-etc-1","naver-card-10313","etc","관리비","cashback","0.1","","8000","","500000","관리비","unknown","50만원 이상","상품권 | 선불카드 충전 | 세금 | 공과금 | 연회비 | 수수료","관리비 영역은 네이버 카드 상세에서 수집한 혜택 카테고리를 기준으로 임시 계산합니다.","2026-06-11T11:14:42.801Z"
"naver-card-10313-education-2","naver-card-10313","education","교육","cashback","0.1","","8000","","500000","교육","unknown","50만원 이상","상품권 | 선불카드 충전 | 세금 | 공과금 | 연회비 | 수수료","교육 영역은 네이버 카드 상세에서 수집한 혜택 카테고리를 기준으로 임시 계산합니다.","2026-06-11T11:14:42.801Z"
"naver-card-10313-telecom-3","naver-card-10313","telecom","통신","cashback","0.1","","8000","","500000","통신","unknown","50만원 이상","상품권 | 선불카드 충전 | 세금 | 공과금 | 연회비 | 수수료","통신 영역은 네이버 카드 상세에서 수집한 혜택 카테고리를 기준으로 임시 계산합니다.","2026-06-11T11:14:42.801Z"
"naver-card-10313-shopping-4","naver-card-10313","shopping","포인트/캐시백","cashback","0.1","","8000","","500000","포인트/캐시백","unknown","50만원 이상","상품권 | 선불카드 충전 | 세금 | 공과금 | 연회비 | 수수료","포인트/캐시백 영역은 네이버 카드 상세에서 수집한 혜택 카테고리를 기준으로 임시 계산합니다.","2026-06-11T11:14:42.801Z"
"naver-card-10327-shopping-0","naver-card-10327","shopping","포인트/캐시백","cashback","0.01","","10000","","400000","포인트/캐시백","unknown","40만원 이상","상품권 | 선불카드 충전 | 세금 | 공과금 | 연회비 | 수수료","포인트/캐시백 영역은 네이버 카드 상세에서 수집한 혜택 카테고리를 기준으로 임시 계산합니다.","2026-06-11T11:14:42.801Z"
"naver-card-10260-etc-0","naver-card-10260","etc","언제나할인","cashback","0.017","","5000","","300000","언제나할인","unknown","30만원 이상","상품권 | 선불카드 충전 | 세금 | 공과금 | 연회비 | 수수료","언제나할인 영역은 네이버 카드 상세에서 수집한 혜택 카테고리를 기준으로 임시 계산합니다.","2026-06-11T11:14:42.801Z"
"naver-card-10260-shopping-1","naver-card-10260","shopping","포인트/캐시백","cashback","0.017","","5000","","300000","포인트/캐시백","unknown","30만원 이상","상품권 | 선불카드 충전 | 세금 | 공과금 | 연회비 | 수수료","포인트/캐시백 영역은 네이버 카드 상세에서 수집한 혜택 카테고리를 기준으로 임시 계산합니다.","2026-06-11T11:14:42.801Z"
"naver-card-10187-etc-0","naver-card-10187","etc","언제나할인","cashback","0.017","","5000","","0","언제나할인","unknown","실적 조건 없음","상품권 | 선불카드 충전 | 세금 | 공과금 | 연회비 | 수수료","언제나할인 영역은 네이버 카드 상세에서 수집한 혜택 카테고리를 기준으로 임시 계산합니다.","2026-06-11T11:14:42.801Z"
"naver-card-10187-shopping-1","naver-card-10187","shopping","간편결제","cashback","0.017","","5000","","0","간편결제","unknown","실적 조건 없음","상품권 | 선불카드 충전 | 세금 | 공과금 | 연회비 | 수수료","간편결제 영역은 네이버 카드 상세에서 수집한 혜택 카테고리를 기준으로 임시 계산합니다.","2026-06-11T11:14:42.801Z"
"naver-card-10584-shopping-0","naver-card-10584","shopping","포인트/캐시백","cashback","0.01","","5000","","400000","포인트/캐시백","unknown","40만원 이상","상품권 | 선불카드 충전 | 세금 | 공과금 | 연회비 | 수수료","포인트/캐시백 영역은 네이버 카드 상세에서 수집한 혜택 카테고리를 기준으로 임시 계산합니다.","2026-06-11T11:14:42.801Z"
"naver-card-10584-transport-1","naver-card-10584","transport","대중교통","cashback","0.01","","5000","","400000","대중교통","unknown","40만원 이상","상품권 | 선불카드 충전 | 세금 | 공과금 | 연회비 | 수수료","대중교통 영역은 네이버 카드 상세에서 수집한 혜택 카테고리를 기준으로 임시 계산합니다.","2026-06-11T11:14:42.801Z"
"naver-card-10584-fuel-2","naver-card-10584","fuel","주유","cashback","0.01","","5000","","400000","주유","unknown","40만원 이상","상품권 | 선불카드 충전 | 세금 | 공과금 | 연회비 | 수수료","주유 영역은 네이버 카드 상세에서 수집한 혜택 카테고리를 기준으로 임시 계산합니다.","2026-06-11T11:14:42.801Z"
"naver-card-10584-coffee-3","naver-card-10584","coffee","카페/베이커리","cashback","0.01","","5000","","400000","카페/베이커리","unknown","40만원 이상","상품권 | 선불카드 충전 | 세금 | 공과금 | 연회비 | 수수료","카페/베이커리 영역은 네이버 카드 상세에서 수집한 혜택 카테고리를 기준으로 임시 계산합니다.","2026-06-11T11:14:42.801Z"
"naver-card-10584-medical-4","naver-card-10584","medical","뷰티","cashback","0.01","","5000","","400000","뷰티","unknown","40만원 이상","상품권 | 선불카드 충전 | 세금 | 공과금 | 연회비 | 수수료","뷰티 영역은 네이버 카드 상세에서 수집한 혜택 카테고리를 기준으로 임시 계산합니다.","2026-06-11T11:14:42.801Z"
"naver-card-10409-education-0","naver-card-10409","education","교육","cashback","0.1","","8000","","500000","교육","unknown","50만원 이상","상품권 | 선불카드 충전 | 세금 | 공과금 | 연회비 | 수수료","교육 영역은 네이버 카드 상세에서 수집한 혜택 카테고리를 기준으로 임시 계산합니다.","2026-06-11T11:14:42.801Z"
"naver-card-10409-mart-1","naver-card-10409","mart","대형마트","cashback","0.1","","8000","","500000","대형마트","unknown","50만원 이상","상품권 | 선불카드 충전 | 세금 | 공과금 | 연회비 | 수수료","대형마트 영역은 네이버 카드 상세에서 수집한 혜택 카테고리를 기준으로 임시 계산합니다.","2026-06-11T11:14:42.801Z"
"naver-card-10409-medical-2","naver-card-10409","medical","의료","cashback","0.1","","8000","","500000","의료","unknown","50만원 이상","상품권 | 선불카드 충전 | 세금 | 공과금 | 연회비 | 수수료","의료 영역은 네이버 카드 상세에서 수집한 혜택 카테고리를 기준으로 임시 계산합니다.","2026-06-11T11:14:42.801Z"
"naver-card-10409-etc-3","naver-card-10409","etc","관리비","cashback","0.1","","8000","","500000","관리비","unknown","50만원 이상","상품권 | 선불카드 충전 | 세금 | 공과금 | 연회비 | 수수료","관리비 영역은 네이버 카드 상세에서 수집한 혜택 카테고리를 기준으로 임시 계산합니다.","2026-06-11T11:14:42.801Z"
"naver-card-10409-telecom-4","naver-card-10409","telecom","통신","cashback","0.1","","8000","","500000","통신","unknown","50만원 이상","상품권 | 선불카드 충전 | 세금 | 공과금 | 연회비 | 수수료","통신 영역은 네이버 카드 상세에서 수집한 혜택 카테고리를 기준으로 임시 계산합니다.","2026-06-11T11:14:42.801Z"
"naver-card-1292-transport-0","naver-card-1292","transport","대중교통","discount","0.1","","5000","","300000","대중교통","unknown","30만원 이상","상품권 | 선불카드 충전 | 세금 | 공과금 | 연회비 | 수수료","대중교통 영역은 네이버 카드 상세에서 수집한 혜택 카테고리를 기준으로 임시 계산합니다.","2026-06-11T11:14:42.801Z"
"naver-card-1292-convenience-1","naver-card-1292","convenience","편의점","discount","0.1","","5000","","300000","편의점","unknown","30만원 이상","상품권 | 선불카드 충전 | 세금 | 공과금 | 연회비 | 수수료","편의점 영역은 네이버 카드 상세에서 수집한 혜택 카테고리를 기준으로 임시 계산합니다.","2026-06-11T11:14:42.801Z"
"naver-card-1292-coffee-2","naver-card-1292","coffee","카페/베이커리","discount","0.1","","5000","","300000","카페/베이커리","unknown","30만원 이상","상품권 | 선불카드 충전 | 세금 | 공과금 | 연회비 | 수수료","카페/베이커리 영역은 네이버 카드 상세에서 수집한 혜택 카테고리를 기준으로 임시 계산합니다.","2026-06-11T11:14:42.801Z"
"naver-card-1292-shopping-3","naver-card-1292","shopping","쇼핑","discount","0.1","","5000","","300000","쇼핑","unknown","30만원 이상","상품권 | 선불카드 충전 | 세금 | 공과금 | 연회비 | 수수료","쇼핑 영역은 네이버 카드 상세에서 수집한 혜택 카테고리를 기준으로 임시 계산합니다.","2026-06-11T11:14:42.801Z"
"naver-card-1292-etc-4","naver-card-1292","etc","영화","discount","0.1","","5000","","300000","영화","unknown","30만원 이상","상품권 | 선불카드 충전 | 세금 | 공과금 | 연회비 | 수수료","영화 영역은 네이버 카드 상세에서 수집한 혜택 카테고리를 기준으로 임시 계산합니다.","2026-06-11T11:14:42.801Z"
"naver-card-10201-transport-0","naver-card-10201","transport","대중교통","discount","0.1","","5000","","300000","대중교통","unknown","30만원 이상","상품권 | 선불카드 충전 | 세금 | 공과금 | 연회비 | 수수료","대중교통 영역은 네이버 카드 상세에서 수집한 혜택 카테고리를 기준으로 임시 계산합니다.","2026-06-11T11:14:42.801Z"
"naver-card-10201-shopping-1","naver-card-10201","shopping","쇼핑","discount","0.1","","5000","","300000","쇼핑","unknown","30만원 이상","상품권 | 선불카드 충전 | 세금 | 공과금 | 연회비 | 수수료","쇼핑 영역은 네이버 카드 상세에서 수집한 혜택 카테고리를 기준으로 임시 계산합니다.","2026-06-11T11:14:42.801Z"
"naver-card-10201-convenience-2","naver-card-10201","convenience","편의점","discount","0.1","","5000","","300000","편의점","unknown","30만원 이상","상품권 | 선불카드 충전 | 세금 | 공과금 | 연회비 | 수수료","편의점 영역은 네이버 카드 상세에서 수집한 혜택 카테고리를 기준으로 임시 계산합니다.","2026-06-11T11:14:42.801Z"
"naver-card-10201-telecom-3","naver-card-10201","telecom","통신","discount","0.1","","5000","","300000","통신","unknown","30만원 이상","상품권 | 선불카드 충전 | 세금 | 공과금 | 연회비 | 수수료","통신 영역은 네이버 카드 상세에서 수집한 혜택 카테고리를 기준으로 임시 계산합니다.","2026-06-11T11:14:42.801Z"
"naver-card-10201-coffee-4","naver-card-10201","coffee","카페/베이커리","discount","0.1","","5000","","300000","카페/베이커리","unknown","30만원 이상","상품권 | 선불카드 충전 | 세금 | 공과금 | 연회비 | 수수료","카페/베이커리 영역은 네이버 카드 상세에서 수집한 혜택 카테고리를 기준으로 임시 계산합니다.","2026-06-11T11:14:42.801Z"
"naver-card-10617-etc-0","naver-card-10617","etc","법인","mileage","0.006999999999999999","","10000","","0","법인","unknown","실적 조건 없음","상품권 | 선불카드 충전 | 세금 | 공과금 | 연회비 | 수수료","법인 영역은 네이버 카드 상세에서 수집한 혜택 카테고리를 기준으로 임시 계산합니다.","2026-06-11T11:14:42.801Z"
"naver-card-10410-etc-0","naver-card-10410","etc","반려동물","discount","0.1","","5000","","400000","반려동물","unknown","40만원 이상","상품권 | 선불카드 충전 | 세금 | 공과금 | 연회비 | 수수료","반려동물 영역은 네이버 카드 상세에서 수집한 혜택 카테고리를 기준으로 임시 계산합니다.","2026-06-11T11:14:42.801Z"
"naver-card-10410-shopping-1","naver-card-10410","shopping","쇼핑","discount","0.1","","5000","","400000","쇼핑","unknown","40만원 이상","상품권 | 선불카드 충전 | 세금 | 공과금 | 연회비 | 수수료","쇼핑 영역은 네이버 카드 상세에서 수집한 혜택 카테고리를 기준으로 임시 계산합니다.","2026-06-11T11:14:42.801Z"
"naver-card-10396-shopping-0","naver-card-10396","shopping","바우처","mileage","0.01","","8000","","500000","바우처","unknown","50만원 이상","상품권 | 선불카드 충전 | 세금 | 공과금 | 연회비 | 수수료","바우처 영역은 네이버 카드 상세에서 수집한 혜택 카테고리를 기준으로 임시 계산합니다.","2026-06-11T11:14:42.801Z"
"naver-card-10396-travel-1","naver-card-10396","travel","항공마일리지","mileage","0.01","","8000","","500000","항공마일리지","unknown","50만원 이상","상품권 | 선불카드 충전 | 세금 | 공과금 | 연회비 | 수수료","항공마일리지 영역은 네이버 카드 상세에서 수집한 혜택 카테고리를 기준으로 임시 계산합니다.","2026-06-11T11:14:42.801Z"
"naver-card-10506-telecom-0","naver-card-10506","telecom","통신","discount","0.03","","20000","","300000","통신","unknown","30만원 이상","상품권 | 선불카드 충전 | 세금 | 공과금 | 연회비 | 수수료","통신 영역은 네이버 카드 상세에서 수집한 혜택 카테고리를 기준으로 임시 계산합니다.","2026-06-11T11:14:42.801Z"
"naver-card-10535-ott-0","naver-card-10535","ott","렌탈","discount","0.03","","30000","","500000","렌탈","unknown","50만원 이상","상품권 | 선불카드 충전 | 세금 | 공과금 | 연회비 | 수수료","렌탈 영역은 네이버 카드 상세에서 수집한 혜택 카테고리를 기준으로 임시 계산합니다.","2026-06-11T11:14:42.801Z"
"naver-card-10346-shopping-0","naver-card-10346","shopping","포인트/캐시백","cashback","0.05","","10000","","0","포인트/캐시백","unknown","실적 조건 없음","상품권 | 선불카드 충전 | 세금 | 공과금 | 연회비 | 수수료","포인트/캐시백 영역은 네이버 카드 상세에서 수집한 혜택 카테고리를 기준으로 임시 계산합니다.","2026-06-11T11:14:42.801Z"
"naver-card-10378-ott-0","naver-card-10378","ott","렌탈","cashback","0.045","","8000","","500000","렌탈","unknown","50만원 이상","상품권 | 선불카드 충전 | 세금 | 공과금 | 연회비 | 수수료","렌탈 영역은 네이버 카드 상세에서 수집한 혜택 카테고리를 기준으로 임시 계산합니다.","2026-06-11T11:14:42.801Z"
"naver-card-10378-shopping-1","naver-card-10378","shopping","포인트/캐시백","cashback","0.045","","8000","","500000","포인트/캐시백","unknown","50만원 이상","상품권 | 선불카드 충전 | 세금 | 공과금 | 연회비 | 수수료","포인트/캐시백 영역은 네이버 카드 상세에서 수집한 혜택 카테고리를 기준으로 임시 계산합니다.","2026-06-11T11:14:42.801Z"
"naver-card-10128-etc-0","naver-card-10128","etc","언제나할인","discount","0.07","","5000","","300000","언제나할인","unknown","30만원 이상","상품권 | 선불카드 충전 | 세금 | 공과금 | 연회비 | 수수료","언제나할인 영역은 네이버 카드 상세에서 수집한 혜택 카테고리를 기준으로 임시 계산합니다.","2026-06-11T11:14:42.801Z"
"naver-card-10128-shopping-1","naver-card-10128","shopping","쇼핑","discount","0.07","","5000","","300000","쇼핑","unknown","30만원 이상","상품권 | 선불카드 충전 | 세금 | 공과금 | 연회비 | 수수료","쇼핑 영역은 네이버 카드 상세에서 수집한 혜택 카테고리를 기준으로 임시 계산합니다.","2026-06-11T11:14:42.801Z"
"naver-card-10128-transport-2","naver-card-10128","transport","대중교통","discount","0.07","","5000","","300000","대중교통","unknown","30만원 이상","상품권 | 선불카드 충전 | 세금 | 공과금 | 연회비 | 수수료","대중교통 영역은 네이버 카드 상세에서 수집한 혜택 카테고리를 기준으로 임시 계산합니다.","2026-06-11T11:14:42.801Z"
"naver-card-10128-coffee-3","naver-card-10128","coffee","카페/베이커리","discount","0.07","","5000","","300000","카페/베이커리","unknown","30만원 이상","상품권 | 선불카드 충전 | 세금 | 공과금 | 연회비 | 수수료","카페/베이커리 영역은 네이버 카드 상세에서 수집한 혜택 카테고리를 기준으로 임시 계산합니다.","2026-06-11T11:14:42.801Z"
"naver-card-10128-convenience-4","naver-card-10128","convenience","편의점","discount","0.07","","5000","","300000","편의점","unknown","30만원 이상","상품권 | 선불카드 충전 | 세금 | 공과금 | 연회비 | 수수료","편의점 영역은 네이버 카드 상세에서 수집한 혜택 카테고리를 기준으로 임시 계산합니다.","2026-06-11T11:14:42.801Z"
"naver-card-10491-etc-0","naver-card-10491","etc","언제나할인","cashback","0.012","","5000","","0","언제나할인","unknown","실적 조건 없음","상품권 | 선불카드 충전 | 세금 | 공과금 | 연회비 | 수수료","언제나할인 영역은 네이버 카드 상세에서 수집한 혜택 카테고리를 기준으로 임시 계산합니다.","2026-06-11T11:14:42.801Z"
"naver-card-10491-shopping-1","naver-card-10491","shopping","포인트/캐시백","cashback","0.012","","5000","","0","포인트/캐시백","unknown","실적 조건 없음","상품권 | 선불카드 충전 | 세금 | 공과금 | 연회비 | 수수료","포인트/캐시백 영역은 네이버 카드 상세에서 수집한 혜택 카테고리를 기준으로 임시 계산합니다.","2026-06-11T11:14:42.801Z"
"naver-card-10385-telecom-0","naver-card-10385","telecom","통신","cashback","0.01","","8000","","500000","통신","unknown","50만원 이상","상품권 | 선불카드 충전 | 세금 | 공과금 | 연회비 | 수수료","통신 영역은 네이버 카드 상세에서 수집한 혜택 카테고리를 기준으로 임시 계산합니다.","2026-06-11T11:14:42.801Z"
"naver-card-10385-shopping-1","naver-card-10385","shopping","포인트/캐시백","cashback","0.01","","8000","","500000","포인트/캐시백","unknown","50만원 이상","상품권 | 선불카드 충전 | 세금 | 공과금 | 연회비 | 수수료","포인트/캐시백 영역은 네이버 카드 상세에서 수집한 혜택 카테고리를 기준으로 임시 계산합니다.","2026-06-11T11:14:42.801Z"
"naver-card-10479-shopping-0","naver-card-10479","shopping","바우처","cashback","0.1","","5000","","400000","바우처","unknown","40만원 이상","상품권 | 선불카드 충전 | 세금 | 공과금 | 연회비 | 수수료","바우처 영역은 네이버 카드 상세에서 수집한 혜택 카테고리를 기준으로 임시 계산합니다.","2026-06-11T11:14:42.801Z"
"naver-card-10479-dining-1","naver-card-10479","dining","외식","cashback","0.1","","5000","","400000","외식","unknown","40만원 이상","상품권 | 선불카드 충전 | 세금 | 공과금 | 연회비 | 수수료","외식 영역은 네이버 카드 상세에서 수집한 혜택 카테고리를 기준으로 임시 계산합니다.","2026-06-11T11:14:42.801Z"
"naver-card-10479-etc-2","naver-card-10479","etc","프리미엄","cashback","0.1","","5000","","400000","프리미엄","unknown","40만원 이상","상품권 | 선불카드 충전 | 세금 | 공과금 | 연회비 | 수수료","프리미엄 영역은 네이버 카드 상세에서 수집한 혜택 카테고리를 기준으로 임시 계산합니다.","2026-06-11T11:14:42.801Z"
"naver-card-10314-shopping-0","naver-card-10314","shopping","쇼핑","cashback","0.1","","15000","","500000","쇼핑","unknown","50만원 이상","상품권 | 선불카드 충전 | 세금 | 공과금 | 연회비 | 수수료","쇼핑 영역은 네이버 카드 상세에서 수집한 혜택 카테고리를 기준으로 임시 계산합니다.","2026-06-11T11:14:42.801Z"
"naver-card-10314-etc-1","naver-card-10314","etc","프리미엄","cashback","0.1","","15000","","500000","프리미엄","unknown","50만원 이상","상품권 | 선불카드 충전 | 세금 | 공과금 | 연회비 | 수수료","프리미엄 영역은 네이버 카드 상세에서 수집한 혜택 카테고리를 기준으로 임시 계산합니다.","2026-06-11T11:14:42.801Z"
"naver-card-1400-etc-0","naver-card-1400","etc","국민행복카드","discount","0.1","","5000","","300000","국민행복카드","unknown","30만원 이상","상품권 | 선불카드 충전 | 세금 | 공과금 | 연회비 | 수수료","국민행복카드 영역은 네이버 카드 상세에서 수집한 혜택 카테고리를 기준으로 임시 계산합니다.","2026-06-11T11:14:42.801Z"
"naver-card-1400-medical-1","naver-card-1400","medical","의료","discount","0.1","","5000","","300000","의료","unknown","30만원 이상","상품권 | 선불카드 충전 | 세금 | 공과금 | 연회비 | 수수료","의료 영역은 네이버 카드 상세에서 수집한 혜택 카테고리를 기준으로 임시 계산합니다.","2026-06-11T11:14:42.801Z"
"naver-card-1400-shopping-2","naver-card-1400","shopping","쇼핑","discount","0.1","","5000","","300000","쇼핑","unknown","30만원 이상","상품권 | 선불카드 충전 | 세금 | 공과금 | 연회비 | 수수료","쇼핑 영역은 네이버 카드 상세에서 수집한 혜택 카테고리를 기준으로 임시 계산합니다.","2026-06-11T11:14:42.801Z"
"naver-card-1400-coffee-3","naver-card-1400","coffee","카페/베이커리","discount","0.1","","5000","","300000","카페/베이커리","unknown","30만원 이상","상품권 | 선불카드 충전 | 세금 | 공과금 | 연회비 | 수수료","카페/베이커리 영역은 네이버 카드 상세에서 수집한 혜택 카테고리를 기준으로 임시 계산합니다.","2026-06-11T11:14:42.801Z"
"naver-card-1400-dining-4","naver-card-1400","dining","외식","discount","0.1","","5000","","300000","외식","unknown","30만원 이상","상품권 | 선불카드 충전 | 세금 | 공과금 | 연회비 | 수수료","외식 영역은 네이버 카드 상세에서 수집한 혜택 카테고리를 기준으로 임시 계산합니다.","2026-06-11T11:14:42.801Z"
"naver-card-10465-shopping-0","naver-card-10465","shopping","포인트/캐시백","cashback","0.03","","8000","","500000","포인트/캐시백","unknown","50만원 이상","상품권 | 선불카드 충전 | 세금 | 공과금 | 연회비 | 수수료","포인트/캐시백 영역은 네이버 카드 상세에서 수집한 혜택 카테고리를 기준으로 임시 계산합니다.","2026-06-11T11:14:42.801Z"
"naver-card-10465-mart-1","naver-card-10465","mart","대형마트","cashback","0.03","","8000","","500000","대형마트","unknown","50만원 이상","상품권 | 선불카드 충전 | 세금 | 공과금 | 연회비 | 수수료","대형마트 영역은 네이버 카드 상세에서 수집한 혜택 카테고리를 기준으로 임시 계산합니다.","2026-06-11T11:14:42.801Z"
"naver-card-10465-coffee-2","naver-card-10465","coffee","카페/베이커리","cashback","0.03","","8000","","500000","카페/베이커리","unknown","50만원 이상","상품권 | 선불카드 충전 | 세금 | 공과금 | 연회비 | 수수료","카페/베이커리 영역은 네이버 카드 상세에서 수집한 혜택 카테고리를 기준으로 임시 계산합니다.","2026-06-11T11:14:42.801Z"
"naver-card-10465-telecom-3","naver-card-10465","telecom","통신","cashback","0.03","","8000","","500000","통신","unknown","50만원 이상","상품권 | 선불카드 충전 | 세금 | 공과금 | 연회비 | 수수료","통신 영역은 네이버 카드 상세에서 수집한 혜택 카테고리를 기준으로 임시 계산합니다.","2026-06-11T11:14:42.801Z"
"naver-card-10373-shopping-0","naver-card-10373","shopping","바우처","cashback","0.01","","8000","","500000","바우처","unknown","50만원 이상","상품권 | 선불카드 충전 | 세금 | 공과금 | 연회비 | 수수료","바우처 영역은 네이버 카드 상세에서 수집한 혜택 카테고리를 기준으로 임시 계산합니다.","2026-06-11T11:14:42.801Z"
"naver-card-10373-etc-1","naver-card-10373","etc","레저","cashback","0.01","","8000","","500000","레저","unknown","50만원 이상","상품권 | 선불카드 충전 | 세금 | 공과금 | 연회비 | 수수료","레저 영역은 네이버 카드 상세에서 수집한 혜택 카테고리를 기준으로 임시 계산합니다.","2026-06-11T11:14:42.801Z"
"naver-card-10373-fuel-2","naver-card-10373","fuel","주유","cashback","0.01","","8000","","500000","주유","unknown","50만원 이상","상품권 | 선불카드 충전 | 세금 | 공과금 | 연회비 | 수수료","주유 영역은 네이버 카드 상세에서 수집한 혜택 카테고리를 기준으로 임시 계산합니다.","2026-06-11T11:14:42.801Z"
"naver-card-10219-shopping-0","naver-card-10219","shopping","포인트/캐시백","cashback","0.1","","5000","","0","포인트/캐시백","unknown","실적 조건 없음","상품권 | 선불카드 충전 | 세금 | 공과금 | 연회비 | 수수료","포인트/캐시백 영역은 네이버 카드 상세에서 수집한 혜택 카테고리를 기준으로 임시 계산합니다.","2026-06-11T11:14:42.801Z"
"naver-card-10219-etc-1","naver-card-10219","etc","레저","cashback","0.1","","5000","","0","레저","unknown","실적 조건 없음","상품권 | 선불카드 충전 | 세금 | 공과금 | 연회비 | 수수료","레저 영역은 네이버 카드 상세에서 수집한 혜택 카테고리를 기준으로 임시 계산합니다.","2026-06-11T11:14:42.801Z"
"naver-card-10076-travel-0","naver-card-10076","travel","항공마일리지","mileage","0.01","","8000","","500000","항공마일리지","unknown","50만원 이상","상품권 | 선불카드 충전 | 세금 | 공과금 | 연회비 | 수수료","항공마일리지 영역은 네이버 카드 상세에서 수집한 혜택 카테고리를 기준으로 임시 계산합니다.","2026-06-11T11:14:42.801Z"
"naver-card-10076-etc-1","naver-card-10076","etc","프리미엄","mileage","0.01","","8000","","500000","프리미엄","unknown","50만원 이상","상품권 | 선불카드 충전 | 세금 | 공과금 | 연회비 | 수수료","프리미엄 영역은 네이버 카드 상세에서 수집한 혜택 카테고리를 기준으로 임시 계산합니다.","2026-06-11T11:14:42.801Z"
"naver-card-10507-telecom-0","naver-card-10507","telecom","통신","discount","0.03","","10000","","300000","통신","unknown","30만원 이상","상품권 | 선불카드 충전 | 세금 | 공과금 | 연회비 | 수수료","통신 영역은 네이버 카드 상세에서 수집한 혜택 카테고리를 기준으로 임시 계산합니다.","2026-06-11T11:14:42.801Z"
"naver-card-10455-shopping-0","naver-card-10455","shopping","포인트/캐시백","cashback","0.01","","10000","","0","포인트/캐시백","unknown","실적 조건 없음","상품권 | 선불카드 충전 | 세금 | 공과금 | 연회비 | 수수료","포인트/캐시백 영역은 네이버 카드 상세에서 수집한 혜택 카테고리를 기준으로 임시 계산합니다.","2026-06-11T11:14:42.801Z"
"naver-card-10622-travel-0","naver-card-10622","travel","항공마일리지","mileage","0.01","","8000","","500000","항공마일리지","unknown","50만원 이상","상품권 | 선불카드 충전 | 세금 | 공과금 | 연회비 | 수수료","항공마일리지 영역은 네이버 카드 상세에서 수집한 혜택 카테고리를 기준으로 임시 계산합니다.","2026-06-11T11:14:42.801Z"
"naver-card-10622-shopping-1","naver-card-10622","shopping","바우처","mileage","0.01","","8000","","500000","바우처","unknown","50만원 이상","상품권 | 선불카드 충전 | 세금 | 공과금 | 연회비 | 수수료","바우처 영역은 네이버 카드 상세에서 수집한 혜택 카테고리를 기준으로 임시 계산합니다.","2026-06-11T11:14:42.801Z"
"naver-card-10622-etc-2","naver-card-10622","etc","Priority Pass","mileage","0.01","","8000","","500000","Priority Pass","unknown","50만원 이상","상품권 | 선불카드 충전 | 세금 | 공과금 | 연회비 | 수수료","Priority Pass 영역은 네이버 카드 상세에서 수집한 혜택 카테고리를 기준으로 임시 계산합니다.","2026-06-11T11:14:42.801Z"
"naver-card-10394-travel-0","naver-card-10394","travel","항공마일리지","mileage","0.01","","8000","","500000","항공마일리지","unknown","50만원 이상","상품권 | 선불카드 충전 | 세금 | 공과금 | 연회비 | 수수료","항공마일리지 영역은 네이버 카드 상세에서 수집한 혜택 카테고리를 기준으로 임시 계산합니다.","2026-06-11T11:14:42.801Z"
"naver-card-10394-etc-1","naver-card-10394","etc","프리미엄","mileage","0.01","","8000","","500000","프리미엄","unknown","50만원 이상","상품권 | 선불카드 충전 | 세금 | 공과금 | 연회비 | 수수료","프리미엄 영역은 네이버 카드 상세에서 수집한 혜택 카테고리를 기준으로 임시 계산합니다.","2026-06-11T11:14:42.801Z"
"naver-card-10394-shopping-2","naver-card-10394","shopping","바우처","mileage","0.01","","8000","","500000","바우처","unknown","50만원 이상","상품권 | 선불카드 충전 | 세금 | 공과금 | 연회비 | 수수료","바우처 영역은 네이버 카드 상세에서 수집한 혜택 카테고리를 기준으로 임시 계산합니다.","2026-06-11T11:14:42.801Z"
"naver-card-10500-telecom-0","naver-card-10500","telecom","통신","discount","0.03","","10000","","300000","통신","unknown","30만원 이상","상품권 | 선불카드 충전 | 세금 | 공과금 | 연회비 | 수수료","통신 영역은 네이버 카드 상세에서 수집한 혜택 카테고리를 기준으로 임시 계산합니다.","2026-06-11T11:14:42.801Z"
"naver-card-1614-shopping-0","naver-card-1614","shopping","쇼핑","cashback","0.1","","5000","","300000","쇼핑","unknown","30만원 이상","상품권 | 선불카드 충전 | 세금 | 공과금 | 연회비 | 수수료","쇼핑 영역은 네이버 카드 상세에서 수집한 혜택 카테고리를 기준으로 임시 계산합니다.","2026-06-11T11:14:42.801Z"
"naver-card-1614-fuel-1","naver-card-1614","fuel","주유","cashback","0.1","","5000","","300000","주유","unknown","30만원 이상","상품권 | 선불카드 충전 | 세금 | 공과금 | 연회비 | 수수료","주유 영역은 네이버 카드 상세에서 수집한 혜택 카테고리를 기준으로 임시 계산합니다.","2026-06-11T11:14:42.801Z"
"naver-card-1614-telecom-2","naver-card-1614","telecom","통신","cashback","0.1","","5000","","300000","통신","unknown","30만원 이상","상품권 | 선불카드 충전 | 세금 | 공과금 | 연회비 | 수수료","통신 영역은 네이버 카드 상세에서 수집한 혜택 카테고리를 기준으로 임시 계산합니다.","2026-06-11T11:14:42.801Z"
"naver-card-1614-mart-3","naver-card-1614","mart","대형마트","cashback","0.1","","5000","","300000","대형마트","unknown","30만원 이상","상품권 | 선불카드 충전 | 세금 | 공과금 | 연회비 | 수수료","대형마트 영역은 네이버 카드 상세에서 수집한 혜택 카테고리를 기준으로 임시 계산합니다.","2026-06-11T11:14:42.801Z"
"naver-card-1614-medical-4","naver-card-1614","medical","의료","cashback","0.1","","5000","","300000","의료","unknown","30만원 이상","상품권 | 선불카드 충전 | 세금 | 공과금 | 연회비 | 수수료","의료 영역은 네이버 카드 상세에서 수집한 혜택 카테고리를 기준으로 임시 계산합니다.","2026-06-11T11:14:42.801Z"
"naver-card-10400-travel-0","naver-card-10400","travel","항공마일리지","mileage","0.03","","8000","","500000","항공마일리지","unknown","50만원 이상","상품권 | 선불카드 충전 | 세금 | 공과금 | 연회비 | 수수료","항공마일리지 영역은 네이버 카드 상세에서 수집한 혜택 카테고리를 기준으로 임시 계산합니다.","2026-06-11T11:14:42.801Z"
"naver-card-10400-etc-1","naver-card-10400","etc","프리미엄","mileage","0.03","","8000","","500000","프리미엄","unknown","50만원 이상","상품권 | 선불카드 충전 | 세금 | 공과금 | 연회비 | 수수료","프리미엄 영역은 네이버 카드 상세에서 수집한 혜택 카테고리를 기준으로 임시 계산합니다.","2026-06-11T11:14:42.801Z"
"naver-card-10400-shopping-2","naver-card-10400","shopping","바우처","mileage","0.03","","8000","","500000","바우처","unknown","50만원 이상","상품권 | 선불카드 충전 | 세금 | 공과금 | 연회비 | 수수료","바우처 영역은 네이버 카드 상세에서 수집한 혜택 카테고리를 기준으로 임시 계산합니다.","2026-06-11T11:14:42.801Z"
"naver-card-10573-fuel-0","naver-card-10573","fuel","주유","discount","0.05","","10000","","400000","주유","unknown","40만원 이상","상품권 | 선불카드 충전 | 세금 | 공과금 | 연회비 | 수수료","주유 영역은 네이버 카드 상세에서 수집한 혜택 카테고리를 기준으로 임시 계산합니다.","2026-06-11T11:14:42.801Z"
"naver-card-10441-ott-0","naver-card-10441","ott","렌탈","discount","0.03","","17000","","200000","렌탈","unknown","20만원 이상","상품권 | 선불카드 충전 | 세금 | 공과금 | 연회비 | 수수료","렌탈 영역은 네이버 카드 상세에서 수집한 혜택 카테고리를 기준으로 임시 계산합니다.","2026-06-11T11:14:42.801Z"
"naver-card-10350-transport-0","naver-card-10350","transport","대중교통","cashback","0.1","","5000","","400000","대중교통","unknown","40만원 이상","상품권 | 선불카드 충전 | 세금 | 공과금 | 연회비 | 수수료","대중교통 영역은 네이버 카드 상세에서 수집한 혜택 카테고리를 기준으로 임시 계산합니다.","2026-06-11T11:14:42.801Z"
"naver-card-10350-etc-1","naver-card-10350","etc","레저","cashback","0.1","","5000","","400000","레저","unknown","40만원 이상","상품권 | 선불카드 충전 | 세금 | 공과금 | 연회비 | 수수료","레저 영역은 네이버 카드 상세에서 수집한 혜택 카테고리를 기준으로 임시 계산합니다.","2026-06-11T11:14:42.801Z"
"naver-card-10350-shopping-2","naver-card-10350","shopping","쇼핑","cashback","0.1","","5000","","400000","쇼핑","unknown","40만원 이상","상품권 | 선불카드 충전 | 세금 | 공과금 | 연회비 | 수수료","쇼핑 영역은 네이버 카드 상세에서 수집한 혜택 카테고리를 기준으로 임시 계산합니다.","2026-06-11T11:14:42.801Z"
"naver-card-10350-telecom-3","naver-card-10350","telecom","통신","cashback","0.1","","5000","","400000","통신","unknown","40만원 이상","상품권 | 선불카드 충전 | 세금 | 공과금 | 연회비 | 수수료","통신 영역은 네이버 카드 상세에서 수집한 혜택 카테고리를 기준으로 임시 계산합니다.","2026-06-11T11:14:42.801Z"
"naver-card-10350-dining-4","naver-card-10350","dining","외식","cashback","0.1","","5000","","400000","외식","unknown","40만원 이상","상품권 | 선불카드 충전 | 세금 | 공과금 | 연회비 | 수수료","외식 영역은 네이버 카드 상세에서 수집한 혜택 카테고리를 기준으로 임시 계산합니다.","2026-06-11T11:14:42.801Z"
"naver-card-10528-convenience-0","naver-card-10528","convenience","편의점","discount","0.02","","5000","","100000","편의점","unknown","10만원 이상","상품권 | 선불카드 충전 | 세금 | 공과금 | 연회비 | 수수료","편의점 영역은 네이버 카드 상세에서 수집한 혜택 카테고리를 기준으로 임시 계산합니다.","2026-06-11T11:14:42.801Z"
"naver-card-10528-coffee-1","naver-card-10528","coffee","카페/베이커리","discount","0.02","","5000","","100000","카페/베이커리","unknown","10만원 이상","상품권 | 선불카드 충전 | 세금 | 공과금 | 연회비 | 수수료","카페/베이커리 영역은 네이버 카드 상세에서 수집한 혜택 카테고리를 기준으로 임시 계산합니다.","2026-06-11T11:14:42.801Z"
"naver-card-10528-medical-2","naver-card-10528","medical","뷰티","discount","0.02","","5000","","100000","뷰티","unknown","10만원 이상","상품권 | 선불카드 충전 | 세금 | 공과금 | 연회비 | 수수료","뷰티 영역은 네이버 카드 상세에서 수집한 혜택 카테고리를 기준으로 임시 계산합니다.","2026-06-11T11:14:42.801Z"
"naver-card-10528-shopping-3","naver-card-10528","shopping","쇼핑","discount","0.02","","5000","","100000","쇼핑","unknown","10만원 이상","상품권 | 선불카드 충전 | 세금 | 공과금 | 연회비 | 수수료","쇼핑 영역은 네이버 카드 상세에서 수집한 혜택 카테고리를 기준으로 임시 계산합니다.","2026-06-11T11:14:42.801Z"
"naver-card-10528-transport-4","naver-card-10528","transport","대중교통","discount","0.02","","5000","","100000","대중교통","unknown","10만원 이상","상품권 | 선불카드 충전 | 세금 | 공과금 | 연회비 | 수수료","대중교통 영역은 네이버 카드 상세에서 수집한 혜택 카테고리를 기준으로 임시 계산합니다.","2026-06-11T11:14:42.801Z"
"naver-card-10401-travel-0","naver-card-10401","travel","항공마일리지","mileage","0.01","","8000","","500000","항공마일리지","unknown","50만원 이상","상품권 | 선불카드 충전 | 세금 | 공과금 | 연회비 | 수수료","항공마일리지 영역은 네이버 카드 상세에서 수집한 혜택 카테고리를 기준으로 임시 계산합니다.","2026-06-11T11:14:42.801Z"
"naver-card-10401-etc-1","naver-card-10401","etc","프리미엄","mileage","0.01","","8000","","500000","프리미엄","unknown","50만원 이상","상품권 | 선불카드 충전 | 세금 | 공과금 | 연회비 | 수수료","프리미엄 영역은 네이버 카드 상세에서 수집한 혜택 카테고리를 기준으로 임시 계산합니다.","2026-06-11T11:14:42.801Z"
"naver-card-10401-shopping-2","naver-card-10401","shopping","바우처","mileage","0.01","","8000","","500000","바우처","unknown","50만원 이상","상품권 | 선불카드 충전 | 세금 | 공과금 | 연회비 | 수수료","바우처 영역은 네이버 카드 상세에서 수집한 혜택 카테고리를 기준으로 임시 계산합니다.","2026-06-11T11:14:42.801Z"
"naver-card-2487-ott-0","naver-card-2487","ott","렌탈","cashback","0.01","","6667","","100000","렌탈","unknown","10만원 이상","상품권 | 선불카드 충전 | 세금 | 공과금 | 연회비 | 수수료","렌탈 영역은 네이버 카드 상세에서 수집한 혜택 카테고리를 기준으로 임시 계산합니다.","2026-06-11T11:14:42.801Z"
"naver-card-2487-shopping-1","naver-card-2487","shopping","포인트/캐시백","cashback","0.01","","6667","","100000","포인트/캐시백","unknown","10만원 이상","상품권 | 선불카드 충전 | 세금 | 공과금 | 연회비 | 수수료","포인트/캐시백 영역은 네이버 카드 상세에서 수집한 혜택 카테고리를 기준으로 임시 계산합니다.","2026-06-11T11:14:42.801Z"
"naver-card-2487-etc-2","naver-card-2487","etc","레저","cashback","0.01","","6667","","100000","레저","unknown","10만원 이상","상품권 | 선불카드 충전 | 세금 | 공과금 | 연회비 | 수수료","레저 영역은 네이버 카드 상세에서 수집한 혜택 카테고리를 기준으로 임시 계산합니다.","2026-06-11T11:14:42.801Z"
"naver-card-10562-shopping-0","naver-card-10562","shopping","바우처","mileage","0.01","","5000","","300000","바우처","unknown","30만원 이상","상품권 | 선불카드 충전 | 세금 | 공과금 | 연회비 | 수수료","바우처 영역은 네이버 카드 상세에서 수집한 혜택 카테고리를 기준으로 임시 계산합니다.","2026-06-11T11:14:42.801Z"
"naver-card-10562-travel-1","naver-card-10562","travel","항공마일리지","mileage","0.01","","5000","","300000","항공마일리지","unknown","30만원 이상","상품권 | 선불카드 충전 | 세금 | 공과금 | 연회비 | 수수료","항공마일리지 영역은 네이버 카드 상세에서 수집한 혜택 카테고리를 기준으로 임시 계산합니다.","2026-06-11T11:14:42.801Z"
"naver-card-10562-fuel-2","naver-card-10562","fuel","주유","mileage","0.01","","5000","","300000","주유","unknown","30만원 이상","상품권 | 선불카드 충전 | 세금 | 공과금 | 연회비 | 수수료","주유 영역은 네이버 카드 상세에서 수집한 혜택 카테고리를 기준으로 임시 계산합니다.","2026-06-11T11:14:42.801Z"
"naver-card-10562-etc-3","naver-card-10562","etc","프리미엄","mileage","0.01","","5000","","300000","프리미엄","unknown","30만원 이상","상품권 | 선불카드 충전 | 세금 | 공과금 | 연회비 | 수수료","프리미엄 영역은 네이버 카드 상세에서 수집한 혜택 카테고리를 기준으로 임시 계산합니다.","2026-06-11T11:14:42.801Z"
"naver-card-10562-coffee-4","naver-card-10562","coffee","카페/베이커리","mileage","0.01","","5000","","300000","카페/베이커리","unknown","30만원 이상","상품권 | 선불카드 충전 | 세금 | 공과금 | 연회비 | 수수료","카페/베이커리 영역은 네이버 카드 상세에서 수집한 혜택 카테고리를 기준으로 임시 계산합니다.","2026-06-11T11:14:42.801Z"
"naver-card-10189-travel-0","naver-card-10189","travel","항공마일리지","mileage","0.01","","8000","","500000","항공마일리지","unknown","50만원 이상","상품권 | 선불카드 충전 | 세금 | 공과금 | 연회비 | 수수료","항공마일리지 영역은 네이버 카드 상세에서 수집한 혜택 카테고리를 기준으로 임시 계산합니다.","2026-06-11T11:14:42.801Z"
"naver-card-10189-etc-1","naver-card-10189","etc","프리미엄","mileage","0.01","","8000","","500000","프리미엄","unknown","50만원 이상","상품권 | 선불카드 충전 | 세금 | 공과금 | 연회비 | 수수료","프리미엄 영역은 네이버 카드 상세에서 수집한 혜택 카테고리를 기준으로 임시 계산합니다.","2026-06-11T11:14:42.801Z"
"naver-card-10399-travel-0","naver-card-10399","travel","항공마일리지","mileage","0.01","","8000","","500000","항공마일리지","unknown","50만원 이상","상품권 | 선불카드 충전 | 세금 | 공과금 | 연회비 | 수수료","항공마일리지 영역은 네이버 카드 상세에서 수집한 혜택 카테고리를 기준으로 임시 계산합니다.","2026-06-11T11:14:42.801Z"
"naver-card-10399-etc-1","naver-card-10399","etc","프리미엄","mileage","0.01","","8000","","500000","프리미엄","unknown","50만원 이상","상품권 | 선불카드 충전 | 세금 | 공과금 | 연회비 | 수수료","프리미엄 영역은 네이버 카드 상세에서 수집한 혜택 카테고리를 기준으로 임시 계산합니다.","2026-06-11T11:14:42.801Z"
"naver-card-10399-shopping-2","naver-card-10399","shopping","바우처","mileage","0.01","","8000","","500000","바우처","unknown","50만원 이상","상품권 | 선불카드 충전 | 세금 | 공과금 | 연회비 | 수수료","바우처 영역은 네이버 카드 상세에서 수집한 혜택 카테고리를 기준으로 임시 계산합니다.","2026-06-11T11:14:42.801Z"
"naver-card-10420-fuel-0","naver-card-10420","fuel","주유","discount","0.1","","5000","","400000","주유","unknown","40만원 이상","상품권 | 선불카드 충전 | 세금 | 공과금 | 연회비 | 수수료","주유 영역은 네이버 카드 상세에서 수집한 혜택 카테고리를 기준으로 임시 계산합니다.","2026-06-11T11:14:42.801Z"
"naver-card-10420-etc-1","naver-card-10420","etc","문화","discount","0.1","","5000","","400000","문화","unknown","40만원 이상","상품권 | 선불카드 충전 | 세금 | 공과금 | 연회비 | 수수료","문화 영역은 네이버 카드 상세에서 수집한 혜택 카테고리를 기준으로 임시 계산합니다.","2026-06-11T11:14:42.801Z"
"naver-card-10420-shopping-2","naver-card-10420","shopping","쇼핑","discount","0.1","","5000","","400000","쇼핑","unknown","40만원 이상","상품권 | 선불카드 충전 | 세금 | 공과금 | 연회비 | 수수료","쇼핑 영역은 네이버 카드 상세에서 수집한 혜택 카테고리를 기준으로 임시 계산합니다.","2026-06-11T11:14:42.801Z"
"naver-card-10565-etc-0","naver-card-10565","etc","법인","mileage","0.006","","10000","","0","법인","unknown","실적 조건 없음","상품권 | 선불카드 충전 | 세금 | 공과금 | 연회비 | 수수료","법인 영역은 네이버 카드 상세에서 수집한 혜택 카테고리를 기준으로 임시 계산합니다.","2026-06-11T11:14:42.801Z"
"naver-card-10362-shopping-0","naver-card-10362","shopping","포인트/캐시백","cashback","0.01","","5000","","250000","포인트/캐시백","unknown","25만원 이상","상품권 | 선불카드 충전 | 세금 | 공과금 | 연회비 | 수수료","포인트/캐시백 영역은 네이버 카드 상세에서 수집한 혜택 카테고리를 기준으로 임시 계산합니다.","2026-06-11T11:14:42.801Z"
"naver-card-10362-etc-1","naver-card-10362","etc","프리미엄","cashback","0.01","","5000","","250000","프리미엄","unknown","25만원 이상","상품권 | 선불카드 충전 | 세금 | 공과금 | 연회비 | 수수료","프리미엄 영역은 네이버 카드 상세에서 수집한 혜택 카테고리를 기준으로 임시 계산합니다.","2026-06-11T11:14:42.801Z"
"naver-card-10362-dining-2","naver-card-10362","dining","외식","cashback","0.01","","5000","","250000","외식","unknown","25만원 이상","상품권 | 선불카드 충전 | 세금 | 공과금 | 연회비 | 수수료","외식 영역은 네이버 카드 상세에서 수집한 혜택 카테고리를 기준으로 임시 계산합니다.","2026-06-11T11:14:42.801Z"
"naver-card-10362-transport-3","naver-card-10362","transport","대중교통","cashback","0.01","","5000","","250000","대중교통","unknown","25만원 이상","상품권 | 선불카드 충전 | 세금 | 공과금 | 연회비 | 수수료","대중교통 영역은 네이버 카드 상세에서 수집한 혜택 카테고리를 기준으로 임시 계산합니다.","2026-06-11T11:14:42.801Z"
"naver-card-10608-shopping-0","naver-card-10608","shopping","포인트/캐시백","cashback","0.1","","10000","","300000","포인트/캐시백","unknown","30만원 이상","상품권 | 선불카드 충전 | 세금 | 공과금 | 연회비 | 수수료","포인트/캐시백 영역은 네이버 카드 상세에서 수집한 혜택 카테고리를 기준으로 임시 계산합니다.","2026-06-11T11:14:42.801Z"
"naver-card-1243-shopping-0","naver-card-1243","shopping","포인트/캐시백","cashback","0.02","","7000","","400000","포인트/캐시백","unknown","40만원 이상","상품권 | 선불카드 충전 | 세금 | 공과금 | 연회비 | 수수료","포인트/캐시백 영역은 네이버 카드 상세에서 수집한 혜택 카테고리를 기준으로 임시 계산합니다.","2026-06-11T11:14:42.801Z"
"naver-card-1243-etc-1","naver-card-1243","etc","프리미엄","cashback","0.02","","7000","","400000","프리미엄","unknown","40만원 이상","상품권 | 선불카드 충전 | 세금 | 공과금 | 연회비 | 수수료","프리미엄 영역은 네이버 카드 상세에서 수집한 혜택 카테고리를 기준으로 임시 계산합니다.","2026-06-11T11:14:42.801Z"
"naver-card-10384-telecom-0","naver-card-10384","telecom","통신","cashback","0.01","","8000","","500000","통신","unknown","50만원 이상","상품권 | 선불카드 충전 | 세금 | 공과금 | 연회비 | 수수료","통신 영역은 네이버 카드 상세에서 수집한 혜택 카테고리를 기준으로 임시 계산합니다.","2026-06-11T11:14:42.801Z"
"naver-card-10384-shopping-1","naver-card-10384","shopping","포인트/캐시백","cashback","0.01","","8000","","500000","포인트/캐시백","unknown","50만원 이상","상품권 | 선불카드 충전 | 세금 | 공과금 | 연회비 | 수수료","포인트/캐시백 영역은 네이버 카드 상세에서 수집한 혜택 카테고리를 기준으로 임시 계산합니다.","2026-06-11T11:14:42.801Z"
"naver-card-10581-etc-0","naver-card-10581","etc","법인","mileage","0.03","","10000","","0","법인","unknown","실적 조건 없음","상품권 | 선불카드 충전 | 세금 | 공과금 | 연회비 | 수수료","법인 영역은 네이버 카드 상세에서 수집한 혜택 카테고리를 기준으로 임시 계산합니다.","2026-06-11T11:14:42.801Z"
"naver-card-2418-travel-0","naver-card-2418","travel","항공마일리지","mileage","0.01","","8000","","500000","항공마일리지","unknown","50만원 이상","상품권 | 선불카드 충전 | 세금 | 공과금 | 연회비 | 수수료","항공마일리지 영역은 네이버 카드 상세에서 수집한 혜택 카테고리를 기준으로 임시 계산합니다.","2026-06-11T11:14:42.801Z"
"naver-card-2418-shopping-1","naver-card-2418","shopping","쇼핑","mileage","0.01","","8000","","500000","쇼핑","unknown","50만원 이상","상품권 | 선불카드 충전 | 세금 | 공과금 | 연회비 | 수수료","쇼핑 영역은 네이버 카드 상세에서 수집한 혜택 카테고리를 기준으로 임시 계산합니다.","2026-06-11T11:14:42.801Z"
"naver-card-2418-mart-2","naver-card-2418","mart","대형마트","mileage","0.01","","8000","","500000","대형마트","unknown","50만원 이상","상품권 | 선불카드 충전 | 세금 | 공과금 | 연회비 | 수수료","대형마트 영역은 네이버 카드 상세에서 수집한 혜택 카테고리를 기준으로 임시 계산합니다.","2026-06-11T11:14:42.801Z"
"naver-card-2418-fuel-3","naver-card-2418","fuel","주유","mileage","0.01","","8000","","500000","주유","unknown","50만원 이상","상품권 | 선불카드 충전 | 세금 | 공과금 | 연회비 | 수수료","주유 영역은 네이버 카드 상세에서 수집한 혜택 카테고리를 기준으로 임시 계산합니다.","2026-06-11T11:14:42.801Z"
"naver-card-2418-coffee-4","naver-card-2418","coffee","카페/베이커리","mileage","0.01","","8000","","500000","카페/베이커리","unknown","50만원 이상","상품권 | 선불카드 충전 | 세금 | 공과금 | 연회비 | 수수료","카페/베이커리 영역은 네이버 카드 상세에서 수집한 혜택 카테고리를 기준으로 임시 계산합니다.","2026-06-11T11:14:42.801Z"
"naver-card-10518-etc-0","naver-card-10518","etc","국민내일배움카드","cashback","0.005","","5000","","300000","국민내일배움카드","unknown","30만원 이상","상품권 | 선불카드 충전 | 세금 | 공과금 | 연회비 | 수수료","국민내일배움카드 영역은 네이버 카드 상세에서 수집한 혜택 카테고리를 기준으로 임시 계산합니다.","2026-06-11T11:14:42.801Z"
"naver-card-10518-shopping-1","naver-card-10518","shopping","포인트/캐시백","cashback","0.005","","5000","","300000","포인트/캐시백","unknown","30만원 이상","상품권 | 선불카드 충전 | 세금 | 공과금 | 연회비 | 수수료","포인트/캐시백 영역은 네이버 카드 상세에서 수집한 혜택 카테고리를 기준으로 임시 계산합니다.","2026-06-11T11:14:42.801Z"
"naver-card-10225-etc-0","naver-card-10225","etc","관리비","discount","0.1","","5000","","400000","관리비","unknown","40만원 이상","상품권 | 선불카드 충전 | 세금 | 공과금 | 연회비 | 수수료","관리비 영역은 네이버 카드 상세에서 수집한 혜택 카테고리를 기준으로 임시 계산합니다.","2026-06-11T11:14:42.801Z"
"naver-card-10225-medical-1","naver-card-10225","medical","의료","discount","0.1","","5000","","400000","의료","unknown","40만원 이상","상품권 | 선불카드 충전 | 세금 | 공과금 | 연회비 | 수수료","의료 영역은 네이버 카드 상세에서 수집한 혜택 카테고리를 기준으로 임시 계산합니다.","2026-06-11T11:14:42.801Z"
"naver-card-10225-fuel-2","naver-card-10225","fuel","주유","discount","0.1","","5000","","400000","주유","unknown","40만원 이상","상품권 | 선불카드 충전 | 세금 | 공과금 | 연회비 | 수수료","주유 영역은 네이버 카드 상세에서 수집한 혜택 카테고리를 기준으로 임시 계산합니다.","2026-06-11T11:14:42.801Z"
"naver-card-10225-coffee-3","naver-card-10225","coffee","카페/베이커리","discount","0.1","","5000","","400000","카페/베이커리","unknown","40만원 이상","상품권 | 선불카드 충전 | 세금 | 공과금 | 연회비 | 수수료","카페/베이커리 영역은 네이버 카드 상세에서 수집한 혜택 카테고리를 기준으로 임시 계산합니다.","2026-06-11T11:14:42.801Z"
"naver-card-10225-transport-4","naver-card-10225","transport","대중교통","discount","0.1","","5000","","400000","대중교통","unknown","40만원 이상","상품권 | 선불카드 충전 | 세금 | 공과금 | 연회비 | 수수료","대중교통 영역은 네이버 카드 상세에서 수집한 혜택 카테고리를 기준으로 임시 계산합니다.","2026-06-11T11:14:42.801Z"
"naver-card-10618-shopping-0","naver-card-10618","shopping","포인트/캐시백","mileage","0.02","","5000","","300000","포인트/캐시백","unknown","30만원 이상","상품권 | 선불카드 충전 | 세금 | 공과금 | 연회비 | 수수료","포인트/캐시백 영역은 네이버 카드 상세에서 수집한 혜택 카테고리를 기준으로 임시 계산합니다.","2026-06-11T11:14:42.801Z"
"naver-card-10618-etc-1","naver-card-10618","etc","프리미엄","mileage","0.02","","5000","","300000","프리미엄","unknown","30만원 이상","상품권 | 선불카드 충전 | 세금 | 공과금 | 연회비 | 수수료","프리미엄 영역은 네이버 카드 상세에서 수집한 혜택 카테고리를 기준으로 임시 계산합니다.","2026-06-11T11:14:42.801Z"
"naver-card-10186-shopping-0","naver-card-10186","shopping","쇼핑","discount","0.1","","2333","","400000","쇼핑","unknown","40만원 이상","상품권 | 선불카드 충전 | 세금 | 공과금 | 연회비 | 수수료","쇼핑 영역은 네이버 카드 상세에서 수집한 혜택 카테고리를 기준으로 임시 계산합니다.","2026-06-11T11:14:42.801Z"
"naver-card-10186-etc-1","naver-card-10186","etc","문화","discount","0.1","","2333","","400000","문화","unknown","40만원 이상","상품권 | 선불카드 충전 | 세금 | 공과금 | 연회비 | 수수료","문화 영역은 네이버 카드 상세에서 수집한 혜택 카테고리를 기준으로 임시 계산합니다.","2026-06-11T11:14:42.801Z"
"naver-card-10186-coffee-2","naver-card-10186","coffee","카페/베이커리","discount","0.1","","2333","","400000","카페/베이커리","unknown","40만원 이상","상품권 | 선불카드 충전 | 세금 | 공과금 | 연회비 | 수수료","카페/베이커리 영역은 네이버 카드 상세에서 수집한 혜택 카테고리를 기준으로 임시 계산합니다.","2026-06-11T11:14:42.801Z"
"naver-card-10297-etc-0","naver-card-10297","etc","그린카드","point","0.1","","1250","","300000","그린카드","unknown","30만원 이상","상품권 | 선불카드 충전 | 세금 | 공과금 | 연회비 | 수수료","그린카드 영역은 네이버 카드 상세에서 수집한 혜택 카테고리를 기준으로 임시 계산합니다.","2026-06-11T11:14:42.801Z"
"naver-card-10297-fuel-1","naver-card-10297","fuel","주유","point","0.1","","1250","","300000","주유","unknown","30만원 이상","상품권 | 선불카드 충전 | 세금 | 공과금 | 연회비 | 수수료","주유 영역은 네이버 카드 상세에서 수집한 혜택 카테고리를 기준으로 임시 계산합니다.","2026-06-11T11:14:42.801Z"
"naver-card-10297-transport-2","naver-card-10297","transport","대중교통","point","0.1","","1250","","300000","대중교통","unknown","30만원 이상","상품권 | 선불카드 충전 | 세금 | 공과금 | 연회비 | 수수료","대중교통 영역은 네이버 카드 상세에서 수집한 혜택 카테고리를 기준으로 임시 계산합니다.","2026-06-11T11:14:42.801Z"
"naver-card-10297-coffee-3","naver-card-10297","coffee","카페/베이커리","point","0.1","","1250","","300000","카페/베이커리","unknown","30만원 이상","상품권 | 선불카드 충전 | 세금 | 공과금 | 연회비 | 수수료","카페/베이커리 영역은 네이버 카드 상세에서 수집한 혜택 카테고리를 기준으로 임시 계산합니다.","2026-06-11T11:14:42.801Z"
"naver-card-10297-shopping-4","naver-card-10297","shopping","포인트/캐시백","point","0.1","","1250","","300000","포인트/캐시백","unknown","30만원 이상","상품권 | 선불카드 충전 | 세금 | 공과금 | 연회비 | 수수료","포인트/캐시백 영역은 네이버 카드 상세에서 수집한 혜택 카테고리를 기준으로 임시 계산합니다.","2026-06-11T11:14:42.801Z"
"naver-card-10262-ott-0","naver-card-10262","ott","렌탈","discount","0.03","","5000","","300000","렌탈","unknown","30만원 이상","상품권 | 선불카드 충전 | 세금 | 공과금 | 연회비 | 수수료","렌탈 영역은 네이버 카드 상세에서 수집한 혜택 카테고리를 기준으로 임시 계산합니다.","2026-06-11T11:14:42.801Z"
"naver-card-10262-etc-1","naver-card-10262","etc","레저","discount","0.03","","5000","","300000","레저","unknown","30만원 이상","상품권 | 선불카드 충전 | 세금 | 공과금 | 연회비 | 수수료","레저 영역은 네이버 카드 상세에서 수집한 혜택 카테고리를 기준으로 임시 계산합니다.","2026-06-11T11:14:42.801Z"
"naver-card-2349-travel-0","naver-card-2349","travel","항공마일리지","mileage","0.01","","1000","","500000","항공마일리지","unknown","50만원 이상","상품권 | 선불카드 충전 | 세금 | 공과금 | 연회비 | 수수료","항공마일리지 영역은 네이버 카드 상세에서 수집한 혜택 카테고리를 기준으로 임시 계산합니다.","2026-06-11T11:14:42.801Z"
"naver-card-2349-coffee-1","naver-card-2349","coffee","카페/베이커리","mileage","0.01","","1000","","500000","카페/베이커리","unknown","50만원 이상","상품권 | 선불카드 충전 | 세금 | 공과금 | 연회비 | 수수료","카페/베이커리 영역은 네이버 카드 상세에서 수집한 혜택 카테고리를 기준으로 임시 계산합니다.","2026-06-11T11:14:42.801Z"
"naver-card-2349-etc-2","naver-card-2349","etc","영화","mileage","0.01","","1000","","500000","영화","unknown","50만원 이상","상품권 | 선불카드 충전 | 세금 | 공과금 | 연회비 | 수수료","영화 영역은 네이버 카드 상세에서 수집한 혜택 카테고리를 기준으로 임시 계산합니다.","2026-06-11T11:14:42.801Z"
"naver-card-10223-transport-0","naver-card-10223","transport","대중교통","discount","0.1","","5000","","400000","대중교통","unknown","40만원 이상","상품권 | 선불카드 충전 | 세금 | 공과금 | 연회비 | 수수료","대중교통 영역은 네이버 카드 상세에서 수집한 혜택 카테고리를 기준으로 임시 계산합니다.","2026-06-11T11:14:42.801Z"
"naver-card-10223-convenience-1","naver-card-10223","convenience","편의점","discount","0.1","","5000","","400000","편의점","unknown","40만원 이상","상품권 | 선불카드 충전 | 세금 | 공과금 | 연회비 | 수수료","편의점 영역은 네이버 카드 상세에서 수집한 혜택 카테고리를 기준으로 임시 계산합니다.","2026-06-11T11:14:42.801Z"
"naver-card-10223-etc-2","naver-card-10223","etc","문화","discount","0.1","","5000","","400000","문화","unknown","40만원 이상","상품권 | 선불카드 충전 | 세금 | 공과금 | 연회비 | 수수료","문화 영역은 네이버 카드 상세에서 수집한 혜택 카테고리를 기준으로 임시 계산합니다.","2026-06-11T11:14:42.801Z"
"naver-card-10223-shopping-3","naver-card-10223","shopping","쇼핑","discount","0.1","","5000","","400000","쇼핑","unknown","40만원 이상","상품권 | 선불카드 충전 | 세금 | 공과금 | 연회비 | 수수료","쇼핑 영역은 네이버 카드 상세에서 수집한 혜택 카테고리를 기준으로 임시 계산합니다.","2026-06-11T11:14:42.801Z"
"naver-card-652-travel-0","naver-card-652","travel","항공마일리지","mileage","0.01","","5000","","0","항공마일리지","unknown","실적 조건 없음","상품권 | 선불카드 충전 | 세금 | 공과금 | 연회비 | 수수료","항공마일리지 영역은 네이버 카드 상세에서 수집한 혜택 카테고리를 기준으로 임시 계산합니다.","2026-06-11T11:14:42.801Z"
"naver-card-652-etc-1","naver-card-652","etc","영화","mileage","0.01","","5000","","0","영화","unknown","실적 조건 없음","상품권 | 선불카드 충전 | 세금 | 공과금 | 연회비 | 수수료","영화 영역은 네이버 카드 상세에서 수집한 혜택 카테고리를 기준으로 임시 계산합니다.","2026-06-11T11:14:42.801Z"
"naver-card-652-shopping-2","naver-card-652","shopping","쇼핑","mileage","0.01","","5000","","0","쇼핑","unknown","실적 조건 없음","상품권 | 선불카드 충전 | 세금 | 공과금 | 연회비 | 수수료","쇼핑 영역은 네이버 카드 상세에서 수집한 혜택 카테고리를 기준으로 임시 계산합니다.","2026-06-11T11:14:42.801Z"
"naver-card-652-coffee-3","naver-card-652","coffee","카페/베이커리","mileage","0.01","","5000","","0","카페/베이커리","unknown","실적 조건 없음","상품권 | 선불카드 충전 | 세금 | 공과금 | 연회비 | 수수료","카페/베이커리 영역은 네이버 카드 상세에서 수집한 혜택 카테고리를 기준으로 임시 계산합니다.","2026-06-11T11:14:42.801Z"
"naver-card-652-education-4","naver-card-652","education","교육","mileage","0.01","","5000","","0","교육","unknown","실적 조건 없음","상품권 | 선불카드 충전 | 세금 | 공과금 | 연회비 | 수수료","교육 영역은 네이버 카드 상세에서 수집한 혜택 카테고리를 기준으로 임시 계산합니다.","2026-06-11T11:14:42.801Z"
"naver-card-10160-mart-0","naver-card-10160","mart","대형마트","discount","0.1","","5000","","400000","대형마트","unknown","40만원 이상","상품권 | 선불카드 충전 | 세금 | 공과금 | 연회비 | 수수료","대형마트 영역은 네이버 카드 상세에서 수집한 혜택 카테고리를 기준으로 임시 계산합니다.","2026-06-11T11:14:42.801Z"
"naver-card-10160-shopping-1","naver-card-10160","shopping","쇼핑","discount","0.1","","5000","","400000","쇼핑","unknown","40만원 이상","상품권 | 선불카드 충전 | 세금 | 공과금 | 연회비 | 수수료","쇼핑 영역은 네이버 카드 상세에서 수집한 혜택 카테고리를 기준으로 임시 계산합니다.","2026-06-11T11:14:42.801Z"
"naver-card-10160-medical-2","naver-card-10160","medical","의료","discount","0.1","","5000","","400000","의료","unknown","40만원 이상","상품권 | 선불카드 충전 | 세금 | 공과금 | 연회비 | 수수료","의료 영역은 네이버 카드 상세에서 수집한 혜택 카테고리를 기준으로 임시 계산합니다.","2026-06-11T11:14:42.801Z"
"naver-card-10160-transport-3","naver-card-10160","transport","대중교통","discount","0.1","","5000","","400000","대중교통","unknown","40만원 이상","상품권 | 선불카드 충전 | 세금 | 공과금 | 연회비 | 수수료","대중교통 영역은 네이버 카드 상세에서 수집한 혜택 카테고리를 기준으로 임시 계산합니다.","2026-06-11T11:14:42.801Z"
"naver-card-10160-etc-4","naver-card-10160","etc","금융","discount","0.1","","5000","","400000","금융","unknown","40만원 이상","상품권 | 선불카드 충전 | 세금 | 공과금 | 연회비 | 수수료","금융 영역은 네이버 카드 상세에서 수집한 혜택 카테고리를 기준으로 임시 계산합니다.","2026-06-11T11:14:42.801Z"
"naver-card-3996-coffee-0","naver-card-3996","coffee","카페/베이커리","discount","0.1","","5000","","300000","카페/베이커리","unknown","30만원 이상","상품권 | 선불카드 충전 | 세금 | 공과금 | 연회비 | 수수료","카페/베이커리 영역은 네이버 카드 상세에서 수집한 혜택 카테고리를 기준으로 임시 계산합니다.","2026-06-11T11:14:42.801Z"
"naver-card-3996-etc-1","naver-card-3996","etc","문화","discount","0.1","","5000","","300000","문화","unknown","30만원 이상","상품권 | 선불카드 충전 | 세금 | 공과금 | 연회비 | 수수료","문화 영역은 네이버 카드 상세에서 수집한 혜택 카테고리를 기준으로 임시 계산합니다.","2026-06-11T11:14:42.801Z"
"naver-card-3996-dining-2","naver-card-3996","dining","외식","discount","0.1","","5000","","300000","외식","unknown","30만원 이상","상품권 | 선불카드 충전 | 세금 | 공과금 | 연회비 | 수수료","외식 영역은 네이버 카드 상세에서 수집한 혜택 카테고리를 기준으로 임시 계산합니다.","2026-06-11T11:14:42.801Z"
"naver-card-3996-shopping-3","naver-card-3996","shopping","쇼핑","discount","0.1","","5000","","300000","쇼핑","unknown","30만원 이상","상품권 | 선불카드 충전 | 세금 | 공과금 | 연회비 | 수수료","쇼핑 영역은 네이버 카드 상세에서 수집한 혜택 카테고리를 기준으로 임시 계산합니다.","2026-06-11T11:14:42.801Z"
"naver-card-3996-transport-4","naver-card-3996","transport","대중교통","discount","0.1","","5000","","300000","대중교통","unknown","30만원 이상","상품권 | 선불카드 충전 | 세금 | 공과금 | 연회비 | 수수료","대중교통 영역은 네이버 카드 상세에서 수집한 혜택 카테고리를 기준으로 임시 계산합니다.","2026-06-11T11:14:42.801Z"
"naver-card-10436-shopping-0","naver-card-10436","shopping","쇼핑","point","0.05","","12000","","1000000","쇼핑","unknown","100만원 이상","상품권 | 선불카드 충전 | 세금 | 공과금 | 연회비 | 수수료","쇼핑 영역은 네이버 카드 상세에서 수집한 혜택 카테고리를 기준으로 임시 계산합니다.","2026-06-11T11:14:42.801Z"
"naver-card-10625-telecom-0","naver-card-10625","telecom","통신","discount","0.03","","20000","","500000","통신","unknown","50만원 이상","상품권 | 선불카드 충전 | 세금 | 공과금 | 연회비 | 수수료","통신 영역은 네이버 카드 상세에서 수집한 혜택 카테고리를 기준으로 임시 계산합니다.","2026-06-11T11:14:42.801Z"
"naver-card-10361-shopping-0","naver-card-10361","shopping","포인트/캐시백","cashback","0.01","","8000","","500000","포인트/캐시백","unknown","50만원 이상","상품권 | 선불카드 충전 | 세금 | 공과금 | 연회비 | 수수료","포인트/캐시백 영역은 네이버 카드 상세에서 수집한 혜택 카테고리를 기준으로 임시 계산합니다.","2026-06-11T11:14:42.801Z"
"naver-card-10361-etc-1","naver-card-10361","etc","프리미엄","cashback","0.01","","8000","","500000","프리미엄","unknown","50만원 이상","상품권 | 선불카드 충전 | 세금 | 공과금 | 연회비 | 수수료","프리미엄 영역은 네이버 카드 상세에서 수집한 혜택 카테고리를 기준으로 임시 계산합니다.","2026-06-11T11:14:42.801Z"
"naver-card-10361-dining-2","naver-card-10361","dining","외식","cashback","0.01","","8000","","500000","외식","unknown","50만원 이상","상품권 | 선불카드 충전 | 세금 | 공과금 | 연회비 | 수수료","외식 영역은 네이버 카드 상세에서 수집한 혜택 카테고리를 기준으로 임시 계산합니다.","2026-06-11T11:14:42.801Z"
"naver-card-10361-transport-3","naver-card-10361","transport","대중교통","cashback","0.01","","8000","","500000","대중교통","unknown","50만원 이상","상품권 | 선불카드 충전 | 세금 | 공과금 | 연회비 | 수수료","대중교통 영역은 네이버 카드 상세에서 수집한 혜택 카테고리를 기준으로 임시 계산합니다.","2026-06-11T11:14:42.801Z"
"naver-card-10607-telecom-0","naver-card-10607","telecom","통신","discount","0.059000000000000004","","7500","","300000","통신","unknown","30만원 이상","상품권 | 선불카드 충전 | 세금 | 공과금 | 연회비 | 수수료","통신 영역은 네이버 카드 상세에서 수집한 혜택 카테고리를 기준으로 임시 계산합니다.","2026-06-11T11:14:42.801Z"
"naver-card-10607-etc-1","naver-card-10607","etc","납부 혜택","discount","0.059000000000000004","","7500","","300000","납부 혜택","unknown","30만원 이상","상품권 | 선불카드 충전 | 세금 | 공과금 | 연회비 | 수수료","납부 혜택 영역은 네이버 카드 상세에서 수집한 혜택 카테고리를 기준으로 임시 계산합니다.","2026-06-11T11:14:42.801Z"
"naver-card-10525-etc-0","naver-card-10525","etc","사업자","cashback","0.03","","8000","","500000","사업자","unknown","50만원 이상","상품권 | 선불카드 충전 | 세금 | 공과금 | 연회비 | 수수료","사업자 영역은 네이버 카드 상세에서 수집한 혜택 카테고리를 기준으로 임시 계산합니다.","2026-06-11T11:14:42.801Z"
"naver-card-10525-shopping-1","naver-card-10525","shopping","바우처","cashback","0.03","","8000","","500000","바우처","unknown","50만원 이상","상품권 | 선불카드 충전 | 세금 | 공과금 | 연회비 | 수수료","바우처 영역은 네이버 카드 상세에서 수집한 혜택 카테고리를 기준으로 임시 계산합니다.","2026-06-11T11:14:42.801Z"
"naver-card-10525-fuel-2","naver-card-10525","fuel","주유","cashback","0.03","","8000","","500000","주유","unknown","50만원 이상","상품권 | 선불카드 충전 | 세금 | 공과금 | 연회비 | 수수료","주유 영역은 네이버 카드 상세에서 수집한 혜택 카테고리를 기준으로 임시 계산합니다.","2026-06-11T11:14:42.801Z"
"naver-card-10525-mart-3","naver-card-10525","mart","대형마트","cashback","0.03","","8000","","500000","대형마트","unknown","50만원 이상","상품권 | 선불카드 충전 | 세금 | 공과금 | 연회비 | 수수료","대형마트 영역은 네이버 카드 상세에서 수집한 혜택 카테고리를 기준으로 임시 계산합니다.","2026-06-11T11:14:42.801Z"
"naver-card-10488-shopping-0","naver-card-10488","shopping","포인트/캐시백","cashback","0.03","","3333","","400000","포인트/캐시백","unknown","40만원 이상","상품권 | 선불카드 충전 | 세금 | 공과금 | 연회비 | 수수료","포인트/캐시백 영역은 네이버 카드 상세에서 수집한 혜택 카테고리를 기준으로 임시 계산합니다.","2026-06-11T11:14:42.801Z"
"naver-card-10488-dining-1","naver-card-10488","dining","외식","cashback","0.03","","3333","","400000","외식","unknown","40만원 이상","상품권 | 선불카드 충전 | 세금 | 공과금 | 연회비 | 수수료","외식 영역은 네이버 카드 상세에서 수집한 혜택 카테고리를 기준으로 임시 계산합니다.","2026-06-11T11:14:42.801Z"
"naver-card-10488-etc-2","naver-card-10488","etc","관리비","cashback","0.03","","3333","","400000","관리비","unknown","40만원 이상","상품권 | 선불카드 충전 | 세금 | 공과금 | 연회비 | 수수료","관리비 영역은 네이버 카드 상세에서 수집한 혜택 카테고리를 기준으로 임시 계산합니다.","2026-06-11T11:14:42.801Z"
"naver-card-10636-telecom-0","naver-card-10636","telecom","통신","point","0.01","","5000","","300000","통신","unknown","30만원 이상","상품권 | 선불카드 충전 | 세금 | 공과금 | 연회비 | 수수료","통신 영역은 네이버 카드 상세에서 수집한 혜택 카테고리를 기준으로 임시 계산합니다.","2026-06-11T11:14:42.801Z"
"naver-card-10636-fuel-1","naver-card-10636","fuel","주유","point","0.01","","5000","","300000","주유","unknown","30만원 이상","상품권 | 선불카드 충전 | 세금 | 공과금 | 연회비 | 수수료","주유 영역은 네이버 카드 상세에서 수집한 혜택 카테고리를 기준으로 임시 계산합니다.","2026-06-11T11:14:42.801Z"
"naver-card-10636-etc-2","naver-card-10636","etc","영화","point","0.01","","5000","","300000","영화","unknown","30만원 이상","상품권 | 선불카드 충전 | 세금 | 공과금 | 연회비 | 수수료","영화 영역은 네이버 카드 상세에서 수집한 혜택 카테고리를 기준으로 임시 계산합니다.","2026-06-11T11:14:42.801Z"
"naver-card-10636-medical-3","naver-card-10636","medical","뷰티","point","0.01","","5000","","300000","뷰티","unknown","30만원 이상","상품권 | 선불카드 충전 | 세금 | 공과금 | 연회비 | 수수료","뷰티 영역은 네이버 카드 상세에서 수집한 혜택 카테고리를 기준으로 임시 계산합니다.","2026-06-11T11:14:42.801Z"
"naver-card-10637-telecom-0","naver-card-10637","telecom","통신","cashback","0.01","","8000","","500000","통신","unknown","50만원 이상","상품권 | 선불카드 충전 | 세금 | 공과금 | 연회비 | 수수료","통신 영역은 네이버 카드 상세에서 수집한 혜택 카테고리를 기준으로 임시 계산합니다.","2026-06-11T11:14:42.801Z"
"naver-card-10637-shopping-1","naver-card-10637","shopping","포인트/캐시백","cashback","0.01","","8000","","500000","포인트/캐시백","unknown","50만원 이상","상품권 | 선불카드 충전 | 세금 | 공과금 | 연회비 | 수수료","포인트/캐시백 영역은 네이버 카드 상세에서 수집한 혜택 카테고리를 기준으로 임시 계산합니다.","2026-06-11T11:14:42.801Z"
"naver-card-10638-telecom-0","naver-card-10638","telecom","통신","discount","0.03","","10000","","400000","통신","unknown","40만원 이상","상품권 | 선불카드 충전 | 세금 | 공과금 | 연회비 | 수수료","통신 영역은 네이버 카드 상세에서 수집한 혜택 카테고리를 기준으로 임시 계산합니다.","2026-06-11T11:14:42.801Z"
"naver-card-10640-shopping-0","naver-card-10640","shopping","포인트/캐시백","cashback","0.1","","5000","","300000","포인트/캐시백","unknown","30만원 이상","상품권 | 선불카드 충전 | 세금 | 공과금 | 연회비 | 수수료","포인트/캐시백 영역은 네이버 카드 상세에서 수집한 혜택 카테고리를 기준으로 임시 계산합니다.","2026-06-11T11:14:42.801Z"
"naver-card-10640-etc-1","naver-card-10640","etc","영화","cashback","0.1","","5000","","300000","영화","unknown","30만원 이상","상품권 | 선불카드 충전 | 세금 | 공과금 | 연회비 | 수수료","영화 영역은 네이버 카드 상세에서 수집한 혜택 카테고리를 기준으로 임시 계산합니다.","2026-06-11T11:14:42.801Z"
"naver-card-3777-shopping-0","naver-card-3777","shopping","포인트/캐시백","cashback","0.035","","5750","","400000","포인트/캐시백","unknown","40만원 이상","상품권 | 선불카드 충전 | 세금 | 공과금 | 연회비 | 수수료","포인트/캐시백 영역은 네이버 카드 상세에서 수집한 혜택 카테고리를 기준으로 임시 계산합니다.","2026-06-11T11:14:42.801Z"
"naver-card-3777-telecom-1","naver-card-3777","telecom","통신","cashback","0.035","","5750","","400000","통신","unknown","40만원 이상","상품권 | 선불카드 충전 | 세금 | 공과금 | 연회비 | 수수료","통신 영역은 네이버 카드 상세에서 수집한 혜택 카테고리를 기준으로 임시 계산합니다.","2026-06-11T11:14:42.801Z"
"naver-card-3777-transport-2","naver-card-3777","transport","대중교통","cashback","0.035","","5750","","400000","대중교통","unknown","40만원 이상","상품권 | 선불카드 충전 | 세금 | 공과금 | 연회비 | 수수료","대중교통 영역은 네이버 카드 상세에서 수집한 혜택 카테고리를 기준으로 임시 계산합니다.","2026-06-11T11:14:42.801Z"
"naver-card-3777-coffee-3","naver-card-3777","coffee","카페/베이커리","cashback","0.035","","5750","","400000","카페/베이커리","unknown","40만원 이상","상품권 | 선불카드 충전 | 세금 | 공과금 | 연회비 | 수수료","카페/베이커리 영역은 네이버 카드 상세에서 수집한 혜택 카테고리를 기준으로 임시 계산합니다.","2026-06-11T11:14:42.801Z"
"naver-card-3777-dining-4","naver-card-3777","dining","외식","cashback","0.035","","5750","","400000","외식","unknown","40만원 이상","상품권 | 선불카드 충전 | 세금 | 공과금 | 연회비 | 수수료","외식 영역은 네이버 카드 상세에서 수집한 혜택 카테고리를 기준으로 임시 계산합니다.","2026-06-11T11:14:42.801Z"
"naver-card-3776-shopping-0","naver-card-3776","shopping","포인트/캐시백","cashback","0.021","","3000","","400000","포인트/캐시백","unknown","40만원 이상","상품권 | 선불카드 충전 | 세금 | 공과금 | 연회비 | 수수료","포인트/캐시백 영역은 네이버 카드 상세에서 수집한 혜택 카테고리를 기준으로 임시 계산합니다.","2026-06-11T11:14:42.801Z"
"naver-card-3776-telecom-1","naver-card-3776","telecom","통신","cashback","0.021","","3000","","400000","통신","unknown","40만원 이상","상품권 | 선불카드 충전 | 세금 | 공과금 | 연회비 | 수수료","통신 영역은 네이버 카드 상세에서 수집한 혜택 카테고리를 기준으로 임시 계산합니다.","2026-06-11T11:14:42.801Z"
"naver-card-3776-transport-2","naver-card-3776","transport","대중교통","cashback","0.021","","3000","","400000","대중교통","unknown","40만원 이상","상품권 | 선불카드 충전 | 세금 | 공과금 | 연회비 | 수수료","대중교통 영역은 네이버 카드 상세에서 수집한 혜택 카테고리를 기준으로 임시 계산합니다.","2026-06-11T11:14:42.801Z"
"naver-card-3776-coffee-3","naver-card-3776","coffee","카페/베이커리","cashback","0.021","","3000","","400000","카페/베이커리","unknown","40만원 이상","상품권 | 선불카드 충전 | 세금 | 공과금 | 연회비 | 수수료","카페/베이커리 영역은 네이버 카드 상세에서 수집한 혜택 카테고리를 기준으로 임시 계산합니다.","2026-06-11T11:14:42.801Z"
"naver-card-3776-dining-4","naver-card-3776","dining","외식","cashback","0.021","","3000","","400000","외식","unknown","40만원 이상","상품권 | 선불카드 충전 | 세금 | 공과금 | 연회비 | 수수료","외식 영역은 네이버 카드 상세에서 수집한 혜택 카테고리를 기준으로 임시 계산합니다.","2026-06-11T11:14:42.801Z"
"naver-card-10383-telecom-0","naver-card-10383","telecom","통신","cashback","0.01","","8000","","500000","통신","unknown","50만원 이상","상품권 | 선불카드 충전 | 세금 | 공과금 | 연회비 | 수수료","통신 영역은 네이버 카드 상세에서 수집한 혜택 카테고리를 기준으로 임시 계산합니다.","2026-06-11T11:14:42.801Z"
"naver-card-10383-shopping-1","naver-card-10383","shopping","포인트/캐시백","cashback","0.01","","8000","","500000","포인트/캐시백","unknown","50만원 이상","상품권 | 선불카드 충전 | 세금 | 공과금 | 연회비 | 수수료","포인트/캐시백 영역은 네이버 카드 상세에서 수집한 혜택 카테고리를 기준으로 임시 계산합니다.","2026-06-11T11:14:42.801Z"
"naver-card-10289-convenience-0","naver-card-10289","convenience","편의점","discount","0.03","","10000","","200000","편의점","unknown","20만원 이상","상품권 | 선불카드 충전 | 세금 | 공과금 | 연회비 | 수수료","편의점 영역은 네이버 카드 상세에서 수집한 혜택 카테고리를 기준으로 임시 계산합니다.","2026-06-11T11:14:42.801Z"
"naver-card-10442-transport-0","naver-card-10442","transport","대중교통","discount","0.1","","5000","","300000","대중교통","unknown","30만원 이상","상품권 | 선불카드 충전 | 세금 | 공과금 | 연회비 | 수수료","대중교통 영역은 네이버 카드 상세에서 수집한 혜택 카테고리를 기준으로 임시 계산합니다.","2026-06-11T11:14:42.801Z"
"naver-card-10442-shopping-1","naver-card-10442","shopping","쇼핑","discount","0.1","","5000","","300000","쇼핑","unknown","30만원 이상","상품권 | 선불카드 충전 | 세금 | 공과금 | 연회비 | 수수료","쇼핑 영역은 네이버 카드 상세에서 수집한 혜택 카테고리를 기준으로 임시 계산합니다.","2026-06-11T11:14:42.801Z"
"naver-card-10442-etc-2","naver-card-10442","etc","문화","discount","0.1","","5000","","300000","문화","unknown","30만원 이상","상품권 | 선불카드 충전 | 세금 | 공과금 | 연회비 | 수수료","문화 영역은 네이버 카드 상세에서 수집한 혜택 카테고리를 기준으로 임시 계산합니다.","2026-06-11T11:14:42.801Z"
"naver-card-10442-dining-3","naver-card-10442","dining","외식","discount","0.1","","5000","","300000","외식","unknown","30만원 이상","상품권 | 선불카드 충전 | 세금 | 공과금 | 연회비 | 수수료","외식 영역은 네이버 카드 상세에서 수집한 혜택 카테고리를 기준으로 임시 계산합니다.","2026-06-11T11:14:42.801Z"
"naver-card-10442-telecom-4","naver-card-10442","telecom","통신","discount","0.1","","5000","","300000","통신","unknown","30만원 이상","상품권 | 선불카드 충전 | 세금 | 공과금 | 연회비 | 수수료","통신 영역은 네이버 카드 상세에서 수집한 혜택 카테고리를 기준으로 임시 계산합니다.","2026-06-11T11:14:42.801Z"
"naver-card-3055-shopping-0","naver-card-3055","shopping","포인트/캐시백","cashback","0.022000000000000002","","5000","","0","포인트/캐시백","unknown","실적 조건 없음","상품권 | 선불카드 충전 | 세금 | 공과금 | 연회비 | 수수료","포인트/캐시백 영역은 네이버 카드 상세에서 수집한 혜택 카테고리를 기준으로 임시 계산합니다.","2026-06-11T11:14:42.801Z"
"naver-card-3055-etc-1","naver-card-3055","etc","프리미엄","cashback","0.022000000000000002","","5000","","0","프리미엄","unknown","실적 조건 없음","상품권 | 선불카드 충전 | 세금 | 공과금 | 연회비 | 수수료","프리미엄 영역은 네이버 카드 상세에서 수집한 혜택 카테고리를 기준으로 임시 계산합니다.","2026-06-11T11:14:42.801Z"
"naver-card-10363-shopping-0","naver-card-10363","shopping","포인트/캐시백","cashback","0.01","","5000","","120000","포인트/캐시백","unknown","12만원 이상","상품권 | 선불카드 충전 | 세금 | 공과금 | 연회비 | 수수료","포인트/캐시백 영역은 네이버 카드 상세에서 수집한 혜택 카테고리를 기준으로 임시 계산합니다.","2026-06-11T11:14:42.801Z"
"naver-card-10363-etc-1","naver-card-10363","etc","프리미엄","cashback","0.01","","5000","","120000","프리미엄","unknown","12만원 이상","상품권 | 선불카드 충전 | 세금 | 공과금 | 연회비 | 수수료","프리미엄 영역은 네이버 카드 상세에서 수집한 혜택 카테고리를 기준으로 임시 계산합니다.","2026-06-11T11:14:42.801Z"
"naver-card-10363-dining-2","naver-card-10363","dining","외식","cashback","0.01","","5000","","120000","외식","unknown","12만원 이상","상품권 | 선불카드 충전 | 세금 | 공과금 | 연회비 | 수수료","외식 영역은 네이버 카드 상세에서 수집한 혜택 카테고리를 기준으로 임시 계산합니다.","2026-06-11T11:14:42.801Z"
"naver-card-10363-transport-3","naver-card-10363","transport","대중교통","cashback","0.01","","5000","","120000","대중교통","unknown","12만원 이상","상품권 | 선불카드 충전 | 세금 | 공과금 | 연회비 | 수수료","대중교통 영역은 네이버 카드 상세에서 수집한 혜택 카테고리를 기준으로 임시 계산합니다.","2026-06-11T11:14:42.801Z"
"naver-card-3257-ott-0","naver-card-3257","ott","렌탈","point","0.01","","5000","","400000","렌탈","unknown","40만원 이상","상품권 | 선불카드 충전 | 세금 | 공과금 | 연회비 | 수수료","렌탈 영역은 네이버 카드 상세에서 수집한 혜택 카테고리를 기준으로 임시 계산합니다.","2026-06-11T11:14:42.801Z"
"naver-card-3257-etc-1","naver-card-3257","etc","관리비","point","0.01","","5000","","400000","관리비","unknown","40만원 이상","상품권 | 선불카드 충전 | 세금 | 공과금 | 연회비 | 수수료","관리비 영역은 네이버 카드 상세에서 수집한 혜택 카테고리를 기준으로 임시 계산합니다.","2026-06-11T11:14:42.801Z"
"naver-card-2206-shopping-0","naver-card-2206","shopping","쇼핑","cashback","0.1","","10000","","300000","쇼핑","unknown","30만원 이상","상품권 | 선불카드 충전 | 세금 | 공과금 | 연회비 | 수수료","쇼핑 영역은 네이버 카드 상세에서 수집한 혜택 카테고리를 기준으로 임시 계산합니다.","2026-06-11T11:14:42.801Z"
"naver-card-2206-coffee-1","naver-card-2206","coffee","카페/베이커리","cashback","0.1","","10000","","300000","카페/베이커리","unknown","30만원 이상","상품권 | 선불카드 충전 | 세금 | 공과금 | 연회비 | 수수료","카페/베이커리 영역은 네이버 카드 상세에서 수집한 혜택 카테고리를 기준으로 임시 계산합니다.","2026-06-11T11:14:42.801Z"
"naver-card-2206-transport-2","naver-card-2206","transport","대중교통","cashback","0.1","","10000","","300000","대중교통","unknown","30만원 이상","상품권 | 선불카드 충전 | 세금 | 공과금 | 연회비 | 수수료","대중교통 영역은 네이버 카드 상세에서 수집한 혜택 카테고리를 기준으로 임시 계산합니다.","2026-06-11T11:14:42.801Z"
"naver-card-2206-telecom-3","naver-card-2206","telecom","통신","cashback","0.1","","10000","","300000","통신","unknown","30만원 이상","상품권 | 선불카드 충전 | 세금 | 공과금 | 연회비 | 수수료","통신 영역은 네이버 카드 상세에서 수집한 혜택 카테고리를 기준으로 임시 계산합니다.","2026-06-11T11:14:42.801Z"
"naver-card-2206-dining-4","naver-card-2206","dining","외식","cashback","0.1","","10000","","300000","외식","unknown","30만원 이상","상품권 | 선불카드 충전 | 세금 | 공과금 | 연회비 | 수수료","외식 영역은 네이버 카드 상세에서 수집한 혜택 카테고리를 기준으로 임시 계산합니다.","2026-06-11T11:14:42.801Z"
"naver-card-10464-shopping-0","naver-card-10464","shopping","바우처","mileage","0.01","","8000","","500000","바우처","unknown","50만원 이상","상품권 | 선불카드 충전 | 세금 | 공과금 | 연회비 | 수수료","바우처 영역은 네이버 카드 상세에서 수집한 혜택 카테고리를 기준으로 임시 계산합니다.","2026-06-11T11:14:42.801Z"
"naver-card-10464-travel-1","naver-card-10464","travel","항공마일리지","mileage","0.01","","8000","","500000","항공마일리지","unknown","50만원 이상","상품권 | 선불카드 충전 | 세금 | 공과금 | 연회비 | 수수료","항공마일리지 영역은 네이버 카드 상세에서 수집한 혜택 카테고리를 기준으로 임시 계산합니다.","2026-06-11T11:14:42.801Z"
"naver-card-10464-coffee-2","naver-card-10464","coffee","카페/베이커리","mileage","0.01","","8000","","500000","카페/베이커리","unknown","50만원 이상","상품권 | 선불카드 충전 | 세금 | 공과금 | 연회비 | 수수료","카페/베이커리 영역은 네이버 카드 상세에서 수집한 혜택 카테고리를 기준으로 임시 계산합니다.","2026-06-11T11:14:42.801Z"
"naver-card-10464-transport-3","naver-card-10464","transport","대중교통","mileage","0.01","","8000","","500000","대중교통","unknown","50만원 이상","상품권 | 선불카드 충전 | 세금 | 공과금 | 연회비 | 수수료","대중교통 영역은 네이버 카드 상세에서 수집한 혜택 카테고리를 기준으로 임시 계산합니다.","2026-06-11T11:14:42.801Z"
"naver-card-10464-etc-4","naver-card-10464","etc","프리미엄","mileage","0.01","","8000","","500000","프리미엄","unknown","50만원 이상","상품권 | 선불카드 충전 | 세금 | 공과금 | 연회비 | 수수료","프리미엄 영역은 네이버 카드 상세에서 수집한 혜택 카테고리를 기준으로 임시 계산합니다.","2026-06-11T11:14:42.801Z"
"naver-card-10456-shopping-0","naver-card-10456","shopping","포인트/캐시백","cashback","0.05","","5000","","400000","포인트/캐시백","unknown","40만원 이상","상품권 | 선불카드 충전 | 세금 | 공과금 | 연회비 | 수수료","포인트/캐시백 영역은 네이버 카드 상세에서 수집한 혜택 카테고리를 기준으로 임시 계산합니다.","2026-06-11T11:14:42.801Z"
"naver-card-10456-etc-1","naver-card-10456","etc","프리미엄","cashback","0.05","","5000","","400000","프리미엄","unknown","40만원 이상","상품권 | 선불카드 충전 | 세금 | 공과금 | 연회비 | 수수료","프리미엄 영역은 네이버 카드 상세에서 수집한 혜택 카테고리를 기준으로 임시 계산합니다.","2026-06-11T11:14:42.801Z"
"naver-card-10388-etc-0","naver-card-10388","etc","레저","cashback","0.07","","10000","","500000","레저","unknown","50만원 이상","상품권 | 선불카드 충전 | 세금 | 공과금 | 연회비 | 수수료","레저 영역은 네이버 카드 상세에서 수집한 혜택 카테고리를 기준으로 임시 계산합니다.","2026-06-11T11:14:42.801Z"
"naver-card-10564-etc-0","naver-card-10564","etc","법인","mileage","0.005","","10000","","0","법인","unknown","실적 조건 없음","상품권 | 선불카드 충전 | 세금 | 공과금 | 연회비 | 수수료","법인 영역은 네이버 카드 상세에서 수집한 혜택 카테고리를 기준으로 임시 계산합니다.","2026-06-11T11:14:42.801Z"
"naver-card-10308-etc-0","naver-card-10308","etc","문화","cashback","0.01","","5000","","400000","문화","unknown","40만원 이상","상품권 | 선불카드 충전 | 세금 | 공과금 | 연회비 | 수수료","문화 영역은 네이버 카드 상세에서 수집한 혜택 카테고리를 기준으로 임시 계산합니다.","2026-06-11T11:14:42.801Z"
"naver-card-10308-education-1","naver-card-10308","education","교육","cashback","0.01","","5000","","400000","교육","unknown","40만원 이상","상품권 | 선불카드 충전 | 세금 | 공과금 | 연회비 | 수수료","교육 영역은 네이버 카드 상세에서 수집한 혜택 카테고리를 기준으로 임시 계산합니다.","2026-06-11T11:14:42.801Z"
"naver-card-10308-telecom-2","naver-card-10308","telecom","통신","cashback","0.01","","5000","","400000","통신","unknown","40만원 이상","상품권 | 선불카드 충전 | 세금 | 공과금 | 연회비 | 수수료","통신 영역은 네이버 카드 상세에서 수집한 혜택 카테고리를 기준으로 임시 계산합니다.","2026-06-11T11:14:42.801Z"
"naver-card-10308-ott-3","naver-card-10308","ott","렌탈","cashback","0.01","","5000","","400000","렌탈","unknown","40만원 이상","상품권 | 선불카드 충전 | 세금 | 공과금 | 연회비 | 수수료","렌탈 영역은 네이버 카드 상세에서 수집한 혜택 카테고리를 기준으로 임시 계산합니다.","2026-06-11T11:14:42.801Z"
"naver-card-10421-mart-0","naver-card-10421","mart","대형마트","discount","0.1","","8000","","500000","대형마트","unknown","50만원 이상","상품권 | 선불카드 충전 | 세금 | 공과금 | 연회비 | 수수료","대형마트 영역은 네이버 카드 상세에서 수집한 혜택 카테고리를 기준으로 임시 계산합니다.","2026-06-11T11:14:42.801Z"
"naver-card-10421-coffee-1","naver-card-10421","coffee","카페/베이커리","discount","0.1","","8000","","500000","카페/베이커리","unknown","50만원 이상","상품권 | 선불카드 충전 | 세금 | 공과금 | 연회비 | 수수료","카페/베이커리 영역은 네이버 카드 상세에서 수집한 혜택 카테고리를 기준으로 임시 계산합니다.","2026-06-11T11:14:42.801Z"
"naver-card-10421-education-2","naver-card-10421","education","교육","discount","0.1","","8000","","500000","교육","unknown","50만원 이상","상품권 | 선불카드 충전 | 세금 | 공과금 | 연회비 | 수수료","교육 영역은 네이버 카드 상세에서 수집한 혜택 카테고리를 기준으로 임시 계산합니다.","2026-06-11T11:14:42.801Z"
"naver-card-10421-medical-3","naver-card-10421","medical","의료","discount","0.1","","8000","","500000","의료","unknown","50만원 이상","상품권 | 선불카드 충전 | 세금 | 공과금 | 연회비 | 수수료","의료 영역은 네이버 카드 상세에서 수집한 혜택 카테고리를 기준으로 임시 계산합니다.","2026-06-11T11:14:42.801Z"
"naver-card-10421-dining-4","naver-card-10421","dining","외식","discount","0.1","","8000","","500000","외식","unknown","50만원 이상","상품권 | 선불카드 충전 | 세금 | 공과금 | 연회비 | 수수료","외식 영역은 네이버 카드 상세에서 수집한 혜택 카테고리를 기준으로 임시 계산합니다.","2026-06-11T11:14:42.801Z"
"naver-card-10226-telecom-0","naver-card-10226","telecom","통신","point","0.1","","5000","","400000","통신","unknown","40만원 이상","상품권 | 선불카드 충전 | 세금 | 공과금 | 연회비 | 수수료","통신 영역은 네이버 카드 상세에서 수집한 혜택 카테고리를 기준으로 임시 계산합니다.","2026-06-11T11:14:42.801Z"
"naver-card-10226-fuel-1","naver-card-10226","fuel","주유","point","0.1","","5000","","400000","주유","unknown","40만원 이상","상품권 | 선불카드 충전 | 세금 | 공과금 | 연회비 | 수수료","주유 영역은 네이버 카드 상세에서 수집한 혜택 카테고리를 기준으로 임시 계산합니다.","2026-06-11T11:14:42.801Z"
"naver-card-10226-shopping-2","naver-card-10226","shopping","쇼핑","point","0.1","","5000","","400000","쇼핑","unknown","40만원 이상","상품권 | 선불카드 충전 | 세금 | 공과금 | 연회비 | 수수료","쇼핑 영역은 네이버 카드 상세에서 수집한 혜택 카테고리를 기준으로 임시 계산합니다.","2026-06-11T11:14:42.801Z"
"naver-card-10226-mart-3","naver-card-10226","mart","대형마트","point","0.1","","5000","","400000","대형마트","unknown","40만원 이상","상품권 | 선불카드 충전 | 세금 | 공과금 | 연회비 | 수수료","대형마트 영역은 네이버 카드 상세에서 수집한 혜택 카테고리를 기준으로 임시 계산합니다.","2026-06-11T11:14:42.801Z"
"naver-card-10226-transport-4","naver-card-10226","transport","대중교통","point","0.1","","5000","","400000","대중교통","unknown","40만원 이상","상품권 | 선불카드 충전 | 세금 | 공과금 | 연회비 | 수수료","대중교통 영역은 네이버 카드 상세에서 수집한 혜택 카테고리를 기준으로 임시 계산합니다.","2026-06-11T11:14:42.801Z"
"naver-card-10429-shopping-0","naver-card-10429","shopping","포인트/캐시백","mileage","0.005","","5000","","300000","포인트/캐시백","unknown","30만원 이상","상품권 | 선불카드 충전 | 세금 | 공과금 | 연회비 | 수수료","포인트/캐시백 영역은 네이버 카드 상세에서 수집한 혜택 카테고리를 기준으로 임시 계산합니다.","2026-06-11T11:14:42.801Z"
"naver-card-10429-travel-1","naver-card-10429","travel","항공마일리지","mileage","0.005","","5000","","300000","항공마일리지","unknown","30만원 이상","상품권 | 선불카드 충전 | 세금 | 공과금 | 연회비 | 수수료","항공마일리지 영역은 네이버 카드 상세에서 수집한 혜택 카테고리를 기준으로 임시 계산합니다.","2026-06-11T11:14:42.801Z"
"naver-card-10429-etc-2","naver-card-10429","etc","프리미엄","mileage","0.005","","5000","","300000","프리미엄","unknown","30만원 이상","상품권 | 선불카드 충전 | 세금 | 공과금 | 연회비 | 수수료","프리미엄 영역은 네이버 카드 상세에서 수집한 혜택 카테고리를 기준으로 임시 계산합니다.","2026-06-11T11:14:42.801Z"
"naver-card-10429-coffee-3","naver-card-10429","coffee","카페/베이커리","mileage","0.005","","5000","","300000","카페/베이커리","unknown","30만원 이상","상품권 | 선불카드 충전 | 세금 | 공과금 | 연회비 | 수수료","카페/베이커리 영역은 네이버 카드 상세에서 수집한 혜택 카테고리를 기준으로 임시 계산합니다.","2026-06-11T11:14:42.801Z"
"naver-card-10429-fuel-4","naver-card-10429","fuel","주유","mileage","0.005","","5000","","300000","주유","unknown","30만원 이상","상품권 | 선불카드 충전 | 세금 | 공과금 | 연회비 | 수수료","주유 영역은 네이버 카드 상세에서 수집한 혜택 카테고리를 기준으로 임시 계산합니다.","2026-06-11T11:14:42.801Z"
"naver-card-10582-etc-0","naver-card-10582","etc","법인","mileage","0.03","","10000","","0","법인","unknown","실적 조건 없음","상품권 | 선불카드 충전 | 세금 | 공과금 | 연회비 | 수수료","법인 영역은 네이버 카드 상세에서 수집한 혜택 카테고리를 기준으로 임시 계산합니다.","2026-06-11T11:14:42.801Z"
"naver-card-10517-shopping-0","naver-card-10517","shopping","포인트/캐시백","cashback","0.035","","5000","","300000","포인트/캐시백","unknown","30만원 이상","상품권 | 선불카드 충전 | 세금 | 공과금 | 연회비 | 수수료","포인트/캐시백 영역은 네이버 카드 상세에서 수집한 혜택 카테고리를 기준으로 임시 계산합니다.","2026-06-11T11:14:42.801Z"
"naver-card-10517-etc-1","naver-card-10517","etc","레저","cashback","0.035","","5000","","300000","레저","unknown","30만원 이상","상품권 | 선불카드 충전 | 세금 | 공과금 | 연회비 | 수수료","레저 영역은 네이버 카드 상세에서 수집한 혜택 카테고리를 기준으로 임시 계산합니다.","2026-06-11T11:14:42.801Z"
"naver-card-10390-etc-0","naver-card-10390","etc","반려동물","cashback","0.07","","10000","","500000","반려동물","unknown","50만원 이상","상품권 | 선불카드 충전 | 세금 | 공과금 | 연회비 | 수수료","반려동물 영역은 네이버 카드 상세에서 수집한 혜택 카테고리를 기준으로 임시 계산합니다.","2026-06-11T11:14:42.801Z"
"naver-card-10372-shopping-0","naver-card-10372","shopping","바우처","point","0.1","","8000","","500000","바우처","unknown","50만원 이상","상품권 | 선불카드 충전 | 세금 | 공과금 | 연회비 | 수수료","바우처 영역은 네이버 카드 상세에서 수집한 혜택 카테고리를 기준으로 임시 계산합니다.","2026-06-11T11:14:42.801Z"
"naver-card-10372-etc-1","naver-card-10372","etc","레저","point","0.1","","8000","","500000","레저","unknown","50만원 이상","상품권 | 선불카드 충전 | 세금 | 공과금 | 연회비 | 수수료","레저 영역은 네이버 카드 상세에서 수집한 혜택 카테고리를 기준으로 임시 계산합니다.","2026-06-11T11:14:42.801Z"
"naver-card-10372-fuel-2","naver-card-10372","fuel","주유","point","0.1","","8000","","500000","주유","unknown","50만원 이상","상품권 | 선불카드 충전 | 세금 | 공과금 | 연회비 | 수수료","주유 영역은 네이버 카드 상세에서 수집한 혜택 카테고리를 기준으로 임시 계산합니다.","2026-06-11T11:14:42.801Z"
"naver-card-10264-shopping-0","naver-card-10264","shopping","쇼핑","discount","0.1","","2500","","300000","쇼핑","unknown","30만원 이상","상품권 | 선불카드 충전 | 세금 | 공과금 | 연회비 | 수수료","쇼핑 영역은 네이버 카드 상세에서 수집한 혜택 카테고리를 기준으로 임시 계산합니다.","2026-06-11T11:14:42.801Z"
"naver-card-10264-etc-1","naver-card-10264","etc","문화","discount","0.1","","2500","","300000","문화","unknown","30만원 이상","상품권 | 선불카드 충전 | 세금 | 공과금 | 연회비 | 수수료","문화 영역은 네이버 카드 상세에서 수집한 혜택 카테고리를 기준으로 임시 계산합니다.","2026-06-11T11:14:42.801Z"
"naver-card-10264-telecom-2","naver-card-10264","telecom","통신","discount","0.1","","2500","","300000","통신","unknown","30만원 이상","상품권 | 선불카드 충전 | 세금 | 공과금 | 연회비 | 수수료","통신 영역은 네이버 카드 상세에서 수집한 혜택 카테고리를 기준으로 임시 계산합니다.","2026-06-11T11:14:42.801Z"
"naver-card-10264-transport-3","naver-card-10264","transport","대중교통","discount","0.1","","2500","","300000","대중교통","unknown","30만원 이상","상품권 | 선불카드 충전 | 세금 | 공과금 | 연회비 | 수수료","대중교통 영역은 네이버 카드 상세에서 수집한 혜택 카테고리를 기준으로 임시 계산합니다.","2026-06-11T11:14:42.801Z"
"naver-card-10264-coffee-4","naver-card-10264","coffee","카페/베이커리","discount","0.1","","2500","","300000","카페/베이커리","unknown","30만원 이상","상품권 | 선불카드 충전 | 세금 | 공과금 | 연회비 | 수수료","카페/베이커리 영역은 네이버 카드 상세에서 수집한 혜택 카테고리를 기준으로 임시 계산합니다.","2026-06-11T11:14:42.801Z"
"naver-card-10621-shopping-0","naver-card-10621","shopping","포인트/캐시백","mileage","0.015","","8000","","500000","포인트/캐시백","unknown","50만원 이상","상품권 | 선불카드 충전 | 세금 | 공과금 | 연회비 | 수수료","포인트/캐시백 영역은 네이버 카드 상세에서 수집한 혜택 카테고리를 기준으로 임시 계산합니다.","2026-06-11T11:14:42.801Z"
"naver-card-10621-etc-1","naver-card-10621","etc","Priority Pass","mileage","0.015","","8000","","500000","Priority Pass","unknown","50만원 이상","상품권 | 선불카드 충전 | 세금 | 공과금 | 연회비 | 수수료","Priority Pass 영역은 네이버 카드 상세에서 수집한 혜택 카테고리를 기준으로 임시 계산합니다.","2026-06-11T11:14:42.801Z"
"naver-card-10624-telecom-0","naver-card-10624","telecom","통신","cashback","0.01","","13000","","400000","통신","unknown","40만원 이상","상품권 | 선불카드 충전 | 세금 | 공과금 | 연회비 | 수수료","통신 영역은 네이버 카드 상세에서 수집한 혜택 카테고리를 기준으로 임시 계산합니다.","2026-06-11T11:14:42.801Z"
"naver-card-10496-shopping-0","naver-card-10496","shopping","포인트/캐시백","cashback","0.013999999999999999","","12000","","1000000","포인트/캐시백","unknown","100만원 이상","상품권 | 선불카드 충전 | 세금 | 공과금 | 연회비 | 수수료","포인트/캐시백 영역은 네이버 카드 상세에서 수집한 혜택 카테고리를 기준으로 임시 계산합니다.","2026-06-11T11:14:42.801Z"
"naver-card-10496-fuel-1","naver-card-10496","fuel","주유","cashback","0.013999999999999999","","12000","","1000000","주유","unknown","100만원 이상","상품권 | 선불카드 충전 | 세금 | 공과금 | 연회비 | 수수료","주유 영역은 네이버 카드 상세에서 수집한 혜택 카테고리를 기준으로 임시 계산합니다.","2026-06-11T11:14:42.801Z"
"naver-card-10496-etc-2","naver-card-10496","etc","레저","cashback","0.013999999999999999","","12000","","1000000","레저","unknown","100만원 이상","상품권 | 선불카드 충전 | 세금 | 공과금 | 연회비 | 수수료","레저 영역은 네이버 카드 상세에서 수집한 혜택 카테고리를 기준으로 임시 계산합니다.","2026-06-11T11:14:42.801Z"
"naver-card-2886-shopping-0","naver-card-2886","shopping","포인트/캐시백","cashback","0.05","","5000","","400000","포인트/캐시백","unknown","40만원 이상","상품권 | 선불카드 충전 | 세금 | 공과금 | 연회비 | 수수료","포인트/캐시백 영역은 네이버 카드 상세에서 수집한 혜택 카테고리를 기준으로 임시 계산합니다.","2026-06-11T11:14:42.801Z"
"naver-card-2886-mart-1","naver-card-2886","mart","대형마트","cashback","0.05","","5000","","400000","대형마트","unknown","40만원 이상","상품권 | 선불카드 충전 | 세금 | 공과금 | 연회비 | 수수료","대형마트 영역은 네이버 카드 상세에서 수집한 혜택 카테고리를 기준으로 임시 계산합니다.","2026-06-11T11:14:42.801Z"
"naver-card-2886-coffee-2","naver-card-2886","coffee","카페/베이커리","cashback","0.05","","5000","","400000","카페/베이커리","unknown","40만원 이상","상품권 | 선불카드 충전 | 세금 | 공과금 | 연회비 | 수수료","카페/베이커리 영역은 네이버 카드 상세에서 수집한 혜택 카테고리를 기준으로 임시 계산합니다.","2026-06-11T11:14:42.801Z"
"naver-card-2886-convenience-3","naver-card-2886","convenience","편의점","cashback","0.05","","5000","","400000","편의점","unknown","40만원 이상","상품권 | 선불카드 충전 | 세금 | 공과금 | 연회비 | 수수료","편의점 영역은 네이버 카드 상세에서 수집한 혜택 카테고리를 기준으로 임시 계산합니다.","2026-06-11T11:14:42.801Z"
"naver-card-2886-dining-4","naver-card-2886","dining","외식","cashback","0.05","","5000","","400000","외식","unknown","40만원 이상","상품권 | 선불카드 충전 | 세금 | 공과금 | 연회비 | 수수료","외식 영역은 네이버 카드 상세에서 수집한 혜택 카테고리를 기준으로 임시 계산합니다.","2026-06-11T11:14:42.801Z"
"naver-card-10287-etc-0","naver-card-10287","etc","금융","cashback","0.1","","5000","","0","금융","unknown","실적 조건 없음","상품권 | 선불카드 충전 | 세금 | 공과금 | 연회비 | 수수료","금융 영역은 네이버 카드 상세에서 수집한 혜택 카테고리를 기준으로 임시 계산합니다.","2026-06-11T11:14:42.801Z"
"naver-card-10287-shopping-1","naver-card-10287","shopping","포인트/캐시백","cashback","0.1","","5000","","0","포인트/캐시백","unknown","실적 조건 없음","상품권 | 선불카드 충전 | 세금 | 공과금 | 연회비 | 수수료","포인트/캐시백 영역은 네이버 카드 상세에서 수집한 혜택 카테고리를 기준으로 임시 계산합니다.","2026-06-11T11:14:42.801Z"
"naver-card-10033-shopping-0","naver-card-10033","shopping","포인트/캐시백","cashback","0.02","","10000","","0","포인트/캐시백","unknown","실적 조건 없음","상품권 | 선불카드 충전 | 세금 | 공과금 | 연회비 | 수수료","포인트/캐시백 영역은 네이버 카드 상세에서 수집한 혜택 카테고리를 기준으로 임시 계산합니다.","2026-06-11T11:14:42.801Z"
"naver-card-10556-etc-0","naver-card-10556","etc","금융","discount","0.03","","17000","","200000","금융","unknown","20만원 이상","상품권 | 선불카드 충전 | 세금 | 공과금 | 연회비 | 수수료","금융 영역은 네이버 카드 상세에서 수집한 혜택 카테고리를 기준으로 임시 계산합니다.","2026-06-11T11:14:42.801Z"
"naver-card-10405-shopping-0","naver-card-10405","shopping","쇼핑","cashback","0.05","","8000","","500000","쇼핑","unknown","50만원 이상","상품권 | 선불카드 충전 | 세금 | 공과금 | 연회비 | 수수료","쇼핑 영역은 네이버 카드 상세에서 수집한 혜택 카테고리를 기준으로 임시 계산합니다.","2026-06-11T11:14:42.801Z"
"naver-card-10405-etc-1","naver-card-10405","etc","납부 혜택","cashback","0.05","","8000","","500000","납부 혜택","unknown","50만원 이상","상품권 | 선불카드 충전 | 세금 | 공과금 | 연회비 | 수수료","납부 혜택 영역은 네이버 카드 상세에서 수집한 혜택 카테고리를 기준으로 임시 계산합니다.","2026-06-11T11:14:42.801Z"
"naver-card-2757-etc-0","naver-card-2757","etc","금융","discount","0.03","","17000","","200000","금융","unknown","20만원 이상","상품권 | 선불카드 충전 | 세금 | 공과금 | 연회비 | 수수료","금융 영역은 네이버 카드 상세에서 수집한 혜택 카테고리를 기준으로 임시 계산합니다.","2026-06-11T11:14:42.801Z"
"naver-card-3958-etc-0","naver-card-3958","etc","언제나할인","discount","0.013999999999999999","","5000","","400000","언제나할인","unknown","40만원 이상","상품권 | 선불카드 충전 | 세금 | 공과금 | 연회비 | 수수료","언제나할인 영역은 네이버 카드 상세에서 수집한 혜택 카테고리를 기준으로 임시 계산합니다.","2026-06-11T11:14:42.801Z"
"naver-card-3958-shopping-1","naver-card-3958","shopping","쇼핑","discount","0.013999999999999999","","5000","","400000","쇼핑","unknown","40만원 이상","상품권 | 선불카드 충전 | 세금 | 공과금 | 연회비 | 수수료","쇼핑 영역은 네이버 카드 상세에서 수집한 혜택 카테고리를 기준으로 임시 계산합니다.","2026-06-11T11:14:42.801Z"
"naver-card-3958-fuel-2","naver-card-3958","fuel","주유","discount","0.013999999999999999","","5000","","400000","주유","unknown","40만원 이상","상품권 | 선불카드 충전 | 세금 | 공과금 | 연회비 | 수수료","주유 영역은 네이버 카드 상세에서 수집한 혜택 카테고리를 기준으로 임시 계산합니다.","2026-06-11T11:14:42.801Z"
"naver-card-3958-mart-3","naver-card-3958","mart","대형마트","discount","0.013999999999999999","","5000","","400000","대형마트","unknown","40만원 이상","상품권 | 선불카드 충전 | 세금 | 공과금 | 연회비 | 수수료","대형마트 영역은 네이버 카드 상세에서 수집한 혜택 카테고리를 기준으로 임시 계산합니다.","2026-06-11T11:14:42.801Z"
"naver-card-3958-medical-4","naver-card-3958","medical","의료","discount","0.013999999999999999","","5000","","400000","의료","unknown","40만원 이상","상품권 | 선불카드 충전 | 세금 | 공과금 | 연회비 | 수수료","의료 영역은 네이버 카드 상세에서 수집한 혜택 카테고리를 기준으로 임시 계산합니다.","2026-06-11T11:14:42.801Z"
"naver-card-10369-shopping-0","naver-card-10369","shopping","쇼핑","cashback","0.1","","5000","","0","쇼핑","unknown","실적 조건 없음","상품권 | 선불카드 충전 | 세금 | 공과금 | 연회비 | 수수료","쇼핑 영역은 네이버 카드 상세에서 수집한 혜택 카테고리를 기준으로 임시 계산합니다.","2026-06-11T11:14:42.801Z"
"naver-card-10369-etc-1","naver-card-10369","etc","영화","cashback","0.1","","5000","","0","영화","unknown","실적 조건 없음","상품권 | 선불카드 충전 | 세금 | 공과금 | 연회비 | 수수료","영화 영역은 네이버 카드 상세에서 수집한 혜택 카테고리를 기준으로 임시 계산합니다.","2026-06-11T11:14:42.801Z"
"naver-card-10369-dining-2","naver-card-10369","dining","외식","cashback","0.1","","5000","","0","외식","unknown","실적 조건 없음","상품권 | 선불카드 충전 | 세금 | 공과금 | 연회비 | 수수료","외식 영역은 네이버 카드 상세에서 수집한 혜택 카테고리를 기준으로 임시 계산합니다.","2026-06-11T11:14:42.801Z"
"naver-card-10369-coffee-3","naver-card-10369","coffee","카페/베이커리","cashback","0.1","","5000","","0","카페/베이커리","unknown","실적 조건 없음","상품권 | 선불카드 충전 | 세금 | 공과금 | 연회비 | 수수료","카페/베이커리 영역은 네이버 카드 상세에서 수집한 혜택 카테고리를 기준으로 임시 계산합니다.","2026-06-11T11:14:42.801Z"
"naver-card-10325-shopping-0","naver-card-10325","shopping","쇼핑","cashback","0.03","","8000","","500000","쇼핑","unknown","50만원 이상","상품권 | 선불카드 충전 | 세금 | 공과금 | 연회비 | 수수료","쇼핑 영역은 네이버 카드 상세에서 수집한 혜택 카테고리를 기준으로 임시 계산합니다.","2026-06-11T11:14:42.801Z"
"naver-card-10325-convenience-1","naver-card-10325","convenience","편의점","cashback","0.03","","8000","","500000","편의점","unknown","50만원 이상","상품권 | 선불카드 충전 | 세금 | 공과금 | 연회비 | 수수료","편의점 영역은 네이버 카드 상세에서 수집한 혜택 카테고리를 기준으로 임시 계산합니다.","2026-06-11T11:14:42.801Z"
"naver-card-10325-etc-2","naver-card-10325","etc","영화","cashback","0.03","","8000","","500000","영화","unknown","50만원 이상","상품권 | 선불카드 충전 | 세금 | 공과금 | 연회비 | 수수료","영화 영역은 네이버 카드 상세에서 수집한 혜택 카테고리를 기준으로 임시 계산합니다.","2026-06-11T11:14:42.801Z"
"naver-card-10325-transport-3","naver-card-10325","transport","대중교통","cashback","0.03","","8000","","500000","대중교통","unknown","50만원 이상","상품권 | 선불카드 충전 | 세금 | 공과금 | 연회비 | 수수료","대중교통 영역은 네이버 카드 상세에서 수집한 혜택 카테고리를 기준으로 임시 계산합니다.","2026-06-11T11:14:42.801Z"
"naver-card-10325-coffee-4","naver-card-10325","coffee","카페/베이커리","cashback","0.03","","8000","","500000","카페/베이커리","unknown","50만원 이상","상품권 | 선불카드 충전 | 세금 | 공과금 | 연회비 | 수수료","카페/베이커리 영역은 네이버 카드 상세에서 수집한 혜택 카테고리를 기준으로 임시 계산합니다.","2026-06-11T11:14:42.801Z"
"naver-card-10545-shopping-0","naver-card-10545","shopping","포인트/캐시백","cashback","0.01","","8000","","500000","포인트/캐시백","unknown","50만원 이상","상품권 | 선불카드 충전 | 세금 | 공과금 | 연회비 | 수수료","포인트/캐시백 영역은 네이버 카드 상세에서 수집한 혜택 카테고리를 기준으로 임시 계산합니다.","2026-06-11T11:14:42.801Z"
"naver-card-10545-etc-1","naver-card-10545","etc","레저","cashback","0.01","","8000","","500000","레저","unknown","50만원 이상","상품권 | 선불카드 충전 | 세금 | 공과금 | 연회비 | 수수료","레저 영역은 네이버 카드 상세에서 수집한 혜택 카테고리를 기준으로 임시 계산합니다.","2026-06-11T11:14:42.801Z"
"naver-card-1597-dining-0","naver-card-1597","dining","외식","discount","0.03","","3333","","300000","외식","unknown","30만원 이상","상품권 | 선불카드 충전 | 세금 | 공과금 | 연회비 | 수수료","외식 영역은 네이버 카드 상세에서 수집한 혜택 카테고리를 기준으로 임시 계산합니다.","2026-06-11T11:14:42.801Z"
"naver-card-1597-convenience-1","naver-card-1597","convenience","편의점","discount","0.03","","3333","","300000","편의점","unknown","30만원 이상","상품권 | 선불카드 충전 | 세금 | 공과금 | 연회비 | 수수료","편의점 영역은 네이버 카드 상세에서 수집한 혜택 카테고리를 기준으로 임시 계산합니다.","2026-06-11T11:14:42.801Z"
"naver-card-1597-transport-2","naver-card-1597","transport","대중교통","discount","0.03","","3333","","300000","대중교통","unknown","30만원 이상","상품권 | 선불카드 충전 | 세금 | 공과금 | 연회비 | 수수료","대중교통 영역은 네이버 카드 상세에서 수집한 혜택 카테고리를 기준으로 임시 계산합니다.","2026-06-11T11:14:42.801Z"
"naver-card-10563-etc-0","naver-card-10563","etc","사업자","point","0.05","","12000","","1000000","사업자","unknown","100만원 이상","상품권 | 선불카드 충전 | 세금 | 공과금 | 연회비 | 수수료","사업자 영역은 네이버 카드 상세에서 수집한 혜택 카테고리를 기준으로 임시 계산합니다.","2026-06-11T11:14:42.801Z"
"naver-card-10563-fuel-1","naver-card-10563","fuel","주유","point","0.05","","12000","","1000000","주유","unknown","100만원 이상","상품권 | 선불카드 충전 | 세금 | 공과금 | 연회비 | 수수료","주유 영역은 네이버 카드 상세에서 수집한 혜택 카테고리를 기준으로 임시 계산합니다.","2026-06-11T11:14:42.801Z"
"naver-card-10563-mart-2","naver-card-10563","mart","대형마트","point","0.05","","12000","","1000000","대형마트","unknown","100만원 이상","상품권 | 선불카드 충전 | 세금 | 공과금 | 연회비 | 수수료","대형마트 영역은 네이버 카드 상세에서 수집한 혜택 카테고리를 기준으로 임시 계산합니다.","2026-06-11T11:14:42.801Z"
"naver-card-10563-telecom-3","naver-card-10563","telecom","통신","point","0.05","","12000","","1000000","통신","unknown","100만원 이상","상품권 | 선불카드 충전 | 세금 | 공과금 | 연회비 | 수수료","통신 영역은 네이버 카드 상세에서 수집한 혜택 카테고리를 기준으로 임시 계산합니다.","2026-06-11T11:14:42.801Z"
"naver-card-10563-shopping-4","naver-card-10563","shopping","포인트/캐시백","point","0.05","","12000","","1000000","포인트/캐시백","unknown","100만원 이상","상품권 | 선불카드 충전 | 세금 | 공과금 | 연회비 | 수수료","포인트/캐시백 영역은 네이버 카드 상세에서 수집한 혜택 카테고리를 기준으로 임시 계산합니다.","2026-06-11T11:14:42.801Z"
"naver-card-10634-shopping-0","naver-card-10634","shopping","포인트/캐시백","cashback","0.1","","5000","","300000","포인트/캐시백","unknown","30만원 이상","상품권 | 선불카드 충전 | 세금 | 공과금 | 연회비 | 수수료","포인트/캐시백 영역은 네이버 카드 상세에서 수집한 혜택 카테고리를 기준으로 임시 계산합니다.","2026-06-11T11:14:42.801Z"
"naver-card-10634-fuel-1","naver-card-10634","fuel","주유","cashback","0.1","","5000","","300000","주유","unknown","30만원 이상","상품권 | 선불카드 충전 | 세금 | 공과금 | 연회비 | 수수료","주유 영역은 네이버 카드 상세에서 수집한 혜택 카테고리를 기준으로 임시 계산합니다.","2026-06-11T11:14:42.801Z"
"naver-card-10634-transport-2","naver-card-10634","transport","대중교통","cashback","0.1","","5000","","300000","대중교통","unknown","30만원 이상","상품권 | 선불카드 충전 | 세금 | 공과금 | 연회비 | 수수료","대중교통 영역은 네이버 카드 상세에서 수집한 혜택 카테고리를 기준으로 임시 계산합니다.","2026-06-11T11:14:42.801Z"
"naver-card-10634-coffee-3","naver-card-10634","coffee","카페/베이커리","cashback","0.1","","5000","","300000","카페/베이커리","unknown","30만원 이상","상품권 | 선불카드 충전 | 세금 | 공과금 | 연회비 | 수수료","카페/베이커리 영역은 네이버 카드 상세에서 수집한 혜택 카테고리를 기준으로 임시 계산합니다.","2026-06-11T11:14:42.801Z"
"naver-card-10634-dining-4","naver-card-10634","dining","외식","cashback","0.1","","5000","","300000","외식","unknown","30만원 이상","상품권 | 선불카드 충전 | 세금 | 공과금 | 연회비 | 수수료","외식 영역은 네이버 카드 상세에서 수집한 혜택 카테고리를 기준으로 임시 계산합니다.","2026-06-11T11:14:42.801Z"
"naver-card-10576-etc-0","naver-card-10576","etc","법인","discount","0.03","","10000","","0","법인","unknown","실적 조건 없음","상품권 | 선불카드 충전 | 세금 | 공과금 | 연회비 | 수수료","법인 영역은 네이버 카드 상세에서 수집한 혜택 카테고리를 기준으로 임시 계산합니다.","2026-06-11T11:14:42.801Z"
"naver-card-10549-fuel-0","naver-card-10549","fuel","오토","cashback","0.005","","8000","","500000","오토","unknown","50만원 이상","상품권 | 선불카드 충전 | 세금 | 공과금 | 연회비 | 수수료","오토 영역은 네이버 카드 상세에서 수집한 혜택 카테고리를 기준으로 임시 계산합니다.","2026-06-11T11:14:42.801Z"
"naver-card-10549-etc-1","naver-card-10549","etc","금융","cashback","0.005","","8000","","500000","금융","unknown","50만원 이상","상품권 | 선불카드 충전 | 세금 | 공과금 | 연회비 | 수수료","금융 영역은 네이버 카드 상세에서 수집한 혜택 카테고리를 기준으로 임시 계산합니다.","2026-06-11T11:14:42.801Z"
"naver-card-10549-shopping-2","naver-card-10549","shopping","포인트/캐시백","cashback","0.005","","8000","","500000","포인트/캐시백","unknown","50만원 이상","상품권 | 선불카드 충전 | 세금 | 공과금 | 연회비 | 수수료","포인트/캐시백 영역은 네이버 카드 상세에서 수집한 혜택 카테고리를 기준으로 임시 계산합니다.","2026-06-11T11:14:42.801Z"
"naver-card-10306-shopping-0","naver-card-10306","shopping","포인트/캐시백","cashback","0.02","","5000","","0","포인트/캐시백","unknown","실적 조건 없음","상품권 | 선불카드 충전 | 세금 | 공과금 | 연회비 | 수수료","포인트/캐시백 영역은 네이버 카드 상세에서 수집한 혜택 카테고리를 기준으로 임시 계산합니다.","2026-06-11T11:14:42.801Z"
"naver-card-10306-etc-1","naver-card-10306","etc","납부 혜택","cashback","0.02","","5000","","0","납부 혜택","unknown","실적 조건 없음","상품권 | 선불카드 충전 | 세금 | 공과금 | 연회비 | 수수료","납부 혜택 영역은 네이버 카드 상세에서 수집한 혜택 카테고리를 기준으로 임시 계산합니다.","2026-06-11T11:14:42.801Z"
"naver-card-10306-ott-2","naver-card-10306","ott","렌탈","cashback","0.02","","5000","","0","렌탈","unknown","실적 조건 없음","상품권 | 선불카드 충전 | 세금 | 공과금 | 연회비 | 수수료","렌탈 영역은 네이버 카드 상세에서 수집한 혜택 카테고리를 기준으로 임시 계산합니다.","2026-06-11T11:14:42.801Z"
"naver-card-10306-medical-3","naver-card-10306","medical","의료","cashback","0.02","","5000","","0","의료","unknown","실적 조건 없음","상품권 | 선불카드 충전 | 세금 | 공과금 | 연회비 | 수수료","의료 영역은 네이버 카드 상세에서 수집한 혜택 카테고리를 기준으로 임시 계산합니다.","2026-06-11T11:14:42.801Z"
"naver-card-10306-convenience-4","naver-card-10306","convenience","편의점","cashback","0.02","","5000","","0","편의점","unknown","실적 조건 없음","상품권 | 선불카드 충전 | 세금 | 공과금 | 연회비 | 수수료","편의점 영역은 네이버 카드 상세에서 수집한 혜택 카테고리를 기준으로 임시 계산합니다.","2026-06-11T11:14:42.801Z"
"naver-card-10294-shopping-0","naver-card-10294","shopping","바우처","mileage","0.01","","8000","","500000","바우처","unknown","50만원 이상","상품권 | 선불카드 충전 | 세금 | 공과금 | 연회비 | 수수료","바우처 영역은 네이버 카드 상세에서 수집한 혜택 카테고리를 기준으로 임시 계산합니다.","2026-06-11T11:14:42.801Z"
"naver-card-10294-travel-1","naver-card-10294","travel","항공마일리지","mileage","0.01","","8000","","500000","항공마일리지","unknown","50만원 이상","상품권 | 선불카드 충전 | 세금 | 공과금 | 연회비 | 수수료","항공마일리지 영역은 네이버 카드 상세에서 수집한 혜택 카테고리를 기준으로 임시 계산합니다.","2026-06-11T11:14:42.801Z"
"naver-card-10294-etc-2","naver-card-10294","etc","프리미엄","mileage","0.01","","8000","","500000","프리미엄","unknown","50만원 이상","상품권 | 선불카드 충전 | 세금 | 공과금 | 연회비 | 수수료","프리미엄 영역은 네이버 카드 상세에서 수집한 혜택 카테고리를 기준으로 임시 계산합니다.","2026-06-11T11:14:42.801Z"
"naver-card-10527-shopping-0","naver-card-10527","shopping","쇼핑","discount","0.1","","5000","","400000","쇼핑","unknown","40만원 이상","상품권 | 선불카드 충전 | 세금 | 공과금 | 연회비 | 수수료","쇼핑 영역은 네이버 카드 상세에서 수집한 혜택 카테고리를 기준으로 임시 계산합니다.","2026-06-11T11:14:42.801Z"
"naver-card-10527-convenience-1","naver-card-10527","convenience","편의점","discount","0.1","","5000","","400000","편의점","unknown","40만원 이상","상품권 | 선불카드 충전 | 세금 | 공과금 | 연회비 | 수수료","편의점 영역은 네이버 카드 상세에서 수집한 혜택 카테고리를 기준으로 임시 계산합니다.","2026-06-11T11:14:42.801Z"
"naver-card-10527-mart-2","naver-card-10527","mart","대형마트","discount","0.1","","5000","","400000","대형마트","unknown","40만원 이상","상품권 | 선불카드 충전 | 세금 | 공과금 | 연회비 | 수수료","대형마트 영역은 네이버 카드 상세에서 수집한 혜택 카테고리를 기준으로 임시 계산합니다.","2026-06-11T11:14:42.801Z"
"naver-card-10527-etc-3","naver-card-10527","etc","반려동물","discount","0.1","","5000","","400000","반려동물","unknown","40만원 이상","상품권 | 선불카드 충전 | 세금 | 공과금 | 연회비 | 수수료","반려동물 영역은 네이버 카드 상세에서 수집한 혜택 카테고리를 기준으로 임시 계산합니다.","2026-06-11T11:14:42.801Z"
"naver-card-10527-coffee-4","naver-card-10527","coffee","카페/베이커리","discount","0.1","","5000","","400000","카페/베이커리","unknown","40만원 이상","상품권 | 선불카드 충전 | 세금 | 공과금 | 연회비 | 수수료","카페/베이커리 영역은 네이버 카드 상세에서 수집한 혜택 카테고리를 기준으로 임시 계산합니다.","2026-06-11T11:14:42.801Z"
"naver-card-10513-telecom-0","naver-card-10513","telecom","통신","point","0.01","","5000","","400000","통신","unknown","40만원 이상","상품권 | 선불카드 충전 | 세금 | 공과금 | 연회비 | 수수료","통신 영역은 네이버 카드 상세에서 수집한 혜택 카테고리를 기준으로 임시 계산합니다.","2026-06-11T11:14:42.801Z"
"naver-card-10513-fuel-1","naver-card-10513","fuel","주유","point","0.01","","5000","","400000","주유","unknown","40만원 이상","상품권 | 선불카드 충전 | 세금 | 공과금 | 연회비 | 수수료","주유 영역은 네이버 카드 상세에서 수집한 혜택 카테고리를 기준으로 임시 계산합니다.","2026-06-11T11:14:42.801Z"
"naver-card-10513-etc-2","naver-card-10513","etc","영화","point","0.01","","5000","","400000","영화","unknown","40만원 이상","상품권 | 선불카드 충전 | 세금 | 공과금 | 연회비 | 수수료","영화 영역은 네이버 카드 상세에서 수집한 혜택 카테고리를 기준으로 임시 계산합니다.","2026-06-11T11:14:42.801Z"
"naver-card-10578-etc-0","naver-card-10578","etc","법인","mileage","0.005","","10000","","0","법인","unknown","실적 조건 없음","상품권 | 선불카드 충전 | 세금 | 공과금 | 연회비 | 수수료","법인 영역은 네이버 카드 상세에서 수집한 혜택 카테고리를 기준으로 임시 계산합니다.","2026-06-11T11:14:42.801Z"
"naver-card-1773-shopping-0","naver-card-1773","shopping","쇼핑","discount","0.05","","8000","","500000","쇼핑","unknown","50만원 이상","상품권 | 선불카드 충전 | 세금 | 공과금 | 연회비 | 수수료","쇼핑 영역은 네이버 카드 상세에서 수집한 혜택 카테고리를 기준으로 임시 계산합니다.","2026-06-11T11:14:42.801Z"
"naver-card-1773-etc-1","naver-card-1773","etc","영화","discount","0.05","","8000","","500000","영화","unknown","50만원 이상","상품권 | 선불카드 충전 | 세금 | 공과금 | 연회비 | 수수료","영화 영역은 네이버 카드 상세에서 수집한 혜택 카테고리를 기준으로 임시 계산합니다.","2026-06-11T11:14:42.801Z"
"naver-card-1773-mart-2","naver-card-1773","mart","대형마트","discount","0.05","","8000","","500000","대형마트","unknown","50만원 이상","상품권 | 선불카드 충전 | 세금 | 공과금 | 연회비 | 수수료","대형마트 영역은 네이버 카드 상세에서 수집한 혜택 카테고리를 기준으로 임시 계산합니다.","2026-06-11T11:14:42.801Z"
"naver-card-1773-coffee-3","naver-card-1773","coffee","카페/베이커리","discount","0.05","","8000","","500000","카페/베이커리","unknown","50만원 이상","상품권 | 선불카드 충전 | 세금 | 공과금 | 연회비 | 수수료","카페/베이커리 영역은 네이버 카드 상세에서 수집한 혜택 카테고리를 기준으로 임시 계산합니다.","2026-06-11T11:14:42.801Z"
"naver-card-1773-fuel-4","naver-card-1773","fuel","주유","discount","0.05","","8000","","500000","주유","unknown","50만원 이상","상품권 | 선불카드 충전 | 세금 | 공과금 | 연회비 | 수수료","주유 영역은 네이버 카드 상세에서 수집한 혜택 카테고리를 기준으로 임시 계산합니다.","2026-06-11T11:14:42.801Z"
"naver-card-10305-etc-0","naver-card-10305","etc","언제나할인","cashback","0.05","","5000","","0","언제나할인","unknown","실적 조건 없음","상품권 | 선불카드 충전 | 세금 | 공과금 | 연회비 | 수수료","언제나할인 영역은 네이버 카드 상세에서 수집한 혜택 카테고리를 기준으로 임시 계산합니다.","2026-06-11T11:14:42.801Z"
"naver-card-10305-shopping-1","naver-card-10305","shopping","쇼핑","cashback","0.05","","5000","","0","쇼핑","unknown","실적 조건 없음","상품권 | 선불카드 충전 | 세금 | 공과금 | 연회비 | 수수료","쇼핑 영역은 네이버 카드 상세에서 수집한 혜택 카테고리를 기준으로 임시 계산합니다.","2026-06-11T11:14:42.801Z"
"naver-card-10305-dining-2","naver-card-10305","dining","외식","cashback","0.05","","5000","","0","외식","unknown","실적 조건 없음","상품권 | 선불카드 충전 | 세금 | 공과금 | 연회비 | 수수료","외식 영역은 네이버 카드 상세에서 수집한 혜택 카테고리를 기준으로 임시 계산합니다.","2026-06-11T11:14:42.801Z"
"naver-card-10305-telecom-3","naver-card-10305","telecom","통신","cashback","0.05","","5000","","0","통신","unknown","실적 조건 없음","상품권 | 선불카드 충전 | 세금 | 공과금 | 연회비 | 수수료","통신 영역은 네이버 카드 상세에서 수집한 혜택 카테고리를 기준으로 임시 계산합니다.","2026-06-11T11:14:42.801Z"
"naver-card-10305-ott-4","naver-card-10305","ott","렌탈","cashback","0.05","","5000","","0","렌탈","unknown","실적 조건 없음","상품권 | 선불카드 충전 | 세금 | 공과금 | 연회비 | 수수료","렌탈 영역은 네이버 카드 상세에서 수집한 혜택 카테고리를 기준으로 임시 계산합니다.","2026-06-11T11:14:42.801Z"
"naver-card-10567-shopping-0","naver-card-10567","shopping","바우처","cashback","0.005","","5000","","300000","바우처","unknown","30만원 이상","상품권 | 선불카드 충전 | 세금 | 공과금 | 연회비 | 수수료","바우처 영역은 네이버 카드 상세에서 수집한 혜택 카테고리를 기준으로 임시 계산합니다.","2026-06-11T11:14:42.801Z"
"naver-card-10567-etc-1","naver-card-10567","etc","프리미엄","cashback","0.005","","5000","","300000","프리미엄","unknown","30만원 이상","상품권 | 선불카드 충전 | 세금 | 공과금 | 연회비 | 수수료","프리미엄 영역은 네이버 카드 상세에서 수집한 혜택 카테고리를 기준으로 임시 계산합니다.","2026-06-11T11:14:42.801Z"
"naver-card-10567-coffee-2","naver-card-10567","coffee","카페/베이커리","cashback","0.005","","5000","","300000","카페/베이커리","unknown","30만원 이상","상품권 | 선불카드 충전 | 세금 | 공과금 | 연회비 | 수수료","카페/베이커리 영역은 네이버 카드 상세에서 수집한 혜택 카테고리를 기준으로 임시 계산합니다.","2026-06-11T11:14:42.801Z"
"naver-card-10567-fuel-3","naver-card-10567","fuel","주유","cashback","0.005","","5000","","300000","주유","unknown","30만원 이상","상품권 | 선불카드 충전 | 세금 | 공과금 | 연회비 | 수수료","주유 영역은 네이버 카드 상세에서 수집한 혜택 카테고리를 기준으로 임시 계산합니다.","2026-06-11T11:14:42.801Z"
"naver-card-10555-shopping-0","naver-card-10555","shopping","바우처","cashback","0.01","","8000","","500000","바우처","unknown","50만원 이상","상품권 | 선불카드 충전 | 세금 | 공과금 | 연회비 | 수수료","바우처 영역은 네이버 카드 상세에서 수집한 혜택 카테고리를 기준으로 임시 계산합니다.","2026-06-11T11:14:42.801Z"
"naver-card-10555-coffee-1","naver-card-10555","coffee","카페/베이커리","cashback","0.01","","8000","","500000","카페/베이커리","unknown","50만원 이상","상품권 | 선불카드 충전 | 세금 | 공과금 | 연회비 | 수수료","카페/베이커리 영역은 네이버 카드 상세에서 수집한 혜택 카테고리를 기준으로 임시 계산합니다.","2026-06-11T11:14:42.801Z"
"naver-card-10555-transport-2","naver-card-10555","transport","대중교통","cashback","0.01","","8000","","500000","대중교통","unknown","50만원 이상","상품권 | 선불카드 충전 | 세금 | 공과금 | 연회비 | 수수료","대중교통 영역은 네이버 카드 상세에서 수집한 혜택 카테고리를 기준으로 임시 계산합니다.","2026-06-11T11:14:42.801Z"
"naver-card-10555-etc-3","naver-card-10555","etc","프리미엄","cashback","0.01","","8000","","500000","프리미엄","unknown","50만원 이상","상품권 | 선불카드 충전 | 세금 | 공과금 | 연회비 | 수수료","프리미엄 영역은 네이버 카드 상세에서 수집한 혜택 카테고리를 기준으로 임시 계산합니다.","2026-06-11T11:14:42.801Z"
"naver-card-10277-etc-0","naver-card-10277","etc","언제나할인","discount","0.01","","5000","","0","언제나할인","unknown","실적 조건 없음","상품권 | 선불카드 충전 | 세금 | 공과금 | 연회비 | 수수료","언제나할인 영역은 네이버 카드 상세에서 수집한 혜택 카테고리를 기준으로 임시 계산합니다.","2026-06-11T11:14:42.801Z"
"naver-card-10277-shopping-1","naver-card-10277","shopping","바우처","discount","0.01","","5000","","0","바우처","unknown","실적 조건 없음","상품권 | 선불카드 충전 | 세금 | 공과금 | 연회비 | 수수료","바우처 영역은 네이버 카드 상세에서 수집한 혜택 카테고리를 기준으로 임시 계산합니다.","2026-06-11T11:14:42.801Z"
"naver-card-10277-coffee-2","naver-card-10277","coffee","카페/베이커리","discount","0.01","","5000","","0","카페/베이커리","unknown","실적 조건 없음","상품권 | 선불카드 충전 | 세금 | 공과금 | 연회비 | 수수료","카페/베이커리 영역은 네이버 카드 상세에서 수집한 혜택 카테고리를 기준으로 임시 계산합니다.","2026-06-11T11:14:42.801Z"
"naver-card-10277-medical-3","naver-card-10277","medical","뷰티","discount","0.01","","5000","","0","뷰티","unknown","실적 조건 없음","상품권 | 선불카드 충전 | 세금 | 공과금 | 연회비 | 수수료","뷰티 영역은 네이버 카드 상세에서 수집한 혜택 카테고리를 기준으로 임시 계산합니다.","2026-06-11T11:14:42.801Z"
"naver-card-10277-mart-4","naver-card-10277","mart","대형마트","discount","0.01","","5000","","0","대형마트","unknown","실적 조건 없음","상품권 | 선불카드 충전 | 세금 | 공과금 | 연회비 | 수수료","대형마트 영역은 네이버 카드 상세에서 수집한 혜택 카테고리를 기준으로 임시 계산합니다.","2026-06-11T11:14:42.801Z"
"naver-card-10505-shopping-0","naver-card-10505","shopping","포인트/캐시백","cashback","0.1","","19000","","400000","포인트/캐시백","unknown","40만원 이상","상품권 | 선불카드 충전 | 세금 | 공과금 | 연회비 | 수수료","포인트/캐시백 영역은 네이버 카드 상세에서 수집한 혜택 카테고리를 기준으로 임시 계산합니다.","2026-06-11T11:14:42.801Z"
"naver-card-10577-etc-0","naver-card-10577","etc","레저","cashback","0.006999999999999999","","5000","","300000","레저","unknown","30만원 이상","상품권 | 선불카드 충전 | 세금 | 공과금 | 연회비 | 수수료","레저 영역은 네이버 카드 상세에서 수집한 혜택 카테고리를 기준으로 임시 계산합니다.","2026-06-11T11:14:42.801Z"
"naver-card-10577-shopping-1","naver-card-10577","shopping","포인트/캐시백","cashback","0.006999999999999999","","5000","","300000","포인트/캐시백","unknown","30만원 이상","상품권 | 선불카드 충전 | 세금 | 공과금 | 연회비 | 수수료","포인트/캐시백 영역은 네이버 카드 상세에서 수집한 혜택 카테고리를 기준으로 임시 계산합니다.","2026-06-11T11:14:42.801Z"
"naver-card-10577-coffee-2","naver-card-10577","coffee","카페/베이커리","cashback","0.006999999999999999","","5000","","300000","카페/베이커리","unknown","30만원 이상","상품권 | 선불카드 충전 | 세금 | 공과금 | 연회비 | 수수료","카페/베이커리 영역은 네이버 카드 상세에서 수집한 혜택 카테고리를 기준으로 임시 계산합니다.","2026-06-11T11:14:42.801Z"
"naver-card-10577-convenience-3","naver-card-10577","convenience","편의점","cashback","0.006999999999999999","","5000","","300000","편의점","unknown","30만원 이상","상품권 | 선불카드 충전 | 세금 | 공과금 | 연회비 | 수수료","편의점 영역은 네이버 카드 상세에서 수집한 혜택 카테고리를 기준으로 임시 계산합니다.","2026-06-11T11:14:42.801Z"
"naver-card-10577-mart-4","naver-card-10577","mart","대형마트","cashback","0.006999999999999999","","5000","","300000","대형마트","unknown","30만원 이상","상품권 | 선불카드 충전 | 세금 | 공과금 | 연회비 | 수수료","대형마트 영역은 네이버 카드 상세에서 수집한 혜택 카테고리를 기준으로 임시 계산합니다.","2026-06-11T11:14:42.801Z"
"naver-card-10241-shopping-0","naver-card-10241","shopping","포인트/캐시백","cashback","0.017","","2000","","400000","포인트/캐시백","unknown","40만원 이상","상품권 | 선불카드 충전 | 세금 | 공과금 | 연회비 | 수수료","포인트/캐시백 영역은 네이버 카드 상세에서 수집한 혜택 카테고리를 기준으로 임시 계산합니다.","2026-06-11T11:14:42.801Z"
"naver-card-10438-shopping-0","naver-card-10438","shopping","쇼핑","point","0.05","","12000","","1000000","쇼핑","unknown","100만원 이상","상품권 | 선불카드 충전 | 세금 | 공과금 | 연회비 | 수수료","쇼핑 영역은 네이버 카드 상세에서 수집한 혜택 카테고리를 기준으로 임시 계산합니다.","2026-06-11T11:14:42.801Z"
"naver-card-10029-etc-0","naver-card-10029","etc","언제나할인","discount","0.01","","8000","","750000","언제나할인","unknown","75만원 이상","상품권 | 선불카드 충전 | 세금 | 공과금 | 연회비 | 수수료","언제나할인 영역은 네이버 카드 상세에서 수집한 혜택 카테고리를 기준으로 임시 계산합니다.","2026-06-11T11:14:42.801Z"
"naver-card-10029-shopping-1","naver-card-10029","shopping","바우처","discount","0.01","","8000","","750000","바우처","unknown","75만원 이상","상품권 | 선불카드 충전 | 세금 | 공과금 | 연회비 | 수수료","바우처 영역은 네이버 카드 상세에서 수집한 혜택 카테고리를 기준으로 임시 계산합니다.","2026-06-11T11:14:42.801Z"
"naver-card-10029-coffee-2","naver-card-10029","coffee","카페/베이커리","discount","0.01","","8000","","750000","카페/베이커리","unknown","75만원 이상","상품권 | 선불카드 충전 | 세금 | 공과금 | 연회비 | 수수료","카페/베이커리 영역은 네이버 카드 상세에서 수집한 혜택 카테고리를 기준으로 임시 계산합니다.","2026-06-11T11:14:42.801Z"
"naver-card-10029-dining-3","naver-card-10029","dining","외식","discount","0.01","","8000","","750000","외식","unknown","75만원 이상","상품권 | 선불카드 충전 | 세금 | 공과금 | 연회비 | 수수료","외식 영역은 네이버 카드 상세에서 수집한 혜택 카테고리를 기준으로 임시 계산합니다.","2026-06-11T11:14:42.801Z"
"naver-card-10029-convenience-4","naver-card-10029","convenience","편의점","discount","0.01","","8000","","750000","편의점","unknown","75만원 이상","상품권 | 선불카드 충전 | 세금 | 공과금 | 연회비 | 수수료","편의점 영역은 네이버 카드 상세에서 수집한 혜택 카테고리를 기준으로 임시 계산합니다.","2026-06-11T11:14:42.801Z"
"naver-card-10477-shopping-0","naver-card-10477","shopping","바우처","cashback","0.05","","5000","","300000","바우처","unknown","30만원 이상","상품권 | 선불카드 충전 | 세금 | 공과금 | 연회비 | 수수료","바우처 영역은 네이버 카드 상세에서 수집한 혜택 카테고리를 기준으로 임시 계산합니다.","2026-06-11T11:14:42.801Z"
"naver-card-10477-etc-1","naver-card-10477","etc","프리미엄","cashback","0.05","","5000","","300000","프리미엄","unknown","30만원 이상","상품권 | 선불카드 충전 | 세금 | 공과금 | 연회비 | 수수료","프리미엄 영역은 네이버 카드 상세에서 수집한 혜택 카테고리를 기준으로 임시 계산합니다.","2026-06-11T11:14:42.801Z"
"naver-card-10477-coffee-2","naver-card-10477","coffee","카페/베이커리","cashback","0.05","","5000","","300000","카페/베이커리","unknown","30만원 이상","상품권 | 선불카드 충전 | 세금 | 공과금 | 연회비 | 수수료","카페/베이커리 영역은 네이버 카드 상세에서 수집한 혜택 카테고리를 기준으로 임시 계산합니다.","2026-06-11T11:14:42.801Z"
"naver-card-10477-transport-3","naver-card-10477","transport","대중교통","cashback","0.05","","5000","","300000","대중교통","unknown","30만원 이상","상품권 | 선불카드 충전 | 세금 | 공과금 | 연회비 | 수수료","대중교통 영역은 네이버 카드 상세에서 수집한 혜택 카테고리를 기준으로 임시 계산합니다.","2026-06-11T11:14:42.801Z"
"naver-card-10477-fuel-4","naver-card-10477","fuel","주유","cashback","0.05","","5000","","300000","주유","unknown","30만원 이상","상품권 | 선불카드 충전 | 세금 | 공과금 | 연회비 | 수수료","주유 영역은 네이버 카드 상세에서 수집한 혜택 카테고리를 기준으로 임시 계산합니다.","2026-06-11T11:14:42.801Z"
"naver-card-10211-ott-0","naver-card-10211","ott","렌탈","discount","0.03","","15000","","300000","렌탈","unknown","30만원 이상","상품권 | 선불카드 충전 | 세금 | 공과금 | 연회비 | 수수료","렌탈 영역은 네이버 카드 상세에서 수집한 혜택 카테고리를 기준으로 임시 계산합니다.","2026-06-11T11:14:42.801Z"
"naver-card-10211-etc-1","naver-card-10211","etc","레저","discount","0.03","","15000","","300000","레저","unknown","30만원 이상","상품권 | 선불카드 충전 | 세금 | 공과금 | 연회비 | 수수료","레저 영역은 네이버 카드 상세에서 수집한 혜택 카테고리를 기준으로 임시 계산합니다.","2026-06-11T11:14:42.801Z"
"naver-card-10458-shopping-0","naver-card-10458","shopping","포인트/캐시백","cashback","0.05","","8000","","500000","포인트/캐시백","unknown","50만원 이상","상품권 | 선불카드 충전 | 세금 | 공과금 | 연회비 | 수수료","포인트/캐시백 영역은 네이버 카드 상세에서 수집한 혜택 카테고리를 기준으로 임시 계산합니다.","2026-06-11T11:14:42.801Z"
"naver-card-10458-mart-1","naver-card-10458","mart","대형마트","cashback","0.05","","8000","","500000","대형마트","unknown","50만원 이상","상품권 | 선불카드 충전 | 세금 | 공과금 | 연회비 | 수수료","대형마트 영역은 네이버 카드 상세에서 수집한 혜택 카테고리를 기준으로 임시 계산합니다.","2026-06-11T11:14:42.801Z"
"naver-card-10458-medical-2","naver-card-10458","medical","의료","cashback","0.05","","8000","","500000","의료","unknown","50만원 이상","상품권 | 선불카드 충전 | 세금 | 공과금 | 연회비 | 수수료","의료 영역은 네이버 카드 상세에서 수집한 혜택 카테고리를 기준으로 임시 계산합니다.","2026-06-11T11:14:42.801Z"
"naver-card-10458-education-3","naver-card-10458","education","교육","cashback","0.05","","8000","","500000","교육","unknown","50만원 이상","상품권 | 선불카드 충전 | 세금 | 공과금 | 연회비 | 수수료","교육 영역은 네이버 카드 상세에서 수집한 혜택 카테고리를 기준으로 임시 계산합니다.","2026-06-11T11:14:42.801Z"
"naver-card-10458-coffee-4","naver-card-10458","coffee","카페/베이커리","cashback","0.05","","8000","","500000","카페/베이커리","unknown","50만원 이상","상품권 | 선불카드 충전 | 세금 | 공과금 | 연회비 | 수수료","카페/베이커리 영역은 네이버 카드 상세에서 수집한 혜택 카테고리를 기준으로 임시 계산합니다.","2026-06-11T11:14:42.801Z"
"naver-card-3258-ott-0","naver-card-3258","ott","렌탈","point","0.01","","5000","","400000","렌탈","unknown","40만원 이상","상품권 | 선불카드 충전 | 세금 | 공과금 | 연회비 | 수수료","렌탈 영역은 네이버 카드 상세에서 수집한 혜택 카테고리를 기준으로 임시 계산합니다.","2026-06-11T11:14:42.801Z"
"naver-card-3258-etc-1","naver-card-3258","etc","관리비","point","0.01","","5000","","400000","관리비","unknown","40만원 이상","상품권 | 선불카드 충전 | 세금 | 공과금 | 연회비 | 수수료","관리비 영역은 네이버 카드 상세에서 수집한 혜택 카테고리를 기준으로 임시 계산합니다.","2026-06-11T11:14:42.801Z"
"naver-card-3258-coffee-2","naver-card-3258","coffee","카페/베이커리","point","0.01","","5000","","400000","카페/베이커리","unknown","40만원 이상","상품권 | 선불카드 충전 | 세금 | 공과금 | 연회비 | 수수료","카페/베이커리 영역은 네이버 카드 상세에서 수집한 혜택 카테고리를 기준으로 임시 계산합니다.","2026-06-11T11:14:42.801Z"
"naver-card-3258-convenience-3","naver-card-3258","convenience","편의점","point","0.01","","5000","","400000","편의점","unknown","40만원 이상","상품권 | 선불카드 충전 | 세금 | 공과금 | 연회비 | 수수료","편의점 영역은 네이버 카드 상세에서 수집한 혜택 카테고리를 기준으로 임시 계산합니다.","2026-06-11T11:14:42.801Z"
"naver-card-3258-shopping-4","naver-card-3258","shopping","쇼핑","point","0.01","","5000","","400000","쇼핑","unknown","40만원 이상","상품권 | 선불카드 충전 | 세금 | 공과금 | 연회비 | 수수료","쇼핑 영역은 네이버 카드 상세에서 수집한 혜택 카테고리를 기준으로 임시 계산합니다.","2026-06-11T11:14:42.801Z"
"naver-card-10404-shopping-0","naver-card-10404","shopping","쇼핑","cashback","0.1","","8000","","500000","쇼핑","unknown","50만원 이상","상품권 | 선불카드 충전 | 세금 | 공과금 | 연회비 | 수수료","쇼핑 영역은 네이버 카드 상세에서 수집한 혜택 카테고리를 기준으로 임시 계산합니다.","2026-06-11T11:14:42.801Z"
"naver-card-10404-etc-1","naver-card-10404","etc","프리미엄","cashback","0.1","","8000","","500000","프리미엄","unknown","50만원 이상","상품권 | 선불카드 충전 | 세금 | 공과금 | 연회비 | 수수료","프리미엄 영역은 네이버 카드 상세에서 수집한 혜택 카테고리를 기준으로 임시 계산합니다.","2026-06-11T11:14:42.801Z"
"naver-card-4096-shopping-0","naver-card-4096","shopping","포인트/캐시백","cashback","0.1","","8000","","500000","포인트/캐시백","unknown","50만원 이상","상품권 | 선불카드 충전 | 세금 | 공과금 | 연회비 | 수수료","포인트/캐시백 영역은 네이버 카드 상세에서 수집한 혜택 카테고리를 기준으로 임시 계산합니다.","2026-06-11T11:14:42.801Z"
"naver-card-4096-etc-1","naver-card-4096","etc","문화","cashback","0.1","","8000","","500000","문화","unknown","50만원 이상","상품권 | 선불카드 충전 | 세금 | 공과금 | 연회비 | 수수료","문화 영역은 네이버 카드 상세에서 수집한 혜택 카테고리를 기준으로 임시 계산합니다.","2026-06-11T11:14:42.801Z"
"naver-card-4096-coffee-2","naver-card-4096","coffee","카페/베이커리","cashback","0.1","","8000","","500000","카페/베이커리","unknown","50만원 이상","상품권 | 선불카드 충전 | 세금 | 공과금 | 연회비 | 수수료","카페/베이커리 영역은 네이버 카드 상세에서 수집한 혜택 카테고리를 기준으로 임시 계산합니다.","2026-06-11T11:14:42.801Z"
"naver-card-4096-mart-3","naver-card-4096","mart","대형마트","cashback","0.1","","8000","","500000","대형마트","unknown","50만원 이상","상품권 | 선불카드 충전 | 세금 | 공과금 | 연회비 | 수수료","대형마트 영역은 네이버 카드 상세에서 수집한 혜택 카테고리를 기준으로 임시 계산합니다.","2026-06-11T11:14:42.801Z"
"naver-card-4096-telecom-4","naver-card-4096","telecom","통신","cashback","0.1","","8000","","500000","통신","unknown","50만원 이상","상품권 | 선불카드 충전 | 세금 | 공과금 | 연회비 | 수수료","통신 영역은 네이버 카드 상세에서 수집한 혜택 카테고리를 기준으로 임시 계산합니다.","2026-06-11T11:14:42.801Z"
"naver-card-10559-shopping-0","naver-card-10559","shopping","포인트/캐시백","cashback","0.01","","5000","","400000","포인트/캐시백","unknown","40만원 이상","상품권 | 선불카드 충전 | 세금 | 공과금 | 연회비 | 수수료","포인트/캐시백 영역은 네이버 카드 상세에서 수집한 혜택 카테고리를 기준으로 임시 계산합니다.","2026-06-11T11:14:42.801Z"
"naver-card-10559-dining-1","naver-card-10559","dining","외식","cashback","0.01","","5000","","400000","외식","unknown","40만원 이상","상품권 | 선불카드 충전 | 세금 | 공과금 | 연회비 | 수수료","외식 영역은 네이버 카드 상세에서 수집한 혜택 카테고리를 기준으로 임시 계산합니다.","2026-06-11T11:14:42.801Z"
"naver-card-10559-coffee-2","naver-card-10559","coffee","카페/베이커리","cashback","0.01","","5000","","400000","카페/베이커리","unknown","40만원 이상","상품권 | 선불카드 충전 | 세금 | 공과금 | 연회비 | 수수료","카페/베이커리 영역은 네이버 카드 상세에서 수집한 혜택 카테고리를 기준으로 임시 계산합니다.","2026-06-11T11:14:42.801Z"
"naver-card-10559-etc-3","naver-card-10559","etc","프리미엄","cashback","0.01","","5000","","400000","프리미엄","unknown","40만원 이상","상품권 | 선불카드 충전 | 세금 | 공과금 | 연회비 | 수수료","프리미엄 영역은 네이버 카드 상세에서 수집한 혜택 카테고리를 기준으로 임시 계산합니다.","2026-06-11T11:14:42.801Z"
"naver-card-10546-fuel-0","naver-card-10546","fuel","오토","cashback","0.005","","8000","","500000","오토","unknown","50만원 이상","상품권 | 선불카드 충전 | 세금 | 공과금 | 연회비 | 수수료","오토 영역은 네이버 카드 상세에서 수집한 혜택 카테고리를 기준으로 임시 계산합니다.","2026-06-11T11:14:42.801Z"
"naver-card-10546-etc-1","naver-card-10546","etc","금융","cashback","0.005","","8000","","500000","금융","unknown","50만원 이상","상품권 | 선불카드 충전 | 세금 | 공과금 | 연회비 | 수수료","금융 영역은 네이버 카드 상세에서 수집한 혜택 카테고리를 기준으로 임시 계산합니다.","2026-06-11T11:14:42.801Z"
"naver-card-10546-shopping-2","naver-card-10546","shopping","포인트/캐시백","cashback","0.005","","8000","","500000","포인트/캐시백","unknown","50만원 이상","상품권 | 선불카드 충전 | 세금 | 공과금 | 연회비 | 수수료","포인트/캐시백 영역은 네이버 카드 상세에서 수집한 혜택 카테고리를 기준으로 임시 계산합니다.","2026-06-11T11:14:42.801Z"
"naver-card-10445-shopping-0","naver-card-10445","shopping","포인트/캐시백","cashback","0.05","","10000","","500000","포인트/캐시백","unknown","50만원 이상","상품권 | 선불카드 충전 | 세금 | 공과금 | 연회비 | 수수료","포인트/캐시백 영역은 네이버 카드 상세에서 수집한 혜택 카테고리를 기준으로 임시 계산합니다.","2026-06-11T11:14:42.801Z"
"naver-card-10630-etc-0","naver-card-10630","etc","법인","point","0.001","","10000","","0","법인","unknown","실적 조건 없음","상품권 | 선불카드 충전 | 세금 | 공과금 | 연회비 | 수수료","법인 영역은 네이버 카드 상세에서 수집한 혜택 카테고리를 기준으로 임시 계산합니다.","2026-06-11T11:14:42.801Z"
"naver-card-10419-convenience-0","naver-card-10419","convenience","편의점","point","0.1","","5000","","400000","편의점","unknown","40만원 이상","상품권 | 선불카드 충전 | 세금 | 공과금 | 연회비 | 수수료","편의점 영역은 네이버 카드 상세에서 수집한 혜택 카테고리를 기준으로 임시 계산합니다.","2026-06-11T11:14:42.801Z"
"naver-card-10419-etc-1","naver-card-10419","etc","문화","point","0.1","","5000","","400000","문화","unknown","40만원 이상","상품권 | 선불카드 충전 | 세금 | 공과금 | 연회비 | 수수료","문화 영역은 네이버 카드 상세에서 수집한 혜택 카테고리를 기준으로 임시 계산합니다.","2026-06-11T11:14:42.801Z"
"naver-card-10419-telecom-2","naver-card-10419","telecom","통신","point","0.1","","5000","","400000","통신","unknown","40만원 이상","상품권 | 선불카드 충전 | 세금 | 공과금 | 연회비 | 수수료","통신 영역은 네이버 카드 상세에서 수집한 혜택 카테고리를 기준으로 임시 계산합니다.","2026-06-11T11:14:42.801Z"
"naver-card-10583-shopping-0","naver-card-10583","shopping","쇼핑","cashback","0.07","","10000","","400000","쇼핑","unknown","40만원 이상","상품권 | 선불카드 충전 | 세금 | 공과금 | 연회비 | 수수료","쇼핑 영역은 네이버 카드 상세에서 수집한 혜택 카테고리를 기준으로 임시 계산합니다.","2026-06-11T11:14:42.801Z"
"naver-card-10571-etc-0","naver-card-10571","etc","언제나할인","discount","0.05","","12000","","1000000","언제나할인","unknown","100만원 이상","상품권 | 선불카드 충전 | 세금 | 공과금 | 연회비 | 수수료","언제나할인 영역은 네이버 카드 상세에서 수집한 혜택 카테고리를 기준으로 임시 계산합니다.","2026-06-11T11:14:42.801Z"
"naver-card-10571-coffee-1","naver-card-10571","coffee","카페/베이커리","discount","0.05","","12000","","1000000","카페/베이커리","unknown","100만원 이상","상품권 | 선불카드 충전 | 세금 | 공과금 | 연회비 | 수수료","카페/베이커리 영역은 네이버 카드 상세에서 수집한 혜택 카테고리를 기준으로 임시 계산합니다.","2026-06-11T11:14:42.801Z"
"naver-card-10571-convenience-2","naver-card-10571","convenience","편의점","discount","0.05","","12000","","1000000","편의점","unknown","100만원 이상","상품권 | 선불카드 충전 | 세금 | 공과금 | 연회비 | 수수료","편의점 영역은 네이버 카드 상세에서 수집한 혜택 카테고리를 기준으로 임시 계산합니다.","2026-06-11T11:14:42.801Z"
"naver-card-10571-medical-3","naver-card-10571","medical","뷰티","discount","0.05","","12000","","1000000","뷰티","unknown","100만원 이상","상품권 | 선불카드 충전 | 세금 | 공과금 | 연회비 | 수수료","뷰티 영역은 네이버 카드 상세에서 수집한 혜택 카테고리를 기준으로 임시 계산합니다.","2026-06-11T11:14:42.801Z"
"naver-card-10571-dining-4","naver-card-10571","dining","외식","discount","0.05","","12000","","1000000","외식","unknown","100만원 이상","상품권 | 선불카드 충전 | 세금 | 공과금 | 연회비 | 수수료","외식 영역은 네이버 카드 상세에서 수집한 혜택 카테고리를 기준으로 임시 계산합니다.","2026-06-11T11:14:42.801Z"
"naver-card-10543-fuel-0","naver-card-10543","fuel","주유","cashback","0.01","","5000","","0","주유","unknown","실적 조건 없음","상품권 | 선불카드 충전 | 세금 | 공과금 | 연회비 | 수수료","주유 영역은 네이버 카드 상세에서 수집한 혜택 카테고리를 기준으로 임시 계산합니다.","2026-06-11T11:14:42.801Z"
"naver-card-10543-etc-1","naver-card-10543","etc","사업자","cashback","0.01","","5000","","0","사업자","unknown","실적 조건 없음","상품권 | 선불카드 충전 | 세금 | 공과금 | 연회비 | 수수료","사업자 영역은 네이버 카드 상세에서 수집한 혜택 카테고리를 기준으로 임시 계산합니다.","2026-06-11T11:14:42.801Z"
"naver-card-10543-shopping-2","naver-card-10543","shopping","포인트/캐시백","cashback","0.01","","5000","","0","포인트/캐시백","unknown","실적 조건 없음","상품권 | 선불카드 충전 | 세금 | 공과금 | 연회비 | 수수료","포인트/캐시백 영역은 네이버 카드 상세에서 수집한 혜택 카테고리를 기준으로 임시 계산합니다.","2026-06-11T11:14:42.801Z"
"naver-card-10632-etc-0","naver-card-10632","etc","법인","point","0.01","","10000","","0","법인","unknown","실적 조건 없음","상품권 | 선불카드 충전 | 세금 | 공과금 | 연회비 | 수수료","법인 영역은 네이버 카드 상세에서 수집한 혜택 카테고리를 기준으로 임시 계산합니다.","2026-06-11T11:14:42.801Z"
"naver-card-10495-shopping-0","naver-card-10495","shopping","포인트/캐시백","cashback","0.1","","5000","","0","포인트/캐시백","unknown","실적 조건 없음","상품권 | 선불카드 충전 | 세금 | 공과금 | 연회비 | 수수료","포인트/캐시백 영역은 네이버 카드 상세에서 수집한 혜택 카테고리를 기준으로 임시 계산합니다.","2026-06-11T11:14:42.801Z"
"naver-card-10495-fuel-1","naver-card-10495","fuel","오토","cashback","0.1","","5000","","0","오토","unknown","실적 조건 없음","상품권 | 선불카드 충전 | 세금 | 공과금 | 연회비 | 수수료","오토 영역은 네이버 카드 상세에서 수집한 혜택 카테고리를 기준으로 임시 계산합니다.","2026-06-11T11:14:42.801Z"
"naver-card-10629-etc-0","naver-card-10629","etc","법인","point","0.005","","10000","","0","법인","unknown","실적 조건 없음","상품권 | 선불카드 충전 | 세금 | 공과금 | 연회비 | 수수료","법인 영역은 네이버 카드 상세에서 수집한 혜택 카테고리를 기준으로 임시 계산합니다.","2026-06-11T11:14:42.801Z"
"naver-card-2414-ott-0","naver-card-2414","ott","렌탈","discount","0.1","","5000","","300000","렌탈","unknown","30만원 이상","상품권 | 선불카드 충전 | 세금 | 공과금 | 연회비 | 수수료","렌탈 영역은 네이버 카드 상세에서 수집한 혜택 카테고리를 기준으로 임시 계산합니다.","2026-06-11T11:14:42.801Z"
"naver-card-2414-etc-1","naver-card-2414","etc","레저","discount","0.1","","5000","","300000","레저","unknown","30만원 이상","상품권 | 선불카드 충전 | 세금 | 공과금 | 연회비 | 수수료","레저 영역은 네이버 카드 상세에서 수집한 혜택 카테고리를 기준으로 임시 계산합니다.","2026-06-11T11:14:42.801Z"
"naver-card-2414-coffee-2","naver-card-2414","coffee","카페/베이커리","discount","0.1","","5000","","300000","카페/베이커리","unknown","30만원 이상","상품권 | 선불카드 충전 | 세금 | 공과금 | 연회비 | 수수료","카페/베이커리 영역은 네이버 카드 상세에서 수집한 혜택 카테고리를 기준으로 임시 계산합니다.","2026-06-11T11:14:42.801Z"
"naver-card-10437-shopping-0","naver-card-10437","shopping","포인트/캐시백","cashback","0.05","","12000","","1000000","포인트/캐시백","unknown","100만원 이상","상품권 | 선불카드 충전 | 세금 | 공과금 | 연회비 | 수수료","포인트/캐시백 영역은 네이버 카드 상세에서 수집한 혜택 카테고리를 기준으로 임시 계산합니다.","2026-06-11T11:14:42.801Z"
"naver-card-10539-etc-0","naver-card-10539","etc","금융","discount","0.03","","17000","","200000","금융","unknown","20만원 이상","상품권 | 선불카드 충전 | 세금 | 공과금 | 연회비 | 수수료","금융 영역은 네이버 카드 상세에서 수집한 혜택 카테고리를 기준으로 임시 계산합니다.","2026-06-11T11:14:42.801Z"
"naver-card-10631-etc-0","naver-card-10631","etc","법인","point","0.001","","10000","","0","법인","unknown","실적 조건 없음","상품권 | 선불카드 충전 | 세금 | 공과금 | 연회비 | 수수료","법인 영역은 네이버 카드 상세에서 수집한 혜택 카테고리를 기준으로 임시 계산합니다.","2026-06-11T11:14:42.801Z"
"naver-card-10541-fuel-0","naver-card-10541","fuel","주유","discount","0.002","","5000","","0","주유","unknown","실적 조건 없음","상품권 | 선불카드 충전 | 세금 | 공과금 | 연회비 | 수수료","주유 영역은 네이버 카드 상세에서 수집한 혜택 카테고리를 기준으로 임시 계산합니다.","2026-06-11T11:14:42.801Z"
"naver-card-10541-etc-1","naver-card-10541","etc","사업자","discount","0.002","","5000","","0","사업자","unknown","실적 조건 없음","상품권 | 선불카드 충전 | 세금 | 공과금 | 연회비 | 수수료","사업자 영역은 네이버 카드 상세에서 수집한 혜택 카테고리를 기준으로 임시 계산합니다.","2026-06-11T11:14:42.801Z"
"naver-card-10542-fuel-0","naver-card-10542","fuel","주유","discount","0.002","","5000","","0","주유","unknown","실적 조건 없음","상품권 | 선불카드 충전 | 세금 | 공과금 | 연회비 | 수수료","주유 영역은 네이버 카드 상세에서 수집한 혜택 카테고리를 기준으로 임시 계산합니다.","2026-06-11T11:14:42.801Z"
"naver-card-10542-etc-1","naver-card-10542","etc","사업자","discount","0.002","","5000","","0","사업자","unknown","실적 조건 없음","상품권 | 선불카드 충전 | 세금 | 공과금 | 연회비 | 수수료","사업자 영역은 네이버 카드 상세에서 수집한 혜택 카테고리를 기준으로 임시 계산합니다.","2026-06-11T11:14:42.801Z"
"naver-card-10322-transport-0","naver-card-10322","transport","대중교통","cashback","0.008","","10000","","0","대중교통","unknown","실적 조건 없음","상품권 | 선불카드 충전 | 세금 | 공과금 | 연회비 | 수수료","대중교통 영역은 네이버 카드 상세에서 수집한 혜택 카테고리를 기준으로 임시 계산합니다.","2026-06-11T11:14:42.801Z"
"naver-card-10345-fuel-0","naver-card-10345","fuel","주유","discount","0.1","","10000","","300000","주유","unknown","30만원 이상","상품권 | 선불카드 충전 | 세금 | 공과금 | 연회비 | 수수료","주유 영역은 네이버 카드 상세에서 수집한 혜택 카테고리를 기준으로 임시 계산합니다.","2026-06-11T11:14:42.801Z"
"naver-card-10387-education-0","naver-card-10387","education","교육","cashback","0.07","","10000","","500000","교육","unknown","50만원 이상","상품권 | 선불카드 충전 | 세금 | 공과금 | 연회비 | 수수료","교육 영역은 네이버 카드 상세에서 수집한 혜택 카테고리를 기준으로 임시 계산합니다.","2026-06-11T11:14:42.801Z"
