"raw_id","card_id","source_url","snapshot_path","snapshot_hash","raw_text_length","raw_text_hash","exported_at"
"naver-card-10623-raw","naver-card-10623","https://m-card-search.naver.com/item?cardAdId=10623","C:\p4\avocard\data\raw\naver-cards\snapshots\18ead35a18c4f1e0.html","bf8d83e625edd1260c5605c33a8df1c0ec79eb28b1c8ce47cf30f0529e80d0e8","9974","19f50a01a653da01e5e243756b13a1d000605f4b3279a9f86c1596b3124dd87a","2026-06-11T13:04:13.065Z"
"naver-card-10304-raw","naver-card-10304","https://m-card-search.naver.com/item?cardAdId=10304","C:\p4\avocard\data\raw\naver-cards\snapshots\f4a3654011826485.html","7ef612b746334c5e2d5dde27cbd78a3b5425ea444894ef81ac5a5534d27316cf","44714","510f7024939080b13a126dc88bdf2e0de56797a9bcab5ee3464fe0d55d8a66e5","2026-06-11T13:04:13.065Z"
"naver-card-1530-raw","naver-card-1530","https://m-card-search.naver.com/item?cardAdId=1530","C:\p4\avocard\data\raw\naver-cards\snapshots\3bb2b86528a48180.html","059f9e1003201ac779be68fb6fc9fde70e93ac7afb7efb27bd93cbde4c55bab9","18744","ecf9b23db78a440966683efba5f017379ffea6b71a70daaed44a20884593b96e","2026-06-11T13:04:13.065Z"
"naver-card-115-raw","naver-card-115","https://m-card-search.naver.com/item?cardAdId=115","C:\p4\avocard\data\raw\naver-cards\snapshots\2c5ac90245487e20.html","9c36dd6bf866e0764db0a3fd9904b38cac83334a94c7cd1ff57c10cef2b97636","11503","150e2ab74547729ce4b82fc38e4de27afe7a4223f3fc46b7ff3264b7db96e313","2026-06-11T13:04:13.065Z"
"naver-card-10216-raw","naver-card-10216","https://m-card-search.naver.com/item?cardAdId=10216","C:\p4\avocard\data\raw\naver-cards\snapshots\cea5c511d5e7b444.html","0d6f764e2436d4635d4699218508fbb6df0e2f1c9ca6e10943bd7022dce89bcb","27546","db7a9a37620b6d0bb9221e6802dabd7ad14454bd0c4bd1186e38feb33b830bd1","2026-06-11T13:04:13.065Z"
"naver-card-10332-raw","naver-card-10332","https://m-card-search.naver.com/item?cardAdId=10332","C:\p4\avocard\data\raw\naver-cards\snapshots\d91ca9d53a005c7f.html","b1609e4712bc17824b5a9ea2e904ece0f69b7863740704a6975536243ca7b809","17084","878b47ebe88014a0920c7697fa41c9402b1cb5f2f332ae88cb286c6cc30dd2a6","2026-06-11T13:04:13.065Z"
"naver-card-10105-raw","naver-card-10105","https://m-card-search.naver.com/item?cardAdId=10105","C:\p4\avocard\data\raw\naver-cards\snapshots\d02c6114fda5b5cc.html","3482b3274f8a8d0688d0341e12c9b4a30198225f0ae5929a1de14b4cbc32578b","28085","9050e04afa26222c00ce8964fd57ecc57b9d1bccd35ebdfa3e2b01707738d2af","2026-06-11T13:04:13.065Z"
"naver-card-1408-raw","naver-card-1408","https://m-card-search.naver.com/item?cardAdId=1408","C:\p4\avocard\data\raw\naver-cards\snapshots\db11de570a19e797.html","d71cef1d86cc7d02d3c8b70d01c5df9ddd210fc6439b3937fce4a4e4b1208042","19345","d0c97822fb716b47c0fbba330d8fcdc95a6191c45eaeaa4b3206429da1584545","2026-06-11T13:04:13.065Z"
"naver-card-1294-raw","naver-card-1294","https://m-card-search.naver.com/item?cardAdId=1294","C:\p4\avocard\data\raw\naver-cards\snapshots\32c965f68d317861.html","acf1843469ecdf7ca5a79dfdc29268143abfb4ad048c8659e9f1dd545a2d5e97","15655","ea23e0e9aa61682896c167f2b744d4be5306e4f6422252084ac4b06143de4407","2026-06-11T13:04:13.065Z"
"naver-card-10611-raw","naver-card-10611","https://m-card-search.naver.com/item?cardAdId=10611","C:\p4\avocard\data\raw\naver-cards\snapshots\56cda4552e930556.html","afdcceb7c5d2020d27f7ded51e888243f9ea41df559e5fa30a1430f38bf69ca5","14972","4c30a84dadaedee8e4f61cd9a998400695f4dd58982c9d65be34b3419fbd2db7","2026-06-11T13:04:13.065Z"
"naver-card-10375-raw","naver-card-10375","https://m-card-search.naver.com/item?cardAdId=10375","C:\p4\avocard\data\raw\naver-cards\snapshots\9f5b08fa0d367922.html","b6b5c67a94a5a68114a759241565468573f91df886ca42b01e4c4f01eb27f4d7","30842","c84f1fdcbe0f88841b52d3304ee3655d6391f043e563717a54e1c94c91f54de6","2026-06-11T13:04:13.065Z"
"naver-card-10303-raw","naver-card-10303","https://m-card-search.naver.com/item?cardAdId=10303","C:\p4\avocard\data\raw\naver-cards\snapshots\3d034b73abfcb26e.html","0288bfa8ba3255beecfe951611e68087bfb37229dc58890bd5f507ad08cd7660","29189","f9744859e59eee657f3376d32276cd4ac086cbd59e483fdffecd0588a60ed366","2026-06-11T13:04:13.065Z"
"naver-card-10305-raw","naver-card-10305","https://m-card-search.naver.com/item?cardAdId=10305","C:\p4\avocard\data\raw\naver-cards\snapshots\540e60eef0139445.html","70c54402dbebc6e0539734c8559648e0bba4935cdb3489eaa6e687d44115aa6c","34736","006eeb88fd58067f68a500d050c2dce195e252fc7d1495ded7725f02a0474b96","2026-06-11T13:04:13.065Z"
"naver-card-10141-raw","naver-card-10141","https://m-card-search.naver.com/item?cardAdId=10141","C:\p4\avocard\data\raw\naver-cards\snapshots\1ba44dab2bead2e4.html","75bea38fa603e3e1011adacbe4c5fa094c6889d35b525fbfd67d03ce3286e71a","14881","75f6a5b4133e4f829231da7995889571e63b874b5a3f3491f3fad970e34ff5a6","2026-06-11T13:04:13.065Z"
"naver-card-10615-raw","naver-card-10615","https://m-card-search.naver.com/item?cardAdId=10615","C:\p4\avocard\data\raw\naver-cards\snapshots\422a325cf7520cda.html","bd5de08a0997ab7e40657ac5ac755e56a685518dbb9e0ba00cd67bf5ee5ac63a","32962","307aa3abab2eb4e4448aa7ceb50f6b4cec76d25d1bfbe7bc9a845417268f1c25","2026-06-11T13:04:13.065Z"
"naver-card-1684-raw","naver-card-1684","https://m-card-search.naver.com/item?cardAdId=1684","C:\p4\avocard\data\raw\naver-cards\snapshots\e0eec633b01cb689.html","8fbfebb8f80bfaf5572512e5bb2a89f611c54feb9fc2ccea6afb695463d56c82","10490","ba0a06d74154e8107d63962cbde08675be8ed8b910823b9b3e4334fc4547b7c1","2026-06-11T13:04:13.065Z"
"naver-card-10309-raw","naver-card-10309","https://m-card-search.naver.com/item?cardAdId=10309","C:\p4\avocard\data\raw\naver-cards\snapshots\9442b22055281667.html","045a4290442bbc10a493de84c1740176c45481b866d454e22cafa959759b8f02","10128","69706051d0fa3e6a83fb428e7b2119db52b53e68a7d36ccf64bcc608414fffa6","2026-06-11T13:04:13.065Z"
"naver-card-10307-raw","naver-card-10307","https://m-card-search.naver.com/item?cardAdId=10307","C:\p4\avocard\data\raw\naver-cards\snapshots\5c0d1c58dd7f67ce.html","c46110991ba33f9b27665f98434a4b66d3fb71ac836e5c56bffbf89e9b7d87f4","9282","63f3fea0eecdea146d58519b8322548d6a1bbd3620b56cfea5bdec80ddc8b028","2026-06-11T13:04:13.065Z"
"naver-card-1531-raw","naver-card-1531","https://m-card-search.naver.com/item?cardAdId=1531","C:\p4\avocard\data\raw\naver-cards\snapshots\c1f94d7d88c6f43c.html","f90011fb0ea07bd46c17017326549c11961007da7e5177fea16cfc43d98730b6","23727","b05ee9597fb87d3a4e4fb803b4ac24a4c89bbae5f6d939a1d8fee8a795c72498","2026-06-11T13:04:13.065Z"
"naver-card-2776-raw","naver-card-2776","https://m-card-search.naver.com/item?cardAdId=2776","C:\p4\avocard\data\raw\naver-cards\snapshots\7789461a599a7065.html","806fd6f40b05f300f9c12eb82bd94a05635554ecf2171ac34d53b8e8fc18dc90","17957","da8ee2b1894e9f9b3bfd16ac902adaddca55311f63dc44d3699bd8f7a92a9b8c","2026-06-11T13:04:13.065Z"
"naver-card-3881-raw","naver-card-3881","https://m-card-search.naver.com/item?cardAdId=3881","C:\p4\avocard\data\raw\naver-cards\snapshots\e7b99db3998a0b16.html","90dba8806777e1f89b9c65b89d611cb4e1c8bda891c9c56136a5b796fd70afc0","16015","0d7f65ee760ac30dd5fe1c9507099adc895c82042e80ea5747d3abbcb1b1cbf2","2026-06-11T13:04:13.065Z"
"naver-card-3896-raw","naver-card-3896","https://m-card-search.naver.com/item?cardAdId=3896","C:\p4\avocard\data\raw\naver-cards\snapshots\aab7654544f3b68e.html","35f0dda0093504feeddd83af2008d7441a5cc5830a5526bf1d12089f339a1fd3","14588","a199072175669073a8cbd725aad107ef7522bbf5a8f8ee7e2b7149efd6049438","2026-06-11T13:04:13.065Z"
"naver-card-1695-raw","naver-card-1695","https://m-card-search.naver.com/item?cardAdId=1695","C:\p4\avocard\data\raw\naver-cards\snapshots\a9f305a973c5d30d.html","c216a320ca3ab2eb2decacc8b6731f078f483cd87527b0a76b93ae75b92b665b","16637","db55cd892a5a08ffcdc4982dab41cfe656a429f71e4a5111104a612b7d8c1a86","2026-06-11T13:04:13.065Z"
"naver-card-3857-raw","naver-card-3857","https://m-card-search.naver.com/item?cardAdId=3857","C:\p4\avocard\data\raw\naver-cards\snapshots\0b3266b27525a5a9.html","80909b0853f52e0eebbba21fc89c4b1e69275fe0c7376b5326ed0944e7634d26","14969","e5fed5b0e8147d6dc514a1edd98e76f05692a9504a7827f966fb934a0c216462","2026-06-11T13:04:13.065Z"
"naver-card-1597-raw","naver-card-1597","https://m-card-search.naver.com/item?cardAdId=1597","C:\p4\avocard\data\raw\naver-cards\snapshots\0fd78f5bead27992.html","78ad8b71fcbb2048aca1e4b00fe57a39ffb242a44858a6d33c7d82a80f574af2","9133","20d5baec6f67f9768f12214ad0e549d3fbaeb0b6c17c00493b55b604f0df603d","2026-06-11T13:04:13.065Z"
"naver-card-10157-raw","naver-card-10157","https://m-card-search.naver.com/item?cardAdId=10157","C:\p4\avocard\data\raw\naver-cards\snapshots\22389b8918916d85.html","d8a46983b3dc7046da805f0dcb70afb152a4b7791d395263a50bce616f72c68d","26235","569b068658d68313272e2ee14d5fbe545cbe16b330463b5df0129f036ebe1efe","2026-06-11T13:04:13.065Z"
"naver-card-10102-raw","naver-card-10102","https://m-card-search.naver.com/item?cardAdId=10102","C:\p4\avocard\data\raw\naver-cards\snapshots\6f9e6fbf6bf6bb75.html","af37b302d008ad1b149803fc78984675a60467a401108bb9ba4b32bcb199210e","17901","e7c7dcb0a08930a9914597823703fe6c5eeec2f35a3797c90ba2ae538caf3327","2026-06-11T13:04:13.065Z"
"naver-card-10522-raw","naver-card-10522","https://m-card-search.naver.com/item?cardAdId=10522","C:\p4\avocard\data\raw\naver-cards\snapshots\7778a76355038a91.html","2fc25ceffc19f3dfc9d60ee57c31ea6f5d0a49311ea57af3b6c50798190ba67d","23348","6e8baa05869c1ed5aa19ce49cf5a4308a07639872533e67b97a8e9f9c68de527","2026-06-11T13:04:13.065Z"
"naver-card-10343-raw","naver-card-10343","https://m-card-search.naver.com/item?cardAdId=10343","C:\p4\avocard\data\raw\naver-cards\snapshots\b39fd1212bca3760.html","71b0e66cc28f39903cd967d66cfe0f7baea1e6d5a4684829ae00a51a0e7a7ee7","17102","4a152af04abec8954bf6378afd367a064b8a5e019fbe37ba843f34efe68a32b8","2026-06-11T13:04:13.065Z"
"naver-card-10328-raw","naver-card-10328","https://m-card-search.naver.com/item?cardAdId=10328","C:\p4\avocard\data\raw\naver-cards\snapshots\daa3896a658f3485.html","fa1845af4296520bb63eb88792844ed95e0c963540a3a2e2f0089776f4dd0fc4","12278","ead49bbcbdeb1d8a937cb2e4e21130c0ed63eb12f080eeb6bdd3f6df0aa23bde","2026-06-11T13:04:13.065Z"
"naver-card-3717-raw","naver-card-3717","https://m-card-search.naver.com/item?cardAdId=3717","C:\p4\avocard\data\raw\naver-cards\snapshots\95756f292d2d3c67.html","d13f5afa9332e102725577098681a8bd0b1e1622c008f2ffd0e2368988005b42","25087","d0cb5e13603f2d770c231afd20c5fa220861a816cb2640d22395b4c129954716","2026-06-11T13:04:13.065Z"
"naver-card-3638-raw","naver-card-3638","https://m-card-search.naver.com/item?cardAdId=3638","C:\p4\avocard\data\raw\naver-cards\snapshots\601c89b2c2113307.html","3b19ade35ca890e5ae75f591983756034597c15eb9c381186f58d0c9e12777e9","12061","ee0ca66739448ed8567ec98a229b62522af07b6f5601021bd9a622d19eef4909","2026-06-11T13:04:13.065Z"
"naver-card-2856-raw","naver-card-2856","https://m-card-search.naver.com/item?cardAdId=2856","C:\p4\avocard\data\raw\naver-cards\snapshots\989d1e9fe79cf137.html","37aa236263289bd786ffc6cb6f1f73f7370f80926e0cf2e6d8d00101e69b354c","13315","b6397a25980c2b0d506203a4aacffde322fb486f4417b2bdf2dfe60a51990753","2026-06-11T13:04:13.065Z"
"naver-card-1451-raw","naver-card-1451","https://m-card-search.naver.com/item?cardAdId=1451","C:\p4\avocard\data\raw\naver-cards\snapshots\29342b00f2008442.html","345cca6d8adfbf6a53936987a0ddd2da332f1fce2ed7b0b4ee8c7ca0467b1678","21688","61fbf887eb04a83c8872bc39f3ae91459e38296a7c0f802d07310b1cb0504cdf","2026-06-11T13:04:13.065Z"
"naver-card-10566-raw","naver-card-10566","https://m-card-search.naver.com/item?cardAdId=10566","C:\p4\avocard\data\raw\naver-cards\snapshots\86d949171535a6e7.html","a9b780966e6c382d9431f3a1cbb3e9615bb12f794da410225f0bf787b2181f33","12705","6240ba27c8180c9aaf9377b57cfc7674d51766a44cbfd722be33d797351de024","2026-06-11T13:04:13.065Z"
"naver-card-10558-raw","naver-card-10558","https://m-card-search.naver.com/item?cardAdId=10558","C:\p4\avocard\data\raw\naver-cards\snapshots\199515803c7e831c.html","2c898c8664dbc53f9007a691e7a6a35f8e8a8df34b36320ab26a02356df7e7d5","51313","eb02988aceb232a453e6c8d6ab3cbb07084e288d9853932a338592a4a773de44","2026-06-11T13:04:13.065Z"
"naver-card-10616-raw","naver-card-10616","https://m-card-search.naver.com/item?cardAdId=10616","C:\p4\avocard\data\raw\naver-cards\snapshots\e0e773debe433dfe.html","9921b872c489a63ad23483986bb808fd88cf2ec9558d6347b99689d05f0be723","32272","5441cc2a6e30286742e7e90546806fda77bca194572e1bf2a934b0e79761d58b","2026-06-11T13:04:13.065Z"
"naver-card-10107-raw","naver-card-10107","https://m-card-search.naver.com/item?cardAdId=10107","C:\p4\avocard\data\raw\naver-cards\snapshots\4892749495f8bda6.html","4915b82dfc376703f516e9a0de7e82b584923533af1566e1c492244a134075f9","12007","8997e9c674f18a2a2498f06860a0edeb3226bcedf2fff7e20240574c65d0a462","2026-06-11T13:04:13.065Z"
"naver-card-10108-raw","naver-card-10108","https://m-card-search.naver.com/item?cardAdId=10108","C:\p4\avocard\data\raw\naver-cards\snapshots\cd385f81437adff0.html","9a54cd132cea01c6e4e60d343f96a5a41510d29ad293b9575055d02b052e1c4f","12426","29ae34f0842a299d6026d339783916b4ea41ae426f9dbf78a0045a7d6f39e8f7","2026-06-11T13:04:13.065Z"
"naver-card-10106-raw","naver-card-10106","https://m-card-search.naver.com/item?cardAdId=10106","C:\p4\avocard\data\raw\naver-cards\snapshots\f17ba14ff46033a7.html","1f6c1253143afd7422e2a880f74e0c23f6cc6da376b3b8f1e7ae7ec9eb088aa2","13300","8c92f81dab627fdc40122163a69f0b69065811c86b6508cde4742a3089d9de74","2026-06-11T13:04:13.065Z"
"naver-card-10071-raw","naver-card-10071","https://m-card-search.naver.com/item?cardAdId=10071","C:\p4\avocard\data\raw\naver-cards\snapshots\e841c506dde02ba8.html","b146cae80179e74588d5cf713b511613d639ffd2c6e2109f67fe1d269a198ff8","12441","c0365f92d92015fe242c52eec289844b3dec8587eff0fa2e4760913238c6caec","2026-06-11T13:04:13.065Z"
"naver-card-10310-raw","naver-card-10310","https://m-card-search.naver.com/item?cardAdId=10310","C:\p4\avocard\data\raw\naver-cards\snapshots\ccecb95ea23679b2.html","44b6586460e3db79acf15475d6821b92a2f4d6e8816c6eb3420fbe9ffd3dfa8e","10854","77deb4226ac96ca96f23ba87d46f246fb0a9ff656a37e8337305bce564921201","2026-06-11T13:04:13.065Z"
"naver-card-2337-raw","naver-card-2337","https://m-card-search.naver.com/item?cardAdId=2337","C:\p4\avocard\data\raw\naver-cards\snapshots\c6f9cdbfa80b5901.html","07d2fff47167cd79cfed7b7e5f5b4c328f6820a10b2dd1ebe507ebb4dacab2f2","13325","2cf8a4ddf9352ea62db791e97d87f25daee9b45f35e30daedf7e06636e311206","2026-06-11T13:04:13.065Z"
"naver-card-10218-raw","naver-card-10218","https://m-card-search.naver.com/item?cardAdId=10218","C:\p4\avocard\data\raw\naver-cards\snapshots\6d63c5960ad05064.html","7a9f291cda04212d12ff92bb76e2f874961a5bf77fd75a57aca5175abd1cba7a","13982","ecee48f6f9c63b8eecd7d101557094516217b4d932b05ac650debdd31826268d","2026-06-11T13:04:13.065Z"
"naver-card-1571-raw","naver-card-1571","https://m-card-search.naver.com/item?cardAdId=1571","C:\p4\avocard\data\raw\naver-cards\snapshots\19c7be4b8470536d.html","e27702e06aa3024e77d4dbb61d9d67c84e68f290b3b71d295bb9cbffd471195e","15106","8c2717b33df78c8df82f060d417455d7d0519ffaeb12a68f995b9ea67970021c","2026-06-11T13:04:13.065Z"
"naver-card-10589-raw","naver-card-10589","https://m-card-search.naver.com/item?cardAdId=10589","C:\p4\avocard\data\raw\naver-cards\snapshots\9cb6b6f555888285.html","1b9de4adb281a0252a2105134b6ccf022b0ad19efb7c962348426c069ab54195","9296","181574de8ed8cff31bc08bd481041697893ca883c837e487cc5d83f7de19a1a9","2026-06-11T13:04:13.065Z"
"naver-card-10355-raw","naver-card-10355","https://m-card-search.naver.com/item?cardAdId=10355","C:\p4\avocard\data\raw\naver-cards\snapshots\d7cbbe2e3e89c1c8.html","955901d9ae77f5b7c14ca0a427acd31e3ab348df6f9c15ad2ba7a8114ace937e","15519","730704a1289761185d0c0bc6e141f512a74637192d92881a3712ba72589d7e47","2026-06-11T13:04:13.065Z"
"naver-card-10590-raw","naver-card-10590","https://m-card-search.naver.com/item?cardAdId=10590","C:\p4\avocard\data\raw\naver-cards\snapshots\1d0318596705bff3.html","151b7b87a3aa1ea38a8dbecee768be748bd92252e5a6bc51acab368fa4b439be","12318","c7a6d1bbf46e112bab7331bc4c6936ba53534fa6be4e058bec7bfadbc3c224fc","2026-06-11T13:04:13.065Z"
"naver-card-10176-raw","naver-card-10176","https://m-card-search.naver.com/item?cardAdId=10176","C:\p4\avocard\data\raw\naver-cards\snapshots\0b5bc93d054154f2.html","3668c968a970d66efd7dee4021c770e689a22aca04a30393776cf79dfd511471","11226","f0754ac55eacd00ef4b4ca2f94c2ad654f839d674a1d601731426c021266441a","2026-06-11T13:04:13.065Z"
"naver-card-3856-raw","naver-card-3856","https://m-card-search.naver.com/item?cardAdId=3856","C:\p4\avocard\data\raw\naver-cards\snapshots\ee7c3abd36e628de.html","77616736af7862d566abbfd578c0fe36f2817f11f9124c4866d2f468ece6212b","23272","4b80a3676d45b468f6e446b284815dcbe7c10c233357b417ca32b0e36e0fe299","2026-06-11T13:04:13.065Z"
"naver-card-10033-raw","naver-card-10033","https://m-card-search.naver.com/item?cardAdId=10033","C:\p4\avocard\data\raw\naver-cards\snapshots\c4bb8f7145af24f3.html","db69212ae0417d7ca70fa352641851031ab0daa461647a77f88965eab50d4150","9232","5da15c3cf0f51d7e9d75db94ad193a0243ecb4dcdcc5e0dad63a858d940a78f7","2026-06-11T13:04:13.065Z"
"naver-card-10029-raw","naver-card-10029","https://m-card-search.naver.com/item?cardAdId=10029","C:\p4\avocard\data\raw\naver-cards\snapshots\b08606cc3ce4a61e.html","753260a1f80509a9b70de651422c77108fec39fa6c51a69348dcf210d305ab19","25550","264f0222cce43f8cd187ee15beae0546218b00bf6954c3b8acbd2f6c086ae7d2","2026-06-11T13:04:13.065Z"
"naver-card-10256-raw","naver-card-10256","https://m-card-search.naver.com/item?cardAdId=10256","C:\p4\avocard\data\raw\naver-cards\snapshots\62ea6abf2b0a8d81.html","6f1658c84e6aec0314ea19c036b107b9c895ad91f6bc36e8b925f46ef97c0883","14303","5e6e058d10253e2839445599696aa613c6fb29ee33b3db3946270b2bfe59899e","2026-06-11T13:04:13.065Z"
"naver-card-10184-raw","naver-card-10184","https://m-card-search.naver.com/item?cardAdId=10184","C:\p4\avocard\data\raw\naver-cards\snapshots\d13d78e3c85ae2e8.html","8b60415c040dacdff7ec72eb07202d0399c0e7418bbf6adbd6a1dd4dbce11136","14627","4b0fb22d1acb2c295e380bf82de0e340544e9f7915ee7e098c8102dc0d0eebfc","2026-06-11T13:04:13.065Z"
"naver-card-10462-raw","naver-card-10462","https://m-card-search.naver.com/item?cardAdId=10462","C:\p4\avocard\data\raw\naver-cards\snapshots\392de4ba51d00f15.html","25ea9890f665ae5e86821923e08b873ea951d7855505d009f54068d4564fed8c","14265","38b1ce4622072067b94b8fdec5a16ccdfcdd050207218bb06830bc40389e7fd8","2026-06-11T13:04:13.065Z"
"naver-card-10126-raw","naver-card-10126","https://m-card-search.naver.com/item?cardAdId=10126","C:\p4\avocard\data\raw\naver-cards\snapshots\4ce303608bfa4410.html","9503e1b7cbe53b83c575a20052a718bbacaebbf5b94341d3d343f227f9f90ddd","13083","959e5a21b6ed05a0b47dd5871150861904eafe430dd93b1da9abbfaaa94f1945","2026-06-11T13:04:13.065Z"
"naver-card-10237-raw","naver-card-10237","https://m-card-search.naver.com/item?cardAdId=10237","C:\p4\avocard\data\raw\naver-cards\snapshots\ae266c5f4158a21e.html","8ba47c35bd292b325af16d450fd8af8eb952487c7156458b0fd06b65603a0bf7","17132","e5c7e8f6f2c72b5fbf15e0df6871c61632eca2268b643607e83a5b1d76dcff8b","2026-06-11T13:04:13.065Z"
"naver-card-10103-raw","naver-card-10103","https://m-card-search.naver.com/item?cardAdId=10103","C:\p4\avocard\data\raw\naver-cards\snapshots\53dc0709731dfb6e.html","7f079e9f00fab4692fa4755507f911083e270c74c06891364c8844788ae19dfd","15754","eb7a29a3bbacc6ab0f22027fe38a87b852242ac29c647470363c1c96afc10f27","2026-06-11T13:04:13.065Z"
"naver-card-10406-raw","naver-card-10406","https://m-card-search.naver.com/item?cardAdId=10406","C:\p4\avocard\data\raw\naver-cards\snapshots\1f98ba1830da1d4d.html","4208f9b459739434fb3b6273369f2dfb557b92b8209cf7bc1ee73e56439b1ef9","14674","97c1a550ae7cb8c7e4d4d5b6fed394bc4f98d2a1aac187fc2c66c554304add71","2026-06-11T13:04:13.065Z"
"naver-card-10523-raw","naver-card-10523","https://m-card-search.naver.com/item?cardAdId=10523","C:\p4\avocard\data\raw\naver-cards\snapshots\50ea3bd84f8d2bb3.html","1ae7bdaf66f28dac1f4ccc228cfff2ae700434a8802e1315d58f804d1b0fd6dd","19502","096697e84bd77de9f5c49ac63629f3b3e51fb3cef9c1c5853a50f3688553d5d4","2026-06-11T13:04:13.065Z"
"naver-card-2348-raw","naver-card-2348","https://m-card-search.naver.com/item?cardAdId=2348","C:\p4\avocard\data\raw\naver-cards\snapshots\87c462951bd367fe.html","f1663eb7c35d5daec7c3cfe539b44ef50108d9882d924d71d97b59624d2da899","14705","b38a06ef4a7ff754f0b05b22f09a750ad754d601baf3b48160321101a88b8a95","2026-06-11T13:04:13.065Z"
"naver-card-10485-raw","naver-card-10485","https://m-card-search.naver.com/item?cardAdId=10485","C:\p4\avocard\data\raw\naver-cards\snapshots\13574c2120b1f02d.html","08c30b3eae4d71629230bf1a6eb6e3ea9c4445ade66bf1fe737470d02eaa53b5","23914","54c98b6a43136988dfc6e72f2161cf2141a67054396ebf27dc4410392f2f68dd","2026-06-11T13:04:13.065Z"
"naver-card-10490-raw","naver-card-10490","https://m-card-search.naver.com/item?cardAdId=10490","C:\p4\avocard\data\raw\naver-cards\snapshots\414847df32efdf1f.html","3cf4549ebf0c7f74bcbeae723a217711958b96cd861ab6dfdf211e866061f61a","20903","8db05b3c047cbf29307e3d3619a8d813dfcef299d8fa513dc37b1ce247c3d033","2026-06-11T13:04:13.065Z"
"naver-card-10402-raw","naver-card-10402","https://m-card-search.naver.com/item?cardAdId=10402","C:\p4\avocard\data\raw\naver-cards\snapshots\4c1a75748660d9b4.html","ef9644448f6482eeba171d5f3920ad659243b47c19153c992877a730bc88b247","20513","463dc159bcfa5fae8857e8c7fdf9404559e05ce502c8069d5bbaede291b680c7","2026-06-11T13:04:13.065Z"
"naver-card-10327-raw","naver-card-10327","https://m-card-search.naver.com/item?cardAdId=10327","C:\p4\avocard\data\raw\naver-cards\snapshots\048dabe5084c0af0.html","984e3d34bfa9222dfafbe5da8a24edb340e4123745f3699e5b206ee64b6781ca","14023","eff5cee36f6a8c08970950e1ca3ea3295509b8e03988802e8570bacec6338023","2026-06-11T13:04:13.065Z"
"naver-card-10409-raw","naver-card-10409","https://m-card-search.naver.com/item?cardAdId=10409","C:\p4\avocard\data\raw\naver-cards\snapshots\13f5d657dc585bff.html","78f126d864913dcbef1779bfd67363a752bf5da41b9cd104bb10bde1319533d4","15725","731bb5d9f2354d1b0b89e15f6f3b74034afc0cf4ba790480703043163c49fc14","2026-06-11T13:04:13.065Z"
"naver-card-10444-raw","naver-card-10444","https://m-card-search.naver.com/item?cardAdId=10444","C:\p4\avocard\data\raw\naver-cards\snapshots\f88d773086024f0f.html","b916ca3ab5017ca4b92a30813786953e0a7910394f7eeefc2211fa4245e35705","15457","8d4641f23b7e704be1ae631d29b7f6376b04a6d01eb7c2d0ae4496f461154b73","2026-06-11T13:04:13.065Z"
"naver-card-1292-raw","naver-card-1292","https://m-card-search.naver.com/item?cardAdId=1292","C:\p4\avocard\data\raw\naver-cards\snapshots\53cc3324a5de80f2.html","fd883c7ed3797c38bbf360d18011a7da07089e05751949b64e56ecb32142c48d","11806","e511073635110e952317f6fc0269c2ca9024dfb422149cdbce7febe6d93fd874","2026-06-11T13:04:13.065Z"
"naver-card-10201-raw","naver-card-10201","https://m-card-search.naver.com/item?cardAdId=10201","C:\p4\avocard\data\raw\naver-cards\snapshots\d4aac8ee17bf0ed7.html","9697c1edf5449d611d2f0df68f173a7325574f66f65bdef4d21b21ad70f73bac","13721","62e8f14810c2b5ce7d754143a822975583b5fd655f13b721b5dcda36ab4810b3","2026-06-11T13:04:13.065Z"
"naver-card-10333-raw","naver-card-10333","https://m-card-search.naver.com/item?cardAdId=10333","C:\p4\avocard\data\raw\naver-cards\snapshots\87afc091fd7ad748.html","e6c2bc7e2232aeedd75c6ba001d810fc489c6f154c9e068318836af810765baf","16336","9fff47b6e301d6b91709b8d0f046bdf982ddccb8f74ffa6078ede8f23163524a","2026-06-11T13:04:13.065Z"
"naver-card-10345-raw","naver-card-10345","https://m-card-search.naver.com/item?cardAdId=10345","C:\p4\avocard\data\raw\naver-cards\snapshots\949c9e25dc782378.html","b92fc1edd3c3879fe81a54472bbcccc68bd546e144158aa55197b630d425dfd3","11784","67884f3991d30fef5cfee73e38871e949d8b6450d3d202c0337cd1ab55528a46","2026-06-11T13:04:13.065Z"
"naver-card-10286-raw","naver-card-10286","https://m-card-search.naver.com/item?cardAdId=10286","C:\p4\avocard\data\raw\naver-cards\snapshots\a9ff95fabf80eec0.html","22ce783db4c94321a19d422aae49725e3e442d4592508a5efb71b1487d238ae3","11171","76d0fa8705466e5f5ddf782d39b5f7240ff810b5efb45f1ce47e1cf8a6b9a5e3","2026-06-11T13:04:13.065Z"
"naver-card-10045-raw","naver-card-10045","https://m-card-search.naver.com/item?cardAdId=10045","C:\p4\avocard\data\raw\naver-cards\snapshots\1a4df86d56f92e96.html","d2b74b2b1ea2deb5d9cce21c29f70117e54aa3ff804e1e5aa91c60c349db682f","14355","fe2990a5c32f077c849b12de76d3f446677b8aa103407cd55488ffc9b845c2de","2026-06-11T13:04:13.065Z"
"naver-card-10612-raw","naver-card-10612","https://m-card-search.naver.com/item?cardAdId=10612","C:\p4\avocard\data\raw\naver-cards\snapshots\d26e75abf0e513ae.html","8d06575990988ca776b8195fa3f40622bceaef27886c18b279ad8e7fdcbb9e73","10517","1f379983c4f83d490ec267d65ee936859e4e408ef05fabfdce1740051f5136d0","2026-06-11T13:04:13.065Z"
"naver-card-10592-raw","naver-card-10592","https://m-card-search.naver.com/item?cardAdId=10592","C:\p4\avocard\data\raw\naver-cards\snapshots\ad7e5b7ba1fafd46.html","e158ff77994ffa89816a0f7813c594aca420fe4639fde1dd08953deaa24f50b1","12898","ea2433cfe6934f297598e6a4b40fb74d46ab83cc7527c64d279694dd11da6e49","2026-06-11T13:04:13.065Z"
"naver-card-10536-raw","naver-card-10536","https://m-card-search.naver.com/item?cardAdId=10536","C:\p4\avocard\data\raw\naver-cards\snapshots\14519639b09fea84.html","d456ceeb27eceba97ccbfd7e54ea3565ad6ccf16f2d734dcc4efd889026e9258","12937","6bed930e197d8593618a453c5cf45811fc4cdf27aba3ecc44f6128d7e7b7b82d","2026-06-11T13:04:13.065Z"
"naver-card-10593-raw","naver-card-10593","https://m-card-search.naver.com/item?cardAdId=10593","C:\p4\avocard\data\raw\naver-cards\snapshots\723204fc7db49a8a.html","e2f0659d20a7ce7a1d5fba448dbbd1abfd869cdcc5c6884b3bf6b11b17936844","11907","1fde7003ba8892cdeb25bb4a995aaa3888f9a8d4b3f36382bd3e0e0918551af2","2026-06-11T13:04:13.065Z"
"naver-card-10512-raw","naver-card-10512","https://m-card-search.naver.com/item?cardAdId=10512","C:\p4\avocard\data\raw\naver-cards\snapshots\50231605ccea471d.html","8becd6e34e66eb61cc23bac0c2202d9b14eebb8b30271959f2379a91e7bffedf","15351","18f663279a91d8888375266b167088131e7744bc2f4733fce6325801c299a72f","2026-06-11T13:04:13.065Z"
"naver-card-10403-raw","naver-card-10403","https://m-card-search.naver.com/item?cardAdId=10403","C:\p4\avocard\data\raw\naver-cards\snapshots\39e1224c56ec5161.html","3cfe530c43c7b3a367344e2a7b869dc44de08056169fcef12fe4626e10aea8df","17347","bb346e8b88b7f237ade3a94e3471e6ecf3e2cc6c1efdb086e3a3b6245be566cc","2026-06-11T13:04:13.065Z"
"naver-card-10344-raw","naver-card-10344","https://m-card-search.naver.com/item?cardAdId=10344","C:\p4\avocard\data\raw\naver-cards\snapshots\2ce8830fdec394cb.html","5ac2840a514b292ca662e713e8331229e3c9b7572f380c0f62e7c8b23c7a9988","10975","023a599af6f31c19b4c957a5fe412318d1f1f4841ba864b1e50c2fd96d3802d7","2026-06-11T13:04:13.065Z"
"naver-card-10492-raw","naver-card-10492","https://m-card-search.naver.com/item?cardAdId=10492","C:\p4\avocard\data\raw\naver-cards\snapshots\37e26c92f028c875.html","af5933b2a68336970cd15288b6a1537c48f4e9624ac3cf111c9d50b4ce5d1128","17441","a09ac3dc935c7aaf3f03fc1e0e136ecfeffcf9f7a1c091da204ff2fcd3a08493","2026-06-11T13:04:13.065Z"
"naver-card-10538-raw","naver-card-10538","https://m-card-search.naver.com/item?cardAdId=10538","C:\p4\avocard\data\raw\naver-cards\snapshots\c99b62ad13041623.html","27e2f08a20990917c0aa5cd5baabbbcfe2d586981e39e047e404b025e8fb6569","13015","cb1aaf74a4fa21db013679a5820682ad68ab4daca4229e0e861282f60544b6aa","2026-06-11T13:04:13.065Z"
"naver-card-10376-raw","naver-card-10376","https://m-card-search.naver.com/item?cardAdId=10376","C:\p4\avocard\data\raw\naver-cards\snapshots\1f8d5741e17d4610.html","e3f22bfb0be03a2d5df9843930b33f39a0d27f707c4628989e8e692f691dd7a5","14998","63b494967ac174d22e6aeb16942ea84bd522f276a3cbcc60a703997aa1588afa","2026-06-11T13:04:13.065Z"
"naver-card-10580-raw","naver-card-10580","https://m-card-search.naver.com/item?cardAdId=10580","C:\p4\avocard\data\raw\naver-cards\snapshots\832c648fadfdc569.html","cf975db33209f27986cfe20138c74cdef76fa7cc3cb6132fdc155ba173f10f50","11853","d93fa3101c014e8acb14b74706a8491882054cfd56c8bd5fc5b209b44ab3dcb5","2026-06-11T13:04:13.065Z"
"naver-card-10348-raw","naver-card-10348","https://m-card-search.naver.com/item?cardAdId=10348","C:\p4\avocard\data\raw\naver-cards\snapshots\c2f56b878481f3ab.html","c7dc7877bcaee90775bda76e79fe2f705d2d41c3f5f418f667ee991a7abaf303","12822","89a5b2ede60fa6fab304f2f5f5feb671db2707ed99876899fc9bb33e469fbdec","2026-06-11T13:04:13.065Z"
"naver-card-10315-raw","naver-card-10315","https://m-card-search.naver.com/item?cardAdId=10315","C:\p4\avocard\data\raw\naver-cards\snapshots\f6d35ee4ad8bb09c.html","a3ce906cc0d373f88fe0a83868b7cbf372700cd5efa84dbca96ba0979ae08c62","14575","7eb4597c58044e92d71375c3d4f485fb61696e06271d44e3536f52d44bd01254","2026-06-11T13:04:13.065Z"
"naver-card-10347-raw","naver-card-10347","https://m-card-search.naver.com/item?cardAdId=10347","C:\p4\avocard\data\raw\naver-cards\snapshots\a70e974873d7fb5c.html","e82ac8a27de2163a14aacbb48f1d8a9949e4187642b79927e84b6371a8f316f3","15984","2dfb4faa21e1d23880bc79f9c9d7050e24ebcc985203ba5ab1cd0fe8c06be84d","2026-06-11T13:04:13.065Z"
"naver-card-10316-raw","naver-card-10316","https://m-card-search.naver.com/item?cardAdId=10316","C:\p4\avocard\data\raw\naver-cards\snapshots\5f3275b64c0d538c.html","ea37ff69a71a0fd54f811e4e8f7590e0d5f500c240d86e90642c70af7eb8f4cd","13706","d409cd997cfcca6284c6553b1e9a7ff0ab09f39b7e7a528051d484a002fd5489","2026-06-11T13:04:13.065Z"
"naver-card-1692-raw","naver-card-1692","https://m-card-search.naver.com/item?cardAdId=1692","C:\p4\avocard\data\raw\naver-cards\snapshots\36e7c01af9f6bf0d.html","75df9d353bedde689c913173780711f18577021e03d7d949fa20a77c50ea9f55","13964","b00b1f3493d53e80168b9319135fa2dae9548d2e8182726596e6b34ee1a43891","2026-06-11T13:04:13.065Z"
"naver-card-10452-raw","naver-card-10452","https://m-card-search.naver.com/item?cardAdId=10452","C:\p4\avocard\data\raw\naver-cards\snapshots\16b9d7fc9a6d707f.html","b52d0e563bd756890d1950ddd7b5d139d4cbfe097b63331e44c9f737a0a4bf18","34420","2a73dc01eff470e166698159933bcf1c9284458757d32c88129664756d3b6fc9","2026-06-11T13:04:13.065Z"
"naver-card-10453-raw","naver-card-10453","https://m-card-search.naver.com/item?cardAdId=10453","C:\p4\avocard\data\raw\naver-cards\snapshots\90498b678bfec52e.html","7628d6910b223b8982bb3143cec772cbd8e5acb2af1555e75c544422499eb41c","32332","98045c6c8f1c22abf85096ed9cffa9c6d89b0f8b6c72ee922b9a092c33fa4790","2026-06-11T13:04:13.065Z"
"naver-card-10358-raw","naver-card-10358","https://m-card-search.naver.com/item?cardAdId=10358","C:\p4\avocard\data\raw\naver-cards\snapshots\13515b88c5a56a16.html","35e714e24e16fb117576bec1c7cb6bcbd68f75ac388f9ada5f9c1db5ea8743a4","17726","dbe7b69bb6dafd15eb65d52291a978b08b8ae9de0e3a3b5e613190fa21153ed8","2026-06-11T13:04:13.065Z"
"naver-card-10313-raw","naver-card-10313","https://m-card-search.naver.com/item?cardAdId=10313","C:\p4\avocard\data\raw\naver-cards\snapshots\88d011fd087bd1df.html","a189945c9ab3ac4f52f151a11afc71b9e1b6749c36db13fd4427acff23790aee","14961","cd32eab78c9080e20eb8dd59fafbff019bc0279b428370d0d9eac4ef793f0a46","2026-06-11T13:04:13.065Z"
"naver-card-10187-raw","naver-card-10187","https://m-card-search.naver.com/item?cardAdId=10187","C:\p4\avocard\data\raw\naver-cards\snapshots\03454c21515077b2.html","191c3ea52eaf8ae116363faa9d3acb68a1e792979965843cc7c3bf12d0ac1bc3","11609","a63a7ebe9c16f7ed2721a43c7afbbada8daa2bf323ff714fd9d0bcb01ba8632f","2026-06-11T13:04:13.065Z"
"naver-card-10584-raw","naver-card-10584","https://m-card-search.naver.com/item?cardAdId=10584","C:\p4\avocard\data\raw\naver-cards\snapshots\00f7a3aaf2c08cf9.html","581817ae853a64e1c4fd0ba7b8d38f83011ada24b7df3410c40b80d5f9ff8de4","23867","e0a61703117d215ca205654dc58a629b93918c7725b92b89d05f3f10c6ecf44f","2026-06-11T13:04:13.065Z"
"naver-card-10346-raw","naver-card-10346","https://m-card-search.naver.com/item?cardAdId=10346","C:\p4\avocard\data\raw\naver-cards\snapshots\05175c9ab98bc9cf.html","866c8aef5d67d57028e6de45727fb63cad8b34346964113285a0137ceca50c1d","12583","c2f1ac2da69012f1d8ee333ae05ef8f08b9d5f7cf76c50211bb650f36dd1e9e0","2026-06-11T13:04:13.065Z"
"naver-card-10479-raw","naver-card-10479","https://m-card-search.naver.com/item?cardAdId=10479","C:\p4\avocard\data\raw\naver-cards\snapshots\8d7ea3db53059ed5.html","fed8697f7a88bfe53b82d83ac6ef8048575b95ad4a4524227b3bfb4afa43387e","15023","9fda20d1189c69629ce3dcd9fd56ca31b8847c13f8ab30ba2b3616e044e3b141","2026-06-11T13:04:13.065Z"
"naver-card-10314-raw","naver-card-10314","https://m-card-search.naver.com/item?cardAdId=10314","C:\p4\avocard\data\raw\naver-cards\snapshots\ae78cf885ed05d8c.html","5bc0a06d53acfbb99a55d4215b9fc1a8a8f5224557361bc9a07eb3e205a92d2b","13814","0292d6e227eb7db51dfadb9e661e060470e3dad47ff49e98f1390d7219fc105a","2026-06-11T13:04:13.065Z"
"naver-card-1322-raw","naver-card-1322","https://m-card-search.naver.com/item?cardAdId=1322","C:\p4\avocard\data\raw\naver-cards\snapshots\0229095a43707c6d.html","2e70b6de374e499728e4d2ba3024d0318fd55377d65819b04e0959de7bd40c89","18002","ce7dd4064ef2d20af44a06494677a24bf5f6e2ab2ade6ed62a91ac8430287b4e","2026-06-11T13:04:13.065Z"
"naver-card-277-raw","naver-card-277","https://m-card-search.naver.com/item?cardAdId=277","C:\p4\avocard\data\raw\naver-cards\snapshots\748bd06e7c470567.html","39bfbe721276f293eeb4e3fb8f5de28e6bf365a45f77524baf9df11ba9a62437","15416","9e6f65b44e4a36587fc324a58c879b15c8ce66a8fa239b3677035f17a91ad6f5","2026-06-11T13:04:13.065Z"
"naver-card-2226-raw","naver-card-2226","https://m-card-search.naver.com/item?cardAdId=2226","C:\p4\avocard\data\raw\naver-cards\snapshots\f683aeae041fb458.html","fadf6779a895142adfc97fd024354c91b7b489c052501d65cf3f8655c98afbc0","11653","2fcf4601061e9f22a14c92a5c4be3f647c8c682da0d9f08f6563b8a75c8f028e","2026-06-11T13:04:13.065Z"
"naver-card-2676-raw","naver-card-2676","https://m-card-search.naver.com/item?cardAdId=2676","C:\p4\avocard\data\raw\naver-cards\snapshots\2061680812f85ba9.html","3146334925a2e3d3985952728c61fa4b9c845db75d1a14892680a43bf0c95ebd","11068","06f2455a5c44b38879617f254aec64bc3a2178464017ce756af384cb244eb898","2026-06-11T13:04:13.065Z"
"naver-card-10238-raw","naver-card-10238","https://m-card-search.naver.com/item?cardAdId=10238","C:\p4\avocard\data\raw\naver-cards\snapshots\befd88775db8f2f5.html","93c9d57f440f481a81069e29f87601e32c183745e680060c7105c28bbdb6e66b","16844","b839d83a6c548685bb07fa6398c2e74ab12219cebb49c90e4a4153c9a25907ed","2026-06-11T13:04:13.065Z"
"naver-card-1465-raw","naver-card-1465","https://m-card-search.naver.com/item?cardAdId=1465","C:\p4\avocard\data\raw\naver-cards\snapshots\b81a1036b2618267.html","1c0a7fc1fb2a33d6c046def1b78cf630ff57d61a4143e86f937aa37fe2100578","25958","2de08fd4273fdbb99edd432e03d34b6d9dbf0d5031a1b95faf7ecf8228ca50e9","2026-06-11T13:04:13.065Z"
"naver-card-2418-raw","naver-card-2418","https://m-card-search.naver.com/item?cardAdId=2418","C:\p4\avocard\data\raw\naver-cards\snapshots\c9c89d41cd6313af.html","169c9ebfab898d51dc6abfbea13be9843ecbd4c085d125f4912af4c2a7c410bb","15681","d72f3f4cdbe506eb38ce4f6373d166553993aaf18dd7103f0a4eb9a8ba839c81","2026-06-11T13:04:13.065Z"
"naver-card-10451-raw","naver-card-10451","https://m-card-search.naver.com/item?cardAdId=10451","C:\p4\avocard\data\raw\naver-cards\snapshots\7aa26d659dd13b0e.html","96670615a45cbcc2fdac32e22b22c387aeb8096974a629fc93ab5ff55cbada85","10060","548ae6b7a3dafb07d7ac8aada3ff3436e94fb602e2970fca6ae7572916206ca2","2026-06-11T13:04:13.065Z"
"naver-card-10268-raw","naver-card-10268","https://m-card-search.naver.com/item?cardAdId=10268","C:\p4\avocard\data\raw\naver-cards\snapshots\68e53fface01fb2b.html","3f03043bee1a0eb279be149258ec4ce7a0b5f3284d5f207b8851e46823b6cca9","12318","bf070e27f1d0e723c4c3be690b88a2bf508cbe417865256645544d40d19f1608","2026-06-11T13:04:13.065Z"
"naver-card-10463-raw","naver-card-10463","https://m-card-search.naver.com/item?cardAdId=10463","C:\p4\avocard\data\raw\naver-cards\snapshots\ee5270921f89b88a.html","78cf6655ff4ced07fd007ea4e09f6e55f713d020b48ba80b074fe438396a5435","14715","97a414f56a22c2817ae87f5126c8587d6bf1105a9ed00fd1c33a66f52d1bc6de","2026-06-11T13:04:13.065Z"
"naver-card-10236-raw","naver-card-10236","https://m-card-search.naver.com/item?cardAdId=10236","C:\p4\avocard\data\raw\naver-cards\snapshots\348c1a8a51bb50d5.html","066f2ebb2170d3417dc8ee6d935399ae0dba37b006deff576aa5507220a2bc4a","23474","78c8f8b52a9fb15e705f85339289ba3cf181913fc507b50d9e90026f1ae99227","2026-06-11T13:04:13.065Z"
"naver-card-10049-raw","naver-card-10049","https://m-card-search.naver.com/item?cardAdId=10049","C:\p4\avocard\data\raw\naver-cards\snapshots\b0cb170187bbe169.html","9de2e1faec636b96b907016dcec2c93a133331a68641950421c36f0a3532c8c6","16711","3f002c577c0d464abb6d8b9b8db59c04a558bc6449c67a37461383770d2bf69a","2026-06-11T13:04:13.065Z"
"naver-card-10450-raw","naver-card-10450","https://m-card-search.naver.com/item?cardAdId=10450","C:\p4\avocard\data\raw\naver-cards\snapshots\a7eaa58896fc7e72.html","2e6fde8d14f1baaa4c203e08f278d242fdce825fa7bf1e25635ffde6d9615e4a","12297","212ac42fd37ee98b0407354f390f7e52090f3c97e77659fe4f5b25bf50180803","2026-06-11T13:04:13.065Z"
"naver-card-10235-raw","naver-card-10235","https://m-card-search.naver.com/item?cardAdId=10235","C:\p4\avocard\data\raw\naver-cards\snapshots\07c65c517243a09d.html","14bcca2aad60e94da42b5fed96581cf918c6bd5d548652680f934a97b06dded4","24630","fd68db484b87ba7899d1b394e6c146da40ec946f3f0915bab8ec63450c6e0767","2026-06-11T13:04:13.065Z"
"naver-card-3878-raw","naver-card-3878","https://m-card-search.naver.com/item?cardAdId=3878","C:\p4\avocard\data\raw\naver-cards\snapshots\7acbbc3f9d8ee72a.html","3325172a9012947399dd4cca1dc487ac7b3195f556b4378b428828a61e1c9fa5","10849","8e32b56cdbd968733524d95ae0f5e16477afcfcb6042151aaf64c3fe07a760ea","2026-06-11T13:04:13.065Z"
"naver-card-10600-raw","naver-card-10600","https://m-card-search.naver.com/item?cardAdId=10600","C:\p4\avocard\data\raw\naver-cards\snapshots\dad81291d1b8de63.html","8931a76b761c06fe29bf1f74cac701963dd3a7b088a13192c868aadcf5bd8af7","12686","ffba2810db75c941dfa0a11dbda5d73dd6ba93fe3dd8beebceb170e45b66dd0a","2026-06-11T13:04:13.065Z"
"naver-card-10601-raw","naver-card-10601","https://m-card-search.naver.com/item?cardAdId=10601","C:\p4\avocard\data\raw\naver-cards\snapshots\bc8b6101b2db72e9.html","314d7a434ef47c6d21d2a54bbbc9760a193a2d0450b82bd9a480e71e5c6e444e","12152","15ac50d6a6890c0c9050981160a82335e85881a8a105a86a2823f6e393c2cdd9","2026-06-11T13:04:13.065Z"
"naver-card-10354-raw","naver-card-10354","https://m-card-search.naver.com/item?cardAdId=10354","C:\p4\avocard\data\raw\naver-cards\snapshots\133803d181e99318.html","80f54f64e178791e6d89c051ce12fa954dc1e90acc570e7d8112d701e61aadbf","10667","a094ad1e52d084f3d467fddd065956c70942529778a6d5973f525a4f56a17d03","2026-06-11T13:04:13.065Z"
"naver-card-10340-raw","naver-card-10340","https://m-card-search.naver.com/item?cardAdId=10340","C:\p4\avocard\data\raw\naver-cards\snapshots\2b091bb3db42ed43.html","242fc29632fb55bc8448f0f41e27f003a04a99b1767bfc0aaa86bd732d15b916","10308","5ff6ed3929fb79a7e54124bfd0472afbf62a2b91d026e232aecff44b8087974c","2026-06-11T13:04:13.065Z"
"naver-card-10321-raw","naver-card-10321","https://m-card-search.naver.com/item?cardAdId=10321","C:\p4\avocard\data\raw\naver-cards\snapshots\384a83dd327b2f2c.html","db7773be8c1bdbc843111b3ebeaaa51e8d1446795abfc59fbc44d51d9d00ebc2","8458","f7fac9b65f7da9095848d5073bf5e73e0a1d554702739279886177a1781482a0","2026-06-11T13:04:13.065Z"
"naver-card-10540-raw","naver-card-10540","https://m-card-search.naver.com/item?cardAdId=10540","C:\p4\avocard\data\raw\naver-cards\snapshots\8651ed3c6f508b9f.html","b62a13d45b2b01a2fcdef93925e32af9da7c2c95ebfb7ffecb4d8b5d4288681a","11631","ea53555a1585593c569a5279373456170574b4462fe4d8997df6a093a8ebd637","2026-06-11T13:04:13.065Z"
"naver-card-10552-raw","naver-card-10552","https://m-card-search.naver.com/item?cardAdId=10552","C:\p4\avocard\data\raw\naver-cards\snapshots\272c5328fa0f76d7.html","6c7f9d5f993f4ecc1f5b3831cfd0a7c405fd9d37a218f9f30d7abd5d2526b896","11139","0b88de2a8e372d2ab356994451c2f26907025f6f4389efa1a41dd58f208766c0","2026-06-11T13:04:13.065Z"
"naver-card-10553-raw","naver-card-10553","https://m-card-search.naver.com/item?cardAdId=10553","C:\p4\avocard\data\raw\naver-cards\snapshots\e4942343456ac9d7.html","e71ec86ad4a48b3b913248a83c8794501abd6f444cc83762a9d6a31c1f9cbbb2","11583","c396aeb4a7db5621154b913a490934385839781bd21e9ed1aa1b9f92170763a7","2026-06-11T13:04:13.065Z"
"naver-card-10398-raw","naver-card-10398","https://m-card-search.naver.com/item?cardAdId=10398","C:\p4\avocard\data\raw\naver-cards\snapshots\e7c80653c305e466.html","a8c1f166f06c34df88c194a654d126850cc59c6889244d540c6f0eccf2f0d062","12070","46e760548dfbc4b516d9efd71e1275ea4cee4f8093e9b3f9d6ad5c80c44870f2","2026-06-11T13:04:13.065Z"
"naver-card-10169-raw","naver-card-10169","https://m-card-search.naver.com/item?cardAdId=10169","C:\p4\avocard\data\raw\naver-cards\snapshots\66d437489ec51497.html","631023145793c6f8e6e68c65f44b24b661713bfb80a03ababcead293530c6079","9433","f0d32e452bae2860f75a16d905cc233ecd2d685f0a2c66b98b00a8ad5cdcafb7","2026-06-11T13:04:13.065Z"
"naver-card-10554-raw","naver-card-10554","https://m-card-search.naver.com/item?cardAdId=10554","C:\p4\avocard\data\raw\naver-cards\snapshots\e7a76471161a611d.html","e7423f1cab1fe6c7a3bb9689138eb207ebc08910f5a8838dcf77feb3f1be52f8","14628","c2fe9c798f936abc0a0e69cd183ae463d3331ecb39daa6df07fe35bbb3cbbcfc","2026-06-11T13:04:13.065Z"
"naver-card-10357-raw","naver-card-10357","https://m-card-search.naver.com/item?cardAdId=10357","C:\p4\avocard\data\raw\naver-cards\snapshots\e6b5dcd08c34e5b5.html","c0dce132aec1c0c3b4c0fb45067e4a5a090b92c8d5d7e8df4a2cd7b163d0490c","8805","54b1b3e523e8b4abe3c9d1e1c40c29e32e46d93bf2b18e545b00de5f7e2dfa9f","2026-06-11T13:04:13.065Z"
"naver-card-10194-raw","naver-card-10194","https://m-card-search.naver.com/item?cardAdId=10194","C:\p4\avocard\data\raw\naver-cards\snapshots\187d48bc0ea76ad1.html","02c54c4544d499dcab26cc87711a8d4e16b61bd61747ed7c640f7907bd013333","9757","67a84b6cb8f8b4df603fc12391b420a4b5b69e1628d3c979b894860870599a63","2026-06-11T13:04:13.065Z"
"naver-card-10440-raw","naver-card-10440","https://m-card-search.naver.com/item?cardAdId=10440","C:\p4\avocard\data\raw\naver-cards\snapshots\96fc0658d8700bd9.html","110e92bdf31e686cc16e7bf807a77eed58ab81d5a6f408cc0adde2ff87532430","11010","a93872ccaf50aa7613c57a7b1be7fe3f13869dedcef9d6d9a0ce8ad4ec77cd8e","2026-06-11T13:04:13.065Z"
"naver-card-10596-raw","naver-card-10596","https://m-card-search.naver.com/item?cardAdId=10596","C:\p4\avocard\data\raw\naver-cards\snapshots\6497d1060c0cc372.html","2aec4162505225065f42e09a4c1bbc47d16f63979c5ea86913ffcc6747579aa7","14671","e41529b135c4524d68a8688a6db8abb4be6225d2f54146e71b4dd2dd84b301b2","2026-06-11T13:04:13.065Z"
"naver-card-10550-raw","naver-card-10550","https://m-card-search.naver.com/item?cardAdId=10550","C:\p4\avocard\data\raw\naver-cards\snapshots\18f63302eb36f86d.html","79c47e50819bc01fbf53a5aa31daa04152e13bd4429d1409fb50bd72418c534d","29451","12e65bdd1e5da6e4c431a86d86eb4bccea0099e890f0cc3f4d75fd2a7bfc9bfe","2026-06-11T13:04:13.065Z"
"naver-card-10266-raw","naver-card-10266","https://m-card-search.naver.com/item?cardAdId=10266","C:\p4\avocard\data\raw\naver-cards\snapshots\803e14d95911b96b.html","8705b9257a684c47090d334d553d3a2a59878d1fe814e3a43b388346953a7c3a","11089","dcd4bea4c736fc04f8b64e4f8a5f4ef53514e8672bfcf6ba3cb90a613bde67e9","2026-06-11T13:04:13.065Z"
"naver-card-10568-raw","naver-card-10568","https://m-card-search.naver.com/item?cardAdId=10568","C:\p4\avocard\data\raw\naver-cards\snapshots\830ee75cfeff8b7b.html","fea4abfe5adb37e922e02b7c59382291b23c243d9b4ab091b768f4a418aa6994","28676","403886d3210f6d55c6af4749d6db35d5b5c2c61564b16c71ace6707a499cad9c","2026-06-11T13:04:13.065Z"
"naver-card-10579-raw","naver-card-10579","https://m-card-search.naver.com/item?cardAdId=10579","C:\p4\avocard\data\raw\naver-cards\snapshots\e6a5842cbbf4c4db.html","cd7264c7dd26f948c98f1b653d7e3d53b110da7a883d0a28ac2217bf2c8070ab","10194","f18dad2ec2945a8c210caaa66ad483560a8f57376ec6289a8ca7c0ee54dd983c","2026-06-11T13:04:13.065Z"
"naver-card-10349-raw","naver-card-10349","https://m-card-search.naver.com/item?cardAdId=10349","C:\p4\avocard\data\raw\naver-cards\snapshots\cc0b97932742c6c6.html","b1760ffd89b8c7cf2bc61ec91da100c630db0b1f17653c07edbd1a3ab4d059df","12755","940bd80ff82f42b6ef66f6c4e0fb570cb3b119fadbc84c2019fea9f7674123b2","2026-06-11T13:04:13.065Z"
"naver-card-10311-raw","naver-card-10311","https://m-card-search.naver.com/item?cardAdId=10311","C:\p4\avocard\data\raw\naver-cards\snapshots\0c579369f2d29bd1.html","f41463a481169f4f25f00e75a3fdd6e23c0ea78eb7a646a745c794f463556779","36049","01198a893924f0b618638bd8b8d3698651b05b23e9ce1672064473855f0f1de4","2026-06-11T13:04:13.065Z"
"naver-card-10480-raw","naver-card-10480","https://m-card-search.naver.com/item?cardAdId=10480","C:\p4\avocard\data\raw\naver-cards\snapshots\96eb4c509dfb8054.html","66e32795fe10133ebe30abcb18b3630cce00074babef5bc7ff3f0101b7f19773","15836","1888aa96c4dfee8374128f764f056c3bd90ec15504a289bc03cb1c0a51df302c","2026-06-11T13:04:13.065Z"
"naver-card-247-raw","naver-card-247","https://m-card-search.naver.com/item?cardAdId=247","C:\p4\avocard\data\raw\naver-cards\snapshots\66b048e44f5eece1.html","dc3d261b75d50478b62737acf85fef63bdac7916db5e8acab966eaf105c7c81b","12100","ab9db256377b6daa28d63b08973f0711ae4ae70744a444df87b9be650fc0f125","2026-06-11T13:04:13.065Z"
"naver-card-4047-raw","naver-card-4047","https://m-card-search.naver.com/item?cardAdId=4047","C:\p4\avocard\data\raw\naver-cards\snapshots\fce25a6b34cbfe21.html","7253f8668618304a2255571755b6bf3ed61737522d6700151537c9030b047d88","17800","0fd5d24ff07a9b438903c47158d41dc5b603e6c3a14c7f38e3fa0d5af38384ad","2026-06-11T13:04:13.065Z"
"naver-card-10284-raw","naver-card-10284","https://m-card-search.naver.com/item?cardAdId=10284","C:\p4\avocard\data\raw\naver-cards\snapshots\29f408dc5a8a5ab9.html","ad3d8bb343900de4281dca204355148286d38b87756400cec65c75abc5e6e147","12638","95225df2b6924d2584dab3bbbd74de715b6c70e4260c5e8540a835a93ffb035a","2026-06-11T13:04:13.065Z"
"naver-card-3959-raw","naver-card-3959","https://m-card-search.naver.com/item?cardAdId=3959","C:\p4\avocard\data\raw\naver-cards\snapshots\d80b7b8413872647.html","04b5bbe94b85223439ce62e61e9c945c932f78976987591d4145d060041970b0","17629","5e79d2d81f127280e1b9139874a38dc613e3270e9e4f5cc3f4bac1d1d84b62aa","2026-06-11T13:04:13.065Z"
"naver-card-10511-raw","naver-card-10511","https://m-card-search.naver.com/item?cardAdId=10511","C:\p4\avocard\data\raw\naver-cards\snapshots\623ab66064a9482e.html","5d31538672dc468db1e32c2f10dd409320d6a66a60d95eda65111fc154c7a9d1","15588","76035c60b0641fa974b44c32887a4aea84474c15fa6c0c102388327b0a99e5e9","2026-06-11T13:04:13.065Z"
"naver-card-10454-raw","naver-card-10454","https://m-card-search.naver.com/item?cardAdId=10454","C:\p4\avocard\data\raw\naver-cards\snapshots\4a6f561bda88a180.html","f21a3831a82c738baf715171e15a1c6d27e8304e503a20885d46a795dc283e7e","14045","004e1b8bf16bb0e362bc05d3f64181b7f1e303dd2087b967e7ebcfe42d33843a","2026-06-11T13:04:13.065Z"
"naver-card-10391-raw","naver-card-10391","https://m-card-search.naver.com/item?cardAdId=10391","C:\p4\avocard\data\raw\naver-cards\snapshots\4093eff4411ad1f9.html","2765107b6d6256ef862862ea66dc35e1f3689077d17bfe1011b442ff32141490","15973","0f10beab89ba17e49d651218f28d69163b3673a71ea5f8b5d6f4946d504da124","2026-06-11T13:04:13.065Z"
"naver-card-10267-raw","naver-card-10267","https://m-card-search.naver.com/item?cardAdId=10267","C:\p4\avocard\data\raw\naver-cards\snapshots\9f5f724a2c6cb8c6.html","d2bc6ec6bd735318035806c130b79e792b983c22d49350edf59147c3742073e4","12916","272db058308d96920f9a1125e5a5199b5b328a4a167bb4d8d26e46443054db0f","2026-06-11T13:04:13.065Z"
"naver-card-10387-raw","naver-card-10387","https://m-card-search.naver.com/item?cardAdId=10387","C:\p4\avocard\data\raw\naver-cards\snapshots\8c7c554cf05ef6d2.html","18d5f990e884eb8bcf47ce73b01cd2c11e70dcbc9e1b7189c000b1fffc142061","13331","2292ae58a665092bcaa05bef3e4833b924588a5d646341d74a9fb069be09ca51","2026-06-11T13:04:13.065Z"
"naver-card-10388-raw","naver-card-10388","https://m-card-search.naver.com/item?cardAdId=10388","C:\p4\avocard\data\raw\naver-cards\snapshots\e4d2d53630d60aeb.html","099c60bf72790c66c440f5c6fa5d35da501211c0dfc6f4a633062c9e948fde1a","14102","e76d1cc498d108294a747201e2747237813fd25ef5cd21d4ca13b007a6969c57","2026-06-11T13:04:13.065Z"
"naver-card-10390-raw","naver-card-10390","https://m-card-search.naver.com/item?cardAdId=10390","C:\p4\avocard\data\raw\naver-cards\snapshots\572677c8bfbc2488.html","01b14dffa0064a1d8644a8f19c2e25b2062be3890c8a15f57428900dea7d5591","13290","d82425d9c92ac20821d538b75b8d4edd74f719c7eaf4efdbca8b71d9342a5246","2026-06-11T13:04:13.065Z"
"naver-card-10389-raw","naver-card-10389","https://m-card-search.naver.com/item?cardAdId=10389","C:\p4\avocard\data\raw\naver-cards\snapshots\b7ab75c9efff0a69.html","e20b039e940f62c0cdaabe080b9fb75b4c067aa3dd05a69946c58ad2d6dca622","13678","1e3f63738642e08d659af092dc186cc472baf310640257973e913075ca227ca1","2026-06-11T13:04:13.065Z"
"naver-card-10039-raw","naver-card-10039","https://m-card-search.naver.com/item?cardAdId=10039","C:\p4\avocard\data\raw\naver-cards\snapshots\cea47dc8ad25e295.html","8fbe07ee616df469a444c4d42922a92d7466c5da8c5d5712e4db6ba992fa1e5b","10727","fec19881a5a103d4d2de74fb616916e46b2fefacdda52918914ef769661ee3af","2026-06-11T13:04:13.065Z"
"naver-card-10447-raw","naver-card-10447","https://m-card-search.naver.com/item?cardAdId=10447","C:\p4\avocard\data\raw\naver-cards\snapshots\a81a115ff6e2a6d9.html","595cd7a3b8e4ad935639c6a9bf997fad29271a702ccb3b218b933a50d484204b","14994","815084a6fb8302e5204d39255c9a513c6a3704f40babf5e28ade09588d01ad43","2026-06-11T13:04:13.065Z"
"naver-card-10424-raw","naver-card-10424","https://m-card-search.naver.com/item?cardAdId=10424","C:\p4\avocard\data\raw\naver-cards\snapshots\1dfa15bec3d25703.html","efab131fb39a9b9f6d84ebea24d272ce21bd5ae80daa05923166e7aa514d3b98","9064","d5859abf40e5d2e250ed697e972110911de02e49b3c15ae11dda509835be8a00","2026-06-11T13:04:13.065Z"
"naver-card-1312-raw","naver-card-1312","https://m-card-search.naver.com/item?cardAdId=1312","C:\p4\avocard\data\raw\naver-cards\snapshots\5b328f3e58f20d4c.html","17b866d18bf6af059195a9b9c1b02158cadc6f25ba65b36effcb0c25e219415e","9025","86a131b1a94a9722f5f15a0084b4ffb2b14e97404c6ac7a243a4d16566dd92b7","2026-06-11T13:04:13.065Z"
"naver-card-10504-raw","naver-card-10504","https://m-card-search.naver.com/item?cardAdId=10504","C:\p4\avocard\data\raw\naver-cards\snapshots\379bbc0a6cb9090c.html","2d156d7015ed57948c98b6e32d2609662cdd01e95d79cab6ff1dc9e3a7eca81e","12538","89bd6a01d4e7c4786d3ea54d6e37fa7449cd9042cd92a68e2cd0e71462513a64","2026-06-11T13:04:13.065Z"
"naver-card-10338-raw","naver-card-10338","https://m-card-search.naver.com/item?cardAdId=10338","C:\p4\avocard\data\raw\naver-cards\snapshots\f324a387ab132ee7.html","1e87f81b35cf177b644a20efe25cfb4ed8f73ddd19606b886f68f14a2ee93b9d","14386","1cd3a063a7a5488e256df9cc8c6e8ccdee6b399271af6d035f4b97b575c95aeb","2026-06-11T13:04:13.065Z"
"naver-card-10514-raw","naver-card-10514","https://m-card-search.naver.com/item?cardAdId=10514","C:\p4\avocard\data\raw\naver-cards\snapshots\3f22db5f2a80b3de.html","6623adfeadba6e3b811f6521e9c19412f04a3172a6af1faf978a22d42e27313a","12096","65681d0a621144a059b1d6964b07a91b6d4075e20e1477ec56fb45942e8d6102","2026-06-11T13:04:13.065Z"
"naver-card-10509-raw","naver-card-10509","https://m-card-search.naver.com/item?cardAdId=10509","C:\p4\avocard\data\raw\naver-cards\snapshots\b7162ea2a28e2836.html","01167aca45b4bdfda2c4fdd29ca515d9376062817a339476d8f876ece7394bad","28930","9bfb9462baa3ba17d45656007d2d9d9649e006ccb06be69e24a33a146985ee1f","2026-06-11T13:04:13.065Z"
"naver-card-10130-raw","naver-card-10130","https://m-card-search.naver.com/item?cardAdId=10130","C:\p4\avocard\data\raw\naver-cards\snapshots\d1ce59ae878958e1.html","5c495d0a558e16f40db4ca9539f81d560b215b308ce6b6521f34689fc2c728fa","16240","d58d187c09701916a10aee36ee505524e03138dcf260c0fa9724991725921545","2026-06-11T13:04:13.065Z"
"naver-card-10323-raw","naver-card-10323","https://m-card-search.naver.com/item?cardAdId=10323","C:\p4\avocard\data\raw\naver-cards\snapshots\b43ef1fa5fce00b1.html","74080817b61762265c2e1bc0c2bc6856746bfe339f3bd0e6e9d0300c28ae5d67","29732","1386eab981c0c9015f6fe18f3c7547f79f68590ed144f94f2538661e277cd16a","2026-06-11T13:04:13.065Z"
"naver-card-10337-raw","naver-card-10337","https://m-card-search.naver.com/item?cardAdId=10337","C:\p4\avocard\data\raw\naver-cards\snapshots\963b9b11d99d0e0e.html","72eee7490f71f4c4e07743b1dd7fa33bd272cad4eebfe024350e3cc902fe352b","13802","1ee31a8601787562e375f445ca753f1d048763c539a8fbf247b6bb87db799471","2026-06-11T13:04:13.065Z"
"naver-card-10497-raw","naver-card-10497","https://m-card-search.naver.com/item?cardAdId=10497","C:\p4\avocard\data\raw\naver-cards\snapshots\c44b3ee18ee3a50b.html","901d238b1f84356a3f50469f3319d8c396380d85c653b196c97a7b0f7658cc58","34793","b99105dac6f047731de50c988d5c08fe5ebaa2485fab9431c27d9835f74eecaa","2026-06-11T13:04:13.065Z"
"naver-card-10335-raw","naver-card-10335","https://m-card-search.naver.com/item?cardAdId=10335","C:\p4\avocard\data\raw\naver-cards\snapshots\0f5dbc3b2d30d34b.html","2cc8ed0fb127e847585cfeda54675ead09c5bc55c8beb8a556fb7306dc912551","34847","4930b9ac49441fa070a4b24435ee5b78abe21201046d654e00cdb1923c27a926","2026-06-11T13:04:13.065Z"
"naver-card-10353-raw","naver-card-10353","https://m-card-search.naver.com/item?cardAdId=10353","C:\p4\avocard\data\raw\naver-cards\snapshots\e1e7fcbc8bff159b.html","448fbc9f742717791018b7925294e8d4c064ebab1bca40dbe0f70fb89b61521c","28684","9e53fbe25029870722e6f3530c7009328456ed6a0f21aaf8ead5585605ca3434","2026-06-11T13:04:13.065Z"
"naver-card-10594-raw","naver-card-10594","https://m-card-search.naver.com/item?cardAdId=10594","C:\p4\avocard\data\raw\naver-cards\snapshots\9a2e43ff4004f065.html","194a38dac6e05e1ad55dac5b618790c256015beb86ec86ca49ff55f82e9c6dec","31839","099f97592ceccacd41adf0ed3f9cde34c4b4e79a6f6bea391657eaee2f452f48","2026-06-11T13:04:13.065Z"
"naver-card-10339-raw","naver-card-10339","https://m-card-search.naver.com/item?cardAdId=10339","C:\p4\avocard\data\raw\naver-cards\snapshots\45dc69a8426e529c.html","79ef1ff4903beb31f7234445d5e2e5360e2a3c456be9aaa212fc87cc715e64e9","13008","53feb37f4221b0c4b7ad767e6b886de518bd53b7eaa8f37208bb31825d213042","2026-06-11T13:04:13.065Z"
"naver-card-10499-raw","naver-card-10499","https://m-card-search.naver.com/item?cardAdId=10499","C:\p4\avocard\data\raw\naver-cards\snapshots\aade944e1fcb7164.html","bdaf494cf71e385423950f80d19dc9958465497d2a82ea8b1b32130185a3a494","31637","e61c3ad420e132164ce549f8ff42af068d44de2f01d55c286b46657caba4fb96","2026-06-11T13:04:13.065Z"
"naver-card-10336-raw","naver-card-10336","https://m-card-search.naver.com/item?cardAdId=10336","C:\p4\avocard\data\raw\naver-cards\snapshots\6a2bc68f8c14390f.html","7cdea9405d6df0f5b425bc929101baebc3596d39d32a812689825459120274f1","30947","95b7766a820af309d1279c2c8fe9310bfe039a6b4b103f6b648068f9bea9dae0","2026-06-11T13:04:13.065Z"
"naver-card-10498-raw","naver-card-10498","https://m-card-search.naver.com/item?cardAdId=10498","C:\p4\avocard\data\raw\naver-cards\snapshots\7bc928591f17e637.html","ea226e2fc7b022c857e1fdabed1d3ebbb58973cdca7241e038fab1d3524a5d5f","33172","2cebfd69df4b4775a91705e32aafc4e5356461856db4fecf2d39db6d2ab43a69","2026-06-11T13:04:13.065Z"
"naver-card-10466-raw","naver-card-10466","https://m-card-search.naver.com/item?cardAdId=10466","C:\p4\avocard\data\raw\naver-cards\snapshots\de521cc8cffd9647.html","5223c9ecdcff84711c199e08b24289d04b413ab344bda82186c15d2d5ad0cffd","40359","0b46e7ca095cf4f5b710a5f400f37a54fbe96a03c5a139ce4b8be6703db85f87","2026-06-11T13:04:13.065Z"
"naver-card-10334-raw","naver-card-10334","https://m-card-search.naver.com/item?cardAdId=10334","C:\p4\avocard\data\raw\naver-cards\snapshots\3ee2367cb05204c8.html","a7e4c10e7dc089599233299cc1d514ef29bf6ef009dfab07b3327a02e9200276","31029","64b875a279f6ec9faa4b4f64950d226320326ca25c387d17424b06cfbbe51171","2026-06-11T13:04:13.065Z"
"naver-card-10322-raw","naver-card-10322","https://m-card-search.naver.com/item?cardAdId=10322","C:\p4\avocard\data\raw\naver-cards\snapshots\adc50932d333abc4.html","5fa672cc978f87d4def43725b4073bbdf87fc96d4f9a785dada33158a9db8709","28536","0768aa7c7a530b5ccebfc9a4387e358f3e0b5139ae32c4276ff023670f52c463","2026-06-11T13:04:13.065Z"
"naver-card-10534-raw","naver-card-10534","https://m-card-search.naver.com/item?cardAdId=10534","C:\p4\avocard\data\raw\naver-cards\snapshots\d5d1bd13bc50fc4b.html","346b30a819b315fc1fd33c019b76d63660a9cf68c9cca6bf1fa59faf17563049","36390","084286ac2fbc088a394f584f9c1fb8a0af4d4465e757e372f513c22c81e19cf6","2026-06-11T13:04:13.065Z"
"naver-card-10413-raw","naver-card-10413","https://m-card-search.naver.com/item?cardAdId=10413","C:\p4\avocard\data\raw\naver-cards\snapshots\1680483f8831244f.html","b6a9b0f696d0a56485c6470269d92f28e561b919169c7839f5fc4593d8089bca","24699","4928f6e7a188b850145924091bc1a8636998a4c56c3376a3f3173816877e249a","2026-06-11T13:04:13.065Z"
"naver-card-10515-raw","naver-card-10515","https://m-card-search.naver.com/item?cardAdId=10515","C:\p4\avocard\data\raw\naver-cards\snapshots\97bb46f076b7cc4c.html","ab379f96d7b0ec5551ec2e17c0213448a9a2cd2f7c0c5fda07b80eaab1352f87","12279","4dcf8a9d5bde4e6ba6a0ca84456e7149c1c54a7523569039378a8ca4fd7fb168","2026-06-11T13:04:13.065Z"
"naver-card-10134-raw","naver-card-10134","https://m-card-search.naver.com/item?cardAdId=10134","C:\p4\avocard\data\raw\naver-cards\snapshots\0b9f3b70cf9e98cc.html","f9e2edcf6912febcec0716c3c1a81614e907193986d43180c824d1706cbb2d18","14612","faabad20af2a2758ec19033959ffc3fc4f61455d51661415e607a2f6726be6e2","2026-06-11T13:04:13.065Z"
"naver-card-10525-raw","naver-card-10525","https://m-card-search.naver.com/item?cardAdId=10525","C:\p4\avocard\data\raw\naver-cards\snapshots\2b7945643f542b06.html","264f919b219643356c4b48a713d1458dfa76145de180a27d5fad7ca813f594c0","24098","0896ff7dc37b8ee69d07a64094574388554d733419e8e657e677cfa6d9e6180a","2026-06-11T13:04:13.065Z"
"naver-card-10359-raw","naver-card-10359","https://m-card-search.naver.com/item?cardAdId=10359","C:\p4\avocard\data\raw\naver-cards\snapshots\f655f00d7a20261f.html","7353a601ce4901d060413b91c1b722305b6e311eceeec2acb811be5a663d2837","33444","804a15a86aac51c4845df90829da3649d30829532f77233e25f523af8667999a","2026-06-11T13:04:13.065Z"
"naver-card-10411-raw","naver-card-10411","https://m-card-search.naver.com/item?cardAdId=10411","C:\p4\avocard\data\raw\naver-cards\snapshots\443c08244fab297e.html","81a38eee2bdeeba1ac32fda7e2ff0addc1362911726b5d36359d726421bf3f58","28536","a98122a23a7a2934da569d3e998a530cf4646cf3b8ac95e4f5b141b26c49e47e","2026-06-11T13:04:13.065Z"
"naver-card-10317-raw","naver-card-10317","https://m-card-search.naver.com/item?cardAdId=10317","C:\p4\avocard\data\raw\naver-cards\snapshots\47ef7c634140651b.html","c2e2e2ab1cd8604ef33844fb5c517887e79b940ba82f88b7d5119039caff592e","22466","3a45955a6f78bed0332797d83c62063f492d2ea561dc8268411320c6267c881f","2026-06-11T13:04:13.065Z"
"naver-card-10502-raw","naver-card-10502","https://m-card-search.naver.com/item?cardAdId=10502","C:\p4\avocard\data\raw\naver-cards\snapshots\317ff09572e375bb.html","6dfe25657755bf0bbd7c2747428efc10ef842348619eca395bb1bf4c20726046","12459","bf7624083a97426cea54fb2a25cc0352cc778b9a33e7b140b542c1c577165cb4","2026-06-11T13:04:13.065Z"
"naver-card-10428-raw","naver-card-10428","https://m-card-search.naver.com/item?cardAdId=10428","C:\p4\avocard\data\raw\naver-cards\snapshots\02379e850754a017.html","cb451b409619d8d3497f98e7ca2a4111f88fa94a0491039463310c531b2e77af","31020","3ee9ef791c0cb7e0922ea39078fe4770b3e6a2f8b27564928bbe231f9d666a0f","2026-06-11T13:04:13.065Z"
"naver-card-1360-raw","naver-card-1360","https://m-card-search.naver.com/item?cardAdId=1360","C:\p4\avocard\data\raw\naver-cards\snapshots\b0245bd3ae160c82.html","1889a97c9740bfbeb0bf16011dc3a11f45ddc47f6e2c0dd5a39e38701c1ac8b6","11879","99f073610cabab1c08e5fa7371596fabc38ccb2c43e231b535fba7c39affcdfa","2026-06-11T13:04:13.065Z"
"naver-card-10531-raw","naver-card-10531","https://m-card-search.naver.com/item?cardAdId=10531","C:\p4\avocard\data\raw\naver-cards\snapshots\9b87c3fb568d8da5.html","060df536ddea7c0c55e43fb184796d3924116b31585290d45b3a37e0ec117e0f","16034","2448b88dac2f9fde368df75ef5823fb33cb8947a786a9de7e848eded23b97a73","2026-06-11T13:04:13.065Z"
"naver-card-10533-raw","naver-card-10533","https://m-card-search.naver.com/item?cardAdId=10533","C:\p4\avocard\data\raw\naver-cards\snapshots\7a8ccb6781871657.html","d418152e6528090a032e5261ba9f30d6106e8785786364b19681085f880f13e3","22190","bfbdc53479cbd26b1f61f7be0b9b4f0f5ff42cac0facf970a1cde2283ad0f57c","2026-06-11T13:04:13.065Z"
"naver-card-10503-raw","naver-card-10503","https://m-card-search.naver.com/item?cardAdId=10503","C:\p4\avocard\data\raw\naver-cards\snapshots\2310c3982d09bcd3.html","6990db049196d16e79e38c1e64ee950403e5d64113dd3196b09645ab96043900","12545","371b35c7bf0591a00a1612a63578910c0104202d74c078c2710842b6c702e461","2026-06-11T13:04:13.065Z"
"naver-card-10532-raw","naver-card-10532","https://m-card-search.naver.com/item?cardAdId=10532","C:\p4\avocard\data\raw\naver-cards\snapshots\0ef32c3063370c87.html","a76cfa01478d53f5262d5217c9457cfa4f4347c2ae89694b76a4f37765a90097","15416","999acab25032d2d1ac8463f2d5ae64e2eb960c83aa55d0c6d5d2e229a9635c59","2026-06-11T13:04:13.065Z"
"naver-card-1573-raw","naver-card-1573","https://m-card-search.naver.com/item?cardAdId=1573","C:\p4\avocard\data\raw\naver-cards\snapshots\ec2ce21cfcf513ed.html","097c6e8fab91be2af5721b13bbeee71fc389d00d43e6640e68cf0efac763205c","12876","693b2fc9b98afdc6a90059dbe5ea297cea6e46c600a7a78fbaa89031cadfbdda","2026-06-11T13:04:13.065Z"
"naver-card-10291-raw","naver-card-10291","https://m-card-search.naver.com/item?cardAdId=10291","C:\p4\avocard\data\raw\naver-cards\snapshots\0f3955549597cb9a.html","6e655993d61aa9710c7bc13decbf50bf64ddf12f22d79dc23ea6ed73658d7b1f","10247","6ef11b4c38ee4fcf3fcf8a8aa6f816e70cdea10ff3ba51ee7dd0631c8b5f84b7","2026-06-11T13:04:13.065Z"
"naver-card-1715-raw","naver-card-1715","https://m-card-search.naver.com/item?cardAdId=1715","C:\p4\avocard\data\raw\naver-cards\snapshots\f369f140c7cbb8cc.html","87e37547023aa81cad822e8650836426a42404525f441c68bf6f590d34909aa8","12566","42518b876b5d29a74483b1a27bb7bcb459251fe0e9c7cfb5c670b545b2633107","2026-06-11T13:04:13.065Z"
"naver-card-1889-raw","naver-card-1889","https://m-card-search.naver.com/item?cardAdId=1889","C:\p4\avocard\data\raw\naver-cards\snapshots\57eba9ed42b3eb3a.html","eb094da1f491ad36f72298c18d76fb738f0cd639a3cf24666824060542b48a0e","14970","a1408b2cc323050f8fce469dad8aa243b04edcfaf5ca135977c426d44a824070","2026-06-11T13:04:13.065Z"
"naver-card-1340-raw","naver-card-1340","https://m-card-search.naver.com/item?cardAdId=1340","C:\p4\avocard\data\raw\naver-cards\snapshots\32e251c8ff6f48d1.html","c36bd7c43e72c27fc30330521552de5b57135c15cd5e302fdda12575158e76be","13651","748e8baaa1504acab6126ddb05c15830e9fc394b8f41db5d1601cbf7955ae2b8","2026-06-11T13:04:13.065Z"
"naver-card-10232-raw","naver-card-10232","https://m-card-search.naver.com/item?cardAdId=10232","C:\p4\avocard\data\raw\naver-cards\snapshots\5924d556aa6aa5fa.html","fbdaaaa5caf76c18ff032db238cfa1041dc2ea2cf95b0515f534633c48204140","13529","72c7021021f678d82b2dc9f9d16c8734ddd409827901a2b406c968e38db85ef2","2026-06-11T13:04:13.065Z"
"naver-card-10591-raw","naver-card-10591","https://m-card-search.naver.com/item?cardAdId=10591","C:\p4\avocard\data\raw\naver-cards\snapshots\a40302bc8225e68b.html","d2dc15d2873549eba229bfdf3a21de30ce9738146a279ab82135cb1c5fe07649","10257","662157d79b61a699884d24efa46617cb289ac18b8c68eced8cb4e3ba711b9f7a","2026-06-11T13:04:13.065Z"
"naver-card-2345-raw","naver-card-2345","https://m-card-search.naver.com/item?cardAdId=2345","C:\p4\avocard\data\raw\naver-cards\snapshots\d46916d92612e428.html","0485e20e850515d2f5406d19358538652d08c9ef4fbec81f57be6ebb048a74b2","15311","b4c0ba43c546b61407afdc3eb1a369a4409b4fa1e85fe83f813660053c002cb6","2026-06-11T13:04:13.065Z"
"naver-card-1337-raw","naver-card-1337","https://m-card-search.naver.com/item?cardAdId=1337","C:\p4\avocard\data\raw\naver-cards\snapshots\a3cc2a32b82efd74.html","bcbc07a923dc3fa330024139ed7983f34a65b8db832f5f5e3ecae3f73d753ee8","8332","b7b2f9e68e00d180fed34a6ce0a44fb2891563eeffa0d2fc3221418c3cf0d45c","2026-06-11T13:04:13.065Z"
"naver-card-10265-raw","naver-card-10265","https://m-card-search.naver.com/item?cardAdId=10265","C:\p4\avocard\data\raw\naver-cards\snapshots\937bec97600b68f9.html","712507692eaeafd971056a1df4f28f80c3c4de1549801f4a56322cea4e195f2a","12181","5a1ffd0d9f1248c055e7c306c508d3877354872306efdcf09401f29a70bf2191","2026-06-11T13:04:13.065Z"
"naver-card-10614-raw","naver-card-10614","https://m-card-search.naver.com/item?cardAdId=10614","C:\p4\avocard\data\raw\naver-cards\snapshots\ce00ceccb1b1996c.html","8679d21d917618e619ce2a5ebb90fc2ec560f8307b4f269290a51a7f2b109b1f","13455","90e57ef98e3573af3e8bd5bcdf064b20847dca6a1e1fdb680486211377d946a0","2026-06-11T13:04:13.065Z"
"naver-card-10557-raw","naver-card-10557","https://m-card-search.naver.com/item?cardAdId=10557","C:\p4\avocard\data\raw\naver-cards\snapshots\51b08816475f1824.html","78b93cec9b8e5da4c63ec5cc96e50aec9946a351a7fc0de0cf88e60198df6cde","9447","94d13d124ba87eb70392f817f3e05cc70310f83ab0b1d57676074b4ad51859b0","2026-06-11T13:04:13.065Z"
"naver-card-10524-raw","naver-card-10524","https://m-card-search.naver.com/item?cardAdId=10524","C:\p4\avocard\data\raw\naver-cards\snapshots\b2d4fc372bcbe580.html","919b4fa582b5a342da01c453eded9e7e28346b827e2173d7bc13e866934a0da3","10966","885f38f8f88ded6c936a0dc381d39d431310a1388cc8fb30c1ab45f7dc4e45c2","2026-06-11T13:04:13.065Z"
"naver-card-10613-raw","naver-card-10613","https://m-card-search.naver.com/item?cardAdId=10613","C:\p4\avocard\data\raw\naver-cards\snapshots\4bbe729af932dc67.html","94a02ea2304fc4e79a160913a4012849764c24d63a71c96543ebcfc82cdafc11","15502","c88d87ddf00ed5cfd9e85240a474054f6c0d91518eafddf63536816b955cca3b","2026-06-11T13:04:13.065Z"
"naver-card-10610-raw","naver-card-10610","https://m-card-search.naver.com/item?cardAdId=10610","C:\p4\avocard\data\raw\naver-cards\snapshots\dd627a518f32af48.html","c072b221de556ddaaf0d8d87d4f290a152357613181738522e9e40505e0b559a","15932","cff466d273721bd9bc7323f4b35ce867b211c5c2f48cadf8afc8f41cf28ba0d1","2026-06-11T13:04:13.065Z"
"naver-card-10639-raw","naver-card-10639","https://m-card-search.naver.com/item?cardAdId=10639","C:\p4\avocard\data\raw\naver-cards\snapshots\d10cea8419084578.html","7604314589804d0eafbbce82582397aca5012db00046027e19aa1110855a0fd4","8233","4499f4876398486dfd85e9bab1c7a5a157c1e5f4219e2910881ab6e0d982ba11","2026-06-11T13:04:13.065Z"
"naver-card-10501-raw","naver-card-10501","https://m-card-search.naver.com/item?cardAdId=10501","C:\p4\avocard\data\raw\naver-cards\snapshots\9e77ba1341be4ca6.html","b910c43e6f1018a21515ced6d97a2522dc0c1efa1dc8b7edd1dce94fcf97d9ba","24088","d946cf75a54edb9bd7a529f753bae5d3032be4a2c615eb763f203baa7dca4cfb","2026-06-11T13:04:13.065Z"
"naver-card-10299-raw","naver-card-10299","https://m-card-search.naver.com/item?cardAdId=10299","C:\p4\avocard\data\raw\naver-cards\snapshots\7485e3d5ca536a19.html","7dbad221104ef32a70981beeef68b0f27a1ee2072a3acc6e10b6fc8c88111a2d","10363","625c726a961c681828b4a5910ee25f69314482dc4bdc650fd8e04d0a2319ae44","2026-06-11T13:04:13.065Z"
"naver-card-10597-raw","naver-card-10597","https://m-card-search.naver.com/item?cardAdId=10597","C:\p4\avocard\data\raw\naver-cards\snapshots\fbbe5aea7305471d.html","c81363dfd3cce93509322b4d0ee5784711cda1e7986ee66db310d88902069cfc","11654","0139a3c73cb54d15ef6ae1a08837c5aadc25744f4ec0595889b676c1036b05f3","2026-06-11T13:04:13.065Z"
"naver-card-10486-raw","naver-card-10486","https://m-card-search.naver.com/item?cardAdId=10486","C:\p4\avocard\data\raw\naver-cards\snapshots\cf10824db4e6c6a1.html","d82c82bc0b77f8c68de752ca78c8769635beca972002878b9e4abb929f8cb714","8082","9ba0e094867bb67141ee9dbdbd6441da3c1e788d59cddb4eb27a13776756e912","2026-06-11T13:04:13.065Z"
"naver-card-10516-raw","naver-card-10516","https://m-card-search.naver.com/item?cardAdId=10516","C:\p4\avocard\data\raw\naver-cards\snapshots\6f5c9ce97728bca9.html","d5c64f0bf52a6c9eacc18583d1b399b5caa16e6c433cdc4bffe772f15ca04e92","11528","5f8350b7a14c12469c53885dc36719f5978c150b67c33cce61ae234b9760730f","2026-06-11T13:04:13.065Z"
"naver-card-10395-raw","naver-card-10395","https://m-card-search.naver.com/item?cardAdId=10395","C:\p4\avocard\data\raw\naver-cards\snapshots\0d07bc2465b4638b.html","2ffaea6f7fb28d7402435e59c35c3e7d1abbfc316c26b186217855b1f69682b9","9855","2119174d6a43ef49750a21f74773ebb4bb1e90a9208db0ce4d52befbf75bd3d2","2026-06-11T13:04:13.065Z"
"naver-card-10396-raw","naver-card-10396","https://m-card-search.naver.com/item?cardAdId=10396","C:\p4\avocard\data\raw\naver-cards\snapshots\ffbebd730fdd203c.html","5d936d8e0803e66cfb4d7c0a238df1faa55f48c27bb3c24592f9d875a7f9092e","11862","955b550818401e8cac981a86495336e343623d2220892de5024cc011281ccd46","2026-06-11T13:04:13.065Z"
"naver-card-10320-raw","naver-card-10320","https://m-card-search.naver.com/item?cardAdId=10320","C:\p4\avocard\data\raw\naver-cards\snapshots\6b9bdf18ae05241e.html","7758ef7fb015d783f03b04752b611b91b97c00017a8b65b64d9438f83b0751c9","11927","dcef73a3bbb3ea6082f69566e0bf5d9325eba1208c49435effb36746ecccb670","2026-06-11T13:04:13.065Z"
"naver-card-10371-raw","naver-card-10371","https://m-card-search.naver.com/item?cardAdId=10371","C:\p4\avocard\data\raw\naver-cards\snapshots\f87de10ae479bdb9.html","88baef3db5863d8cfc71ec2b95df883861a4bff4a54eebd95ac7c7fdbaa39b02","12618","402912007c2b96e15fea92ee0d5f4c6886cab39cf9398c434d4fbdc396e0b079","2026-06-11T13:04:13.065Z"
"naver-card-10493-raw","naver-card-10493","https://m-card-search.naver.com/item?cardAdId=10493","C:\p4\avocard\data\raw\naver-cards\snapshots\94c10d85a2bbf480.html","a8998ca0a3da61b15884bfb5faf497d4a4f8261c14a53744657ce66456cd2075","14670","d33b33f37094eceab032fc09487f2fff819400a244029016f786956fe5a0092e","2026-06-11T13:04:13.065Z"
"naver-card-10373-raw","naver-card-10373","https://m-card-search.naver.com/item?cardAdId=10373","C:\p4\avocard\data\raw\naver-cards\snapshots\f765e199add85be1.html","d733de48fec0b60626e78b1b068beaddeb61a55d74a518b7686e544a7ddd4664","15670","1fdd63215301156d35f4d61317361ce7c4002a819cf634e2c5c56c14721048fb","2026-06-11T13:04:13.065Z"
"naver-card-10035-raw","naver-card-10035","https://m-card-search.naver.com/item?cardAdId=10035","C:\p4\avocard\data\raw\naver-cards\snapshots\4c6dcf5ed848f21a.html","30807034536114a2170ece77ccd7678098b0bb6ba5ab10cf38d6e776cd2cb29a","14173","10b6981b1cd8ba629a39aa3d5b4b9f1abf8be42d9d934986d42349bf17eda62a","2026-06-11T13:04:13.065Z"
"naver-card-10530-raw","naver-card-10530","https://m-card-search.naver.com/item?cardAdId=10530","C:\p4\avocard\data\raw\naver-cards\snapshots\5bf7c6516628875a.html","092e66a1cafdc12364fe6b7a44cef8181a7ff3c28a9b6648b0b1a93c262ea2b1","15701","30c274520eb3a6fc2fc9d4ab4b2ec5c3976c54aff6d411fbaafff79387e612bd","2026-06-11T13:04:13.065Z"
"naver-card-710-raw","naver-card-710","https://m-card-search.naver.com/item?cardAdId=710","C:\p4\avocard\data\raw\naver-cards\snapshots\dfa0576ba515884a.html","6e035e5197e4e292cf338e021f81dc5a7ebcf7a819625f97dc9461ac71bde8ef","14022","a191541980b99cf6a95e67e29b17b3b8923154b228efcbdd32ab1e90b01ac876","2026-06-11T13:04:13.065Z"
"naver-card-10414-raw","naver-card-10414","https://m-card-search.naver.com/item?cardAdId=10414","C:\p4\avocard\data\raw\naver-cards\snapshots\b901ec7f42f7b16a.html","4a84d01376f06dc967087d2c145d12f0cf90ff3d44a7f8522cd3306aabc631d5","27829","888df03ab51b9e27a12ac441328b7e44d0e14d65c953911b3ab521308cf25fed","2026-06-11T13:04:13.065Z"
"naver-card-2332-raw","naver-card-2332","https://m-card-search.naver.com/item?cardAdId=2332","C:\p4\avocard\data\raw\naver-cards\snapshots\2596c6834d4c8eba.html","45bf708c94781c0f997dd6c92f646db7a24e60ef3da76dfbbf2fb0dfd88ff849","22243","60d6ea3bc9287edc45c7045c6615c14f66a66d997c0fc4c73036fd238e81600a","2026-06-11T13:04:13.065Z"
"naver-card-10642-raw","naver-card-10642","https://m-card-search.naver.com/item?cardAdId=10642","C:\p4\avocard\data\raw\naver-cards\snapshots\85ea10e956ed9381.html","6fb1d9ba36c0faa379fda668ae417e4e5d204e1c573a19d2911805872ca5db7b","9835","b067b2b0a01a4cf38eac899694b05f7df0a42be5914fdbaebdd419ad3d412d05","2026-06-11T13:04:13.065Z"
"naver-card-10488-raw","naver-card-10488","https://m-card-search.naver.com/item?cardAdId=10488","C:\p4\avocard\data\raw\naver-cards\snapshots\128d18f8ea0dfcc9.html","ea8f6ed66cc7518ac3c3182c69e9e476b50f9559079ea8706d5226e33ddc3570","14990","387782133cc0714896b015396c84a646dff251892c74df255d21dcd18039d655","2026-06-11T13:04:13.065Z"
"naver-card-10289-raw","naver-card-10289","https://m-card-search.naver.com/item?cardAdId=10289","C:\p4\avocard\data\raw\naver-cards\snapshots\238847abf883b99a.html","059c67d18d5c258bdd8ff92f87ded687c0bbe1596577ca0965e4243fe05b17ee","10107","5d631d2b6830cc3686736ccc9eb7832e02e1ac7a72d9f01abae70f4adef37b74","2026-06-11T13:04:13.065Z"
"naver-card-3076-raw","naver-card-3076","https://m-card-search.naver.com/item?cardAdId=3076","C:\p4\avocard\data\raw\naver-cards\snapshots\146513cc8626d7ba.html","cd992ba972157aabdcbd0102ec04314001a9f5893e475a75ff9ee98784b48556","13660","3ac293737b98f1e3742cc03f2e0d4ef0e9d355b9ca3fff08ab845e97967ffc49","2026-06-11T13:04:13.065Z"
"naver-card-10412-raw","naver-card-10412","https://m-card-search.naver.com/item?cardAdId=10412","C:\p4\avocard\data\raw\naver-cards\snapshots\e4a492ebbd2353eb.html","e69192a01b6ddaccdaa9787603af42d564326f47a2ab3bd2859892865a471597","26357","e24481e7177ecd83cb123a0ad406c15db9757352e7d6bdb3d902117175c5e2c0","2026-06-11T13:04:13.065Z"
"naver-card-10448-raw","naver-card-10448","https://m-card-search.naver.com/item?cardAdId=10448","C:\p4\avocard\data\raw\naver-cards\snapshots\c885eb627dd5808e.html","82cb0d0bd88dc5014ea106ba84ff8a43aa55820de607e5b2b5b9ae94a6f75108","32998","9504c104fa31267174ff0f1a985d92f396e6eb031e87fa3ae8d148933bc59779","2026-06-11T13:04:13.065Z"
"naver-card-10449-raw","naver-card-10449","https://m-card-search.naver.com/item?cardAdId=10449","C:\p4\avocard\data\raw\naver-cards\snapshots\794e5df375c797df.html","7504d240030347d2cf389f6e4ce2312bbb4a470065ed20eb48257dab105ac944","33495","4f4017708b8db8e9560c69f9785ab2d4b899302c023f813c52c828cb121e9b78","2026-06-11T13:04:13.065Z"
"naver-card-10058-raw","naver-card-10058","https://m-card-search.naver.com/item?cardAdId=10058","C:\p4\avocard\data\raw\naver-cards\snapshots\7c3d324369e843aa.html","ee7ed2576476fa6310815bf8fe7171a2b81019676a87a3807a88994799d2c527","9369","e980d220a2b825ecce3e555c30ca49eb79379e4bf6fed9dd2b6f32ac57a11053","2026-06-11T13:04:13.065Z"
"naver-card-10544-raw","naver-card-10544","https://m-card-search.naver.com/item?cardAdId=10544","C:\p4\avocard\data\raw\naver-cards\snapshots\ddcb90c17ad1612b.html","17c2024bc1f8427cb4483dd0032ab982f33992f7e3d6bacb92bbc7b583f0d449","14445","1856d83ddae1c51d831199c6c271fd4fbd43436ec7126869acb97c1c40a36965","2026-06-11T13:04:13.065Z"
"naver-card-10585-raw","naver-card-10585","https://m-card-search.naver.com/item?cardAdId=10585","C:\p4\avocard\data\raw\naver-cards\snapshots\9b1c571439a96e86.html","2f272de751028b9317bfb8b16707c2438f2f0227d294c81954a39ccfe75523e8","17089","86d37b208678231cd9755ef19f00cc3d6089227c17131655a1729e66b2ca0615","2026-06-11T13:04:13.065Z"
"naver-card-2612-raw","naver-card-2612","https://m-card-search.naver.com/item?cardAdId=2612","C:\p4\avocard\data\raw\naver-cards\snapshots\46e42df49566fbf2.html","96b48a1398a9e0b9ea463d4c6481390e48d3f2ba501b4072d2aef2eb81796c19","17954","0155f7e805f3634cb8be9c3666d026d4db7b67e62e7532410d3ff604dcbe29db","2026-06-11T13:04:13.065Z"
"naver-card-99-raw","naver-card-99","https://m-card-search.naver.com/item?cardAdId=99","C:\p4\avocard\data\raw\naver-cards\snapshots\28ceedbb9d26c5a5.html","1f566601962e856ad7c2c3bf1e3ba3a43ec29db820e568fba2c41245645a41c6","17446","4e4298ec6a88fc0253b7ea059e18178c9e919504e1cecc9927a4d5a78db54494","2026-06-11T13:04:13.065Z"
"naver-card-10529-raw","naver-card-10529","https://m-card-search.naver.com/item?cardAdId=10529","C:\p4\avocard\data\raw\naver-cards\snapshots\5fbc37e61918beea.html","ff9c9f6ccba55bd639eef16ea2c7d21fbb2f1117bf90401d0fcac8d4882dfb44","15284","1946f013f234576d2d003e530f8115e0f2e6f9f314232acdd6c76fdaa94c0315","2026-06-11T13:04:13.065Z"
"naver-card-10545-raw","naver-card-10545","https://m-card-search.naver.com/item?cardAdId=10545","C:\p4\avocard\data\raw\naver-cards\snapshots\591fed950f3c8244.html","3c681d18f18d937efea0f812a40c2c00ef002f783b245d4059d3f84133a956b8","13933","f409ec71cc07523329be68acd5f439fb790f76fa037cb8d8a83e34656821a693","2026-06-11T13:04:13.065Z"
"naver-card-2857-raw","naver-card-2857","https://m-card-search.naver.com/item?cardAdId=2857","C:\p4\avocard\data\raw\naver-cards\snapshots\483b60895614a892.html","a5c6717ef6bc7e14e7d6e26c059efecb62d6bbbf0aa4962d07778ff90d5b1286","15511","9d39d61273e0f676ffc20408d207cea1c18fc212e30f5fef30ed92d26217b1a9","2026-06-11T13:04:13.065Z"
"naver-card-10059-raw","naver-card-10059","https://m-card-search.naver.com/item?cardAdId=10059","C:\p4\avocard\data\raw\naver-cards\snapshots\a1971ffc2a3db5a0.html","d45b7693aba9cbf71a9a05db913a3d63baa9317c78b02930b3711b258b88fb65","13321","bd9829c84984edc10d596ab94bbbaacb88d0cd5a4b53cd530b46a1cf55fa06e9","2026-06-11T13:04:13.065Z"
"naver-card-10478-raw","naver-card-10478","https://m-card-search.naver.com/item?cardAdId=10478","C:\p4\avocard\data\raw\naver-cards\snapshots\e793e275b7a1fbda.html","feb556dbad3e59c227a721b9318a9fb420684b955d4b86c9b1659483b2609e48","16318","9c2119cb5cd820abaffbea25cda0d57161bb75f5993b743f856b37b3ca815707","2026-06-11T13:04:13.065Z"
"naver-card-10302-raw","naver-card-10302","https://m-card-search.naver.com/item?cardAdId=10302","C:\p4\avocard\data\raw\naver-cards\snapshots\37e01296628043b1.html","70ebfc8be1dff0bfd16c0a691a6832d45e09cc8dd8ab1b7e3ec7c45a529fdab5","15537","c3f008db873dec3985bd6b65ce93662bd0c97a2884b458d5e0f595fde7842024","2026-06-11T13:04:13.065Z"
"naver-card-10301-raw","naver-card-10301","https://m-card-search.naver.com/item?cardAdId=10301","C:\p4\avocard\data\raw\naver-cards\snapshots\dddb332cf129dec6.html","6af83f8f4be275b0566f10e89e05e52d53129b9cf1f660179493312b32c304fc","12917","9a238d8f803795e81ec53a7161bed4568219861da3a3a61af0d9ee3c1507749e","2026-06-11T13:04:13.065Z"
"naver-card-10475-raw","naver-card-10475","https://m-card-search.naver.com/item?cardAdId=10475","C:\p4\avocard\data\raw\naver-cards\snapshots\4d9d8b75f05c6173.html","8ab05b1ce0f6ef28c72116fe503e81be3d10fd3e788241b227ede222e085ab7d","13081","f6af884332491b921537fbe186fe9dd3db19432720a4a2b18186bc2ee58aa7b0","2026-06-11T13:04:13.065Z"
"naver-card-10620-raw","naver-card-10620","https://m-card-search.naver.com/item?cardAdId=10620","C:\p4\avocard\data\raw\naver-cards\snapshots\89a589682c03849c.html","d657f00027f859db0946d1d0c470a01837ccbb4cf8dfcfc69e7e77ebc968b074","8769","bb9ce79ec14be09ee657508810dda4e802077b7d44e789e43c2f5bd33eeb9108","2026-06-11T13:04:13.065Z"
"naver-card-10422-raw","naver-card-10422","https://m-card-search.naver.com/item?cardAdId=10422","C:\p4\avocard\data\raw\naver-cards\snapshots\09cdbebcecba6265.html","22dab04ea9a60bb13f6bc307769c102336f9dda8b35d0e8657925354d5228c52","23362","54905fffed49c00691f2909ab061488940aea3fefc72f8e1ff470fe76d331898","2026-06-11T13:04:13.065Z"
"naver-card-10459-raw","naver-card-10459","https://m-card-search.naver.com/item?cardAdId=10459","C:\p4\avocard\data\raw\naver-cards\snapshots\256933a8edcff729.html","2c14d9c868488c821dca3a53d95f5cc617d2d420248385f6e3d22eb7457d3000","43154","993aa87fbcf1fee8260f0a0f4bfd90167b836982137800e6090c7db4d798c9a3","2026-06-11T13:04:13.065Z"
"naver-card-10460-raw","naver-card-10460","https://m-card-search.naver.com/item?cardAdId=10460","C:\p4\avocard\data\raw\naver-cards\snapshots\06f7fc759422d83e.html","72132c1d99642e5d7382538acb4a6791bf90b59fb6d1b7e5a874eca3a1f9dd7b","41339","8cb4a7e10730452d372fb0688d5c469eeb505b0e1d2519f9c108be3741463c2c","2026-06-11T13:04:13.065Z"
"naver-card-10461-raw","naver-card-10461","https://m-card-search.naver.com/item?cardAdId=10461","C:\p4\avocard\data\raw\naver-cards\snapshots\604ecd553aae9a87.html","ac114d83fc858ea77a3d8b17896226caef2809f861c99f13d71159155db38b6b","39377","8ac7361a4d0171144e422c0bb03efa8ed23caceb4d32efcd7a085c9b6fcbd7ef","2026-06-11T13:04:13.065Z"
"naver-card-10481-raw","naver-card-10481","https://m-card-search.naver.com/item?cardAdId=10481","C:\p4\avocard\data\raw\naver-cards\snapshots\4d778d9007f8ed11.html","5e0455745fcd551dd39089235e86defe8b9cc11e49eb6f5ec09ef67d68c98305","23968","53e4c11b36ac41c1d92d980c1fa7c4114ade9b59538ea52ab3d096744f3e8f62","2026-06-11T13:04:13.065Z"
"naver-card-10510-raw","naver-card-10510","https://m-card-search.naver.com/item?cardAdId=10510","C:\p4\avocard\data\raw\naver-cards\snapshots\292d27b2f89cf01a.html","6cc7d56f5a73145e19398c5803aebe26e5aefe1bc06c0cf0bef90504ae5af8ec","12414","c1847500d03b6da512f73a4cfc19df87558f7c5d1cf11382393e3716dfdae118","2026-06-11T13:04:13.065Z"
"naver-card-835-raw","naver-card-835","https://m-card-search.naver.com/item?cardAdId=835","C:\p4\avocard\data\raw\naver-cards\snapshots\014968604816a65c.html","4d46a1ca9a4119a26a5de304c2091afd9e4a8a7b2b74758e666f148c0cfcab6b","12498","c33feb5bd349b57235dd87ce2f0ab454e1dada5b2c8974fa836f2661ea9df34f","2026-06-11T13:04:13.065Z"
"naver-card-1470-raw","naver-card-1470","https://m-card-search.naver.com/item?cardAdId=1470","C:\p4\avocard\data\raw\naver-cards\snapshots\2c2f176b748b7359.html","84dcafe1959a6695a30ec8722080b87e19cc877cfeae4e4c31267304ee262428","11853","19cbe039395c8fb072542809bdb6ac16632395661bd771e64a5392844f3589b1","2026-06-11T13:04:13.065Z"
"naver-card-10386-raw","naver-card-10386","https://m-card-search.naver.com/item?cardAdId=10386","C:\p4\avocard\data\raw\naver-cards\snapshots\d4a6e8f2e38d0f9f.html","9b35fb9078c262b637e31f66a72744e2bcf63dd35503f366b68542b274479ca5","20217","2d7f4dd7b1ff440afaaa6295a6aed2fa7109521c571b2ed24a0a7a5a242a804f","2026-06-11T13:04:13.065Z"
"naver-card-10489-raw","naver-card-10489","https://m-card-search.naver.com/item?cardAdId=10489","C:\p4\avocard\data\raw\naver-cards\snapshots\89c6b78ec98b4dc4.html","08d8e03a24993644d0e8448d095d9a8d17f4b419e034fefbaf7fef95303e5d55","10861","9de0d268addb533b8a195d4dd21f584cfdda0d829fde6b9c8dabc07c5cad412a","2026-06-11T13:04:13.065Z"
"naver-card-10563-raw","naver-card-10563","https://m-card-search.naver.com/item?cardAdId=10563","C:\p4\avocard\data\raw\naver-cards\snapshots\ab810f718d393629.html","9e984091ea5fafbefcc07513e3633853c4ed121de3211deaf863d0527988c97a","15777","53536c7bf72ec0772209fbe8423584a1e5a2e1512f9fc94fcb27526e015a9591","2026-06-11T13:04:13.065Z"
"naver-card-10543-raw","naver-card-10543","https://m-card-search.naver.com/item?cardAdId=10543","C:\p4\avocard\data\raw\naver-cards\snapshots\e43951ddc7b7ae41.html","fcf279d81a561478d0d090e01e30dbc0e25ba293bb7a93e8a18d597676545735","11947","3368cbeb326ad6d77aa2922b0a0cc36feaa07891c9a661dfd4322be48a3ad844","2026-06-11T13:04:13.065Z"
"naver-card-10541-raw","naver-card-10541","https://m-card-search.naver.com/item?cardAdId=10541","C:\p4\avocard\data\raw\naver-cards\snapshots\d94ce90ecf4020f3.html","5660c605e954b0138b24053d5d437096a03b6f15a678b3dd7ae2e2be55dba2e0","9289","160fa9b9d443b1948c81ee99cc5b53445c00c1e42d7f57d70ee937b53d4802f2","2026-06-11T13:04:13.065Z"
"naver-card-10542-raw","naver-card-10542","https://m-card-search.naver.com/item?cardAdId=10542","C:\p4\avocard\data\raw\naver-cards\snapshots\a34a0c0b6c01f671.html","03ee97332c40aa79be46a706a5e15cd1cbd26e75348c357ebfdb9e7e7f6b6976","9328","3de8edaeecdb5290364b18c7e7d1511811d1a5ac22ebd98005bc0c30130ea82e","2026-06-11T13:04:13.065Z"
"naver-card-10574-raw","naver-card-10574","https://m-card-search.naver.com/item?cardAdId=10574","C:\p4\avocard\data\raw\naver-cards\snapshots\adf033bc2bd5debe.html","f6d2b8406ef0d65ab0af5fdf90ea1914368a7b738771e6e2b9dcc013f0595c12","14245","b4ba414cf4a1e7d1c13e34d2316222ed000d704f027f47b4602a15d95e0c6c0b","2026-06-11T13:04:13.065Z"
"naver-card-10423-raw","naver-card-10423","https://m-card-search.naver.com/item?cardAdId=10423","C:\p4\avocard\data\raw\naver-cards\snapshots\857b3582371b332c.html","c9b9639ba9b8146f0307fee854f918959dbab8c1015e0fac26d1b65f5c2139f1","21181","dd9dfa7932c61ec0c26fe3d7d2d1051cfebe29976facb32be3f5911f026573b3","2026-06-11T13:04:13.065Z"
"naver-card-10627-raw","naver-card-10627","https://m-card-search.naver.com/item?cardAdId=10627","C:\p4\avocard\data\raw\naver-cards\snapshots\d5e3b37bd44452c8.html","a462293366f469a70a1cdca24eac8b0b8f80b86cb2e9dabb59d9c37c3e45e524","9004","9b871ebe04a4e2bd0d8fbe1829b3143cf5db6d280f8b61fc4bec1b10f8fe1278","2026-06-11T13:04:13.065Z"
"naver-card-10570-raw","naver-card-10570","https://m-card-search.naver.com/item?cardAdId=10570","C:\p4\avocard\data\raw\naver-cards\snapshots\ae7d3680de3b3c5a.html","22e0274dd10f7d3d348f7f0086acc0252eb6e8d8ca349c3af86543714d74455a","28040","58a4b40e2a862f310d885285d2bfb8573272c1bed8d810966955af4bf67b4505","2026-06-11T13:04:13.065Z"
"naver-card-10569-raw","naver-card-10569","https://m-card-search.naver.com/item?cardAdId=10569","C:\p4\avocard\data\raw\naver-cards\snapshots\a4c816502def4b6d.html","2992b0ae97c982085d71d4a277a4aff21b7b711b06f8a56de79b641247b7ff71","57468","5bd6771e4bdf165abe8a5fa391d26eb2daa52b1d2eb12ada595cd4ed8f6f0201","2026-06-11T13:04:13.065Z"
"naver-card-10619-raw","naver-card-10619","https://m-card-search.naver.com/item?cardAdId=10619","C:\p4\avocard\data\raw\naver-cards\snapshots\15b2e85bf79209fc.html","d847b62ac0ac45e7e61222708d054702edccd1a9a07f7307072ba22febf031ac","23909","445eee1cb4aed2e352ff4e3ab8ea7dcabf6d37c7592d9104aa691b17a8468d9b","2026-06-11T13:04:13.065Z"
"naver-card-10628-raw","naver-card-10628","https://m-card-search.naver.com/item?cardAdId=10628","C:\p4\avocard\data\raw\naver-cards\snapshots\75940ee04dfa0c9e.html","3033cd2002fb60eada701b3f459d58089896f2281be66bced211235f8af5735d","7496","f8f233191b25653c8db464b913c3fe8f997b9051c3269f670032659834fbe357","2026-06-11T13:04:13.065Z"
"naver-card-2533-raw","naver-card-2533","https://m-card-search.naver.com/item?cardAdId=2533","C:\p4\avocard\data\raw\naver-cards\snapshots\ab1b6f086c8f19ef.html","5f99437d24c32b44c71fd4e980b6e2f22e5fbc5f6abfcc27714b88378f2e4207","20614","5dd739cc4e0bb3c6c7742137a2bb24fb453f5ee77ed20c57941e772cfcb25aa3","2026-06-11T13:04:13.065Z"
"naver-card-10053-raw","naver-card-10053","https://m-card-search.naver.com/item?cardAdId=10053","C:\p4\avocard\data\raw\naver-cards\snapshots\b03b47bfd9912728.html","f35c31a2ef97049605aabb3f8a9ed93192c837323d9810e686431ed506b9157e","18641","0a63c84687a3e9e185a08040b9d495c6595e998f5114be663c6f9e96cf9054fd","2026-06-11T13:04:13.065Z"
"naver-card-1591-raw","naver-card-1591","https://m-card-search.naver.com/item?cardAdId=1591","C:\p4\avocard\data\raw\naver-cards\snapshots\a30083ec8737f2e4.html","f3ff4b84dfc20f040652caa84d7058da5389600e03f6e891c3db7da6e2ce5cd1","18640","523c7bef8d87cb801842aa90d1aa4d24ce9bf63dc7b845630586972002d3d7c1","2026-06-11T13:04:13.065Z"
"naver-card-10609-raw","naver-card-10609","https://m-card-search.naver.com/item?cardAdId=10609","C:\p4\avocard\data\raw\naver-cards\snapshots\b6587ca654c31cfe.html","b7b46a5e411dd88e0218ab498842869dbca12ead08d577c416167912fc088b47","21714","349ece7b5e5ed5a8ccccbf2a3c404c6e05c6bb8fc8e7298bca4a507a552e05ee","2026-06-11T13:04:13.065Z"
"naver-card-10469-raw","naver-card-10469","https://m-card-search.naver.com/item?cardAdId=10469","C:\p4\avocard\data\raw\naver-cards\snapshots\b20d3f0da1967e09.html","c338bc805eebce92eac2da34cb7eb908d795f9e382d4917fb0d4957b040e7453","12606","5d858ba4bf9d0953cba3a1c8ea22ef72d9519d22a32bc04e5bbd35f353594ea2","2026-06-11T13:04:13.065Z"
"naver-card-10416-raw","naver-card-10416","https://m-card-search.naver.com/item?cardAdId=10416","C:\p4\avocard\data\raw\naver-cards\snapshots\c87d35a32eda958f.html","214db5c9e5f26a70cc43e052bab6e1b60d3a5b9d30a965253a6ebc56da6a0def","15906","1c21c4073f4c4e8a9ed7595138152cc166f6d17cca18eaaa65df0b58a27752a7","2026-06-11T13:04:13.065Z"
"naver-card-1570-raw","naver-card-1570","https://m-card-search.naver.com/item?cardAdId=1570","C:\p4\avocard\data\raw\naver-cards\snapshots\f8548c97a17dbd8a.html","fc844fa825bc080111d44ee5a8b83a3f41c364817533ec2848b6f37859887dd5","14947","2f0ff35f65e2929260a2dfb100291dc536dd5f091b3f06e085970288fd5f0664","2026-06-11T13:04:13.065Z"
"naver-card-3756-raw","naver-card-3756","https://m-card-search.naver.com/item?cardAdId=3756","C:\p4\avocard\data\raw\naver-cards\snapshots\1f627410594f4126.html","1472193f86652f14e0a84b9ddcb70d5b12d4e3fc25cc2d97a4b70f12a5485426","13739","20ba8d49bed7db3cd17834a240606f104ac5d502ca4145c77321528b9892ff41","2026-06-11T13:04:13.065Z"
"naver-card-10467-raw","naver-card-10467","https://m-card-search.naver.com/item?cardAdId=10467","C:\p4\avocard\data\raw\naver-cards\snapshots\3e47627cd5e36ec8.html","3649d2ac002cc34ab03025dad4a98ac77859472895733a0e490a95d41121efc3","12275","32495de867ab3772f239f10fd4620c9a0c1e43bcd2543b5bc44b6f3ee18bd899","2026-06-11T13:04:13.065Z"
"naver-card-10080-raw","naver-card-10080","https://m-card-search.naver.com/item?cardAdId=10080","C:\p4\avocard\data\raw\naver-cards\snapshots\5931e416845e48d6.html","fc2e4a0b777647272c07c02e1800842914186b8957fed55c0e4b368881318357","11026","53186438e93e7e573cef628f2365442bda15f041900eb050ac6a8c5620a20839","2026-06-11T13:04:13.065Z"
"naver-card-10151-raw","naver-card-10151","https://m-card-search.naver.com/item?cardAdId=10151","C:\p4\avocard\data\raw\naver-cards\snapshots\f4b2e0ccc0921a5d.html","74a5b2f6349f519a7fa665f4bd541ef2c9281f2e658a9686287216d87dc89346","13486","74ba64fa1f00a268e57c24701f541e4b96d8b3058c3154786313029742a42272","2026-06-11T13:04:13.065Z"
"naver-card-10207-raw","naver-card-10207","https://m-card-search.naver.com/item?cardAdId=10207","C:\p4\avocard\data\raw\naver-cards\snapshots\1ef4456043b8571e.html","addbbffe4fd7191cbc777efc5f865353ca9a27c70e4d75c8a487d6bae4481636","8478","98653fea64cd0dda7a15d77da76d4cc380992d0f4dc4a502a0b7f49b2300bdae","2026-06-11T13:04:13.065Z"
"naver-card-10260-raw","naver-card-10260","https://m-card-search.naver.com/item?cardAdId=10260","C:\p4\avocard\data\raw\naver-cards\snapshots\e2ee4c01651867d5.html","c21c7f6388503b6b61c89542e8246d77beb7fd42c22f2e472ca2ab3b33b5fe9f","14184","a8ad9f99f48df089982bc4b6591d42076dd7032a5fc9bbaf7c437e6d523f6b8e","2026-06-11T13:04:13.065Z"
"naver-card-10507-raw","naver-card-10507","https://m-card-search.naver.com/item?cardAdId=10507","C:\p4\avocard\data\raw\naver-cards\snapshots\2f86042026c6b690.html","70411653cbac0b4679f258be55dbbe11e7b827882285cf7130c703d791310cc0","9541","1c26b1ef30e4b3e1acfd16a5bc3699d782dbcbe4993a4024c167398d9a7dccbc","2026-06-11T13:04:13.065Z"
"naver-card-10500-raw","naver-card-10500","https://m-card-search.naver.com/item?cardAdId=10500","C:\p4\avocard\data\raw\naver-cards\snapshots\7f23cd4ec26cf690.html","4a3977b696c920faa94c2fc026f8c4200815ebf90801c984588cd1926c73b2a7","9429","85f0a1c44b6e2183a8e44769379bf065d97d815f4c4dfa16ab3c23f8a8713cd5","2026-06-11T13:04:13.065Z"
"naver-card-10513-raw","naver-card-10513","https://m-card-search.naver.com/item?cardAdId=10513","C:\p4\avocard\data\raw\naver-cards\snapshots\2b44f3b5f2b74496.html","9c393000c9260c5c2fc0e4888ad837762ca64f1b1ea87097c166099802ad9cbe","11435","b665e60ff6dbfa1cbd954d51edf12536c538462cdc30fc290042ffe4fdadf265","2026-06-11T13:04:13.065Z"
"naver-card-10617-raw","naver-card-10617","https://m-card-search.naver.com/item?cardAdId=10617","C:\p4\avocard\data\raw\naver-cards\snapshots\908cb02770330c1c.html","14377186d35932c4c40629e5b887f62eeb76f677d36db14622ccbc11bb9dd7d4","11858","104390a8521a2e376c4500b226b408e722bb15107222e2b6fc4e84c1d6bf3f4e","2026-06-11T13:04:13.065Z"
"naver-card-10410-raw","naver-card-10410","https://m-card-search.naver.com/item?cardAdId=10410","C:\p4\avocard\data\raw\naver-cards\snapshots\cf0f6057e2e1f0bd.html","6d2bba5693eb58392ca385fd1ce95a20b71195b29374271d9c20b784f309f5dd","10913","0a0c567c8bf9e89f49527171e87871df0f1a11acd4b5432650c9e34186ca1e01","2026-06-11T13:04:13.065Z"
"naver-card-10506-raw","naver-card-10506","https://m-card-search.naver.com/item?cardAdId=10506","C:\p4\avocard\data\raw\naver-cards\snapshots\ece1c7b47d443142.html","fd72f59850fa42825405dc27cd6a5d9122519cb53498e7d9d15ae56dbf04491b","9495","61ab3a5e75874faedcc7a7e61ac130db453146b5b8ec39f8d8249109de5f3161","2026-06-11T13:04:13.065Z"
"naver-card-10535-raw","naver-card-10535","https://m-card-search.naver.com/item?cardAdId=10535","C:\p4\avocard\data\raw\naver-cards\snapshots\af3a2ec7e26ffebc.html","c74c114b4fb54353dc89d9c872e395b0adf94413fb5187aed7755dc1a0b6bedd","9242","be73b407cb294bb9d0cbbea83b116f860b2e2768d50b16184b22f52a9f55058c","2026-06-11T13:04:13.065Z"
"naver-card-10378-raw","naver-card-10378","https://m-card-search.naver.com/item?cardAdId=10378","C:\p4\avocard\data\raw\naver-cards\snapshots\074a4f90d6545b05.html","2098498e3429e098faa07c1bc41433f7f6a16de53a532d55633c26dac7f87d52","11608","ccc2ee93db8198e1237da5a1af28cc92c10bb5e8cc1fbfa2e7fbc8a24021d798","2026-06-11T13:04:13.065Z"
"naver-card-10128-raw","naver-card-10128","https://m-card-search.naver.com/item?cardAdId=10128","C:\p4\avocard\data\raw\naver-cards\snapshots\7e2fc17be215b134.html","b55b2b8f1457b8666a0c923125c82a3307b0567575b0e704bd5cd7d4e3e9126e","15368","17e5a9891f63827aafc199b6c55e96e98e413ba4cf588790645d6770a90f4951","2026-06-11T13:04:13.065Z"
"naver-card-10491-raw","naver-card-10491","https://m-card-search.naver.com/item?cardAdId=10491","C:\p4\avocard\data\raw\naver-cards\snapshots\2d57760118845fc7.html","7aa189fddce46597c5cdcb5b31c735c38c308c45e3fdac9efa08b192cd2fc33c","14055","5e009eacca6eb7429483c1462b5429bebbf78cb562f5beeb06156e78f2e46e4b","2026-06-11T13:04:13.065Z"
"naver-card-10565-raw","naver-card-10565","https://m-card-search.naver.com/item?cardAdId=10565","C:\p4\avocard\data\raw\naver-cards\snapshots\48269045fba879ca.html","a7b56f383efa2fd65d25361fb22b5b3484212b13364ab2f97fab69ceaf1f564d","12097","eea0c981ae1a59cdad4a75253732ea86188df627ed6c0291889ea73244bbbb56","2026-06-11T13:04:13.065Z"
"naver-card-10581-raw","naver-card-10581","https://m-card-search.naver.com/item?cardAdId=10581","C:\p4\avocard\data\raw\naver-cards\snapshots\9e0c12c1b3786509.html","5323e2a84ad34383e81dec9352b9fb262e0a8ffc0e11cc0eec6b96e0906518e0","10617","e51ea53727684cdbd7923b45b2b7073d438da1788bcced1cb1c6ffdacfcfec23","2026-06-11T13:04:13.065Z"
"naver-card-10564-raw","naver-card-10564","https://m-card-search.naver.com/item?cardAdId=10564","C:\p4\avocard\data\raw\naver-cards\snapshots\82f578c2e2f91846.html","53d020896df12f82a1ee81dff6cf71392e926554a37b3632ff44bcd707ed69ec","11824","670ded024cc575558d8f6dcd3e536c2aefcbf108512dc438019da1c07dfe8cc6","2026-06-11T13:04:13.065Z"
"naver-card-10582-raw","naver-card-10582","https://m-card-search.naver.com/item?cardAdId=10582","C:\p4\avocard\data\raw\naver-cards\snapshots\3d20f4796fadd2b5.html","dc98cde46ccdf753be5f18626ff63f323c21c2261104d9c48f8f5b4816c68c25","10735","4e9d2d7d042d91fc88f476cde0b8eab87b2840494199cc9a5f8734ab91b0f2b5","2026-06-11T13:04:13.065Z"
"naver-card-10576-raw","naver-card-10576","https://m-card-search.naver.com/item?cardAdId=10576","C:\p4\avocard\data\raw\naver-cards\snapshots\a9ce5b23ecb053ce.html","1b5a2e2705a532abffd133af23418e01e47510e37e94e8757e2a4d29f82210b9","11329","2626439601fb95fcd694e0c2427ed712bf17c3504a4ffcb72b0abaf6a807a233","2026-06-11T13:04:13.065Z"
"naver-card-10578-raw","naver-card-10578","https://m-card-search.naver.com/item?cardAdId=10578","C:\p4\avocard\data\raw\naver-cards\snapshots\110af985d67b95e5.html","3faa86f60ae123b792ab98503f0f799f5b7d088d9aebf78a8c89033fca8c269b","8627","a79a9e4413e8f24033859610ed789c57126f3d5520687750c68163428d538bb0","2026-06-11T13:04:13.065Z"
"naver-card-10405-raw","naver-card-10405","https://m-card-search.naver.com/item?cardAdId=10405","C:\p4\avocard\data\raw\naver-cards\snapshots\ebfa40d02cdb26c5.html","b42e614f6f11b2442baa66e522d9423c51b579f5973516a632ff81c95130c079","12544","e50a8753dc3774551e6e44b26adf4b1f955bb1ee6016d4d2eb32cc6944a86800","2026-06-11T13:04:13.065Z"
"naver-card-10369-raw","naver-card-10369","https://m-card-search.naver.com/item?cardAdId=10369","C:\p4\avocard\data\raw\naver-cards\snapshots\5d7092225fcb3896.html","48619b0507451335ee09aa66b42550d561a422eb4d145d0527069b4ab8c73b12","11194","aeeeaad8fc936a6232bd6ec16938cd5d58be2215a60a4a24b4f196995b3b6a81","2026-06-11T13:04:13.065Z"
"naver-card-10404-raw","naver-card-10404","https://m-card-search.naver.com/item?cardAdId=10404","C:\p4\avocard\data\raw\naver-cards\snapshots\ec978463190ddfd7.html","3faf3136fc13da96ffeea889ae9d47b91fbe546d8b8a0c399f0f3188f01d277a","14638","e3cb6ae4906ab6d40fef53101d27b73e986d2bbada145d76a7cc0beeb8306b8b","2026-06-11T13:04:13.065Z"
"naver-card-10583-raw","naver-card-10583","https://m-card-search.naver.com/item?cardAdId=10583","C:\p4\avocard\data\raw\naver-cards\snapshots\483fc2ac6a3864b0.html","5c8ab7f1e8f696d90746331b27b5561cd08ecab944c549b63400c2039203d9da","10396","ee74645ea036bd609c97000fc67b7dd59f77daa0915986bdaa6fb6da45098026","2026-06-11T13:04:13.065Z"
"naver-card-10385-raw","naver-card-10385","https://m-card-search.naver.com/item?cardAdId=10385","C:\p4\avocard\data\raw\naver-cards\snapshots\250ab09066f46667.html","cbd822a41d3acd69b9f655f4b271972eb0008ca485db91054eeebe2564553223","12136","57eb57c55d871416873a562c74e3927074b674a1828fe33bf9a20ca46fdce533","2026-06-11T13:04:13.065Z"
"naver-card-1400-raw","naver-card-1400","https://m-card-search.naver.com/item?cardAdId=1400","C:\p4\avocard\data\raw\naver-cards\snapshots\3acd4a8f1ea5d0aa.html","ff7b3cf78fe90a2ec499d80342f99a3c719eef35b059c820d41f20afb786763f","15528","35a85214d11ceae8f9235486eab5c9a1d9b254949266c58da7a82164f14a3d76","2026-06-11T13:04:13.065Z"
"naver-card-10465-raw","naver-card-10465","https://m-card-search.naver.com/item?cardAdId=10465","C:\p4\avocard\data\raw\naver-cards\snapshots\d57d6a6efc516ae2.html","625815bc46f9342b572f6ed36a3d9eddf8d887af8133ed2c24e11b032e4fe1a4","16462","5f4adfe9cd42f14fff6a2976dfaf4e7caacd2920540c5544fef59a92b2308530","2026-06-11T13:04:13.065Z"
"naver-card-10219-raw","naver-card-10219","https://m-card-search.naver.com/item?cardAdId=10219","C:\p4\avocard\data\raw\naver-cards\snapshots\ea2fd6cf61223561.html","56441148e4a8a7a58b0b2c7c3c67bba5500fce62a2bb5b1e98a4c6ef503433de","15093","6ad42d4df8339f7dc9b962a36937a66200059fd7e7a4d850aa2106c062ee92d7","2026-06-11T13:04:13.065Z"
"naver-card-10076-raw","naver-card-10076","https://m-card-search.naver.com/item?cardAdId=10076","C:\p4\avocard\data\raw\naver-cards\snapshots\e9e31a1b1391bf2a.html","ea567db02306a11e097e51a527b4bd474f7e8637fb05688b5739caf79216ca12","7822","7042293dd6ad4120a1a27957acc94fbaa479ff675b73e39b280a35714c823595","2026-06-11T13:04:13.065Z"
"naver-card-10455-raw","naver-card-10455","https://m-card-search.naver.com/item?cardAdId=10455","C:\p4\avocard\data\raw\naver-cards\snapshots\335e7c0490d0a020.html","0f713d6e8d656593bae79ff3fbdf1945c94229db7fbfcf41793791cad9d70707","10131","443331f788d967bd00011db560a84f2bd68862466baeb90694116ecc657afa4d","2026-06-11T13:04:13.065Z"
"naver-card-10384-raw","naver-card-10384","https://m-card-search.naver.com/item?cardAdId=10384","C:\p4\avocard\data\raw\naver-cards\snapshots\7145684e8f50634e.html","f5cb89933a74a6bcbcc1665baf518f75bc7597383819febd4fd5665813256dff","11850","fbaf98750eb8795f9c167ec533ff01e07fe09dd0fbe3605e721bbfe9f853abc6","2026-06-11T13:04:13.065Z"
"naver-card-10383-raw","naver-card-10383","https://m-card-search.naver.com/item?cardAdId=10383","C:\p4\avocard\data\raw\naver-cards\snapshots\d4f3fb68596341e3.html","2da4b1112af5ee29272afbf38111143b243023ec084a704619346af7923133c4","11933","4eeab84715166aedc69fb05da8faccc2a3e1deb555bf11c7238e8ceb502c09ea","2026-06-11T13:04:13.065Z"
"naver-card-10622-raw","naver-card-10622","https://m-card-search.naver.com/item?cardAdId=10622","C:\p4\avocard\data\raw\naver-cards\snapshots\f01509b5767cb26e.html","a47c1448e01dc4028f483a83ade47d75bdae68efbfb296573a2a4e29dcba4324","12537","d372f62ccc54b76a9b40ed25550b396248be9fe8bd87f3efa3ebb8c517fef194","2026-06-11T13:04:13.065Z"
"naver-card-10394-raw","naver-card-10394","https://m-card-search.naver.com/item?cardAdId=10394","C:\p4\avocard\data\raw\naver-cards\snapshots\e6b8f32fd9ab0b4a.html","c7b3c140330edaeb291a62846e3a9b17b057e046c5fa065d8527ad162e623901","11552","babd4eb33722c210234ba42d06e53e951ce4a1ebc336d6d019306aad055fee26","2026-06-11T13:04:13.065Z"
"naver-card-1614-raw","naver-card-1614","https://m-card-search.naver.com/item?cardAdId=1614","C:\p4\avocard\data\raw\naver-cards\snapshots\374087d7b3144e99.html","471b24d7307fdeef48143072057c830361b73dc8c06dbadbd9c71217cd39b9a6","16304","18db13f481bb672f0fc479596ee41508edf4d0a659a0575126de8cd3064da5c9","2026-06-11T13:04:13.065Z"
"naver-card-10400-raw","naver-card-10400","https://m-card-search.naver.com/item?cardAdId=10400","C:\p4\avocard\data\raw\naver-cards\snapshots\56ceedc0b9755c18.html","42a21511ff244924a7fc881b1131e99d6fdcd92c3752c9cd3439a313a0b23dcc","13372","524e138ea4af663af30817c5f2012d99d047dc21aceaa2893acb2b76689e296f","2026-06-11T13:04:13.065Z"
"naver-card-10573-raw","naver-card-10573","https://m-card-search.naver.com/item?cardAdId=10573","C:\p4\avocard\data\raw\naver-cards\snapshots\785220d3bc86a798.html","dc34bca7a7162bdec3efed0b324b1a2daa4c659b60f391680ee904412c81bd28","9566","8363ed6869e4cb580c166fd21dbe44cafcfa75c8a78e5c592bf3b7ee13a356cb","2026-06-11T13:04:13.065Z"
"naver-card-10441-raw","naver-card-10441","https://m-card-search.naver.com/item?cardAdId=10441","C:\p4\avocard\data\raw\naver-cards\snapshots\d1f39f93e5b48ea4.html","80a9588ca9bfaaa7272b89cd182acbbc2886058ab497bd69e58ea86d92d8cae8","8808","c5e890b3d6a8c140e760d3ce266da8fdbc157f1ddfa7c2495846594048d131ea","2026-06-11T13:04:13.065Z"
"naver-card-10350-raw","naver-card-10350","https://m-card-search.naver.com/item?cardAdId=10350","C:\p4\avocard\data\raw\naver-cards\snapshots\040843eb98572d6e.html","a7923dd646142fb00389edba1c8a22e374423ec2c3e90596615091a8328dc43c","14018","f1686c4ed89ba7f42f9c5ef036425a0761125f29b1b735693a0af560dc0a83fd","2026-06-11T13:04:13.065Z"
"naver-card-10528-raw","naver-card-10528","https://m-card-search.naver.com/item?cardAdId=10528","C:\p4\avocard\data\raw\naver-cards\snapshots\f0fa6bcbf285d3bf.html","71c04a4f6433935db5b4e4efd967efcd98cce279ac9946754759aba2b1a34f36","13274","63ab2d961a9bf3d11ca3f4a1f1933b91123e9ed948f7ccfbf15c04fbbf60d6a8","2026-06-11T13:04:13.065Z"
"naver-card-10401-raw","naver-card-10401","https://m-card-search.naver.com/item?cardAdId=10401","C:\p4\avocard\data\raw\naver-cards\snapshots\f12954707d5fb9b1.html","812832b4b18a238743cd49eb4ca802c0b286f18eec5c82d53330f719cd4735cc","12727","560eeeaa43b239cf14258d29ebfaf0a41eabbfa5035ab8e1bdb12fa5ad1b2824","2026-06-11T13:04:13.065Z"
"naver-card-10621-raw","naver-card-10621","https://m-card-search.naver.com/item?cardAdId=10621","C:\p4\avocard\data\raw\naver-cards\snapshots\ef02cd605cecadc6.html","4507b71b27d008c7d5f333dffe68d7aacd3167d87de4aed4c771c45e8462c9d5","12391","567c9466c6520a9e42838b1a06f0c48d3c92206822ed63ca203594d381316202","2026-06-11T13:04:13.065Z"
"naver-card-10399-raw","naver-card-10399","https://m-card-search.naver.com/item?cardAdId=10399","C:\p4\avocard\data\raw\naver-cards\snapshots\e379af77819779ae.html","92aea55c7aedf32d12e721837f7c30c6a3ee7d79fd95e5ae6630f295ee65f67d","11580","d0590c09f80f79f7560b477c939111d3d8e1de7f88732275f01c4bef50490533","2026-06-11T13:04:13.065Z"
"naver-card-2487-raw","naver-card-2487","https://m-card-search.naver.com/item?cardAdId=2487","C:\p4\avocard\data\raw\naver-cards\snapshots\eee3df8c3d15e83d.html","50695b05e4b59df45609fabe8d39daf545eb5aa6f0068774edf39a829f7966cb","11878","ace65d27b9fcd2f0a067217f5ba7db0ee3e57d4cff31559d13dedbb269cfeb72","2026-06-11T13:04:13.065Z"
"naver-card-10562-raw","naver-card-10562","https://m-card-search.naver.com/item?cardAdId=10562","C:\p4\avocard\data\raw\naver-cards\snapshots\c7837968d84cb9c2.html","74227c76b3995bbab9ed42125ebe0acc5b559cb809a1ed5a1a39445c08076929","14525","f5aa47ad95adaaeb271ef4c94793015053c18672bce7d07c23e65395f6a58a4d","2026-06-11T13:04:13.065Z"
"naver-card-10189-raw","naver-card-10189","https://m-card-search.naver.com/item?cardAdId=10189","C:\p4\avocard\data\raw\naver-cards\snapshots\648684f12bf308c2.html","3593fce3495f1945c8cc753d73a8c7d2014e9ac182b384dd44da51617c2adc1d","9393","6a28611c16591e11b7593164960e6fb209ad27c9ef7b47ef3e450256c0f58ba9","2026-06-11T13:04:13.065Z"
"naver-card-10420-raw","naver-card-10420","https://m-card-search.naver.com/item?cardAdId=10420","C:\p4\avocard\data\raw\naver-cards\snapshots\731cc3df57e42110.html","f6f356655f44df63e60e4a9f9503f2975921a022bdaeb1dbb520ec5a132784be","10944","14293a08d93e8c3901b2767a1003345e1c18bc9fb27d9a64c5bdbdf40bbeca05","2026-06-11T13:04:13.065Z"
"naver-card-10362-raw","naver-card-10362","https://m-card-search.naver.com/item?cardAdId=10362","C:\p4\avocard\data\raw\naver-cards\snapshots\b6a8413a4ab25e5a.html","2d3c96b2c9e62d6daaa4d2d21ac6f5764757afc77953f31bd08dd49a55fc0659","22258","901f763bb2b5753b2e3dd67382b345ea25fb49afb91d17472b47bcfad854a135","2026-06-11T13:04:13.065Z"
"naver-card-10608-raw","naver-card-10608","https://m-card-search.naver.com/item?cardAdId=10608","C:\p4\avocard\data\raw\naver-cards\snapshots\6d567184f7770de4.html","13e855913357986d3124809dfc8a1f18b4fcb9c565fb8649c5bfd6a6ff8aa7a2","15796","fd4275f2b693bbbd25ea1e7be3c8354143a07ea14e71416603876dab8d2b1cb6","2026-06-11T13:04:13.065Z"
"naver-card-1243-raw","naver-card-1243","https://m-card-search.naver.com/item?cardAdId=1243","C:\p4\avocard\data\raw\naver-cards\snapshots\dace60e4c9721b19.html","41203ae7e00bc5580578edddf54cd583cfe6c83c53a9237d0dd05e8b12a17955","13563","d2d170a11856d660e039ca93dff6410f411ef89aa7af96c7917990c0c03f5a8c","2026-06-11T13:04:13.065Z"
"naver-card-10361-raw","naver-card-10361","https://m-card-search.naver.com/item?cardAdId=10361","C:\p4\avocard\data\raw\naver-cards\snapshots\6b9bfc007caeacdb.html","9cc5cf8f738f62a6335fba996feee2fb4acdb08d5cbc1d4a7a757f5dc90fb7a9","22971","99c53a898429122c56ca88f3f3510888b6a8297aba6718421e1df8e1e7b96e06","2026-06-11T13:04:13.065Z"
"naver-card-10363-raw","naver-card-10363","https://m-card-search.naver.com/item?cardAdId=10363","C:\p4\avocard\data\raw\naver-cards\snapshots\0addd762932fe9d6.html","f08e7da8a280ff32759a7b0834b86528cdc1624f99aa1fe0c7c7e2565418908d","18666","23fe2aef7c0d305d9071233d401e38672c81bf2244e54282dfe349df0539a130","2026-06-11T13:04:13.065Z"
"naver-card-10518-raw","naver-card-10518","https://m-card-search.naver.com/item?cardAdId=10518","C:\p4\avocard\data\raw\naver-cards\snapshots\07a01a4628c88193.html","8c5f82a9d37680b77b31b5d6b78f841737f69cd428498a66b6193b1a681a1708","10595","c36a55da634fc2fe36c6cb7032e2a329b2b2f511dbad4b9c4f20b16e338550a9","2026-06-11T13:04:13.065Z"
"naver-card-10225-raw","naver-card-10225","https://m-card-search.naver.com/item?cardAdId=10225","C:\p4\avocard\data\raw\naver-cards\snapshots\f026d3b684baaa43.html","6a3b5762031347e520818fe66ebdf4f5232598760533bd167efadd2dcce0ab31","12129","9f77092b0616acdaa09cd73ba7059952eeee31ea5d3ba7d07f98e51b4129812d","2026-06-11T13:04:13.065Z"
"naver-card-10618-raw","naver-card-10618","https://m-card-search.naver.com/item?cardAdId=10618","C:\p4\avocard\data\raw\naver-cards\snapshots\bee721169ae60b08.html","97ff5084bc57620d25c341a2444e34562aa3e3c196b8e9b377ea6b2a19ebd233","12415","af9dbf01e7d5ddf5747652d7bb67ce274a234f990166989ebfdd97d6a7b76df1","2026-06-11T13:04:13.065Z"
"naver-card-10186-raw","naver-card-10186","https://m-card-search.naver.com/item?cardAdId=10186","C:\p4\avocard\data\raw\naver-cards\snapshots\d5686c2af6708b3d.html","b2c236700ff0904d85168935b7bc2587296730bb0c0212f41d69f660fe58c96c","10730","2443f8c8026e2f7beef300fe6ac7cc391df306e8d8e27620a88688eb0b6a6b54","2026-06-11T13:04:13.065Z"
"naver-card-10297-raw","naver-card-10297","https://m-card-search.naver.com/item?cardAdId=10297","C:\p4\avocard\data\raw\naver-cards\snapshots\0861c20025d15241.html","75f993dd89ac52eb6a9eecd83c68caad4c3723c405a5083320d5142fa6551558","13816","af3f2d550c61fc1076b9af6f2b8f4b6a531afef6e8cb20ea128e73f0ca80a3f3","2026-06-11T13:04:13.065Z"
"naver-card-10262-raw","naver-card-10262","https://m-card-search.naver.com/item?cardAdId=10262","C:\p4\avocard\data\raw\naver-cards\snapshots\91253f2cb28d3375.html","eec2799149a810a8b22717b855970e5b84285d5372440293bb5733d414b3cedd","10587","c35258545564c7cd2b75a61a88c19632f7589bbd4e55f3eb13c3dcb324891e52","2026-06-11T13:04:13.065Z"
"naver-card-2349-raw","naver-card-2349","https://m-card-search.naver.com/item?cardAdId=2349","C:\p4\avocard\data\raw\naver-cards\snapshots\1384d58e60a4bb84.html","0523e2ae074c5337d6c02bacbe81fd9972840b8d60a7371d996f8c3dacb830ef","10252","6335d544dc2d57755fb6820b933f1cec89cd91d53250fc557ca217eb577c78ed","2026-06-11T13:04:13.065Z"
"naver-card-10223-raw","naver-card-10223","https://m-card-search.naver.com/item?cardAdId=10223","C:\p4\avocard\data\raw\naver-cards\snapshots\98c860d765bcba5f.html","d878afda83b26d8ab76a85a5f18ce28603abfab4e19fc18c81b4a43d24b53d07","10867","997001b4790591388290da01274224dd75baa1025084b54b091eda1052a12d45","2026-06-11T13:04:13.065Z"
"naver-card-10226-raw","naver-card-10226","https://m-card-search.naver.com/item?cardAdId=10226","C:\p4\avocard\data\raw\naver-cards\snapshots\85115bf1af31b875.html","4dc31552f9f3d9a0e3e200438fcf72789a9da3e25f6514d2b86683d4f23a0279","11966","3a0e68f60dc5762fed1094924e288333729b1cff65aaa9ff6d5f553677bf6839","2026-06-11T13:04:13.065Z"
"naver-card-652-raw","naver-card-652","https://m-card-search.naver.com/item?cardAdId=652","C:\p4\avocard\data\raw\naver-cards\snapshots\8497fc7c7e37bad3.html","8fd6db2c848c306c25fbc3497ef907c6780c4cd068e14cb11cb39e172268db72","13368","78a7e6f3aa5436a48f0062846a8bee17c02b08ddd1a57c674cd7e2ea26c51e6f","2026-06-11T13:04:13.065Z"
"naver-card-10160-raw","naver-card-10160","https://m-card-search.naver.com/item?cardAdId=10160","C:\p4\avocard\data\raw\naver-cards\snapshots\5cb14caed61a7f34.html","a4999c080f32cb29261ae8a7ad21f8110f05fd1846bbeac9ca2a6cdeecebac51","12006","49825b11ca75c74014b507fb890334f21f8a332a7a0f0cf06c7972807b31d9aa","2026-06-11T13:04:13.065Z"
"naver-card-3996-raw","naver-card-3996","https://m-card-search.naver.com/item?cardAdId=3996","C:\p4\avocard\data\raw\naver-cards\snapshots\70c35f812aee5a5d.html","6aca94c48ac668e062165d1037491b70029772672c901f2c162cbef0e1414de8","13597","9dfd249cb122facbb8afa8a6395ec1e1e32352e5eb2f8a7ff32bfd90dcf6d262","2026-06-11T13:04:13.065Z"
"naver-card-10436-raw","naver-card-10436","https://m-card-search.naver.com/item?cardAdId=10436","C:\p4\avocard\data\raw\naver-cards\snapshots\94ddb9877a29ed06.html","0b16a5f68597537e1c1ca5a6a1beb0bda319e58cb01e982f6336ba797f74a610","5286","cc548eb3f21d3b8e6c58f4b5c3f2ef07d0938c99d069362024168b2b4066a210","2026-06-11T13:04:13.065Z"
"naver-card-10625-raw","naver-card-10625","https://m-card-search.naver.com/item?cardAdId=10625","C:\p4\avocard\data\raw\naver-cards\snapshots\d6b2117de8bf4526.html","820987051af767edf2321bf2e89767ea50a9e9015eae891c14cef5d6a73491ff","11775","7671722d49aa5fd8418f2860cfae8c15f9277a0b05bd06ddc000ca069783ccc3","2026-06-11T13:04:13.065Z"
"naver-card-10607-raw","naver-card-10607","https://m-card-search.naver.com/item?cardAdId=10607","C:\p4\avocard\data\raw\naver-cards\snapshots\9f99077b2ebb1ac3.html","becac7b56f758388067c467a6a0979ffce765dda24cca56af35f808936dd68ca","9533","a261d0f8656ba805fa4a7c23f0ce249a3572295227455a99c62b75997cea701f","2026-06-11T13:04:13.065Z"
"naver-card-10636-raw","naver-card-10636","https://m-card-search.naver.com/item?cardAdId=10636","C:\p4\avocard\data\raw\naver-cards\snapshots\b29023e4302a5ee9.html","e57f1cad0accc1f6ac0af0ba0aa585cfa497663758e1f87b2e0a09a44eeb5aa0","11886","64b1e4eb0a25fb26f9b51b7e68ec1e9d5b667ce958b2b114f113b1f81508716d","2026-06-11T13:04:13.065Z"
"naver-card-10438-raw","naver-card-10438","https://m-card-search.naver.com/item?cardAdId=10438","C:\p4\avocard\data\raw\naver-cards\snapshots\25987146e1c6bb3b.html","3962be22774d4991d67dac8089a80dede3d3aa43a93a02db581d9c4db0210dbc","5125","1fbaae4457dcdedd10df7d2dccad2c1e94dd1b1b0fe724bf17a48150b3027b73","2026-06-11T13:04:13.065Z"
"naver-card-10437-raw","naver-card-10437","https://m-card-search.naver.com/item?cardAdId=10437","C:\p4\avocard\data\raw\naver-cards\snapshots\4aae4f3744965cbd.html","163c50a8af1c3f7a37136af9d0e1a8d5c98ee46a55786f9ba2963fc60d5cb5b8","6496","5bf74c967f89ad5e3a5cba27132beff2d05942d8e6f796564cbb586e4f935f84","2026-06-11T13:04:13.065Z"
"naver-card-10637-raw","naver-card-10637","https://m-card-search.naver.com/item?cardAdId=10637","C:\p4\avocard\data\raw\naver-cards\snapshots\f163ac6b92b28c17.html","654c9d80024139a4c90e5330f255f6a3c91718a075281bac35ae87a97cd2c8d5","10262","245d8cc8a9fbe29083fe9bc6959432d97c47374fc982d3ce87be99c333c003cf","2026-06-11T13:04:13.065Z"
"naver-card-10638-raw","naver-card-10638","https://m-card-search.naver.com/item?cardAdId=10638","C:\p4\avocard\data\raw\naver-cards\snapshots\10f46a679fe6d59a.html","86df2791b987f29710c6e33f02a243319315e84a19c282686127fc94f339c990","9229","876627bba043045aa34642b708299ec11ef86dc58ae441d298f4c57fff379dd6","2026-06-11T13:04:13.065Z"
"naver-card-10640-raw","naver-card-10640","https://m-card-search.naver.com/item?cardAdId=10640","C:\p4\avocard\data\raw\naver-cards\snapshots\a85629cd414263c9.html","6f569891dcf297c5f793b048b3df08cca0f86fbe4cdd5373abc58eed73529f56","11335","0a028b71e17389afd76304dbe35d21493b48bb188e9cce79cb5e9d7ae29ef056","2026-06-11T13:04:13.065Z"
"naver-card-3777-raw","naver-card-3777","https://m-card-search.naver.com/item?cardAdId=3777","C:\p4\avocard\data\raw\naver-cards\snapshots\ceedcd4a4855eae2.html","cdaea92b4b936b9494ba52b5b23e02274dd5194129069f08145f575308d16846","15999","1aa9bab302687ff6ceaacad39c00a05b346b31c91e4545e34afa289578fe7480","2026-06-11T13:04:13.065Z"
"naver-card-3776-raw","naver-card-3776","https://m-card-search.naver.com/item?cardAdId=3776","C:\p4\avocard\data\raw\naver-cards\snapshots\9ff674e5080ee682.html","523017c3b7a7c70a4f4fb69f40734a9c5fd4bd66d345939c3d07d85d6d0d2af7","17132","2009fb3f5235ac2543ad1ea0b6d183cb39f142e65938abd43bf6c5e1443c951b","2026-06-11T13:04:13.065Z"
"naver-card-10442-raw","naver-card-10442","https://m-card-search.naver.com/item?cardAdId=10442","C:\p4\avocard\data\raw\naver-cards\snapshots\4d949de142803b9a.html","cefad220ef35007240821bbae7d0e07cab0fadf2a6e92165805341bb8a9d39f2","14199","038a1edfbf6f9327d84e4cf42368da37abb00322f933e22616a59b1d28169943","2026-06-11T13:04:13.065Z"
"naver-card-3055-raw","naver-card-3055","https://m-card-search.naver.com/item?cardAdId=3055","C:\p4\avocard\data\raw\naver-cards\snapshots\539eff377c359e38.html","da5149801d851352f4ff55d4fd5e3381bb43b09f26c6b3c836d518de83a06a4a","12545","417f6cbe7db49c7094410f3dfefb7cb65ddba2b9cb3827c01b7a860f50909f8f","2026-06-11T13:04:13.065Z"
"naver-card-3257-raw","naver-card-3257","https://m-card-search.naver.com/item?cardAdId=3257","C:\p4\avocard\data\raw\naver-cards\snapshots\b5a676ada7f4dc28.html","b22e8b6d3a739fea18e17618d919ecf83d1024221458b6d86520991e9b9b9836","12144","5cc6bc598e780c6713db597b1b5a8b68479e60bfefeef8ceddb299141163f91c","2026-06-11T13:04:13.065Z"
"naver-card-2206-raw","naver-card-2206","https://m-card-search.naver.com/item?cardAdId=2206","C:\p4\avocard\data\raw\naver-cards\snapshots\dfb8bf6e0e451092.html","64032c4351f4ab01e77039328c34b423da0826adb4399e0c680245d50afe7be5","20916","a91690102b567858eaeb10d722c1a6ccad17067a2065bb8221d4d1688a15ca92","2026-06-11T13:04:13.065Z"
"naver-card-10464-raw","naver-card-10464","https://m-card-search.naver.com/item?cardAdId=10464","C:\p4\avocard\data\raw\naver-cards\snapshots\a0032c6c7e3598f1.html","c641e0f04856ebfb97bd46d10c1c8f2e794411417f593928421f997e0c9c5abd","21107","2a2a66a775edafaeadf9152360bed885d64a74576403baa7a9301883061fff2b","2026-06-11T13:04:13.065Z"
"naver-card-10456-raw","naver-card-10456","https://m-card-search.naver.com/item?cardAdId=10456","C:\p4\avocard\data\raw\naver-cards\snapshots\c76c983e8cb23ed5.html","d8593acfa50523e4b3f22399a9786cbfdfe58078ced1d62f3c95015b62b0d7c1","16077","c20654027838cd5a2db2da54ba33f0b99bc63e0f01e80732cb4f2510960b1f6c","2026-06-11T13:04:13.065Z"
"naver-card-10308-raw","naver-card-10308","https://m-card-search.naver.com/item?cardAdId=10308","C:\p4\avocard\data\raw\naver-cards\snapshots\9bea8766faa1690c.html","6f782817601be9d85edb6dfe237c6efb17b0f63921a9810bd5df042ad660d252","17627","d77d152df32e42824de1759115fc5d11222b2ff19358f3a58f638b8cd89e3e2b","2026-06-11T13:04:13.065Z"
"naver-card-10421-raw","naver-card-10421","https://m-card-search.naver.com/item?cardAdId=10421","C:\p4\avocard\data\raw\naver-cards\snapshots\06fb419a61388db6.html","78c9e35f46a80a350aafaa467afe39b6347c36f26e7cb79141fc1803ce2abe1a","15386","300b82a03a871fa6540dc1a4d8feefef41cba5ef71d9b6626a514d097adaccc8","2026-06-11T13:04:13.065Z"
"naver-card-10429-raw","naver-card-10429","https://m-card-search.naver.com/item?cardAdId=10429","C:\p4\avocard\data\raw\naver-cards\snapshots\2074e8205859f814.html","843539580b70ad618fd7eeab3563caa47703f8fbf61420a41ff487d7591b0092","21650","d155fcf4956546fbca4f05879b7dc49c9b871947936472894c2d8d48d2f3b10b","2026-06-11T13:04:13.065Z"
"naver-card-10294-raw","naver-card-10294","https://m-card-search.naver.com/item?cardAdId=10294","C:\p4\avocard\data\raw\naver-cards\snapshots\30322bc1f1a1c5a2.html","5e50b5cbf51ad995b06b2f24c2ff26f2ce8462f2f6ca1efd514f48424445ee29","23290","50e988eba7eb7fd0201d134eb9392d21697d7019939cc0f77806511f8345bf49","2026-06-11T13:04:13.065Z"
"naver-card-10517-raw","naver-card-10517","https://m-card-search.naver.com/item?cardAdId=10517","C:\p4\avocard\data\raw\naver-cards\snapshots\32120906fc169d8c.html","aa56efe4264b6dd799d213409433ca12ce8ccfb8711ddac9d95cfaf3aa1113b3","13283","fd8b11c82c6c465208f6038ffeec46bc71acce5ec0b2f9ebb99e4fbd97034a20","2026-06-11T13:04:13.065Z"
"naver-card-10372-raw","naver-card-10372","https://m-card-search.naver.com/item?cardAdId=10372","C:\p4\avocard\data\raw\naver-cards\snapshots\209b6bd42c77d78c.html","9e06e98285f87170b73a2ee93351c18919da5541c5898e83617fc69b20f34e93","15228","71f15cafcaf00e5b561eb217171e3510b975e866ece8e671393d6d25588c0212","2026-06-11T13:04:13.065Z"
"naver-card-10264-raw","naver-card-10264","https://m-card-search.naver.com/item?cardAdId=10264","C:\p4\avocard\data\raw\naver-cards\snapshots\9523df90ab18f040.html","568ed87331689e76ec1b939f314674029b6542ffc73e59567d394cab7cc354c4","14471","0674a227368b3172b22224120dcdf9f4eb2fb660ea9c4f03425e7f4ee2a57e87","2026-06-11T13:04:13.065Z"
"naver-card-10624-raw","naver-card-10624","https://m-card-search.naver.com/item?cardAdId=10624","C:\p4\avocard\data\raw\naver-cards\snapshots\38dd67f84496441d.html","28a5c1d201d6348e13287c2a363fad6a5820c40622e0c023036cc77809e73e35","10965","284f8575384d17edb445c478a7439ff907d788c5b8ce1428fb4fd6826ff1055c","2026-06-11T13:04:13.065Z"
"naver-card-10496-raw","naver-card-10496","https://m-card-search.naver.com/item?cardAdId=10496","C:\p4\avocard\data\raw\naver-cards\snapshots\a6e28e5aaca12fa1.html","baade6ae803cc1c91eb2ae0c9c6082734f58d75dc62bae762f99c10d7e3c4e5b","17070","0d40fcc1807b2903bd9884f3ebae8412a5a984b4622a9c517e67e9890c122ea1","2026-06-11T13:04:13.065Z"
"naver-card-2886-raw","naver-card-2886","https://m-card-search.naver.com/item?cardAdId=2886","C:\p4\avocard\data\raw\naver-cards\snapshots\cd9536baf552e35e.html","82407d86dc5b79dc6f845d20daba7549415c2227ded122823d97c9e84b55cc1e","29548","f5c5ba66a07c139b67b3fca28b34fecd1ce950aa5af0f42a79daa78efe69a37a","2026-06-11T13:04:13.065Z"
"naver-card-10287-raw","naver-card-10287","https://m-card-search.naver.com/item?cardAdId=10287","C:\p4\avocard\data\raw\naver-cards\snapshots\667b414ac8301f53.html","c60936f1f7402a6eb7c20a2f957ae33a2386dd4b58116f83b72800b09d1f8a79","14054","43f0bb35e139b8b442809df2a3d53bf84def97c137919c39aeff3100d61137ba","2026-06-11T13:04:13.065Z"
"naver-card-10556-raw","naver-card-10556","https://m-card-search.naver.com/item?cardAdId=10556","C:\p4\avocard\data\raw\naver-cards\snapshots\aa2ce0af0e718835.html","b3f063d14f07dc376ba535806a3776353a42751bfb0e681570e735b28b379e10","9442","e9b544a50db5478f74f281fd3d63d0b787f84957a46438fba481b0c528f26e16","2026-06-11T13:04:13.065Z"
"naver-card-2757-raw","naver-card-2757","https://m-card-search.naver.com/item?cardAdId=2757","C:\p4\avocard\data\raw\naver-cards\snapshots\74b30000307b0f3a.html","61233c67461b1f973327fe69155e6eba3ebeb4299da54cee66fdebc4aa9e7d41","9086","b89c7dac0560164ccaed72290b941151f0c46b4268fd559b3920bdc2ee508e16","2026-06-11T13:04:13.065Z"
"naver-card-3958-raw","naver-card-3958","https://m-card-search.naver.com/item?cardAdId=3958","C:\p4\avocard\data\raw\naver-cards\snapshots\632ff2174048f6e6.html","5c780017ddba223f089204bea46894354dc3344c84a72098a6e7688d4eab7205","13582","1a9a797801552deea4471b1e31dbb2ad928e82f069203403580939bc4486d6dc","2026-06-11T13:04:13.065Z"
"naver-card-10325-raw","naver-card-10325","https://m-card-search.naver.com/item?cardAdId=10325","C:\p4\avocard\data\raw\naver-cards\snapshots\c26ae54845d01a44.html","f4780f2c7b719762115f29cd42bd440837cc2a72f6a2864000da980396793b10","13572","641e15b1adad52a6b5b81747e9606b79010e671d6719f5f98f189f2c20ba09d8","2026-06-11T13:04:13.065Z"
"naver-card-10549-raw","naver-card-10549","https://m-card-search.naver.com/item?cardAdId=10549","C:\p4\avocard\data\raw\naver-cards\snapshots\22b5d7d04170d348.html","877e28b1f2e175abe03c9c6eac1f83637fe6179ec5a42b713e8e8cb28d207559","12100","fb5ea41138e75a57ca99fe15833940b9e7e70f6e129df5fc6c13562f17a5c83a","2026-06-11T13:04:13.065Z"
"naver-card-10306-raw","naver-card-10306","https://m-card-search.naver.com/item?cardAdId=10306","C:\p4\avocard\data\raw\naver-cards\snapshots\acf53ecdc40cb6ab.html","4d07da731ac4e9a7520ffa2a6bbc56de99b7effc2a9934e2d84f45a1be9c9d32","44872","447706ee74b01f6505b82a0844b3da43b53b9d7a634ba5a5b18d9dc1bece038a","2026-06-11T13:04:13.065Z"
"naver-card-10527-raw","naver-card-10527","https://m-card-search.naver.com/item?cardAdId=10527","C:\p4\avocard\data\raw\naver-cards\snapshots\63128ead5415ece9.html","33c1987e4650160c4d7fab5e762dfa231ccf47de6ec23040391e0e64e256772f","18388","091680567edd0f66c91623440a4c9a874e093176888587b7ffadff609bfd80b1","2026-06-11T13:04:13.065Z"
"naver-card-1773-raw","naver-card-1773","https://m-card-search.naver.com/item?cardAdId=1773","C:\p4\avocard\data\raw\naver-cards\snapshots\5fd8e0d76f2cc85b.html","dc2c5a9ecce619cbbffabec716dfa1efd53e401bba1e2374c78910f39b9ddb20","16939","a6043ad10660dcf01727fac3da6b42249f2719fbedb96b9833541bd4668b1ec9","2026-06-11T13:04:13.065Z"
"naver-card-10634-raw","naver-card-10634","https://m-card-search.naver.com/item?cardAdId=10634","C:\p4\avocard\data\raw\naver-cards\snapshots\ba35d14a9b369261.html","93b56d18717ebb9179a622a3c6376b4919fcae3c5095b18a033253b1acc2cff1","16901","8b733e665289248be7e75c2937a0d97ae05b3f591c8835f2a89c26de8883a000","2026-06-11T13:04:13.065Z"
"naver-card-10277-raw","naver-card-10277","https://m-card-search.naver.com/item?cardAdId=10277","C:\p4\avocard\data\raw\naver-cards\snapshots\232cf05ba682f66d.html","71f3a13883c38dbefd671fa2eba36e1e0da177caca558e558428673064ba07e8","26054","533e51a15099ff0afd91ee256c9249a9c2f7d529051617f322ddb82d6c4ab7aa","2026-06-11T13:04:13.065Z"
"naver-card-4096-raw","naver-card-4096","https://m-card-search.naver.com/item?cardAdId=4096","C:\p4\avocard\data\raw\naver-cards\snapshots\79f81bb1efe91338.html","46275055516f4a8982b1369436109d6e79271b86d8bf475343b32ceac44b32ff","29852","44f2b362c8d8edc402e6e34297cba0f3066b50674667f816710e095eb3333e17","2026-06-11T13:04:13.065Z"
"naver-card-10567-raw","naver-card-10567","https://m-card-search.naver.com/item?cardAdId=10567","C:\p4\avocard\data\raw\naver-cards\snapshots\4e3c78188cd5187f.html","615f0825d868988abf622ce624a9cd48b8cc794f24c84c4647ebdf0bd1f9c088","20273","b5b451e28f686e256d3fe29d2f3786d932610cecc834af79376d1bf7a182c9ae","2026-06-11T13:04:13.065Z"
"naver-card-10555-raw","naver-card-10555","https://m-card-search.naver.com/item?cardAdId=10555","C:\p4\avocard\data\raw\naver-cards\snapshots\f29b4e90b91c02b6.html","497e150f8a1e54c61e6b4a16c84368155f1601a5007f5ea36897ca3eb8d82c5a","18722","73a27cfd19688d55d5d37f430940fbca565b94fb095948961556dfa15b0e733e","2026-06-11T13:04:13.065Z"
"naver-card-10505-raw","naver-card-10505","https://m-card-search.naver.com/item?cardAdId=10505","C:\p4\avocard\data\raw\naver-cards\snapshots\ef9ce52c35aca8aa.html","d6c99b7d1cb81c901fc654bf84338de5554a760d1445b12494270aa735be719a","12373","6ed46c22b3ed1463d2a63b6fa661cb356087e61f01ac2d8ccd08a15274a34350","2026-06-11T13:04:13.065Z"
"naver-card-10577-raw","naver-card-10577","https://m-card-search.naver.com/item?cardAdId=10577","C:\p4\avocard\data\raw\naver-cards\snapshots\8f97da70144f67fa.html","8c2150c82a3f313ba2338c63dc9b0b30ca69034936d84c57c42cd3365cd9091e","22890","5fcf88c5d2d4a223206bb4d60fdd9c39919d17e098605ca5d9d440c2251e9194","2026-06-11T13:04:13.065Z"
"naver-card-10241-raw","naver-card-10241","https://m-card-search.naver.com/item?cardAdId=10241","C:\p4\avocard\data\raw\naver-cards\snapshots\7767086695bce939.html","c082669645f73d8f08db3221f2343996e71eadab98de5b168a98a3222fcad8c3","12639","913e64c9c98e17c3b87d9b8da8a2169cd8dd356c8410d01c21a8c033ec5649a9","2026-06-11T13:04:13.065Z"
"naver-card-10477-raw","naver-card-10477","https://m-card-search.naver.com/item?cardAdId=10477","C:\p4\avocard\data\raw\naver-cards\snapshots\a89592d4d192089f.html","afd2b67a7fdc821995290ec5ac7b9dacc2fbda8d574c548ece1021744130251e","16744","a870f60c6dd422f55d1cbe00370a27ce1d256fb31b5caa380c7bb99f15873276","2026-06-11T13:04:13.065Z"
"naver-card-10211-raw","naver-card-10211","https://m-card-search.naver.com/item?cardAdId=10211","C:\p4\avocard\data\raw\naver-cards\snapshots\17fe065c499ad5dc.html","bd9b7a6d264664b8b4e41354eb0e589b6d03016d5dda9f8ab8731ffc3f9061ce","10506","1a2bdb018d17d9e1bd33d8d9805baffbc85e23d5746bef85660360b94d4b5f97","2026-06-11T13:04:13.065Z"
"naver-card-10458-raw","naver-card-10458","https://m-card-search.naver.com/item?cardAdId=10458","C:\p4\avocard\data\raw\naver-cards\snapshots\17cca0ee9d919a9f.html","b3210fd02bdbcd34089ac97474ed1990b2fc6b1df4f468d488aabfda58cae9b0","21510","eb8238844f969185c6119ff2ced2af18211c5399482e800d7ce8e6e2a5f19ec6","2026-06-11T13:04:13.065Z"
"naver-card-3258-raw","naver-card-3258","https://m-card-search.naver.com/item?cardAdId=3258","C:\p4\avocard\data\raw\naver-cards\snapshots\052ad03eca5059c9.html","0bc8956c1336643788328334a04f0c932213366f6161860f79f5580c79a73ac0","16378","10c48c914f231055feaaf7031be54c15a3826890a8c094867470a1d7b6c27cea","2026-06-11T13:04:13.065Z"
"naver-card-10559-raw","naver-card-10559","https://m-card-search.naver.com/item?cardAdId=10559","C:\p4\avocard\data\raw\naver-cards\snapshots\b08dabe08de0776a.html","61b77f04a2aec867cb4e3f5a207f7ca271f75e8f2e9edf8c583eafecf67c1f40","17034","73fd72f46b6761b0f2126c12d1c0991f2414f1842a42c4ec52c5b7007835cf28","2026-06-11T13:04:13.065Z"
"naver-card-10546-raw","naver-card-10546","https://m-card-search.naver.com/item?cardAdId=10546","C:\p4\avocard\data\raw\naver-cards\snapshots\497036d6cbd0e7c7.html","d7fcae56c1de94f6882c8a5ce89d38c8a764332a250c7ff9ca25ec17e119b3c7","12294","31d8cb8146bb89dc9aa6bf290d65d5401a42659534a79b2f8d58f909e753fdb0","2026-06-11T13:04:13.065Z"
"naver-card-10445-raw","naver-card-10445","https://m-card-search.naver.com/item?cardAdId=10445","C:\p4\avocard\data\raw\naver-cards\snapshots\cbcf424f0545880a.html","eff80a051cbde2ff3238d6364cedd4c2e28feb0c766845db5ffb101458a2d801","11767","80dc5aed4d8790e8466b93617ab3ccc8150fb36c41055dc5c95bc7700f4ba4dd","2026-06-11T13:04:13.065Z"
"naver-card-10630-raw","naver-card-10630","https://m-card-search.naver.com/item?cardAdId=10630","C:\p4\avocard\data\raw\naver-cards\snapshots\13cda19c8afd9081.html","6ab0608b4192bea391e9512152134691c15a40a02aaa38b40890e46d974baac1","7158","d31aead033d74daea01f68ac0d5cdbafa1d66d8fb00889bc2bc49e96c49713ba","2026-06-11T13:04:13.065Z"
"naver-card-10419-raw","naver-card-10419","https://m-card-search.naver.com/item?cardAdId=10419","C:\p4\avocard\data\raw\naver-cards\snapshots\6c562b72243d6dc4.html","c720588ba272726ea16b12d32aa67211d62809d2e11c4c73e061d1659435e082","11002","badb06d8c16429e69b53f565657db01a8baffc90889a8949faf25dbc7a9f2831","2026-06-11T13:04:13.065Z"
"naver-card-10571-raw","naver-card-10571","https://m-card-search.naver.com/item?cardAdId=10571","C:\p4\avocard\data\raw\naver-cards\snapshots\d203af4b26ab51e7.html","4ac603876a46ed4baccdecb5aac9ee8e7c498647ede5b41e19cd307c238a8c6c","27773","90c4070518671b2f16b0c8658a3be4f302e6c1e9331a9cef32dae93358665b33","2026-06-11T13:04:13.065Z"
"naver-card-10632-raw","naver-card-10632","https://m-card-search.naver.com/item?cardAdId=10632","C:\p4\avocard\data\raw\naver-cards\snapshots\bfada5c7b6dd0873.html","324f39c4412e55fbe52729d0d2c9325750ed1e5b913da1c66b203e76ca788fd7","8477","a6c2e9392fc9e3dd2825f5bfe616c3297aea9bce74c5d316555f29de4e94b1f0","2026-06-11T13:04:13.065Z"
"naver-card-10495-raw","naver-card-10495","https://m-card-search.naver.com/item?cardAdId=10495","C:\p4\avocard\data\raw\naver-cards\snapshots\d1b8049539765f79.html","ef410bf109cde3300f3dccaee2ff2d462e386db657aded902f9f8dad656594a6","11517","ab764772c3a69fe3fabc6f8f9f33b7ed809ef527f3f095a08277dcdb9b735bb4","2026-06-11T13:04:13.065Z"
"naver-card-10629-raw","naver-card-10629","https://m-card-search.naver.com/item?cardAdId=10629","C:\p4\avocard\data\raw\naver-cards\snapshots\54219b4007c0eb26.html","5e50c94cbf5e3b768d76ea4cfcd99f901fd4055e717a64165ce5622e48f4203c","7287","0fa97b3c314519a9ca761a24caa933966fe4f67465e9a6dfcc727db1a7969256","2026-06-11T13:04:13.065Z"
"naver-card-2414-raw","naver-card-2414","https://m-card-search.naver.com/item?cardAdId=2414","C:\p4\avocard\data\raw\naver-cards\snapshots\46fd3a1ed080ddb9.html","5729bd75b7cd1361ed07469273acd4dd52f729a5e91114b6c50da1d7ca4918b1","12005","722b08f1c2fd3ce973239924d49a914b9cc2f1c85d4c3d24ee5579a96fe078a1","2026-06-11T13:04:13.065Z"
"naver-card-10539-raw","naver-card-10539","https://m-card-search.naver.com/item?cardAdId=10539","C:\p4\avocard\data\raw\naver-cards\snapshots\46467c04abac2346.html","3c7c5275df23e418863e3e5d87b8a554b7ae1f8b78ee840218d4639ef283a075","9399","c9ef7e8a7a883e2f15eeedb9a90cbaff6f5c21e4e556804aeb63fe8d93000d60","2026-06-11T13:04:13.065Z"
"naver-card-10631-raw","naver-card-10631","https://m-card-search.naver.com/item?cardAdId=10631","C:\p4\avocard\data\raw\naver-cards\snapshots\4ee7b56048a7e157.html","8871840262faa2862b96671f37865961590c5fc810dde07b9681a840e65406a1","8413","44f487fe694d077f04953c22b89eae3eae7fc6b44ad48336f837b74f688fccc1","2026-06-11T13:04:13.065Z"
