"performance_rule_id","card_id","base_spend_amount","base_spend_to","period_term","period_unit","period_unit_value","method","discounted_spend_counts_for_performance","discounted_spend_count_ratio","source_text","exported_at"
"naver-card-10623-performance-1","naver-card-10623","0","","before","month","1","sum","excluded","0","전월실적 조건 없음, 월 할인한도 국내/해외 가맹점 통합 최대 10만원 ※ 할인 제공 시 유의사항 참고 전월실적 조건 없음, 월 할인한도 국내/해외 가맹점 통합 최대 10만원 ※ 해외 결제 시 별도의 수수료가 발생할 수 있으며, 해당 내용은 '상품 안내장' 참조 ※ 해외 이용 시 청구금액 산출방법 해외 이용 시 청구금액=거래미화금액 ×전신환 매도율* *전신환 매도율 : 접수일의 우리은행 최초고시 전신환 매도율 ∙ 일부 해외 가맹점 거래 시 IC칩 비밀번호(PIN)를 요","2026-06-11T13:04:13.065Z"
"naver-card-10304-performance-1","naver-card-10304","0","","before","month","1","sum","excluded","0","기준실적 조건없음 혜택요약 실적·한도 실적 조건없음 혜택요약 실적·한도 없이 0.7% 캐시백 즉시결제 1% 추가 캐시백 온라인 신청 주요혜택 연회비지원 포인트/캐시백 렌탈 의료 뷰티 다 데백화점 롯데카드 신규 회원 최대 100% 지급 LG U+ X LOCA 롯데카드 텔로 SE 부가혜택 및 통합할인한도 [연회비] 국내전용: 20,000원 해외겸용(MASTER, AMEX): 20,000원 가족카드: 13,000원 [디지로카 London 카드 캐시백 공통기준] 캐시백 혜택은","2026-06-11T13:04:13.065Z"
"naver-card-1530-performance-1","naver-card-1530","300000","300000","before","month","1","sum","excluded","0","기준실적 직전 1개월 합계 30만원 이상 혜택요약 커피30% 교통10% 쇼핑7% 할인 전월 이용금액 산정 시, 할인 혜택이 적용된 이용금액(할인금액이 포함된 총 금액), 국세/지방세/공과금, 아파트 관리비, 대학 등록금, 대중교통, 택시, 상품권 구매, 선불카드 충전건은 제외됩니다. [적립 공통 기준] * 보너스클럽 네이버 신용카드 정보: 삼성카드 taptap O 신용카드 삼성카드 taptap O 공지 연 최대 36만원 할인 혜택! 연회비 국내 1만원, 해외 1만원 신","2026-06-11T13:04:13.065Z"
"naver-card-115-performance-1","naver-card-115","300000","300000","before","month","1","sum","excluded","0","기준실적 직전 1개월 합계 30만원 이상 혜택요약 교통·외식 등 생활영역 10%청구할인 주유 리터당 60원 청구할인 전월 결제회수실적 조건 미달시에도 1구간(주유/대중교통/통신업종 할인서비스)에 한하여 청구할인 서비스를 제공합니다. (단 , 해지 후 재발급 및 가족카드 단독발급 제외) [전월 이용 실적 기준] 네이버 신용카드 정보: KB국민 굿데이카드 신용카드 KB국민 굿데이카드 공지 생활영역 청구할인카드는 굿데이카드로! 연회비 국내 5천원, 해외 1만원 기준실적 직전","2026-06-11T13:04:13.065Z"
"naver-card-10216-performance-1","naver-card-10216","400000","400000","before","month","1","sum","excluded","0","전월실적 채워드림] - 서비스 대상 전월 이용실적이 35만원 이상 40만원 미만인 고객 - 서비스 이용방법 1) 모바일앱(홈페이지)에서 서비스 신청 – 본인회원만 신청가능, 매월 1일~25일 이내 신청 2) 서비스 신청 다음날부터 신청월 말일까지 카드 이용 – 서비스 신청 당일은 할인혜택 이용불가 - 유의사항 본인 회원 기준 월 1회, 연 2회 신청 가능 서비스 신청 후 취소 불가 Happy Birth Month가 제공되는 생일 월에는 신청 불가 간편결제 bene_10","2026-06-11T13:04:13.065Z"
"naver-card-10332-performance-1","naver-card-10332","300000","300000","before","month","1","sum","excluded","0","기준실적 직전 1개월 합계 30만원 이상 혜택요약 연 2회 전세계 공항 라운지 전월 국내 이용실적 기준] 전월 1일~말일(승인시점 기준) &#x27;KB국민 WE:SH Travel카드&#x27; 국내 일시불 및 할부 승인 금액 기준 취소 금액은 취소 전표가 당사에 접수된 월의 : KB국민 WE:SH Travel 카드 신용카드 KB국민 WE:SH Travel 카드 공지 자주쓰는 일상 할인부터 여행 혜택까지 연회비 국내 2만5천원, 해외 2만5천원 신규 회원 최대 100%","2026-06-11T13:04:13.065Z"
"naver-card-10105-performance-1","naver-card-10105","0","","before","month","1","sum","excluded","0","기준실적 조건없음 혜택요약 국내외 가맹점 1.2% 할인! 온라인에선 실적 조건없음 혜택요약 국내외 가맹점 1.2% 할인! 온라인에선 1.5% 더 큰 할인! 온라인 신청 주요혜택 연회비지원 언제나할인 카페/베이커리 쇼 국내 1만원, 해외 1만원 신규 회원 최대 100% 지급 기준실적 조건없음 혜택요약 국내외 가맹점 1.2% 할인! 온라인에선 1.5% 더 큰 할인! 온라인 신청 주요혜택 연회비지원 언제나할인 카페/베이커리 쇼핑 뷰티 다른 LOCA LIKIT 카드 LOCA","2026-06-11T13:04:13.065Z"
"naver-card-1408-performance-1","naver-card-1408","300000","300000","before","month","1","sum","excluded","0","전월실적 30~50만원 구간의 할인한도가 제공됩니다. 교통이용금액은 전전월 이용금액 기준이며, 해외이용금액은 매입일자를 기준으로 적용됩니다. 장-단기 카드 대출/ 연회비/각종수수료/이자/기프트카드 구매금액/선불카드 충전금액/거래취소금액은 전월 이용금액에서 제외됩 용카드 정보: 신한카드 Mr.Life 신용카드 신한카드 Mr.Life 공지 All Day 편의점/약국 10%할인 연회비 국내 1만5천원, 해외 1만8천원 신규 회원 최대 100% 지급 기준실적 직전 1개월 합계","2026-06-11T13:04:13.065Z"
"naver-card-1294-performance-1","naver-card-1294","300000","300000","before","month","1","sum","excluded","0","기준실적 직전 1개월 합계 30만원 이상 혜택요약 주유 리터당 60원 청구할인 혜택 학원,피트니스 전월1일~말일까지 매입완료된 실적 기준 매출취소 및 실적제외 대상 전표는 전표가 접수된 월의 이용금액에서 실적차감(월말 이용전표의 익월 매입시 익월실적에서 차감) [이용실적 제외대상] KB국민 굿데이올림카드로 기본/추가할인 받은 이용건 용카드 정보: KB국민 굿데이올림카드 신용카드 KB국민 굿데이올림카드 공지 대형마트,통신,대중교통 10%청구할인 연회비 해외 2만원 신규","2026-06-11T13:04:13.065Z"
"naver-card-10611-performance-1","naver-card-10611","300000","300000","before","month","1","sum","excluded","0","기준실적 직전 1개월 합계 30만원 이상 혜택요약 국내 가맹점 0.7% 포인트리 적립 대중교통 0. 전월 실적 없이 심플하게 적립하고, 할인혜택까지 연회비지원 온라인신규신청 연회비 100% 캐시백 홈페이지 내 신용카드 최초 발급 시 장기카드대출(카드론) 유의사항 온라인신규신청 연회비 10 KB국민 ALL point 카드 신용카드 KB국민 ALL point 카드 공지 포인트리적립+영화 놀이공원 할인서비스 연회비 해외 2만원 신규 회원 최대 100% 지급 기준실적 직전 1","2026-06-11T13:04:13.065Z"
"naver-card-10375-performance-1","naver-card-10375","0","","before","month","1","sum","excluded","0","기준실적 조건없음 혜택요약 국내외 가맹점 최대 2% 할인! 국내 가 실적 조건없음 혜택요약 국내외 가맹점 최대 2% 할인! 국내 가맹점 2~3개월 무이자 할부 온라인 신청 주요혜택 연회비지원 언제나할인 렌탈 의료 뷰 2만원, 가족 1만3천원 신규 회원 최대 100% 지급 기준실적 조건없음 혜택요약 국내외 가맹점 최대 2% 할인! 국내 가맹점 2~3개월 무이자 할부 온라인 신청 주요혜택 연회비지원 언제나할인 렌탈 의료 뷰티 다른 DiGi LOCA City Edition","2026-06-11T13:04:13.065Z"
"naver-card-10303-performance-1","naver-card-10303","500000","500000","before","month","1","sum","excluded","0","전월실적 기준: 없음 할인 제외 대상 및 실적 기준은 하단 부가혜택 및 통합할인한도를 확인해주세요. 언제나할인 bene_83.png https://vertical.pstatic.net/vertical-cardad/benefits/icons/bene_83.png 0.7 percent 4 123 렌탈 업종 0.7% 할인 실적·한도 없이 혜택 제공 [기본할인] 혜택: 국내외 가맹점 0.7% 결제일 할인 전월실적 기준: 없음 할인 제외 대상 및 실적 기준은 하단 부가혜택 및","2026-06-11T13:04:13.065Z"
"naver-card-10305-performance-1","naver-card-10305","1000000","1000000","before","month","1","sum","excluded","0","전월실적 기준: 없음 할인기준 및 이용기준은 하단 부가혜택 및 통합할인한도를 확인해주세요. 언제나할인 bene_83.png https://vertical.pstatic.net/vertical-cardad/benefits/icons/bene_83.png 1 percent 2 12 온라인 쇼핑 최대 5% 결제일 할인 [기본할인] 혜택: 온라인 쇼핑 이용 시 2% 결제일 할인 대상 가맹점: 쿠팡, 11번가, G마켓, 옥션, SSG.COM 2% 결제일 할인 [추가할인] 혜택:","2026-06-11T13:04:13.065Z"
"naver-card-10141-performance-1","naver-card-10141","500000","500000","before","month","1","sum","excluded","0","기준실적 직전 1개월 합계 50만원 이상 혜택요약 실적 직전 1개월 합계 50만원 이상 혜택요약 관리비, 공과금 10% 할인! 대중교통, 보험료, OTT 할인까지! 온라인 신청 주요혜택 연회비지원 원 신규 회원 최대 100% 지급 기준실적 직전 1개월 합계 50만원 이상 혜택요약 관리비, 공과금 10% 할인! 대중교통, 보험료, OTT 할인까지! 온라인 신청 주요혜택 연회비지원 관리비 통신 대중교통 외식 다른 LOCA 카드 LOCA 나누기 카드 신규 회원 최대 100%","2026-06-11T13:04:13.065Z"
"naver-card-10615-performance-1","naver-card-10615","0","","before","month","1","sum","excluded","0","기준실적 조건없음 혜택요약 조건·한도 없이 즐기는 0.8% 할인 해외 실적 조건없음 혜택요약 조건·한도 없이 즐기는 0.8% 할인 해외 가맹점 한도없이 1.5%할인 온라인 신청 주요혜택 연회비지원 언제나할인 쇼핑 뷰티 원, 해외 1만원 신규 회원 최대 100% 지급 기준실적 조건없음 혜택요약 조건·한도 없이 즐기는 0.8% 할인 해외 가맹점 한도없이 1.5%할인 온라인 신청 주요혜택 연회비지원 언제나할인 쇼핑 뷰티 문화 다른 LOCA LIKIT 카드 LOCA LIKIT","2026-06-11T13:04:13.065Z"
"naver-card-1684-performance-1","naver-card-1684","300000","300000","before","month","1","sum","excluded","0","기준실적 직전 1개월 합계 30만원 이상 혜택요약 롯데백화점 15 실적 직전 1개월 합계 30만원 이상 혜택요약 롯데백화점 15% 청구할인 서비스! 롯데백화점 12개월 할부서비스 온라인 신청 주요혜택 연회비지원 쇼 천원 신규 회원 최대 100% 지급 기준실적 직전 1개월 합계 30만원 이상 혜택요약 롯데백화점 15% 청구할인 서비스! 롯데백화점 12개월 할부서비스 온라인 신청 주요혜택 연회비지원 쇼핑 롯데카드로 롯데백화점 15% 청구할인 받기! 연회비지원 신규회원 연회","2026-06-11T13:04:13.065Z"
"naver-card-10309-performance-1","naver-card-10309","300000","300000","before","month","1","sum","excluded","0","기준실적 직전 1개월 합계 30만원 이상 혜택요약 LG U+ 통신비 최대 2만원 할인 유무선 구분 없이 할인 온라인 실적 직전 1개월 합계 30만원 이상 혜택요약 LG U+ 통신비 최대 2만원 할인 유무선 구분 없이 할인 온라인 신청 주요혜택 통신 유무선 구분 없 국내 2만원, 해외 2만원 기준실적 직전 1개월 합계 30만원 이상 혜택요약 LG U+ 통신비 최대 2만원 할인 유무선 구분 없이 할인 온라인 신청 주요혜택 통신 유무선 구분 없이 LG U+ 최대 2만원 할인","2026-06-11T13:04:13.065Z"
"naver-card-10307-performance-1","naver-card-10307","400000","400000","before","month","1","sum","excluded","0","기준실적 직전 1개월 합계 40만원 이상 혜택요약 SKT 통신비 최대 1만3천원 할인 SKT 제품 최대 36 실적 직전 1개월 합계 40만원 이상 혜택요약 SKT 통신비 최대 1만3천원 할인 SKT 제품 최대 36개월 할부 온라인 신청 주요혜택 통신 납부 만5천원, 해외 2만5천원 기준실적 직전 1개월 합계 40만원 이상 혜택요약 SKT 통신비 최대 1만3천원 할인 SKT 제품 최대 36개월 할부 온라인 신청 주요혜택 통신 납부 혜택 SKT 고객에게 딱 맞는 맞춤 할인","2026-06-11T13:04:13.065Z"
"naver-card-1531-performance-1","naver-card-1531","0","","before","month","1","sum","excluded","0","전월실적/적립한도 없이 1% 적립 전월실적50만원이상시 주유소 할인 온라인 신청 주요혜택 전월실적/적립한도 없이 1% 적립 전월실적50만원이상시 주유소 할인 온라인 신청 주요혜택 주유 포인트/캐시백 영화 카페/베이커리 쇼핑 다른 삼성카드 taptap 삼성카드 taptap O 신규 회원 최대 100% 지급 네이 원, 해외 1만원 기준실적 조건없음 혜택요약 전월실적/적립한도 없이 1% 적립 전월실적50만원이상시 주유소 할인 온라인 신청 주요혜택 주유 포인트/캐시백 영화 카","2026-06-11T13:04:13.065Z"
"naver-card-2776-performance-1","naver-card-2776","300000","300000","before","month","1","sum","excluded","0","기준실적 직전 1개월 합계 30만원 이상 혜택요약 네이버페이 온라인간편결제 10% 적립 온오프라인 0.5% 전월 이용금액 30만원 이상 시 제공(적립 제외 대상 등 자세한 내용은 혜택별 안내 페이지 확인) - 적립한도/횟수 : 5,000P (일상 패키지) 커피전문점·편의점·배달앱 5% 네이버페이 포 iD SELECT ALL 카드 신규 회원 최대 100% 지급 삼성 iD GLOBAL 카드 부가혜택 및 통합할인한도 [서비스 제공 기준] (공통 서비스) 국내외 온오프라인 가","2026-06-11T13:04:13.065Z"
"naver-card-3881-performance-1","naver-card-3881","300000","300000","before","month","1","sum","excluded","0","기준실적 직전 1개월 합계 30만원 이상 혜택요약 모든주유소 리터당 최대150원 할인 전월 이용금액 기준 : 매월 1일부터 말일까지 이용한 일시불 및 할부 이용금액(단기카드대출(현금서비스), 장기카드대출(카드론), 각종 수수료 및 이자(할부수수료, 카드대출 이자 등), 연체료, 연회비 납부건은 일시불 및 할부 이용금액에 해당되지 않음) [전 신용카드 정보: taptap DRIVE 신용카드 taptap DRIVE 공지 주유소 리터당 최대 150원 할인! 연회비 국내 1만","2026-06-11T13:04:13.065Z"
"naver-card-3896-performance-1","naver-card-3896","300000","300000","before","month","1","sum","excluded","0","전월실적 관계없이 해외 1. 전월실적 관계없이 해외 1.5% 할인 온라인 신청 주요혜택 쇼핑 대형마트 언제나할인 문화 다른 삼성카드 taptap 삼성카드 taptap O 신규 회원 최대 100% 지급 삼성카드 tap 보: taptap SHOPPING 신용카드 taptap SHOPPING 공지 온라인 쇼핑도 오프라인 쇼핑도 할인! 연회비 국내 1만원, 해외 1만원 기준실적 직전 1개월 합계 30만원 이상 혜택요약 온·오프라인쇼핑 연최대 48만원 할인 전월실적 관계없이 해","2026-06-11T13:04:13.065Z"
"naver-card-1695-performance-1","naver-card-1695","300000","300000","before","month","1","sum","excluded","0","전월실적관계없이국내외가맹점0 전월실적관계없이국내외가맹점0.3%할인 온라인 신청 주요혜택 간편결제 통신 영화 언제나할인 쇼핑 다른 삼성카드 taptap 삼성카드 taptap O 신규 회원 최대 100% 지급 삼성카드 내 1만원, 해외 1만원 기준실적 직전 1개월 합계 30만원 이상 혜택요약 삼성페이 10%, 통신비 10% 할인 전월실적관계없이국내외가맹점0.3%할인 온라인 신청 주요혜택 간편결제 통신 영화 언제나할인 쇼핑 다른 삼성카드 taptap 삼성카드 taptap O","2026-06-11T13:04:13.065Z"
"naver-card-3857-performance-1","naver-card-3857","300000","300000","before","month","1","sum","excluded","0","기준실적 직전 1개월 합계 30만원 이상 혜택요약 온라인 간편결제 연최대 24만원할인 전월 이용금액 기준: 매월 1일부터 말일까지 이용한 일시불 및 할부 이용금액(단기카드대출(현금서비스), 장기카드대출(카드론), 각종 수수료 및 이자(할부수수료, 카드대출 이자 등), 연체료, 연회비 납부건은 일시불 및 할부 이용금액에 해당되지 않음) [전 신용카드 정보: taptap DIGITAL 신용카드 taptap DIGITAL 공지 스트리밍 50% 결제일할인! 연회비 국내 1만원","2026-06-11T13:04:13.065Z"
"naver-card-1597-performance-1","naver-card-1597","300000","300000","before","month","1","sum","excluded","0","기준실적 직전 1개월 합계 30만원 이상 혜택요약 CU·배달의민족 월 최대 1만원할인 대중교통 월 최대 6천원 결제 전월 이용금액 산정 시, 할인 혜택이 적용된 이용금액(할인금액이 포함된 총 금액), 국세/지방세/공과금, 아파트 관리비, 대학 등록금, 대중교통, 택시, 상품권 구매, 선불카드 충전건은 제외됩니다. 연체이자율 : 회원별·이용상품별 CU·배달의민족 삼성카드 taptap 신용카드 CU·배달의민족 삼성카드 taptap 공지 배달의민족, CU 할인카드 추천 연회","2026-06-11T13:04:13.065Z"
"naver-card-10157-performance-1","naver-card-10157","0","","before","month","1","sum","excluded","0","전월실적할인한도없이0.7%·1%할인/ 쿠팡와우멤버십50%할 전월실적할인한도없이0.7%·1%할인/ 쿠팡와우멤버십50%할인(전월30만↑) 온라인 신청 주요혜택 연회비지원 주유 간편결제 대형마트 편의점 다른 삼성 iD 카드 삼성 iD ON 카드 신규 보: 삼성 iD SIMPLE 카드 신용카드 삼성 iD SIMPLE 카드 공지 국내외 실적/한도없이 최대1% 할인 연회비 국내 7천원, 해외 7천원 신규 회원 최대 100% 지급 기준실적 조건없음 혜택요약 전월실적할인한도없이0.7","2026-06-11T13:04:13.065Z"
"naver-card-10102-performance-1","naver-card-10102","300000","300000","before","month","1","sum","excluded","0","기준실적 직전 1개월 합계 30만원 이상 혜택요약 커피·배달앱 등 전월 이용금액 기준 : 매월 1일부터 말일까지 이용한 일시불 및 할부 이용금액(단기카드대출(현금서비스), 장기카드대출(카드론), 각종 수수료 및 이자(할부수수료, 카드대출 이자 등), 연체료, 연회비 납부건은 일시불 및 할부 이용금액에 해당되지 않음) [전 네이버 신용카드 정보: 삼성 iD ON 카드 신용카드 삼성 iD ON 카드 공지 연 최대 48만원 할인! 연회비 국내 2만원, 해외 2만원, 가족 1","2026-06-11T13:04:13.065Z"
"naver-card-10522-performance-1","naver-card-10522","400000","400000","before","month","1","sum","excluded","0","기준실적 직전 1개월 합계 40만원 이상 혜택요약 아파트관리비 또는 교육 10% 할인 전월 이용금액 기준 : 매월 1일부터 말일까지 이용한 일시불 및 할부 이용금액(단기카드대출(현금서비스), 장기카드대출(카드론), 각종 수수료 및 이자(할부수수료, 카드대출 이자 등), 연체료, 연회비 납부건은 일시불 및 할부 이용금액에 해당되지 않음) [전 카드 정보: 삼성 iD SELECT ALL 카드 신용카드 삼성 iD SELECT ALL 카드 공지 생활요금 할인 내게 맞춰 SEL","2026-06-11T13:04:13.065Z"
"naver-card-10343-performance-1","naver-card-10343","500000","500000","before","month","1","sum","excluded","0","전월실적관계없이해외2%국내0.5%할인 해외에서 삼성페이 결제시 5 전월실적관계없이해외2%국내0.5%할인 해외에서 삼성페이 결제시 5% 할인 온라인 신청 주요혜택 언제나할인 주유 쇼핑 간편결제 문화 다른 삼성 iD 카드 삼성 iD SIMPLE 카드 신규 정보: 삼성 iD GLOBAL 카드 신용카드 삼성 iD GLOBAL 카드 공지 해외 이용 수수료 100% 할인 연회비 국내 2만원, 해외 2만원 기준실적 직전 1개월 합계 50만원 이상 혜택요약 전월실적관계없이해외2%국내","2026-06-11T13:04:13.065Z"
"naver-card-10328-performance-1","naver-card-10328","400000","400000","before","month","1","sum","excluded","0","전월실적/할인한도없이 해외 1% 할인 전월실적/할인한도없이 해외 1% 할인 언제나할인 전월실적/할인한도없이 해외 1% 할인 전월실적/할인한도없이 해외 1% 할인 삼성카드 taptap O 신규 회원 최대 100% 지급 삼성 i 삼성 iD PLUG-IN 카드 신용카드 삼성 iD PLUG-IN 카드 공지 전기차 충전요금 연 최대 24만원할인 연회비 국내 2만원, 해외 2만원 기준실적 직전 1개월 합계 40만원 이상 혜택요약 전기차 충전요금 최대 40% 할인 주차장/대리운전","2026-06-11T13:04:13.065Z"
"naver-card-3717-performance-1","naver-card-3717","500000","500000","before","month","1","sum","excluded","0","기준실적 직전 1개월 합계 50만원 이상 혜택요약 많이 쓴 영역 알아서 자동 캐시백! 또는 원하는 영역 선택 청구할 전월 실적 이용 기준] 전월 1일~말일(승인시점 기준) KB국민 Easy all 티타늄카드 일시불 및 할부 승인(이용)금액 (해외이용금액은 전월 1일~말일까지 일시불 매입완료 기준) 취소 드 정보: KB국민 Easy all 티타늄카드 신용카드 KB국민 Easy all 티타늄카드 공지 캐시백/청구할인 원하는 서비스 선택! 연회비 국내 3만원, 해외 3만원","2026-06-11T13:04:13.065Z"
"naver-card-3638-performance-1","naver-card-3638","300000","300000","before","month","1","sum","excluded","0","기준실적 직전 1개월 합계 30만원 이상 혜택요약 외식·마트·주유·통신 등 생활영역 실물없이 간편하게 KB Pay로 전월 이용실적 기준] 전월 1일~말일(승인시점 기준) KB국민 마이핏카드(할인형) 일시불 및 할부 승인(이용)금액(해외이용금액은 전월 1일~말일까지 일시불 매입완료 기준) [전월 이용실적 제외 네이버 신용카드 정보: KB국민 마이핏카드(할인형) 신용카드 KB국민 마이핏카드(할인형) 공지 365일 24시간 언제나 즉시 발급! 연회비 국내 1만원, 해외 1만","2026-06-11T13:04:13.065Z"
"naver-card-2856-performance-1","naver-card-2856","500000","500000","before","month","1","sum","excluded","0","기준실적 직전 1개월 합계 50만원 이상 혜택요약 야놀자·여기어때·데일리호텔 5% 할인 숙박 App 업종 5% 할인 전월 이용실적 기준] 매월 1일~말일(승인시점기준) KB국민 Easy on카드 일시불 및 할부 승인(이용)금액 기준 해외이용금액은 전월 1일~말일까지 일시불 매입완료 기준 취소금액은 취소 전표 내 2만원, 해외 2만원 기준실적 직전 1개월 합계 50만원 이상 혜택요약 야놀자·여기어때·데일리호텔 5% 할인 숙박 App 업종 5% 할인 온라인 신청 주요혜택","2026-06-11T13:04:13.065Z"
"naver-card-1451-performance-1","naver-card-1451","300000","300000","before","month","1","sum","excluded","0","기준실적 직전 1개월 합계 30만원 이상 혜택요약 생활, 교육, 직장인, 쇼핑, 레저 최대 7% 포인트리적립,서 전월 1일~말일 KB국민 다담카드 일시불 및 할부 승인금액 (해외 이용금액은 전월 1일 ~ 말일까지 일시불 매입 완료 기준) [이용실적 제외 대상] KB국민 다담카드로 할인 및 적립 받은 이용금액(해당 매출 전체, 단 해외캐시백 제외), 단기카드대출(현 네이버 신용카드 정보: KB국민 다담카드 신용카드 KB국민 다담카드 공지 놀이공원 이용권 최대 50% 현장","2026-06-11T13:04:13.065Z"
"naver-card-10566-performance-1","naver-card-10566","400000","400000","before","month","1","sum","excluded","0","전월실적/ 월 할인한도] 40만원 이상 80만원 미만: 1만원 80만원 이상 160만원 미만: 2만원 160만원 이상: 3만원 [전월실적/ KB Pay 결제 시 추가 월 할인한도] 80만원 이상: 3천원 교육 관련업종 : 기술/사무/가정계학원, 예체능계학원, 문리계학원, 외국어학원, 기타학원, 학습지(일부 PG업체를 통한 결제시 할인 미제공) 교육 관련 업종 서비스는 최초 카드 사용등록일(KB Pay 등 간편결제 등록 포함)로부터 다음달 말일(실적유예기간)까지 KB N","2026-06-11T13:04:13.065Z"
"naver-card-10558-performance-1","naver-card-10558","400000","400000","before","month","1","sum","excluded","0","전월실적 채워드림 서비스 온라인 신청 주요혜택 연회비지원 주유 오토 외식 통신 일상팩과 가족팩, 나에게 맞는 영역 할인 선택! 연회비지원 온라인신규신청 연회비 100% 캐시백 홈페이지 내 신용카드 정보: KB국민 YOU Prime카드 신용카드 KB국민 YOU Prime카드 공지 내 생활에 맞는 할인 서비스팩 선택 연회비 국내 3만원, 해외 3만원 신규 회원 최대 100% 지급 기준실적 직전 1개월 합계 40만원 이상 혜택요약 해외 이용 수수료 면제 혜택 전월실적 채워드","2026-06-11T13:04:13.065Z"
"naver-card-10616-performance-1","naver-card-10616","0","","before","month","1","sum","excluded","0","기준실적 조건없음 혜택요약 조건·한도 없이 즐기는 1.2% 할인 해외 실적 조건없음 혜택요약 조건·한도 없이 즐기는 1.2% 할인 해외 가맹점 한도없이 2%할인 온라인 신청 주요혜택 연회비지원 언제나할인 쇼핑 뷰티 문 원, 해외 2만원 신규 회원 최대 100% 지급 기준실적 조건없음 혜택요약 조건·한도 없이 즐기는 1.2% 할인 해외 가맹점 한도없이 2%할인 온라인 신청 주요혜택 연회비지원 언제나할인 쇼핑 뷰티 문화 다른 LOCA LIKIT 카드 LOCA LIKIT 1","2026-06-11T13:04:13.065Z"
"naver-card-10107-performance-1","naver-card-10107","400000","400000","before","month","1","sum","excluded","0","기준실적 직전 1개월 합계 40만원 이상 혜택요약 놓칠 수 없는 온라 실적 직전 1개월 합계 40만원 이상 혜택요약 놓칠 수 없는 온라인쇼핑 60% 할인 쇼핑 멤버십도 60% 할인! 온라인 신청 주요혜택 연회비지원 쇼 회원 최대 100% 지급 기준실적 직전 1개월 합계 40만원 이상 혜택요약 놓칠 수 없는 온라인쇼핑 60% 할인 쇼핑 멤버십도 60% 할인! 온라인 신청 주요혜택 연회비지원 쇼핑 뷰티 편의점 다른 LOCA LIKIT 카드 LOCA LIKIT 1.2 신규","2026-06-11T13:04:13.065Z"
"naver-card-10108-performance-1","naver-card-10108","400000","400000","before","month","1","sum","excluded","0","기준실적 직전 1개월 합계 40만원 이상 혜택요약 주유·영화·스트리밍 실적 직전 1개월 합계 40만원 이상 혜택요약 주유·영화·스트리밍 60% 할인 60% 할인받으면서 Play! 온라인 신청 주요혜택 연회비지원 주유 신규 회원 최대 100% 지급 기준실적 직전 1개월 합계 40만원 이상 혜택요약 주유·영화·스트리밍 60% 할인 60% 할인받으면서 Play! 온라인 신청 주요혜택 연회비지원 주유 영화 문화 쇼핑 다른 LOCA LIKIT 카드 LOCA LIKIT 1.2 신","2026-06-11T13:04:13.065Z"
"naver-card-10106-performance-1","naver-card-10106","400000","400000","before","month","1","sum","excluded","0","기준실적 직전 1개월 합계 40만원 이상 혜택요약 음 실적 직전 1개월 합계 40만원 이상 혜택요약 음식점·배달앱·커피 60% 할인 60% 할인 받으면서 먹자! 온라인 신청 주요혜택 연회비지원 외식 카 신규 회원 최대 100% 지급 기준실적 직전 1개월 합계 40만원 이상 혜택요약 음식점·배달앱·커피 60% 할인 60% 할인 받으면서 먹자! 온라인 신청 주요혜택 연회비지원 외식 카페/베이커리 쇼핑 다른 LOCA LIKIT 카드 LOCA LIKIT 1.2 신규 회원 최대","2026-06-11T13:04:13.065Z"
"naver-card-10071-performance-1","naver-card-10071","400000","400000","before","month","1","sum","excluded","0","기준실적 직전 1개월 합계 40만원 이상 혜택요약 연 최대 42만원 실적 직전 1개월 합계 40만원 이상 혜택요약 연 최대 42만원 할인 혜택! 스타벅스 최대 60% 할인 온라인 신청 주요혜택 연회비지원 카페/베이커 1만원 신규 회원 최대 100% 지급 기준실적 직전 1개월 합계 40만원 이상 혜택요약 연 최대 42만원 할인 혜택! 스타벅스 최대 60% 할인 온라인 신청 주요혜택 연회비지원 카페/베이커리 영화 대중교통 통신 다른 LOCA LIKIT 카드 LOCA LIK","2026-06-11T13:04:13.065Z"
"naver-card-10310-performance-1","naver-card-10310","400000","400000","before","month","1","sum","excluded","0","전월실적에 포함. [자동납부 신청방법] KT 고객센터(KT 휴대폰에서 지역 번호 없이 114번) 또는 홈페이지(www.kt.co.kr)에서 신청하시기 바랍니다. [L.POINT] 롯데멤버 국내 2만원, 해외 2만원 기준실적 직전 1개월 합계 40만원 이상 혜택요약 KT 통신비 최대 1만3천원 할인 유무선 구분 없이 KT 통신비 할인 온라인 신청 주요혜택 통신 유무선 구분 없는 KT 통신비 할인 카드 통신 KT 통신비 최대 1만3천원 할인 KT 통신비 최대 1만3천원 할","2026-06-11T13:04:13.065Z"
"naver-card-2337-performance-1","naver-card-2337","300000","300000","before","month","1","sum","excluded","0","기준실적 직전 1개월 합계 30만원 이상 혜택요약 내가 선택한 주유소에서 10% 전월 이용금액이 40만원인 경우, 주유 서비스 월 이용금액 한도는 15만원으로 선택 정유사 주유 이용금액 15만원의 10%인 1만 5천원까지 할인 가능 차량서비스, 생활서비스의 경우 각 영역별 이용금액은 통합하여 한도 내에서 제공됩니다. 용카드 정보: 신한카드 Deep Oil 신용카드 신한카드 Deep Oil 공지 주차장/정비소 10% 결제일 할인 연회비 국내 1만원, 해외 1만3천원 신규","2026-06-11T13:04:13.065Z"
"naver-card-10218-performance-1","naver-card-10218","400000","400000","before","month","1","sum","excluded","0","기준실적 직전 1개월 합계 40만원 이상 혜택요약 전기차 충전요금 최대 50% 캐시백 주차앱 5천원 캐시백 전월 이용금액에 따라 제공되는 캐시백 한도 내에서 적용되며 잔여 캐시백 한도는 이월되지 않습니다. 캐시백 한도가 소진되는 경우 서비스가 제공되지 않습니다. 간편결제로 결제 시 가맹점명이 해당 0% 지급 신한카드 K-패스 신한카드 Simple Plan+ 신규 회원 최대 100% 지급 부가혜택 및 통합할인한도 [카드발급 유의사항] 가족카드는 발급이 불가합니다. 후불교","2026-06-11T13:04:13.065Z"
"naver-card-1571-performance-1","naver-card-1571","500000","500000","before","month","1","sum","excluded","0","기준실적 직전 1개월 합계 50만원 이상 혜택요약 국내 주유소 리터당 40~1 전월 이용금액 50만원 미만 : 리터당 주유소 40P / 충전소 10P 전월 이용금액 50만원 이상 100만원 미만 : 리터당 주유소 80P / 충전소 20P 전월 이용금액 100만원 이상 2 국내 충전소 리터당 10~50P 적립 온라인 신청 주요혜택 연회비지원 주유 프리미엄 쇼핑 오토 다른 주유 할인 혜택 신한카드 Deep Oil 신규 회원 최대 100% 지급 신한카드 경차사랑 Life 주","2026-06-11T13:04:13.065Z"
"naver-card-10589-performance-1","naver-card-10589","0","","before","month","1","sum","excluded","0","기준실적 조건없음 혜택요약 국내 이용금액 1% 할인 해외 이용 실적 한도 없는 할인 카드 연회비 국내 1만5천원, 해외 1만8천원, 가족겸용 없음 신규 회원 최대 100% 지급 기준실적 조건없음 혜택요약 국내 용카드 정보: 신한카드 Simple Plan 신용카드 신한카드 Simple Plan 공지 무실적 한도 없는 할인 카드 연회비 국내 1만5천원, 해외 1만8천원, 가족겸용 없음 신규 회원 최대 100% 지급 기준실적 조건없음 혜택요약 국내 이용금액 1% 할인 해외","2026-06-11T13:04:13.065Z"
"naver-card-10355-performance-1","naver-card-10355","300000","300000","before","month","1","sum","excluded","0","기준실적 직전 1개월 합계 30만원 이상 혜택요약 대중교통 10% 결제일 할인 간편결제 5% 결제일 할인 온라인 신 실적 직전 1개월 합계 30만원 이상 혜택요약 대중교통 10% 결제일 할인 간편결제 5% 결제일 할인 온라인 신청 주요혜택 대중교통 간편결제 외식 네이버 신용카드 정보: 신한카드 K-패스 신용카드 신한카드 K-패스 공지 OTT 5% 결제일 할인 연회비 국내 7천원, 해외 1만원 기준실적 직전 1개월 합계 30만원 이상 혜택요약 대중교통 10% 결제일 할인","2026-06-11T13:04:13.065Z"
"naver-card-10590-performance-1","naver-card-10590","0","","before","month","1","sum","excluded","0","기준실적 조건없음 혜택요약 국내 이용금액 1.5% 할인 해외 이용 전월 이용금액이 전월 이용금액에 반영됩니다. (단, 모바일 후불 교통카드 이용금액은 전월 이용금액이 반영됩니다.) - 1분기 : 1~3월 / 2분기 : 4~6월 / 3분기 : 7~9월 / 4분기 : 10~12월 ※ 거래 후 취소금액은 국내 거래의 경우 최초 승 신한카드 Simple Plan+ 신용카드 신한카드 Simple Plan+ 공지 무실적 한도 없는 1.5% 할인 카드 연회비 국내 4만7천원, 해외","2026-06-11T13:04:13.065Z"
"naver-card-10176-performance-1","naver-card-10176","0","","before","month","1","sum","excluded","0","기준실적 조건없음 혜택요약 수수료 없이 3개월, 6 실적 조건없음 혜택요약 수수료 없이 3개월, 6개월로 나누기 이용금액에 따라 나누기 납부혜택! 온라인 신청 주요혜택 연회비지원 납부 혜택 다른 LO 대 100% 지급 LG U+ X LOCA 롯데백화점 롯데카드 신규 회원 최대 100% 지급 부가혜택 및 통합할인한도 [연회비] 국내전용, 해외겸용(MASTER/AMEX): 20,000원 가족카드: 13,000원 [LOCA 나누기 혜택 기준] LOCA 나누기 카드로 결제한","2026-06-11T13:04:13.065Z"
"naver-card-3856-performance-1","naver-card-3856","1500000","1500000","before","month","1","sum","excluded","0","전월실적 없이 0.5% 할인은 기본! 국내외 가맹점에서 최대 1% 할인 전월실적 없이 0.5% 할인은 기본! 쇼핑 쇼핑 업종 최대 1% 결제일 할인 쇼핑 업종 최대 1% 결제일 할인 카페/베이커 ASSIC (로카 클래식) 신용카드 LOCA CLASSIC (로카 클래식) 공지 24시간 온라인 간편 발급 연회비 국내 2만원, 해외 2만원 기준실적 직전 1개월 합계 1백50만원 이상 혜택요약 전월 실적 없이 0.5% 기본 할인 국내외 가맹점 최대 1% 특별할인 온라인 신청","2026-06-11T13:04:13.065Z"
"naver-card-10033-performance-1","naver-card-10033","0","","before","month","1","sum","excluded","0","기준실적 조건없음 혜택요약 한도 없이 최대 2% 로카코인 적립! 금융서비스 이자납부 가능 로카코인적립 온라인 신청 실적 조건없음 혜택요약 한도 없이 최대 2% 로카코인 적립! 금융서비스 이자납부 가능 로카코인적립 온라인 신청 주요혜택 포인트/캐시백 다른 LOCA 대 100% 지급 LG U+ X LOCA 롯데백화점 롯데카드 신규 회원 최대 100% 지급 부가혜택 및 통합할인한도 [연회비] 국내전용, 해외겸용(MASTER/VISA/AMEX): 20,000원 가족카드: 없음","2026-06-11T13:04:13.065Z"
"naver-card-10029-performance-1","naver-card-10029","750000","750000","before","month","1","sum","excluded","0","전월실적 없이 0.5% 할인은 기본! 온라인 결제 시 1.5% 결제일 할인 국내외 가맹점에서 최대 1% 할인 전월실적 없이 0.5% 할인은 기본! 온라인 결제 시 1.5% 결제일 할인 바 네이버 신용카드 정보: LOCA 100 신용카드 LOCA 100 공지 온라인 1.5% 결제일 할인 연회비 국내 2만원, 해외 2만원, 가족겸용 없음 기준실적 직전 1개월 합계 75만원 이상 혜택요약 국내외 가맹점 최대 1% 할인! 최대 6만원 Flex Voucher 온라인 신청 주요혜","2026-06-11T13:04:13.065Z"
"naver-card-10256-performance-1","naver-card-10256","500000","500000","before","month","1","sum","excluded","0","전월실적/할인한도없이 해외 1% 할인 전월실적/할인한도없이 해외 1% 할인 렌탈 렌탈 10% 결제일할인 렌탈 10% 결제일할인 통신 이동통신 10% 결제일할인 이동통신 10% 결제일할인 쇼핑 온라인쇼핑몰멤버십 10% 결제일할 드 정보: 삼성 iD VITA 카드 신용카드 삼성 iD VITA 카드 공지 의료,보험,뷰티등 연최대 66만원할인 연회비 국내 2만원, 해외 2만원 기준실적 직전 1개월 합계 50만원 이상 혜택요약 병/의원, 약국 20% 할인 생명보험, 손해보험 1","2026-06-11T13:04:13.065Z"
"naver-card-10184-performance-1","naver-card-10184","400000","400000","before","month","1","sum","excluded","0","기준실적 직전 1개월 합계 40만원 이상 혜택요약 동물병원, 반려동물쇼핑몰 30%할인 펫보험10%할인, 스트 전월 이용금액 기준 : 매월 1일부터 말일까지 이용한 일시불 및 할부 이용금액(단기카드대출(현금서비스), 장기카드대출(카드론), 각종 수수료 및 이자(할부수수료, 카드대출 이자 등), 연체료, 연회비 납부건은 일시불 및 할부 이용금액에 해당되지 않음) [전 이버 신용카드 정보: 삼성 iD PET 카드 신용카드 삼성 iD PET 카드 공지 반려동물 병원부터 펫보험","2026-06-11T13:04:13.065Z"
"naver-card-10462-performance-1","naver-card-10462","400000","400000","before","month","1","sum","excluded","0","기준실적 직전 1개월 합계 40만원 이상 혜택요약 SK에너지 주유 10% 할인 전월 이용금액 기준: 매월 1일부터 말일까지 이용한 일시불 및 할부 이용금액(단기카드대출(현금서비스), 장기카드대출(카드론), 각종 수수료 및 이자(할부수수료, 카드대출 이자 등), 연체료, 연회비 납부건은 일시불 및 할부 이용금액에 해당되지 않음) [전 ON 카드 (SK에너지) 신용카드 삼성 iD STATION 카드 (SK에너지) 공지 연 최대 42만원 주유 할인 연회비 국내 1만5천원,","2026-06-11T13:04:13.065Z"
"naver-card-10126-performance-1","naver-card-10126","500000","500000","before","month","1","sum","excluded","0","기준실적 직전 1개월 합계 50만원 이상 혜택요약 주유 건별 10,000원 할인/ 주차장·대리운전·통행료 10% 할 전월 이용금액 기준 : 매월 1일부터 말일까지 이용한 일시불 및 할부 이용금액(단기카드대출(현금서비스), 장기카드대출(카드론), 각종 수수료 및 이자(할부수수료, 카드대출 이자 등), 연체료, 연회비 납부건은 일시불 및 할부 이용금액에 해당되지 않음) [전 카드 정보: 삼성 iD ENERGY 카드 신용카드 삼성 iD ENERGY 카드 공지 주유 건별 1만","2026-06-11T13:04:13.065Z"
"naver-card-10237-performance-1","naver-card-10237","500000","500000","before","month","1","sum","excluded","0","전월실적/적립한도 없이 전월실적/적립한도 없이 빅포인트적립! 온라인 신청 주요혜택 바우처 포인트/캐시백 문화 쇼핑 영화 다른 삼성 iD 카드 삼성 iD SIMPLE 카드 신규 회원 최대 100% 지급 삼성 iD 카드 (SK에너지) 신규 회원 최대 100% 지급 삼성 iD ALL 카드 삼성 iD ONE 카드 여행/쇼핑 할인의 설렘을 가득 채운 한장의 카드 바우처 기프트 서비스(연 3회) 기프트 서비스(연 3회) 포인트/캐시백 국내외 가맹점 최대 2% 빅포인트적립 국내외","2026-06-11T13:04:13.065Z"
"naver-card-10103-performance-1","naver-card-10103","400000","400000","before","month","1","sum","excluded","0","전월실적없이 0.5%할인 /할인점최대5%,관리비최대1 전월실적없이 0.5%할인 /할인점최대5%,관리비최대1만원 할인 온라인 신청 주요혜택 주유 쇼핑 대형마트 통신 관리비 다른 삼성 iD 카드 삼성 iD SIMPLE 카드 신규 회원 최대 10 네이버 신용카드 정보: 삼성 iD ALL 카드 신용카드 삼성 iD ALL 카드 공지 신경쓰지 않아도 알아서 할인! 연회비 국내 2만원, 해외 2만원 기준실적 직전 1개월 합계 40만원 이상 혜택요약 국내외가맹점 전월실적없이 0.5%","2026-06-11T13:04:13.065Z"
"naver-card-10406-performance-1","naver-card-10406","500000","500000","before","month","1","sum","excluded","0","기준실적 직전 1개월 합계 50만원 이상 혜택요약 백화점·할인점 빅포인트 10% 적립/ 아파트관리비도 학원비도 빅포 전월 이용금액 기준] 매월 1일부터 말일까지 이용한 일시불 및 할부 이용금액(단기카드대출(현금서비스), 장기카드대출(카드론), 각종 수수료 및 이자(할부수수료, 카드대출 이자 등), 연체료, 연회비 납부건은 일시불 및 할부 이용금액에 해당되지 않음) [연 48만원 적립 연회비 국내 5만원, 해외 5만원 기준실적 직전 1개월 합계 50만원 이상 혜택요약 백","2026-06-11T13:04:13.065Z"
"naver-card-10523-performance-1","naver-card-10523","300000","300000","before","month","1","sum","excluded","0","기준실적 직전 1개월 합계 30만원 이상 혜택요약 음식점 월~목5%금토일10%할인 또 전월 이용금액 기준 : 매월 1일부터 말일까지 이용한 일시불 및 할부 이용금액(단기카드대출(현금서비스), 장기카드대출(카드론), 각종 수수료 및 이자(할부수수료, 카드대출 이자 등), 연체료, 연회비 납부건은 일시불 및 할부 이용금액에 해당되지 않음) [전 보: 삼성 iD SELECT ON 카드 신용카드 삼성 iD SELECT ON 카드 공지 내 주말은 금토일, 할인은 더블로! 연회비","2026-06-11T13:04:13.065Z"
"naver-card-2348-performance-1","naver-card-2348","300000","300000","before","month","1","sum","excluded","0","전월실적 30~70만원 구간의 할인한도가 제공됩니다. 교통이용금액은 전전월 이용금액 기준이며, 해외 이용금액은 매입일자를 기준으로 적용됩니다. 할인 서비스는 전월 이용금액 구간에 따라 제공된 서비스별 월 할인한도 내에서 제공됩니다. [보험료 서비스 할인한도] 보험료 결제금액별 할인한도(제공한도 연 1회로 모두 동일함) - 보험료 결제금액 편의점 10% 할인 편의점 10% 할인 의료 병원/약국 10% 할인 병원/약국 10% 할인 카페/베이커리 커피전문점 10% 할인 커피","2026-06-11T13:04:13.065Z"
"naver-card-10485-performance-1","naver-card-10485","400000","400000","before","month","1","sum","excluded","0","기준실적 직전 1개월 합계 40만원 이상 혜택요약 넷플릭스, 네이버플 전월 이용금액 120만원 이상 150만원 미만일 경우 최대 7만원, 150만원 이상 180만원 미만일 경우 최대 7만3천원 혜택 한도가 제공됩니다. ※ 서비스 대상 가맹점이 온라인 가맹점일 경 Discount Plan+ 신용카드 신한카드 Discount Plan+ 공지 공과금/통신요금 10% 결제일 할인 연회비 국내 5만원, 해외 5만원, 가족겸용 없음 신규 회원 최대 100% 지급 기준실적 직전 1","2026-06-11T13:04:13.065Z"
"naver-card-10490-performance-1","naver-card-10490","400000","400000","before","month","1","sum","excluded","0","기준실적 직전 1개월 합계 40만원 이상 혜택요약 넷플릭스, 전월 이용금액 기준] ※ 전월 이용금액은 ‘신한카드 Discount Plan’의 전월(1일~말일) 거래 시점 이용금액(일시불 +할부)을 기준으로 반영됩니다. - 해외 이용금액은 매입일자를 기준으로 반영됩니다. - 교통 정보: 신한카드 Discount Plan 신용카드 신한카드 Discount Plan 공지 주유 5% 결제일 할인 연회비 국내 1만5천원, 해외 1만5천원, 가족겸용 없음 신규 회원 최대 100%","2026-06-11T13:04:13.065Z"
"naver-card-10402-performance-1","naver-card-10402","400000","400000","before","month","1","sum","excluded","0","기준실적 직전 1개월 합계 40만원 이상 혜택요약 국내 가맹점 최 전월(1일~말일) 이용금액에 따른 서비스별 월 통합 적립 한도 내에서 당월(1일~말일) 거래에 대하여 마이신한포인트가 적립됩니다. 신한카드 Point Plan+의 모든 적립 서비스는 매월(1일~말일) 이용 00% 지급 신한카드 Simple Plan 신규 회원 최대 100% 지급 신한카드 K-패스 부가혜택 및 통합할인한도 [카드발급 유의사항] 가족카드 연회비는 없습니다.(단, 가족카드 단독으로 발급받을 경","2026-06-11T13:04:13.065Z"
"naver-card-10327-performance-1","naver-card-10327","400000","400000","before","month","1","sum","excluded","0","기준실적 직전 1개월 합계 40만원 이상 혜택요약 해외 결제금액 전월(1일~말일) 이용금액에 따라 서비스별 월 통합 적립한도 내에서 당월(1일~말일) 거래에 대해 마이신한포인트가 적립됩니다. • 신한카드 Point Plan의 모든 적립 서비스는 매월(1일~말일) 이용 00% 지급 신한카드 Simple Plan 신규 회원 최대 100% 지급 신한카드 K-패스 부가혜택 및 통합할인한도 [신한카드 Point Plan 적립 서비스 유의사항] • 신한카드 Point Plan 적","2026-06-11T13:04:13.065Z"
"naver-card-10409-performance-1","naver-card-10409","500000","500000","before","month","1","sum","excluded","0","기준실적 직전 1개월 합계 50만원 이상 혜택요약 학원비 최대 1 전월(1일~말일) 이용금액에 따라 각 서비스별 월간 한도 내에서 적용됩니다. 신한카드 Edu Plan+ 모든 캐시백 서비스는 매월(1일~말일) 이용거래에 대해 다음달 20일에 캐시백됩니다. 온라인 결제가 캐시백 통신 통신요금 정기결제 1% 캐시백 통신요금 정기결제 1% 캐시백 영화 메가박스 온라인 예매 7천원 할인 메가박스 온라인 예매 7천원 할인 신한카드 Mr.Life 신규 회원 최대 100% 지급 신","2026-06-11T13:04:13.065Z"
"naver-card-10444-performance-1","naver-card-10444","400000","400000","before","month","1","sum","excluded","0","기준실적 직전 1개월 합계 40만원 이상 혜택요약 서울시 대중교통 혜택 적용 카드 온라인 쇼핑몰 10% 결제일 전월 이용금액 기준] • 전월 이용금액은 신한 후불 기후동행 신용카드의 전월(1일~말일)의 거래시점 이용금액(일시불+할부)을 기준으로 반영됩니다. - 해외 이용 금액은 매입일자를 기준으로 반영됩니다. - 교통카드 이용 실적 직전 1개월 합계 40만원 이상 혜택요약 서울시 대중교통 혜택 적용 카드 온라인 쇼핑몰 10% 결제일 할인 온라인 신청 주요혜택 쇼핑 문화","2026-06-11T13:04:13.065Z"
"naver-card-1292-performance-1","naver-card-1292","300000","300000","before","month","1","sum","excluded","0","기준실적 직전 1개월 합계 30만원 이상 혜택요약 버스, 지하철 일 최대 600원 할인 택시, KTX 이용금액 전월 이용금액 30만원 이상 50만원 미만 : 일 200원 전월 이용금액 50만원 이상 100만원 미만 : 일 400원 전월 이용금액 100만원 이상 : 일 600원 [교통(택시,KTX) 할인 한도] 전월 이용금액 30만원 이상 50만원 미만 : 5천 1만원, 해외 1만3천원 기준실적 직전 1개월 합계 30만원 이상 혜택요약 버스, 지하철 일 최대 600원 할","2026-06-11T13:04:13.065Z"
"naver-card-10201-performance-1","naver-card-10201","300000","300000","before","month","1","sum","excluded","0","기준실적 직전 1개월 합계 30만원 이상 혜택요약 버스, 지하철 30% 결제일 할인카드 고속버스, 택시 등 전월(1일~말일) 이용금액에 따른 월간 통합 할인한도 내에서 당월(1일~말일) 기준으로 적용됩니다. • 할인서비스는 서비스 영역별 고객님이 이용하신 거래 순서대로 결제일 할인이 적용됩니다. • 할인서비스는 ay &amp; GO 신한카드 신용카드 티머니 Pay &amp; GO 신한카드 공지 통신요금 자동이체 5% 할인카드 연회비 국내 1만5천원, 해외 1만8천원 기","2026-06-11T13:04:13.065Z"
"naver-card-10333-performance-1","naver-card-10333","300000","300000","before","month","1","sum","excluded","0","전월실적, 횟수 제한없이 DA할인 연회비 국내 1만2천원, 해외 1만2천원 신규 회원 최대 100% 지급 기준실적 직전 1개월 합계 30만원 이상 혜택요약 국내외 가맹점 1.3% 청구 할 네이버 신용카드 정보: DA카드의정석Ⅱ 신용카드 DA카드의정석Ⅱ 공지 전월실적, 횟수 제한없이 DA할인 연회비 국내 1만2천원, 해외 1만2천원 신규 회원 최대 100% 지급 기준실적 직전 1개월 합계 30만원 이상 혜택요약 국내외 가맹점 1.3% 청구 할인 실적·횟수 제한 없이 적용","2026-06-11T13:04:13.065Z"
"naver-card-10345-performance-1","naver-card-10345","300000","300000","before","month","1","sum","excluded","0","기준실적 직전 1개월 합계 30만원 이상 혜택요약 온·오프라인 쇼핑 10% 할인 실적 직전 1개월 합계 30만원 이상 혜택요약 온·오프라인 쇼핑 10% 할인 간편결제 이용 시 5% 추가 할인 온라인 신청 주요혜택 연회비지원 쇼핑 네이버 신용카드 정보: 카드의정석 SHOPPING+ 신용카드 카드의정석 SHOPPING+ 공지 쇼핑 할인에 캐시백까지 한 번에 연회비 국내 1만원, 해외 1만2천원 신규 회원 최대 100% 지급 기준실적 직전 1개월 합계 30만원 이상 혜택요약","2026-06-11T13:04:13.065Z"
"naver-card-10286-performance-1","naver-card-10286","500000","500000","before","month","1","sum","excluded","0","전월실적은 전월 1일부터 말일(매출승인일 기준)까지 카드별 이용실적이며, 교통카드 이용금액 및 통신료 자동납부 금액은 매출표 접수일 기준으로 해당월 이용금액에 합산 적용됩니다. - 아파트관리비(임대료), 정부지원금(보육료, 유치원보조비, 바우처 이용금액 등), 대학(대학원) 등록금, 국세, 지방세, 공공요금(공과금)*, 상품권·기프트카드·선불카드 구매 및 충전금액, 교통카드(모바일 포함) 구매 및 충전 금액, 고속버스(차내 단말기 및 고속버스 APP 결제), 각종 수수","2026-06-11T13:04:13.065Z"
"naver-card-10045-performance-1","naver-card-10045","300000","300000","before","month","1","sum","excluded","0","전월실적 제외 대상] 정부지원금(국가바우처, 보육료, 유치원보조비 이용금액 등), 아파트관리비(임대료), 대학(대학원)등록금, 국세, 지방세, 공공요금(공과금), 상품권/선불카드/기프트카 네이버 신용카드 정보: 우리 국민행복카드 S2 신용카드 우리 국민행복카드 S2 공지 국가바우처부터 생활 할인까지 한 번에 연회비 국내전용 없음, 해외겸용 없음 기준실적 직전 1개월 합계 30만원 이상 혜택요약 병의원·조리원·약국 7% 청구할인 바우처혜택에 온라인쇼핑 5% 할인까지 온라","2026-06-11T13:04:13.065Z"
"naver-card-10612-performance-1","naver-card-10612","500000","500000","before","month","1","sum","excluded","0","기준실적 직전 1개월 합계 50만원 이상 혜택요약 쇼핑 업종 실적 직전 1개월 합계 50만원 이상 혜택요약 쇼핑 업종 최대 15% 청구할인 온라인쇼핑 멤버십 50% 파격 할인 온라인 신청 주요혜택 연회비지원 정보: 카드의정석2 SHOPPER 신용카드 카드의정석2 SHOPPER 공지 쇼핑멤버십 50%+쇼핑 최대15%할인 연회비 국내 2만8천원, 해외 2만8천원, 가족겸용 없음 신규 회원 최대 100% 지급 기준실적 직전 1개월 합계 50만원 이상 혜택요약 쇼핑 업종 최대","2026-06-11T13:04:13.065Z"
"naver-card-10592-performance-1","naver-card-10592","400000","400000","before","month","1","sum","excluded","0","전월실적은 전월 국내외 가맹점 이용금액으로, 세부 기준은 &#x27;실적 산정 방법 안내&#x27;를 참고하시기 바랍니다. - LPG 충전소 이용금액, 무이자할부금액, 상품권 및 환금성 천원 신규 회원 최대 100% 지급 기준실적 직전 1개월 합계 40만원 이상 혜택요약 SK 주유소 L당 청구할인 편의점, 커피, OTT 7% 청구할인 온라인 신청 주요혜택 연회비지원 주유 편의점 카페/베이커리 문화 다른 우리 추천카드 카드의정석2 SUPER 신규 회원 최대 100% 지급","2026-06-11T13:04:13.065Z"
"naver-card-10536-performance-1","naver-card-10536","500000","500000","before","month","1","sum","excluded","0","전월실적 조건 없음 ※ 적립한도 제한 없음 [해외 가맹점] - 기본 적립 : 1,500원당 1마일 / 월 적립한도 제한 없음 - 추가 적립 : 1,500원당 1마일 / 월 적립한도 최대 2,000마일 - 전월 실적 : 50만원 이상 ※ 전월실적은 전월 국내외 가맹점 이용금액으로 관련 세부기준은 '실적 산정 방법 안내' 참고 ※ 추가 월 적립한도는 본인+가족카드 합산 기준이며, 추가 적립한도 초과 이용 금액은 기본 적립 혜택만 제공 예) 본인카드 해외 200만원이용시 2","2026-06-11T13:04:13.065Z"
"naver-card-10593-performance-1","naver-card-10593","0","","before","month","1","sum","excluded","0","전월실적은 전월 국내외 가맹점 이용금액으로, 세부 기준은 &#x27;실적 산정 방법 안내&#x27;를 참고하시기 바랍니다. - LPG 충전소 이용금액, 무이자할부금액, 상품권 및 환금성 원, 해외 2만원 신규 회원 최대 100% 지급 기준실적 조건없음 혜택요약 E1 충전소부터 일상 영역 10%할인 편의점∙커피 업종 10% 청구할인 온라인 신청 주요혜택 연회비지원 주유 편의점 카페/베이커리 다른 우리 추천카드 카드의정석2 SUPER 신규 회원 최대 100% 지급 카드의정","2026-06-11T13:04:13.065Z"
"naver-card-10512-performance-1","naver-card-10512","500000","500000","before","month","1","sum","excluded","0","전월실적 50만원 이상 100만원 미만 : 영역별 할인 한도 4천원 / 월 최대 할인 한도 2만 8천원 전월실적 100만원 이상 200만원 미만 : 영역별 할인 한도 6천원 / 월 최대 할인 한도 4만 2천원 전월실적 200만원 이상 : 영역별 할인 한도 1만 2천원 / 월 최대 할인 한도 8만 4천원 · 전월실적은 전월 국내 가맹점 이용금액으로 관련 세부기준은 '실적 산정 방법 안내' 참고 ※ 카드 수령(사용)등록일과 사용개시일 중 빠른 날을 기준으로 다음달 말일까지","2026-06-11T13:04:13.065Z"
"naver-card-10403-performance-1","naver-card-10403","0","","before","month","1","sum","excluded","0","전월실적, 할인한도 조건없이 기본할인 연회비 국내 1만2천원, 해외 1만2천원 신규 회원 최대 100% 지급 기준실적 조건없음 혜택요약 국내 가맹점 0.8% 기본 청구할인 네이버페이·카카 정보: 카드의정석 EVERY DISCOUNT 신용카드 카드의정석 EVERY DISCOUNT 공지 전월실적, 할인한도 조건없이 기본할인 연회비 국내 1만2천원, 해외 1만2천원 신규 회원 최대 100% 지급 기준실적 조건없음 혜택요약 국내 가맹점 0.8% 기본 청구할인 네이버페이·카카오","2026-06-11T13:04:13.065Z"
"naver-card-10344-performance-1","naver-card-10344","300000","300000","before","month","1","sum","excluded","0","기준실적 직전 1개월 합계 30만원 이상 혜택요약 커피 55%, 대중교통 33 실적 직전 1개월 합계 30만원 이상 혜택요약 커피 55%, 대중교통 33% 편의점 11%, 영화관 청구 할인까지 온라인 신청 주요혜택 연회비지원 네이버 신용카드 정보: D4카드의정석Ⅱ 신용카드 D4카드의정석Ⅱ 공지 Discount 4대 업종 실속 할인 연회비 국내 1만2천원, 해외 1만2천원 신규 회원 최대 100% 지급 기준실적 직전 1개월 합계 30만원 이상 혜택요약 커피 55%, 대중","2026-06-11T13:04:13.065Z"
"naver-card-10492-performance-1","naver-card-10492","500000","500000","before","month","1","sum","excluded","0","기준실적 직전 1개월 합계 50만원 이상 실적 직전 1개월 합계 50만원 이상 혜택요약 카드의정석은 일상이 1.2% 할인혜택 일년에 보너스 4번 분기별 1.5만원 온라인 신청 주요혜택 연회 규 회원 최대 100% 지급 기준실적 직전 1개월 합계 50만원 이상 혜택요약 카드의정석은 일상이 1.2% 할인혜택 일년에 보너스 4번 분기별 1.5만원 온라인 신청 주요혜택 연회비지원 언제나할인 쇼핑 카페/베이커리 외식 다른 우리 추천카드 카드의정석2 SUPER 신규 회원 최대 1","2026-06-11T13:04:13.065Z"
"naver-card-10538-performance-1","naver-card-10538","500000","500000","before","month","1","sum","excluded","0","기준실적 직전 1개월 합계 50만원 이상 혜택요약 2차년도 이상 바우처 최대 13만원 국내항공권· 실적 직전 1개월 합계 50만원 이상 혜택요약 2차년도 이상 바우처 최대 13만원 국내항공권·여행 3% 적립! 온라인 신청 주요혜택 바우처 포인트/ 특별 적립Ⅱ 적립 서비스 유의사항 프리미엄 공항라운지 서비스 (동반 1인 무료) 인천공항 주차 1만원 청구할인 서비스 공항라운지 서비스 (동반 1인 무료) 인천공항 주차 1만원 청구할인 서비스 문화 카카오T주차&amp;유튜브","2026-06-11T13:04:13.065Z"
"naver-card-10376-performance-1","naver-card-10376","400000","400000","before","month","1","sum","excluded","0","전월실적은 전월 1일부터 말일(매출승인일 기준)까지 카드별 국내외 가맹점 이용실적이며, 해외 가맹점 이용금액, 교통카드 이용금액 및 통신료 자동납부 금액은 매출표 접수일 기준으로 해당 월 네이버 신용카드 정보: 카드의정석 TEN 신용카드 카드의정석 TEN 공지 쇼핑부터 교통까지 생활비 집중 할인! 연회비 국내 1만2천원, 해외 1만2천원 신규 회원 최대 100% 지급 기준실적 직전 1개월 합계 40만원 이상 혜택요약 커피·편의점·교통·통신까지 10%할인 해외 결제까지","2026-06-11T13:04:13.065Z"
"naver-card-10580-performance-1","naver-card-10580","500000","500000","before","month","1","sum","excluded","0","전월실적 : 50만원 이상 - 월 할인한도 : 3천원 ※ 서비스 제공 유의사항 및 전월 이용실적 관련 상세 기준은 '적립/할인 제공 유의사항' 및 '실적 산정 방법 안내' 참고 ※ UniMile 적립 서비스 중 '여행준비(항공권/플랫폼/면세점)' 영역은 할인 제외 1) 간편결제 해당 간편결제에 '우리카드 UniMile' 등록 후 국내 온라인 가맹점 결제 시 할인 제공 ※ 오프라인 결제(QR코드, 바코드, 스마트폰 NFC/MST 등) 시 할인 제외 2) 인앱결제 구글플레","2026-06-11T13:04:13.065Z"
"naver-card-10348-performance-1","naver-card-10348","300000","300000","before","month","1","sum","excluded","0","전월실적 조건 없음, 할인 한도 제한 없음 ※ 0.7%, 1.0% 할인은 매출 건당 금액대별로 한 가지만 적용되며, 중복 제공 불가 사전 지정한 금액 이하는 체크로 결제하고, 초과분은 신용으로 결제하는 서비스 (우리카드 홈페이지→MY→이용한도→투인원결제 신청/해지 참고) ※ 할인제외 : 무이자할부금액, 국세, 지방세, 대학(대학원) 등록금, 아파트관리비(임대료), 상품권/기프트카드/선불카드 구매 및 충전금액, 해외가맹점 이용금액 ※ 할인 및 제외 업종/ 가맹점은 우리카","2026-06-11T13:04:13.065Z"
"naver-card-10315-performance-1","naver-card-10315","500000","500000","before","month","1","sum","excluded","0","기준실적 직전 1개월 합계 50만원 이상 혜택요약 1만 4천 ALL 리워드 포인트 제공 아코르 플러스 유료 멤버 실적 직전 1개월 합계 50만원 이상 혜택요약 1만 4천 ALL 리워드 포인트 제공 아코르 플러스 유료 멤버십 제공 온라인 신청 주요혜택 바우처 포 천원 지급 우리 국민행복카드 S2 카드의정석2 SHOPPER 신규 회원 최대 100% 지급 부가혜택 및 통합할인한도 상품 출시일 및 부가서비스 변경 안내 상품 출시일 : 2023년 11월 7일 카드 이용 시 제공","2026-06-11T13:04:13.065Z"
"naver-card-10347-performance-1","naver-card-10347","0","","before","month","1","sum","excluded","0","전월실적 조건 없음 ※ 적립한도 제한 없음 ※ 해외 결제 시 별도의 수수료가 발생할 수 있으며, 해당 내용은 상품안내장 내 '해외이용 안내' 참조 ※ Two-in-One 결제서비스(체크매출) 이용 시 0.3% 적립 우리WON페이, 네이버페이, 카카오페이 2% 추가 적립 ※ 전월 국내외 가맹점 이용금액 40만원 이상 시 혜택 제공 ※ 추가 적립은 해당 간편결제에 본 카드를 등록하여 온라인에서 결제 시 제공 ※ 모바일 단말을 이용한 국내 오프라인 결제건(매장 내 QR, 바","2026-06-11T13:04:13.065Z"
"naver-card-10316-performance-1","naver-card-10316","500000","500000","before","month","1","sum","excluded","0","기준실적 직전 1개월 합계 50만원 이상 혜택요약 4천 ALL 리워드 포인트 제공 ALL SILVER 등급 제공 실적 직전 1개월 합계 50만원 이상 혜택요약 4천 ALL 리워드 포인트 제공 ALL SILVER 등급 제공 온라인 신청 주요혜택 바우처 포인트/캐 천원 지급 우리 국민행복카드 S2 카드의정석2 SHOPPER 신규 회원 최대 100% 지급 부가혜택 및 통합할인한도 상품 출시일 및 부가서비스 변경 안내 상품 출시일 : 2023년 11월 7일 카드 이용 시 제공","2026-06-11T13:04:13.065Z"
"naver-card-1692-performance-1","naver-card-1692","300000","300000","before","month","1","sum","excluded","0","기준실적 직전 1개월 합계 30만원 이상 혜택요약 버거/패스트푸드 최대 30% 청 전월 1일 ~ 말일까지 일시불 매입완료 기준) [이용실적 제외 대상] KB국민 청춘대로 톡톡카드로 ‘할인서비스’ 받은 이용건(해당 매출전체), 단기카드대출(현금서비스), 장기카드대출(카드론), 각종 세금 및 공과금, 아파트관리비, 정부 용카드 정보: KB국민 청춘대로 톡톡카드 신용카드 KB국민 청춘대로 톡톡카드 공지 스타벅스 최대 60% 청구할인 혜택! 연회비 국내 1만원, 해외 1만2천","2026-06-11T13:04:13.065Z"
"naver-card-10452-performance-1","naver-card-10452","500000","500000","before","month","1","sum","excluded","0","기준실적 직전 1개월 합계 50만원 이상 혜택요약 롯데멤버스 LPO 실적 직전 1개월 합계 50만원 이상 혜택요약 롯데멤버스 LPOINT 0.5% 적립 롯데멤버스엘포인트 최대20만 미리적립 온라인 신청 주요혜택 연회 100% 지급 롯데카드 텔로 SE LOCA LIKIT 2.0 신규 회원 최대 100% 지급 부가혜택 및 통합할인한도 [연회비] 국내전용: 30,000원 해외겸용(MASTER): 30,000원 가족카드: 23,000원 [포인트적립 혜택 제공 공통 기준] 포인","2026-06-11T13:04:13.065Z"
"naver-card-10453-performance-1","naver-card-10453","500000","500000","before","month","1","sum","excluded","0","기준실적 직전 1개월 합계 50만원 이상 혜택요약 롯데멤버스 LPOINT 0.7% 적립 롯데상품 실적 직전 1개월 합계 50만원 이상 혜택요약 롯데멤버스 LPOINT 0.7% 적립 롯데상품권카드 5만원 기프트 증정! 온라인 신청 주요혜택 포인트 회원 최대 100% 지급 LOCA 365 신규 회원 최대 100% 지급 롯데카드 텔로 SE 부가혜택 및 통합할인한도 [연회비] 국내전용: 150,000원 해외겸용(MASTER): 150,000원 가족카드: 120,000원 [포인","2026-06-11T13:04:13.065Z"
"naver-card-10358-performance-1","naver-card-10358","400000","400000","before","month","1","sum","excluded","0","전월실적 산정기준 : 전월실적은 해당카드의 전월(승인일 기준 1일~말일) 국내외 일시불/할부 합산 이용금액을 의미합니다. ※ 전월실적 제외 대상 : 대학(대학원)등록금, 교육비(학부모부담금), 임대료, 각종 네이버 신용카드 정보: zgm 할인카드 신용카드 zgm 할인카드 연회비 국내 2만7천원, 해외 3만원 신규 회원 최대 100% 지급 기준실적 직전 1개월 합계 40만원 이상 혜택요약 국내외 가맹점 최대 2% 청구할인 생활비 10%, 구독 30% 청구할인 온라인 신청","2026-06-11T13:04:13.065Z"
"naver-card-10313-performance-1","naver-card-10313","500000","500000","before","month","1","sum","excluded","0","전월실적 산정기준 : 전월실적은 해당카드의 전월(승인일 기준 1일~말일) 국내외 일시불/할부 합산 이용금액을 의미합니다. ※ 전월실적 제외 대상 : 대학(대학원)등록금, 교육비(학부모부담금), 임대료, 각종 캐시백 &#x27;기본적립’된 포인트의 5% 추가적립 &#x27;기본적립’된 포인트의 5% 추가적립 zgm 할인카드 신규 회원 최대 100% 지급 zgm.the pay카드 신규 회원 최대 100% 지급 NH올원더풀카드 zgm point카드 신규 회원 최대 3만원 지","2026-06-11T13:04:13.065Z"
"naver-card-10187-performance-1","naver-card-10187","0","","before","month","1","sum","excluded","0","전월실적 산정기준 : 전월실적은 해당카드의 전월(승인일 기준 1일~말일) 국내외 일시불/할부 합산 이용금액을 의미합니다. - 해외 이용금액 및 무승인 결제건(교통카드 이용금액, 통신료 자동이체금액 등)은 매출 천원, 해외 1만2천원 신규 회원 최대 100% 지급 기준실적 조건없음 혜택요약 국내외 가맹점 1.0% 청구할인 온라인 간편결제 최대 1.7%청구할인 온라인 신청 주요혜택 연회비지원 언제나할인 간편결제 지금 잘 사는 방법, zgm.the pay 연회비지원 온라인","2026-06-11T13:04:13.065Z"
"naver-card-10584-performance-1","naver-card-10584","400000","400000","before","month","1","sum","excluded","0","전월실적 산정기준 : 전월실적은 해당카드의 전월(승인일 기준 1일~말일) 국내외 일시불/할부 합산 이용금액을 의미합니다. - 해외 이용금액 및 무승인 결제건(교통카드 이용금액, 통신료 자동이체금액 등)은 매출 내 2만8천원, 해외 3만원, 가족 2만2천원 기준실적 직전 1개월 합계 40만원 이상 혜택요약 &#x27;할인PACK&#x27; 최대 6만원 청구할인 &#x27;적립PACK&#x27; 기본적립+추가적립 온라인 신청 주요혜택 포인트/캐시백 쇼핑 대중교통 주유 카페","2026-06-11T13:04:13.065Z"
"naver-card-10346-performance-1","naver-card-10346","0","","before","month","1","sum","excluded","0","전월실적 산정기준 : 전월실적은 해당카드의 전월(승인일 기준 1일~말일) 국내외 일시불/할부 합산 이용금액을 의미합니다. ※ 전월실적 제외 대상 : 대학(대학원)등록금, 교육비(학부모부담금), 임대료, 각종 최대 1.8% 기본적립 ‘기본적립’포인트5%추가적립(연1회) SPC가맹점 이용 시 해피포인트 적립 zgm 할인카드 신규 회원 최대 100% 지급 zgm living카드 신규 회원 최대 3만원 지급 zgm.the pay카드 신규 회원 최대 100% 지급 NH올원더풀카","2026-06-11T13:04:13.065Z"
"naver-card-10479-performance-1","naver-card-10479","400000","400000","before","month","1","sum","excluded","0","전월실적 산정기준 : 전월실적은 해당카드의 전월(승인일 기준 1일~말일) 국내외 일시불/할부 합산 이용금액을 의미합니다. • 쌀 구독서비스 이용실적 산정기준 : 매분기(승인일 기준) 국내외 일시불/할부 합산 회원 최대 100% 지급 기준실적 직전 1개월 합계 40만원 이상 혜택요약 오전 5~9시 음식점 50% 청구할인 ‘쌀-구독서비스‘ 제공 온라인 신청 주요혜택 연회비지원 바우처 외식 프리미엄 안심·든든 우리 쌀 구독서비스! 미미(美米)카드 연회비지원 온라인 신규회원","2026-06-11T13:04:13.065Z"
"naver-card-10314-performance-1","naver-card-10314","500000","500000","before","month","1","sum","excluded","0","전월실적 산정기준 : 전월실적은 해당카드의 전월(승인일 기준 1일~말일) 국내외 일시불/할부 합산 이용금액을 의미합니다. ※ 전월실적 제외 대상 : 대학(대학원)등록금, 교육비(학부모부담금), 임대료, 각종 5% 추가적립 프리미엄 현대면세점 BLACK 등급 멤버십제공 현대면세점 BLACK 등급 멤버십제공 zgm 할인카드 신규 회원 최대 100% 지급 zgm living카드 신규 회원 최대 3만원 지급 zgm.the pay카드 신규 회원 최대 100% 지급 NH올원더풀카","2026-06-11T13:04:13.065Z"
"naver-card-1322-performance-1","naver-card-1322","300000","300000","before","month","1","sum","excluded","0","기준실적 직전 1개월 합계 30만원 이상 혜택요약 정부지원금100만원&amp;보육료·병원 할인 택시, 버스, 지 전월 이용금액(할인받은 매출 및 어린이집 보육료 유치원학비 매출 등 제외)이 30만원 이상일 경우에는 해당 한도가 적용 됩니다. 지난달 이용실적(일시불, 할부)은 지난달 1일~말일(이용일 기준 , 해외겸용 없음 기준실적 직전 1개월 합계 30만원 이상 혜택요약 정부지원금100만원&amp;보육료·병원 할인 택시, 버스, 지하철 10% 할인! 온라인 신청 주요혜","2026-06-11T13:04:13.065Z"
"naver-card-277-performance-1","naver-card-277","300000","300000","before","month","3","average","excluded","0","기준실적 직전 3개월 평균 30만원 이상 혜택요약 신세계백화점 5%, 이마트 6천원할인 /주말 업종별 최대3%적 실적 직전 3개월 평균 30만원 이상 혜택요약 신세계백화점 5%, 이마트 6천원할인 /주말 업종별 최대3%적립,무이자할부 온라인 신청 주요혜택 쇼핑 네이버 신용카드 정보: 신세계이마트 삼성카드 7 신용카드 신세계이마트 삼성카드 7 공지 신세계백화점 5% 할인쿠폰 제공 연회비 국내 1만8천원, 해외 2만원 기준실적 직전 3개월 평균 30만원 이상 혜택요약 신세","2026-06-11T13:04:13.065Z"
"naver-card-2226-performance-1","naver-card-2226","300000","300000","before","month","1","sum","excluded","0","기준실적 직전 1개월 합계 30만원 이상 혜택요약 연간 30만원 경차 유류세 환급 주유소/충전소 리터당 80원 실적 직전 1개월 합계 30만원 이상 혜택요약 연간 30만원 경차 유류세 환급 주유소/충전소 리터당 80원 할인 온라인 신청 주요혜택 경차유류환급 실적 직전 1개월 합계 30만원 이상 혜택요약 연간 30만원 경차 유류세 환급 주유소/충전소 리터당 80원 할인 온라인 신청 주요혜택 경차유류환급 주유 오토 대중교통 대형마트 다른 정부지원 카드 롯데 국민행복카드 경","2026-06-11T13:04:13.065Z"
"naver-card-2676-performance-1","naver-card-2676","400000","400000","before","month","1","sum","excluded","0","기준실적 직전 1개월 합계 40만원 이상 혜택요약 트레이더스 최대5%, 신세계할인 통신·커피·학원·약국 할인 전월 이용금액이란, 매월 1일부터 말일까지 이용한 일시불 및 할부 이용금액을 의미합니다. 전월 이용금액 산정 시, 건강보험/국민연금/고용보험/산재보험 및 장애인 고용부담금, 국세/지방세/공과금, 대학 등록금, 대중교통, 택시, 아파트 관리비, 기프트/선 용카드 정보: 트레이더스 신세계 삼성카드 신용카드 트레이더스 신세계 삼성카드 공지 트레이더스, 신세계백화점 할","2026-06-11T13:04:13.065Z"
"naver-card-10238-performance-1","naver-card-10238","300000","300000","before","month","1","sum","excluded","0","기준실적 직전 1개월 합계 30만원 이상 혜택요약 이동통신·아파트관리비 10% 할인 / 택시 10% 할인 / 쿠팡 전월 이용금액 기준 : 매월 1일부터 말일까지 이용한 일시불 및 할부 이용금액(단기카드대출(현금서비스), 장기카드대출(카드론), 각종 수수료 및 이자(할부수수료, 카드대출 이자 등), 연체료, 연회비 납부건은 일시불 및 할부 이용금액에 해당되지 않음) [전 네이버 신용카드 정보: 모니모카드 신용카드 모니모카드 공지 나만의 혜택레시피, 연최대36만원할인 연회","2026-06-11T13:04:13.065Z"
"naver-card-1465-performance-1","naver-card-1465","0","","before","month","1","sum","excluded","0","기준실적 조건없음 혜택요약 스카이패스 천원당 최대 2마일 적립 인천공항 마티나 실적 조건없음 혜택요약 스카이패스 천원당 최대 2마일 적립 인천공항 마티나라운지, 발렛파킹 무료 온라인 신청 주요혜택 연회비지원 항공마일리지 주유 0% 지급 삼성 iD ON 카드 신규 회원 최대 100% 지급 삼성 iD GLOBAL 카드 부가혜택 및 통합할인한도 [마일리지 적립 제외 대상] * 빅포인트 적립 제외 대상, 삼성카드와 구매캐시백포인트 제공 계약을 체결한 일부 의약품/유류 구매한도","2026-06-11T13:04:13.065Z"
"naver-card-2418-performance-1","naver-card-2418","500000","500000","before","month","1","sum","excluded","0","기준실적 직전 1개월 합계 50만원 이상 혜택요약 스카이패스 1천원당 최대 2마일적립 아웃백 3만원할인, 마 실적 직전 1개월 합계 50만원 이상 혜택요약 스카이패스 1천원당 최대 2마일적립 아웃백 3만원할인, 마티나라운지 무료 온라인 신청 주요혜택 항공마 만9천원 기준실적 직전 1개월 합계 50만원 이상 혜택요약 스카이패스 1천원당 최대 2마일적립 아웃백 3만원할인, 마티나라운지 무료 온라인 신청 주요혜택 항공마일리지 쇼핑 대형마트 주유 카페/베이커리 다른 여행맞춤","2026-06-11T13:04:13.065Z"
"naver-card-10451-performance-1","naver-card-10451","500000","500000","before","month","1","sum","excluded","0","기준실적 직전 1개월 합계 50만원 이상 혜택요약 국내 50만 실적 직전 1개월 합계 50만원 이상 혜택요약 국내 50만원 이상 5만 포인트 적립 이용금액 구간별 0.6%~3.3%적립 온라인 신청 주요혜택 연회 지급 I-MILEAGE(대한항공) 신규 회원 최대 100% 지급 유의사항 카드 이용시, 제공되는 포인트 및 할인혜택 등의 부가서비스는 카드 신규출시 이후 3년 이상 축소, 폐지 없이 유지됩니다. 상기에도 불구하고, 다음과 같은 사유가 발생한 경우 카드사는 부가서","2026-06-11T13:04:13.065Z"
"naver-card-10268-performance-1","naver-card-10268","300000","300000","before","month","1","sum","excluded","0","기준실적 직전 1개월 합계 30만원 이상 혜택요약 대중교통, OTT 전월 실적이 30만원 이상인 경우 당월 1일부터 말일까지 할인 서비스가 제공 됩니다. 단, 해외 결제건 및 무승인 결제건 (대중교통,통신요금,자동납부 등)의 경우 카드사에 접수된 매출전표 신용카드 정보: BC 바로 K-패스 카드 신용카드 BC 바로 K-패스 카드 공지 대중교통 및 OTT 15% 할인! 연회비 국내 6천원, 해외 7천원, 가족겸용 없음 신규 회원 최대 100% 지급 기준실적 직전 1개월","2026-06-11T13:04:13.065Z"
"naver-card-10463-performance-1","naver-card-10463","400000","400000","before","month","1","sum","excluded","0","기준실적 직전 1개월 합계 40만원 이상 혜택요약 GS칼텍스 주유 10% 할인 전월 이용금액 기준: 매월 1일부터 말일까지 이용한 일시불 및 할부 이용금액(단기카드대출(현금서비스), 장기카드대출(카드론), 각종 수수료 및 이자(할부수수료, 카드대출 이자 등), 연체료, 연회비 납부건은 일시불 및 할부 이용금액에 해당되지 않음) [전 ON 카드 (GS칼텍스) 신용카드 삼성 iD STATION 카드 (GS칼텍스) 공지 연 최대 42만원 주유 할인 연회비 국내 1만5천원,","2026-06-11T13:04:13.065Z"
"naver-card-10236-performance-1","naver-card-10236","500000","500000","before","month","1","sum","excluded","0","전월실적/적립한도없이 최대1.5%적 전월실적/적립한도없이 최대1.5%적립 온라인 신청 주요혜택 바우처 포인트/캐시백 문화 카페/베이커리 프리미엄 다른 THE iD THE iD. TITANIUM (포인트) THE iD. 1s 1% 적립 한도없이 생활편의영역 1.2% 적립 한도없이 특별가맹점 1.5% 적립 문화 디지털콘텐츠 50% 할인 디지털콘텐츠 50% 할인 카페/베이커리 스타벅스 3,000원 할인 스타벅스 3,000원 할인 프리미엄 연6회 국내외공항라운지 본인이용무료","2026-06-11T13:04:13.065Z"
"naver-card-10049-performance-1","naver-card-10049","1000000","1000000","before","month","1","sum","excluded","0","기준실적 직전 1개월 합계 1백만원 이상 혜택요약 메탈플레이트 기본 제공 국내 1%, 온라인쇼핑 추가 4%적립 온라인 신청 주요 전월 이용금액 기준: 매월 1일부터 말일까지 이용한 일시불 및 할부 이용금액(단기카드대출(현금서비스), 장기카드대출(카드론), 각종 수수료 및 이자(할부수수료, 카드대출 이자 등), 연체료, 연회비 납부건은 일시불 및 할부 이용금액에 해당되지 않음) [전 버십리워즈 적립 온라인쇼핑·해외 추가 4% 적립 외식 배달의민족·쉐이크쉑·써브웨이 등 F","2026-06-11T13:04:13.065Z"
"naver-card-10450-performance-1","naver-card-10450","500000","500000","before","month","1","sum","excluded","0","기준실적 직전 1개월 합계 50만원 이상 혜택요약 국내 가맹점 실적 직전 1개월 합계 50만원 이상 혜택요약 국내 가맹점 1.5% 적립 해외가맹점 최대 6.5% 적립 온라인 신청 주요혜택 연회비지원 포인트/캐시 지급 I-MILEAGE(대한항공) 신규 회원 최대 100% 지급 유의사항 카드 이용시, 제공되는 포인트 및 할인혜택 등의 부가서비스는 카드 신규출시 이후 3년 이상 축소, 폐지 없이 유지됩니다. 상기에도 불구하고, 다음과 같은 사유가 발생한 경우 카드사는 부가서","2026-06-11T13:04:13.065Z"
"naver-card-10235-performance-1","naver-card-10235","500000","500000","before","month","1","sum","excluded","0","전월실적·적립한도없이 최대1.5% 전월실적·적립한도없이 최대1.5%적립 온라인 신청 주요혜택 바우처 포인트/캐시백 문화 레저 쇼핑 다른 THE iD THE iD. PLATINUM (포인트) THE iD. 1st 신규 회원 1.5% 적립 한도없이 국내가맹점 1.2% 적립 한도없이 특별가맹점 1.5% 적립 문화 공연 50,000원 할인 공연 50,000원 할인 레저 골프 50,000원 할인 골프 50,000원 할인 쇼핑 온라인쇼핑몰 50,000원 할인 온라인쇼핑몰 50,0","2026-06-11T13:04:13.065Z"
"naver-card-3878-performance-1","naver-card-3878","500000","500000","before","month","1","sum","excluded","0","기준실적 직전 1개월 합계 50만원 이상 혜택요약 6대생활영역 온라인쇼핑/음식점/ 실적 직전 1개월 합계 50만원 이상 혜택요약 6대생활영역 온라인쇼핑/음식점/병원등 그중 이용금액 많은 곳 1%추가캐시백 온라인 신청 주요혜택 연회 지급 I-MILEAGE(대한항공) 신규 회원 최대 100% 지급 유의사항 카드 이용시, 제공되는 포인트 및 할인혜택 등의 부가서비스는 카드 신규출시 이후 3년 이상 축소, 폐지 없이 유지됩니다. 상기에도 불구하고, 다음과 같은 사유가 발생한","2026-06-11T13:04:13.065Z"
"naver-card-10600-performance-1","naver-card-10600","500000","500000","before","month","1","sum","excluded","0","전월실적 50만원 이상 이용 시 적립 [특화적립] - 해당 영역에서 이용 시 이용금액의 2% 또는 5% 적립 (월 적립한도 5개 영역 각 1만 포인트) - 전월실적 80만원 이상 이용 시 적립 - 특화적립은 기본적립과 중복 제공되지 않습니다. - 특화적립 한도 초과 시 기본적립이 제공됩니다. ※ 대상 업종 및 가맹점 - 온라인 (이용금액의 2%) : 쿠팡, 네이버스마트스토어, SSG.com, 마켓컬리, 넷플릭스, 유튜브 프리미엄, 디즈니플러스, 배달의민족, 쿠팡이츠 -","2026-06-11T13:04:13.065Z"
"naver-card-10601-performance-1","naver-card-10601","500000","500000","before","month","1","sum","excluded","0","전월실적 50만원 이상 이용 시 적립 [특화적립] - 해당 영역에서 이용 시 1,500원당 2마일리지 적립 (월 적립한도 3개 영역 각 2천마일리지) - 전월실적 80만원 이상 이용 시 적립 - 특화적립은 기본적립과 중복 제공되지 않습니다. - 특화적립 한도 초과 시 기본적립이 제공됩니다. ※ 대상 업종 및 가맹점 - 온라인 : 쿠팡, 네이버스마트스토어, SSG.com, 마켓컬리, 넷플릭스, 유튜브 프리미엄, 디즈니플러스, 배달의민족, 쿠팡이츠 - 음식점 : 음식점 업","2026-06-11T13:04:13.065Z"
"naver-card-10354-performance-1","naver-card-10354","200000","200000","before","month","1","sum","excluded","0","전월실적 20만원 이상 구간 서비스 제공. 단, 해당 기간 중에라도 K-패스(신용)카드로 50만원 이상 이용할 경우 다음 달에 해당이용금액에 상응하는 대중교통 할인 서비스 제공 - 각종 간편결제를 통해 결제되는 경우 할인이 제공되지 않을 수 있음 대중교통 bene_15.png https://vertical.pstatic.net/vertical-cardad/benefits/icons/bene_15.png 300 won 5 percent 5 percent 5 percent","2026-06-11T13:04:13.065Z"
"naver-card-10340-performance-1","naver-card-10340","500000","500000","before","month","1","sum","excluded","0","기준실적 직전 1개월 합계 50만원 이상 혜택요약 대한항공 1천원당 1마일리지 전월 이용 실적이 50만원 이상인 경우에 제공되며, 이용실적 인정은 비씨카드에 등록된 가맹점 기준을 따릅니다. · 항공 마일리지 적립, 스타벅스 할인 서비스는 카드 사용 등록일로부터 다음 월말까지 전월 카드 이용금액과 관계없이 제공됩니다. 공항 라운지 무료 이용 서비스 공항 발레파킹 무료 이용 서비스 국제 브랜드 서비스 카페/베이커리 스타벅스 할인 서비스 스타벅스 할인 서비스 IBK 포인트","2026-06-11T13:04:13.065Z"
"naver-card-10321-performance-1","naver-card-10321","300000","300000","before","month","1","sum","excluded","0","기준실적 직전 1개월 합계 30만원 이상 혜택요약 kt 통신요금 최대13,000원 할인 SK 주유소 1% 결 전월 1일부터 말일(매출 승인일)까지 국내외 가맹점 이용금액이 30만원 이상인 경우 제공합니다. 단, 해외결제 건 및 무승인 결제건(대중교통,통신요금, 자동납부 등)의 경우 카드사에 접수된 매출전표 매입시점 기준으로 적용됩니다. 월 통합 C PLUS BC 바로카드 신용카드 KT DC PLUS BC 바로카드 공지 kt 통신요금 최대 1만 3천원 할인 연회비 국내","2026-06-11T13:04:13.065Z"
"naver-card-10540-performance-1","naver-card-10540","300000","300000","before","month","1","sum","excluded","0","기준실적 직전 1개월 합계 30만원 이상 혜택요약 4대 생활 영역 최대 10% 할인 해외 온/오프라인 가맹점 10% 전월 실적 30만원 미만인 경우 결제일 할인 서비스가 제공되지 않습니다. -국내 사용금액은 결제 건당 최대 1천원까지 할인됩니다. (단, 대중교통은 제외) -대중교통 이용금액은 시내버스와 On&amp;Off 카드 신용카드 BC 바로 On&amp;Off 카드 공지 간편결제, 외식, 대중교통 10%할인 연회비 국내 5천원, 해외 5천원 기준실적 직전 1개월","2026-06-11T13:04:13.065Z"
"naver-card-10552-performance-1","naver-card-10552","500000","500000","before","month","1","sum","excluded","0","전월실적 합산 금액이 달라질 수 있음. 카드승인 취소 시 매출 전표가 접수된 월의 이용실적에서 차감. 각 적립 한도는 매월 1일 생성되고 말일에 소멸되며, naver-card-search https://m-card-search.naver.com/item?cardAdId=10552 2026-06-10T11:57:02.862Z 10552 신용카드 혜택요약 전월 실적 없이 마일리지 적립! 주유소, 대중교통 이용시 추가 적립 온라인 신청 주요혜택 연회비지원 항공마일리지 다른","2026-06-11T13:04:13.065Z"
"naver-card-10553-performance-1","naver-card-10553","500000","500000","before","month","1","sum","excluded","0","전월실적 제외 항목 : 기본 적립 및 특별 적립 제외 항목, Max 적립 #1~2 대상 가맹점 이용금액 BC 바로 Air Max 카드 최초 신규 발급 회원(*)은 최초 카드 사용 등록일 또는 모바일 사용 등록일 중 빠른 날짜로부터 다음달 말일까지 전월실적과 관계없이 특별적립 및 보너스 적립 혜택과 한도 적용 * BC 바로 Air Max 카드 유효기간 만기 또는 해지 후 재발급 시에는 최초 신규 발급 회원에서 제외 [무이자할부 서비스] 국내 대상 가맹점 2~3개월 상시","2026-06-11T13:04:13.065Z"
"naver-card-10398-performance-1","naver-card-10398","300000","300000","current","month","1","sum","excluded","0","전월실적 당월 합계 30만원 이상 혜택요약 국내 주유소에서 최 전월실적 당월 합계 30만원 이상 혜택요약 국내 주유소에서 최대 10% 할인 온라인쇼핑/대형마트 최대 10% 할인 온라인 신청 주요혜택 연회비지원 주유 쇼핑 대형마트 언제나할인 다른 BC 드 정보: BC 바로 MACAO 카드 신용카드 BC 바로 MACAO 카드 공지 넣을수록 / 담을수록 10% 할인 연회비 국내 1만2천원, 해외 1만2천원, 가족겸용 없음 신규 회원 최대 100% 지급 전월실적 당월 합계 3","2026-06-11T13:04:13.065Z"
"naver-card-10169-performance-1","naver-card-10169","150000","150000","before","month","1","sum","excluded","0","기준실적 직전 1개월 합계 15만원 이상 혜택요약 넷플릭스,편의점등 일상 FLEX카드 국내 가맹점 2~3개월 무이자 전월 실적이 15만원 이상인 경우 당월 1일부터 말일까지 할인 서비스가 제공됩니다. 단, 무승인 결제건(대중교통, 통신요금, 자동납부 등)의 경우 카드사에 접수된 매출전표 매입시점 기준으로 용카드 정보: BC 바로 클리어 플러스 신용카드 BC 바로 클리어 플러스 공지 라이프스타일을 반영한 든든한 할인! 연회비 국내 5천원, 해외 5천원 기준실적 직전 1개","2026-06-11T13:04:13.065Z"
"naver-card-10554-performance-1","naver-card-10554","300000","300000","before","month","1","sum","excluded","0","전월실적과 관계 없이 제공됩니다. 영역별 할인 한도는 매월 1일에 생성되어 매월 말일에 소멸되며, 잔여 적립 한도는 이월되지 않습니다. 월 할인 한도는 할인대상 매출이 정상 처리되는 순서대로 차감됩니다. 카드 승인 취소 시 매출전표가 접수된 월의 이용실적에서 차감됩니다. 매출 취소로 인한 할인 한도 복원 시 복원 이후 거래부터 잔여 할인 한도가 적용됩니다. 할인 서비스 적용 매출건을 취소 최대 100% 지급 기준실적 직전 1개월 합계 30만원 이상 혜택요약 커피, 배달","2026-06-11T13:04:13.065Z"
"naver-card-10357-performance-1","naver-card-10357","300000","300000","before","month","1","sum","excluded","0","기준실적 직전 1개월 합계 30만원 이상 혜택요약 KT 알뜰폰통신비 최대1만3천원 할인 SK 주유소 전월 1일부터 말일(매출 승인일)까지 국내외 가맹점 이용금액이 30만원 이상인 경우 제공합니다. 단, 해외결제 건 및 무승인 결제건(대중교통,통신요금, 자동납부 등)의 경우 카드사에 접수된 매출전표 매입시점 기준으로 적용됩니다. 월 통합 KT 마이알뜰폰 BC 바로카드 신용카드 KT 마이알뜰폰 BC 바로카드 공지 KT알뜰폰 통신비 최대1만3천원 할인 연회비 국내 2만원,","2026-06-11T13:04:13.065Z"
"naver-card-10194-performance-1","naver-card-10194","200000","200000","before","month","1","sum","excluded","0","기준실적 직전 1개월 합계 20만원 이상 혜택요약 연회비 면제, 최대 0.8%적 전월 실적이 20만원 이상인 경우 서비스가 제공됩니다. ※ 단, Green&amp;Service(그린 멤버십 서비스)는 전월 실적에 상관없이 서비스가 제공됩니다. 전월 실적 산정은 전월 1 혜택요약 연회비 면제, 최대 0.8%적립 전국 마트,백화점등 2~3개월 무이자 온라인 신청 주요혜택 언제나할인 그린카드 대중교통 포인트/캐시백 다른 BC 바로 카드 BC 바로 K-패스 카드 신규 회원 최","2026-06-11T13:04:13.065Z"
"naver-card-10440-performance-1","naver-card-10440","300000","300000","before","month","1","sum","excluded","0","전월실적 제외 항목] 대중교통, 무이자할부 이용금액(변형무이자 포함), 단기카드대출(현금서비스), 장기카드대출(카드론), 연회비, 연체료, 각종 수수료/이자(할부수수료, SMS이용수수료, 카드대출이자 등), 제세공과금(건강보험, 국민연금, 고용보험, 산재보험, 장애인고용부담금, 국세/지방세/관세, 전기요금, 우편요금, 상하수도/전기/도시가스 요금, 여권발급비용, 과태료, 범칙금, 벌과금, 국가/공공기관/공공단체에서 개설한 가맹점 이용금액), 초/중/고교납입금, 대학등록","2026-06-11T13:04:13.065Z"
"naver-card-10596-performance-1","naver-card-10596","400000","400000","before","month","1","sum","excluded","0","기준실적 직전 1개월 합계 40만원 이상 혜택요약 HD현대오일뱅크 주유 10% 전월 이용금액 기준 : 매월 1일부터 말일까지 이용한 일시불 및 할부 이용금액(단기카드대출(현금서비스), 장기카드대출(카드론), 각종 수수료 및 이자(할부수수료, 카드대출 이자 등), 연체료, 연회비 납부건은 일시불 및 할부 이용금액에 해당되지 않음) [전 (HD현대오일뱅크) 신용카드 삼성 iD STATION 카드 (HD현대오일뱅크) 공지 연 최대 42만원 주유 할인 연회비 국내 1만5천원,","2026-06-11T13:04:13.065Z"
"naver-card-10550-performance-1","naver-card-10550","500000","500000","before","month","1","sum","excluded","0","기준실적 직전 1개월 합계 50만원 이상 혜택요약 프리미엄영역 최대 15만원할인기 전월 이용금액 기준: 매월 1일부터 말일까지 이용한 일시불 및 할부 이용금액(단기카드대출(현금서비스), 장기카드대출(카드론), 각종 수수료 및 이자(할부수수료, 카드대출 이자 등), 연체료, 연회비 납부건은 일시불 및 할부 이용금액에 해당되지 않음) [전 네이버 신용카드 정보: THE iD. 1st 신용카드 THE iD. 1st 공지 최대 15만원 할인 기프트에 적립까지 연회비 국내 15","2026-06-11T13:04:13.065Z"
"naver-card-10266-performance-1","naver-card-10266","500000","500000","before","month","1","sum","excluded","0","기준실적 직전 1개월 합계 50만원 이상 혜택요약 전세계 공항라운지 무료이용서비스 - 온라인 실적 직전 1개월 합계 50만원 이상 혜택요약 전세계 공항라운지 무료이용서비스 - 온라인 신청 주요혜택 항공마일리지 바우처 프리미엄 카페/베이커리 ucher 서비스 프리미엄 Premium 서비스 Premium 서비스 카페/베이커리 주요 커피전문점 20% 할인! 공항 커피 무료 제공 주요 커피전문점 20% 할인! 공항 커피 무료 제공 대형마트 백화점·대형마트 10% 할인 백화점·","2026-06-11T13:04:13.065Z"
"naver-card-10568-performance-1","naver-card-10568","500000","500000","before","month","1","sum","excluded","0","전월실적없이 천원당 전월실적없이 천원당 최대 2마일 적립 온라인 신청 주요혜택 바우처 항공마일리지 쇼핑 레저 카페/베이커리 마일리지 적립에 프리미엄을 더한 THE 1 바우처 4가지 기프트 중 택1 4가지 기 마일리지 적립 여행·호텔 천원당 2마일리지 적립 골프 천원당 2마일리지 적립 카페/베이커리 스타벅스 2천원 할인 스타벅스 2천원 할인 대중교통 택시 2천원 할인 택시 2천원 할인 프리미엄 인천공항 주차요금 1만원 할인 아멕스 프리미엄 서비스 호텔 발렛파킹 서비스 인","2026-06-11T13:04:13.065Z"
"naver-card-10579-performance-1","naver-card-10579","300000","300000","before","month","1","sum","excluded","0","기준실적 직전 1개월 합계 30만원 이상 혜택요약 통신요금 최대 2만원 결제일 할인 자동납부 신청하고 통신비 할인까 실적 직전 1개월 합계 30만원 이상 혜택요약 통신요금 최대 2만원 결제일 할인 자동납부 신청하고 통신비 할인까지 온라인 신청 주요혜택 통신 통신사 국내 2만원, 해외 2만원 기준실적 직전 1개월 합계 30만원 이상 혜택요약 통신요금 최대 2만원 결제일 할인 자동납부 신청하고 통신비 할인까지 온라인 신청 주요혜택 통신 통신사 가리지 않고 통신요금 최대 2","2026-06-11T13:04:13.065Z"
"naver-card-10349-performance-1","naver-card-10349","400000","400000","before","month","1","sum","excluded","0","기준실적 직전 1개월 합계 40만원 이상 혜택요약 대중교통 10%, 커피 20%할인 디지털콘텐츠/멤버십 20% 할인 전월 이용금액 기준 매월 1일부터 말일까지 이용한 일시불 및 할부 이용금액(단기카드 대출(현금서비스), 장기카드대출(카드론), 각종 수수료 및 이자 (할부수수료, 카드대출 이자 등), 연체료, 연회비 납부건은 일시불 및 할부 이용금액에 해당되지 않음) 국내 1만원, 해외 1만원 기준실적 직전 1개월 합계 40만원 이상 혜택요약 대중교통 10%, 커피 20","2026-06-11T13:04:13.065Z"
"naver-card-10311-performance-1","naver-card-10311","300000","300000","before","month","1","sum","excluded","0","기준실적 직전 1개월 합계 30만원 이상 혜택요약 온라인쇼핑몰 최대2%모니머니리워드적 전월 이용금액 기준 : 매월 1일부터 말일까지 이용한 일시불 및 할부 이용금액(단기카드대출(현금서비스), 장기카드대출(카드론), 각종 수수료 및 이자(할부수수료, 카드대출 이자 등), 연체료, 연회비 납부건은 일시불 및 할부 이용금액에 해당되지 않음) [전 외가맹점 최대1%모니머니리워드적립 국내외가맹점 최대1%모니머니리워드적립 카페/베이커리 스타벅스 5,000원 할인 스타벅스 5,00","2026-06-11T13:04:13.065Z"
"naver-card-10480-performance-1","naver-card-10480","300000","300000","before","month","1","sum","excluded","0","전월실적/할인한도없이 다이소몰1%할인 온라인쇼핑몰 1% 할인 다이소 건별 2천원~4천원 할인 전월실적/할인한도없이 다이소몰1%할인 온라인쇼핑몰 1% 할인 대형마트 전월실적/할인한도없이 할 네이버 신용카드 정보: 다이소 삼성카드 신용카드 다이소 삼성카드 공지 다이소 오프라인 연최대 24만원 할인 연회비 국내 8천원, 해외 8천원 기준실적 직전 1개월 합계 30만원 이상 혜택요약 다이소 오프라인 월 최대 2만원 할인 배달앱 월 최대 1만원 할인 온라인 신청 주요혜택 쇼핑","2026-06-11T13:04:13.065Z"
"naver-card-247-performance-1","naver-card-247","0","","before","month","1","sum","excluded","0","기준실적 조건없음 혜택요약 L.POINT 제휴사 더블포인트 적립 6개월 슬림 할부 서비스! 온라인 신청 주요혜택 포 실적 조건없음 혜택요약 L.POINT 제휴사 더블포인트 적립 6개월 슬림 할부 서비스! 온라인 신청 주요혜택 포인트/캐시백 쇼핑 대형마트 주유 외식 L.POINT 더블포인트 적립 서비스 모든 제휴사 대상 쇼핑 6개월 슬림 할부 서비스 롯데백화점 5% 현장할인 롯데면세점 최대 10% 현장할인 토이저러스 3개월 무이자 할부 6개월 슬림 할부 서비스 롯데백화점","2026-06-11T13:04:13.065Z"
"naver-card-4047-performance-1","naver-card-4047","300000","300000","before","month","1","sum","excluded","0","기준실적 직전 1개월 합계 30만원 이상 혜택요약 쇼핑, 보육, 생활요금 7% 할인 임신·출산·육아 국가바우처 전월 이용금액 기준 매월 1일부터 말일까지 이용한 일시불 및 할부 이용금액(단기카드대출(현금서비스), 장기카드대출(카드론), 각종 수수료 및 이자(할부수수료, 카드대출 이자 등), 연체료, 연회비 납부건은 일시불 및 할부 이용금액에 해당되지 않음) [전 용카드 정보: 국민행복 삼성카드 V2 신용카드 국민행복 삼성카드 V2 공지 쿠팡, 마켓컬리, 어린이집 7%","2026-06-11T13:04:13.065Z"
"naver-card-10284-performance-1","naver-card-10284","300000","300000","before","month","1","sum","excluded","0","기준실적 직전 1개월 합계 30만원 이상 혜택요약 S-OIL 주유 10% 할인 S-OIL 포인트 적립서비스 온라인 전월 이용금액 기준 매월 1일부터 말일까지 이용한 일시불 및 할부 이용금액 (단기카드대출(현금서비스), 장기카드대출(카드론), 각종 수수료 및 이자(할부수수료, 카드대출 이자 등), 연체료, 연회비 납부건은 일시불 및 할부 이용금액에 해당되지 않음) [ 신용카드 정보: MY S-OIL 삼성카드 신용카드 MY S-OIL 삼성카드 공지 S-OIL 월 최대 3만","2026-06-11T13:04:13.065Z"
"naver-card-3959-performance-1","naver-card-3959","300000","300000","before","month","1","sum","excluded","0","전월실적 관계없이 해외 5% 적립 / 이디야커피20%, 스트리밍 20%할인 전월실적 관계없이 해외 5% 적립 / 이디야커피20%, 스트리밍 20%할인 온라인 신청 주요혜택 포인트/캐시백 편의점 외식 대중교통 통신 국내에서도 해외에서도 혜택, 월최대 10만원혜택 1개월 합계 30만원 이상 혜택요약 전월실적 관계없이 해외 5% 적립 / 이디야커피20%, 스트리밍 20%할인 온라인 신청 주요혜택 포인트/캐시백 편의점 외식 대중교통 통신 국내에서도 해외에서도 혜택, 월최대 1","2026-06-11T13:04:13.065Z"
"naver-card-10511-performance-1","naver-card-10511","400000","400000","before","month","1","sum","excluded","0","전월실적관계없이 생활필수영역 전월실적관계없이 생활필수영역1%적립 온라인 신청 주요혜택 포인트/캐시백 카페/베이커리 편의점 대형마트 대중교통 생활 속에서 KTX 마일리지를 쌓으세요! 포인트/캐시백 국내외 가맹점 0.5 적립 커피전문점 0.5% 추가 적립 편의점 편의점 0.5% 추가 적립 편의점 0.5% 추가 적립 대형마트 할인점 0.5% 추가 적립 할인점 0.5% 추가 적립 대중교통 택시 0.5% 추가 적립 한국철도공사 5% 추가 적립 택시 0.5% 추가 적립 한국철도공","2026-06-11T13:04:13.065Z"
"naver-card-10454-performance-1","naver-card-10454","400000","400000","before","month","1","sum","excluded","0","기준실적 직전 1개월 합계 40만원 이상 혜택요약 버스/지하철 최대 1.5만원 할인 K-패스 혜택받고 교통비 절약! 실적 직전 1개월 합계 40만원 이상 혜택요약 버스/지하철 최대 1.5만원 할인 K-패스 혜택받고 교통비 절약! 온라인 신청 주요혜택 대중교통 카페 국내 2만원, 해외 2만원 기준실적 직전 1개월 합계 40만원 이상 혜택요약 버스/지하철 최대 1.5만원 할인 K-패스 혜택받고 교통비 절약! 온라인 신청 주요혜택 대중교통 카페/베이커리 편의점 쇼핑 문화 대","2026-06-11T13:04:13.065Z"
"naver-card-10391-performance-1","naver-card-10391","500000","500000","current","month","1","sum","excluded","0","전월실적 당월 합계 50만원 이상 혜 전월실적 당월 합계 50만원 이상 혜택요약 피부과, 성형외과 등 최대 7%캐시백 스포츠센터,미용실 등 최대 7%캐시백 온라인 신청 주요혜택 연회비지원 뷰티 의료 레저 납부 혜택 다른 발견 회원 최대 100% 지급 LOCA 365 신규 회원 최대 100% 지급 롯데카드 텔로 SE 부가혜택 및 통합할인한도 [연회비] 국내전용: 30,000원 해외겸용(MASTER, VISA, AMEX): 30,000원 가족카드: 23,000원 [캐시백","2026-06-11T13:04:13.065Z"
"naver-card-10267-performance-1","naver-card-10267","300000","300000","before","month","1","sum","excluded","0","기준실적 직전 1개월 합계 30만원 이상 혜택요약 버스, 지하철 10% 할인 KBPay이용 시 생활서비스 추가할인 전월 이용 실적 기준] 전월 1일~말일 KB국민 K-패스카드의 일시불 및 할부 승인 금액 기준 해외 이용금액은 전월 1일~말일까지 일시불 매입 완료 기준 취소 금액은 취소 전표가 당사에 접수된 연회비 국내 8천원, 해외 8천원 기준실적 직전 1개월 합계 30만원 이상 혜택요약 버스, 지하철 10% 할인 KBPay이용 시 생활서비스 추가할인 온라인 신청 주요","2026-06-11T13:04:13.065Z"
"naver-card-10387-performance-1","naver-card-10387","500000","500000","current","month","1","sum","excluded","0","전월실적 당월 합계 50만원 이상 혜 전월실적 당월 합계 50만원 이상 혜택요약 학원, 유치원 최대 7% 캐시백 국내 가맹점 2~3개월 무이자 할부 온라인 신청 주요혜택 연회비지원 교육 납부 혜택 다른 발견5종 Edition 회원 최대 100% 지급 LOCA 365 신규 회원 최대 100% 지급 롯데카드 텔로 SE 부가혜택 및 통합할인한도 [연회비] 국내전용: 30,000원 해외겸용(MASTER, AMEX): 30,000원 가족카드: 23,000원 [디지로카 Edu 카","2026-06-11T13:04:13.065Z"
"naver-card-10388-performance-1","naver-card-10388","500000","500000","current","month","1","sum","excluded","0","전월실적 당월 합계 50만원 이상 혜 전월실적 당월 합계 50만원 이상 혜택요약 골프장, 골프연습장 최대 7% 캐시백 국내 가맹점 2~3개월 무이자 할부 온라인 신청 주요혜택 연회비지원 레저 납부 혜택 다른 발견5종 Edit 회원 최대 100% 지급 LOCA 365 신규 회원 최대 100% 지급 롯데카드 텔로 SE 부가혜택 및 통합할인한도 [연회비] 국내전용: 30,000원 해외겸용(MASTER, AMEX): 30,000원 가족카드: 23,000원 [디지로카 Golf","2026-06-11T13:04:13.065Z"
"naver-card-10390-performance-1","naver-card-10390","500000","500000","current","month","1","sum","excluded","0","전월실적 당월 합계 50만원 이상 혜 전월실적 당월 합계 50만원 이상 혜택요약 반려동물센터,동물병원 최대 7%캐시백 국내 가맹점 2~3개월 무이자 할부 온라인 신청 주요혜택 연회비지원 반려동물 납부 혜택 다른 발견5종 Ed 회원 최대 100% 지급 LOCA 365 신규 회원 최대 100% 지급 롯데카드 텔로 SE 부가혜택 및 통합할인한도 [연회비] 국내전용: 30,000원 해외겸용(MASTER, AMEX): 30,000원 가족카드: 23,000원 [디지로카 Pet 카","2026-06-11T13:04:13.065Z"
"naver-card-10389-performance-1","naver-card-10389","500000","500000","current","month","1","sum","excluded","0","전월실적 당월 합계 50만원 이상 혜 전월실적 당월 합계 50만원 이상 혜택요약 주유비 리터당 최대 150원 캐시백! 국내 가맹점 2~3개월 무이자 할부 온라인 신청 주요혜택 연회비지원 주유 납부 혜택 다른 발견5종 Edit 회원 최대 100% 지급 LOCA 365 신규 회원 최대 100% 지급 롯데카드 텔로 SE 부가혜택 및 통합할인한도 [연회비] 국내전용: 30,000원 해외겸용(MASTER, AMEX): 30,000원 가족카드: 23,000원 [디지로카 Auto","2026-06-11T13:04:13.065Z"
"naver-card-10039-performance-1","naver-card-10039","400000","400000","before","month","1","sum","excluded","0","기준실적 직전 1개월 합계 40만원 이상 혜택요약 임신중독증 등 단체보험 무료가입 쇼핑·교육 가맹점 5% 청구할 전월 이용실적 기준] 전월 1일~말일 KB국민행복카드 일시불 및 할부 정상 승인 금액 해외 이용 금액은 전월 1일~말일까지 일시불 매입완료 기준 당월 승인/당월 승인취소 전표는 당월 이용실적에 준실적 직전 1개월 합계 40만원 이상 혜택요약 임신중독증 등 단체보험 무료가입 쇼핑·교육 가맹점 5% 청구할인 온라인 신청 주요혜택 국민행복카드 금융 쇼핑 대형마트","2026-06-11T13:04:13.065Z"
"naver-card-10447-performance-1","naver-card-10447","400000","400000","before","month","1","sum","excluded","0","전월실적 이용 제외대상] 후불 기후동행카드 이용요금, 패스카드 KB국민행복카드 KB국민 하이패스 2.0 KB국민 마일리지 가온카드(대한항공) 부가혜택 및 통합할인한도 [발급대상] 발급대상 : 만 19세부터 발급 가능 [전월 실적 이용 기준] 전월 1일 ~ 말일(승인시점기준)까지 KB국민 기후동행카드 일시불 및 할부 승인 금액 기준 해외 이용금액은 전월 1일 ~ 말일까지 일시불 매입완료 기준 취소 금액은 취소전표가 당사에 접수된 월의 실적에서 차 카드 정보: KB국민 기","2026-06-11T13:04:13.065Z"
"naver-card-10424-performance-1","naver-card-10424","0","","before","month","1","sum","excluded","0","기준실적 조건없음 혜택요약 하이패스 이용금액 0.1% 적립 실적조건+적립한도 없는 카드 온라인 신청 주요혜택 하이패스 포인트/캐시 실적 조건없음 혜택요약 하이패스 이용금액 0.1% 적립 실적조건+적립한도 없는 카드 온라인 신청 주요혜택 하이패스 포인트/캐시백 하이패스 이용만해도 스 포인트/캐시백 하이패스 이용만해도 0.1% 포인트리 적립 가능 하이패스 한국도로공사 제공 시간대 통행료 할인 한국도로공사 제공 시간대 통행료 할인 포인트/캐시백 하이패스 이용금액 0.1%포인","2026-06-11T13:04:13.065Z"
"naver-card-1312-performance-1","naver-card-1312","0","","before","month","1","sum","excluded","0","기준실적 조건없음 혜택요약 면세점 1,500원당 2마일 적립 국내가맹점 1,500원당 1마일 적립 온라인 신청 실적 조건없음 혜택요약 면세점 1,500원당 2마일 적립 국내가맹점 1,500원당 1마일 적립 온라인 신청 주요혜택 항공마일리지 쇼핑 해외+면세점 지급 KB국민 K-패스카드 KB국민행복카드 KB국민 기후동행카드 KB국민 하이패스 2.0 부가혜택 및 통합할인한도 [연회비 반환기준] 회원이 유효기간이 도래하기 전에 카드를 해지하는 경우 연회비에서 발급비용 차감 후","2026-06-11T13:04:13.065Z"
"naver-card-10504-performance-1","naver-card-10504","300000","300000","before","month","1","sum","excluded","0","기준실적 직전 1개월 합계 30만원 이상 혜택요약 코웨이 최대 2.7만원 할인 코웨이 장기 할부 서비스 및 캐시백 실적 직전 1개월 합계 30만원 이상 혜택요약 코웨이 최대 2.7만원 할인 코웨이 장기 할부 서비스 및 캐시백 온라인 신청 주요혜택 렌탈 코웨이 렌 연회비 국내 2만원, 해외 2만원 기준실적 직전 1개월 합계 30만원 이상 혜택요약 코웨이 최대 2.7만원 할인 코웨이 장기 할부 서비스 및 캐시백 온라인 신청 주요혜택 렌탈 코웨이 렌탈 이용시, 꼭 필요한 필","2026-06-11T13:04:13.065Z"
"naver-card-10338-performance-1","naver-card-10338","500000","500000","before","month","1","sum","excluded","0","기준실적 직전 1개월 합계 50만원 이상 혜택요약 쇼핑·카페·도서·편의점 전월 이용 금액 실적 기준별 월 할인 한도 내에서 할인 적용 · 할부, 일부결제금액이월약정(리볼빙) 이용 시 최초 승인일 기준으로 해당월의 이용 금액에 포함 · 전표매입 지연, 매출 취소의 경우 이용 규 회원 최대 2만원 지급 기준실적 직전 1개월 합계 50만원 이상 혜택요약 쇼핑·카페·도서·편의점 10% 할인 대중교통 10% 할인 온라인 신청 주요혜택 연회비지원 쇼핑 편의점 카페/베이커리 대중교","2026-06-11T13:04:13.065Z"
"naver-card-10514-performance-1","naver-card-10514","0","","before","month","1","sum","excluded","0","기준실적 조건없음 혜택요약 트래블마일 최대 3% 특별 적립 트래블마 실적 조건없음 혜택요약 트래블마일 최대 3% 특별 적립 트래블마일 15,000마일 보너스적립 온라인 신청 주요혜택 연회비지원 포인트/캐시백 다른 디 회원 최대 100% 지급 LOCA 365 신규 회원 최대 100% 지급 롯데카드 텔로 SE 부가혜택 및 통합할인한도 [연회비] 국내전용: 20,000원 해외겸용(AMEX): 20,000원 가족카드: 13,000원 [기본/특별 적립 혜택 제공 공통기준] 기본","2026-06-11T13:04:13.065Z"
"naver-card-10509-performance-1","naver-card-10509","300000","300000","before","month","1","sum","excluded","0","기준실적 직전 1개월 합계 30만원 이상 혜택요약 국내 가맹점 한도 없이 1.2% 할인 해외 가맹 실적 직전 1개월 합계 30만원 이상 혜택요약 국내 가맹점 한도 없이 1.2% 할인 해외 가맹점 한도 없이 2% 할인! 온라인 신청 주요혜택 언제나 2만원, 가족 1만3천원 기준실적 직전 1개월 합계 30만원 이상 혜택요약 국내 가맹점 한도 없이 1.2% 할인 해외 가맹점 한도 없이 2% 할인! 온라인 신청 주요혜택 언제나할인 카페/베이커리 쇼핑 뷰티 대형마트 고민하기 싫","2026-06-11T13:04:13.065Z"
"naver-card-10130-performance-1","naver-card-10130","500000","500000","before","month","1","sum","excluded","0","기준실적 직전 1개월 합계 50만원 이상 혜택요약 4대 사회보험·손해보험 10% 할인 4대보험 납부수수료 0.8% 전월 이용금액 기준 : 매월 1일부터 말일까지 이용한 일시불 및 할부 이용금액(단기카드대출(현금서비스), 장기카드대출(카드론), 각종 수수료 및 이자(할부수수료, 카드대출 이자 등), 연체료, 연회비 납부건은 일시불 및 할부 이용금액에 해당되지 않음) [전 국내 2만원, 해외 2만원 기준실적 직전 1개월 합계 50만원 이상 혜택요약 4대 사회보험·손해보험","2026-06-11T13:04:13.065Z"
"naver-card-10323-performance-1","naver-card-10323","0","","before","month","1","sum","excluded","0","기준실적 조건없음 혜택요약 국내외 가맹점 실적 조건없이 적립 실적 조건없음 혜택요약 국내외 가맹점 실적 조건없이 적립 국내외 가맹점 1.2% M포인트 적립 온라인 신청 주요혜택 연회비지원 포인트/캐시백 대중교 교통 간편결제 편의점 다른 인기카드 현대카드M 신규 회원 최대 3만원 지급 현대카드ZERO Edition3(할인형) 신규 회원 최대 1만5천원 지급 the Pink Edition2 신규 회원 최대 15만원 지급 현대카드 MX Black Edition2 신규 회원","2026-06-11T13:04:13.065Z"
"naver-card-10337-performance-1","naver-card-10337","500000","500000","before","month","1","sum","excluded","0","기준실적 직전 1개월 합계 50만원 이상 혜택요약 쇼핑·학원·주유·관리비 전월 이용 금액 실적 기준별 월 할인 한도 내에서 할인 적용 · 할부, 일부결제금액이월약정(리볼빙) 이용 시 최초 승인일 기준으로 해당월의 이용금액에 포함 · 전표매입 지연, 매출 취소의 경우 이용 규 회원 최대 2만원 지급 기준실적 직전 1개월 합계 50만원 이상 혜택요약 쇼핑·학원·주유·관리비 10% 할인 통신요금·공과금 10% 할인 온라인 신청 주요혜택 연회비지원 쇼핑 의료 교육 주유 다른","2026-06-11T13:04:13.065Z"
"naver-card-10497-performance-1","naver-card-10497","0","","before","month","1","sum","excluded","0","기준실적 조건없음 혜택요약 실적·한도 없이 0.8% 청구 할인 네이버쇼핑 실적 조건없음 혜택요약 실적·한도 없이 0.8% 청구 할인 네이버쇼핑·쿠팡·주유 1.6% 할인 온라인 신청 주요혜택 연회비지원 포인트/캐시백 프리미 3만원, 가족 1만원 신규 회원 최대 3만원 지급 기준실적 조건없음 혜택요약 실적·한도 없이 0.8% 청구 할인 네이버쇼핑·쿠팡·주유 1.6% 할인 온라인 신청 주요혜택 연회비지원 포인트/캐시백 프리미엄 대형마트 쇼핑 다른 추천카드 현대카드Z work","2026-06-11T13:04:13.065Z"
"naver-card-10335-performance-1","naver-card-10335","500000","500000","before","month","1","sum","excluded","0","기준실적 직전 1개월 합계 50만원 이상 혜택요약 국내외 가맹점 1.5% M포인트 적립 인천국제공항 실적 직전 1개월 합계 50만원 이상 혜택요약 국내외 가맹점 1.5% M포인트 적립 인천국제공항 라운지 무료 이용 온라인 신청 주요혜택 포인트/캐시 on2 신규 회원 최대 2만원 지급 현대카드M 신규 회원 최대 3만원 지급 현대카드ZERO Edition3(할인형) 신규 회원 최대 1만5천원 지급 현대카드T 신규 회원 최대 1만5천원 지급 부가혜택 및 통합할인한도 Appl","2026-06-11T13:04:13.065Z"
"naver-card-10353-performance-1","naver-card-10353","500000","500000","before","month","1","sum","excluded","0","기준실적 직전 1개월 합계 50만원 이상 혜택요약 공항 라운지 무료 이용 연간 1 실적 직전 1개월 합계 50만원 이상 혜택요약 공항 라운지 무료 이용 연간 15만원권 바우처 제공 온라인 신청 주요혜택 연회비지원 바우처 포인트/캐 on2 신규 회원 최대 2만원 지급 현대카드M 신규 회원 최대 3만원 지급 현대카드ZERO Edition3(할인형) 신규 회원 최대 1만5천원 지급 현대카드T 신규 회원 최대 1만5천원 지급 부가혜택 및 통합할인한도 [공통 유의사항] · 국제","2026-06-11T13:04:13.065Z"
"naver-card-10594-performance-1","naver-card-10594","500000","500000","before","month","1","sum","excluded","0","기준실적 직전 1개월 합계 50만원 이상 혜택요약 국내외 가맹점 1% M포인트 적 실적 직전 1개월 합계 50만원 이상 혜택요약 국내외 가맹점 1% M포인트 적립 1,000여 개 공항라운지 무료 이용 온라인 신청 주요혜택 연회비지 on2 신규 회원 최대 2만원 지급 현대카드M 신규 회원 최대 3만원 지급 현대카드ZERO Edition3(할인형) 신규 회원 최대 1만5천원 지급 현대카드T 신규 회원 최대 1만5천원 지급 부가혜택 및 통합할인한도 [이용 금액 산정 기준]","2026-06-11T13:04:13.065Z"
"naver-card-10339-performance-1","naver-card-10339","500000","500000","before","month","1","sum","excluded","0","기준실적 직전 1개월 합계 50만원 이상 혜택요약 쇼핑·문화·외식·해외 전월 이용 금액 실적 기준별 월 할인 한도 내에서 할인 적용 · 할부, 일부결제금액이월약정(리볼빙) 이용 시 최초 승인일 기준으로 해당월의 이용 금액에 포함 · 전표매입 지연, 매출 취소의 경우 이용 신규 회원 최대 2만원 지급 기준실적 직전 1개월 합계 50만원 이상 혜택요약 쇼핑·문화·외식·해외 10% 할인 넷플릭스·디즈니+ 등 10% 할인 온라인 신청 주요혜택 연회비지원 쇼핑 외식 영화 문화","2026-06-11T13:04:13.065Z"
"naver-card-10499-performance-1","naver-card-10499","500000","500000","before","month","1","sum","excluded","0","기준실적 직전 1개월 합계 50만원 이상 혜택요약 국내외 가맹점 1% 청 실적 직전 1개월 합계 50만원 이상 혜택요약 국내외 가맹점 1% 청구 할인 추가 혜택 가맹점 5% 청구 할인 온라인 신청 주요혜택 연회비지원 포인 원 신규 회원 최대 3만원 지급 기준실적 직전 1개월 합계 50만원 이상 혜택요약 국내외 가맹점 1% 청구 할인 추가 혜택 가맹점 5% 청구 할인 온라인 신청 주요혜택 연회비지원 포인트/캐시백 프리미엄 쇼핑 교육 다른 추천카드 현대카드Z work Ed","2026-06-11T13:04:13.065Z"
"naver-card-10336-performance-1","naver-card-10336","500000","500000","before","month","1","sum","excluded","0","기준실적 직전 1개월 합계 50만원 이상 혜택요약 국내외 가맹점 1% 청구 할인 할인 한도 제한 없이 실적 직전 1개월 합계 50만원 이상 혜택요약 국내외 가맹점 1% 청구 할인 할인 한도 제한 없이 1% 청구할인 온라인 신청 주요혜택 포인트/캐시백 원, 해외 5만원, 가족 2만원 기준실적 직전 1개월 합계 50만원 이상 혜택요약 국내외 가맹점 1% 청구 할인 할인 한도 제한 없이 1% 청구할인 온라인 신청 주요혜택 포인트/캐시백 프리미엄 쇼핑 외식 대중교통 다른 추천","2026-06-11T13:04:13.065Z"
"naver-card-10498-performance-1","naver-card-10498","500000","500000","before","month","1","sum","excluded","0","기준실적 직전 1개월 합계 50만원 이상 혜택요약 국내외 가맹점 1% 청 실적 직전 1개월 합계 50만원 이상 혜택요약 국내외 가맹점 1% 청구 할인 추가 혜택 가맹점 5% 청구 할인 온라인 신청 주요혜택 연회비지원 포인 원 신규 회원 최대 3만원 지급 기준실적 직전 1개월 합계 50만원 이상 혜택요약 국내외 가맹점 1% 청구 할인 추가 혜택 가맹점 5% 청구 할인 온라인 신청 주요혜택 연회비지원 포인트/캐시백 프리미엄 편의점 외식 다른 추천카드 현대카드Z work E","2026-06-11T13:04:13.065Z"
"naver-card-10466-performance-1","naver-card-10466","500000","500000","before","month","1","sum","excluded","0","기준실적 직전 1개월 합계 50만원 이상 혜택요약 국내외 가맹점 1.5% M포인트 적립 교육,병원,여 실적 직전 1개월 합계 50만원 이상 혜택요약 국내외 가맹점 1.5% M포인트 적립 교육,병원,여행,골프 5% 적립 온라인 신청 주요혜택 포인트/캐 on2 신규 회원 최대 2만원 지급 현대카드M 신규 회원 최대 3만원 지급 현대카드ZERO Edition3(할인형) 신규 회원 최대 1만5천원 지급 현대카드T 신규 회원 최대 1만5천원 지급 부가혜택 및 통합할인한도 [이용","2026-06-11T13:04:13.065Z"
"naver-card-10334-performance-1","naver-card-10334","500000","500000","before","month","1","sum","excluded","0","기준실적 직전 1개월 합계 50만원 이상 혜택요약 국내외 가맹점 1.5% 실적 직전 1개월 합계 50만원 이상 혜택요약 국내외 가맹점 1.5% M포인트 적립 네이버쇼핑·쿠팡·컬리 5% 적립 온라인 신청 주요혜택 연회비지원 현대카드ZERO Edition3(포인트형) 신규 회원 최대 1만5천원 지급 현대카드ZERO Edition3(할인형) 신규 회원 최대 1만5천원 지급 the Pink Edition2 신규 회원 최대 15만원 지급 현대카드 MX Black Edition2","2026-06-11T13:04:13.065Z"
"naver-card-10322-performance-1","naver-card-10322","0","","before","month","1","sum","excluded","0","기준실적 조건없음 혜택요약 국내외 가맹점 실적 조건없이 할인 실적 조건없음 혜택요약 국내외 가맹점 실적 조건없이 할인 국내외 가맹점 0.8% 할인 온라인 신청 주요혜택 연회비지원 포인트/캐시백 대중교통 간편결 네이버 신용카드 정보: 현대카드ZERO Edition3(할인형) 신용카드 현대카드ZERO Edition3(할인형) 공지 현대카드는 Apple Pay 이용가능 연회비 국내 1만5천원, 해외 1만5천원, 가족 5천원 신규 회원 최대 1만5천원 지급 기준실적 조건없음","2026-06-11T13:04:13.065Z"
"naver-card-10534-performance-1","naver-card-10534","0","","before","month","1","sum","excluded","0","기준실적 조건없음 혜택요약 해외 가맹점 2% 청구 할인 국내 실적 조건없음 혜택요약 해외 가맹점 2% 청구 할인 국내 가맹점 0.7% 청구 할인 온라인 신청 주요혜택 연회비지원 언제나할인 간편결제 쇼핑 주유 1만5천원, 가족 5천원 신규 회원 최대 1만5천원 지급 기준실적 조건없음 혜택요약 해외 가맹점 2% 청구 할인 국내 가맹점 0.7% 청구 할인 온라인 신청 주요혜택 연회비지원 언제나할인 간편결제 쇼핑 주유 Travel에 일상을 더한 카드 연회비지원 신규회원 Wel","2026-06-11T13:04:13.065Z"
"naver-card-10413-performance-1","naver-card-10413","1000000","1000000","before","month","1","sum","excluded","0","기준실적 직전 1개월 합계 1백만원 이상 혜택요약 프리미엄쇼핑 영역 5% 특별 적 실적 직전 1개월 합계 1백만원 이상 혜택요약 프리미엄쇼핑 영역 5% 특별 적립 연 최대 100만원 바우처 교환 온라인 신청 주요혜택 연회비지원 바 ) 신규 회원 최대 1만5천원 지급 현대카드M 신규 회원 최대 3만원 지급 현대카드ZERO Edition3(할인형) 신규 회원 최대 1만5천원 지급 현대카드 MX Black Edition2 신규 회원 최대 20만원 지급 the Green Ed","2026-06-11T13:04:13.065Z"
"naver-card-10515-performance-1","naver-card-10515","0","","before","month","1","sum","excluded","0","기준실적 조건없음 혜택요약 트래블마일 최대 5% 특별 적립 트래블마일 70,000마일 보너스적 실적 조건없음 혜택요약 트래블마일 최대 5% 특별 적립 트래블마일 70,000마일 보너스적립 온라인 신청 주요혜택 포인트/캐시백 프리미엄 다른 디지 회원 최대 100% 지급 LOCA 365 신규 회원 최대 100% 지급 롯데카드 텔로 SE 부가혜택 및 통합할인한도 [연회비] 국내전용: 100,000원 해외겸용(AMEX): 100,000원 가족카드: 15,000원 [기본/특별","2026-06-11T13:04:13.065Z"
"naver-card-10134-performance-1","naver-card-10134","500000","500000","before","month","1","sum","excluded","0","기준실적 직전 1개월 합계 50만원 이상 혜택요약 사업 필수 경비 1.5% 할인 사업 운영 지원 3% 할인 온라인 전월 이용금액 기준 : 매월 1일부터 말일까지 이용한 일시불 및 할부 이용금액(단기카드대출(현금서비스), 장기카드대출(카드론), 각종 수수료 및 이자(할부수수료, 카드대출 이자 등), 연체료, 연회비 납부건은 일시불 및 할부 이용금액에 해당되지 않음) [전 회비 국내 3만원, 해외 3만원 기준실적 직전 1개월 합계 50만원 이상 혜택요약 사업 필수 경비 1","2026-06-11T13:04:13.065Z"
"naver-card-10525-performance-1","naver-card-10525","500000","500000","before","month","1","sum","excluded","0","기준실적 직전 1개월 합계 50만원 이상 혜택요약 4대사회보험 등 사업필수경비 3%할인 5가지 기프트서비스 택1 전월 이용금액 기준 : 매월 1일부터 말일까지 이용한 일시불 및 할부 이용금액 (단기카드대출(현금서비스), 장기카드대출(카드론), 각종 수수료 및 이자(할부수수료, 카드대출 이자 등), 연체료, 연회비 납부건은 일시불 및 할부 이용금액에 해당되지 않음) [ 24만원, 해외 24만원 기준실적 직전 1개월 합계 50만원 이상 혜택요약 4대사회보험 등 사업필수경비","2026-06-11T13:04:13.065Z"
"naver-card-10359-performance-1","naver-card-10359","1000000","1000000","before","month","1","sum","excluded","0","기준실적 직전 1개월 합계 1백만원 이상 혜택요약 편의점,주유·대중교통 10% 할 실적 직전 1개월 합계 1백만원 이상 혜택요약 편의점,주유·대중교통 10% 할인 공항 라운지 무료 이용 온라인 신청 주요혜택 연회비지원 포인트/캐시 규 회원 최대 20만원 지급 기준실적 직전 1개월 합계 1백만원 이상 혜택요약 편의점,주유·대중교통 10% 할인 공항 라운지 무료 이용 온라인 신청 주요혜택 연회비지원 포인트/캐시백 프리미엄 쇼핑 카페/베이커리 다른 인기카드 현대카드ZERO","2026-06-11T13:04:13.065Z"
"naver-card-10411-performance-1","naver-card-10411","1000000","1000000","before","month","1","sum","excluded","0","기준실적 직전 1개월 합계 1백만원 이상 혜택요약 여행,해외 5% 특별 적립 연 실적 직전 1개월 합계 1백만원 이상 혜택요약 여행,해외 5% 특별 적립 연 최대 100만원 바우처 교환 온라인 신청 주요혜택 연회비지원 바우처 포 신청 주요혜택 연회비지원 바우처 포인트/캐시백 프리미엄 레저 다른 인기카드 현대카드ZERO Edition3(할인형) 신규 회원 최대 1만5천원 지급 현대카드ZERO Edition3(포인트형) 신규 회원 최대 1만5천원 지급 현대카드M 신규 회원","2026-06-11T13:04:13.065Z"
"naver-card-10317-performance-1","naver-card-10317","300000","300000","before","month","1","sum","excluded","0","전월실적 30만원 이상 ~ 60만원 미만, 통합 월 적립한도 3만 포인트 전월실적 60만원 이상, 통합 월 적립한도 4만 포인트 [에코머니 포인트 적립 시 꼭 확인하세요] ※ 어디로든 그 회원 최대 100% 지급 LOCA 365 신규 회원 최대 100% 지급 롯데카드 텔로 SE 부가혜택 및 통합할인한도 [연회비] 국내전용: 15,000원 해외겸용(MASTER): 15,000원 ※ 가족카드는 발급이 불가합니다. [에코머니 포인트 통합 월 적립한도] 전월실적 30만원 이상","2026-06-11T13:04:13.065Z"
"naver-card-10502-performance-1","naver-card-10502","300000","300000","before","month","1","sum","excluded","0","기준실적 직전 1개월 합계 30만원 이상 혜택요약 쿠쿠 최대 2.7만원 할인 쿠쿠 장기 할부 서비스 및 캐시백 온라 실적 직전 1개월 합계 30만원 이상 혜택요약 쿠쿠 최대 2.7만원 할인 쿠쿠 장기 할부 서비스 및 캐시백 온라인 신청 주요혜택 렌탈 쿠쿠 렌탈 이 연회비 국내 2만원, 해외 2만원 기준실적 직전 1개월 합계 30만원 이상 혜택요약 쿠쿠 최대 2.7만원 할인 쿠쿠 장기 할부 서비스 및 캐시백 온라인 신청 주요혜택 렌탈 쿠쿠 렌탈 이용시, 꼭 필요한 필수롯","2026-06-11T13:04:13.065Z"
"naver-card-10428-performance-1","naver-card-10428","300000","300000","before","month","1","sum","excluded","0","기준실적 직전 1개월 합계 30만원 이상 혜택요약 국내 가맹점 한도 없이 0.5% 할인 기후 동행 요금 최대 1.5 실적 직전 1개월 합계 30만원 이상 혜택요약 국내 가맹점 한도 없이 0.5% 할인 기후 동행 요금 최대 1.5만원 할인 온라인 신청 주요혜택 언제 내 1만원, 해외 1만원 기준실적 직전 1개월 합계 30만원 이상 혜택요약 국내 가맹점 한도 없이 0.5% 할인 기후 동행 요금 최대 1.5만원 할인 온라인 신청 주요혜택 언제나할인 대중교통 쇼핑 카페/베이커","2026-06-11T13:04:13.065Z"
"naver-card-1360-performance-1","naver-card-1360","200000","200000","before","month","1","sum","excluded","0","전월실적 20만원 이상시 : 평일 100원/주말(공휴일포함) 200원할인 전월실적 50만원 이상시 : 평일 200원/주말(공휴일포함) 300원 할인 대중교통 할인 대상 지하철, 버스: 후불교통카드 사용 가능한 전지역 비씨카드 홈페이지(www.bccard.com) - 고객센터 - 카드이용안내 - 국내이용안내 - 교통카드 이용안내 기타: 남산 1/3호 터널, 인천대교, 문학터널, 우면산터널, 만월산터널, 인천유료도로, 부산유료도로, 대구유료도로, 대전유료도로, 신공항하이웨","2026-06-11T13:04:13.065Z"
"naver-card-10531-performance-1","naver-card-10531","400000","400000","before","month","1","sum","excluded","0","기준실적 직전 1개월 합계 40만원 이상 혜택요약 주유·차량관 실적 직전 1개월 합계 40만원 이상 혜택요약 주유·차량관리 10% 청구 할인 정기결제 5% 청구 할인 온라인 신청 주요혜택 연회비지원 주유 오토 규 회원 최대 1만5천원 지급 기준실적 직전 1개월 합계 40만원 이상 혜택요약 주유·차량관리 10% 청구 할인 정기결제 5% 청구 할인 온라인 신청 주요혜택 연회비지원 주유 오토 통신 관리비 Oil에 정기결제를 더한 카드 연회비지원 신규회원 Welcome 이벤트","2026-06-11T13:04:13.065Z"
"naver-card-10533-performance-1","naver-card-10533","500000","500000","before","month","1","sum","excluded","0","기준실적 직전 1개월 합계 50만원 이상 혜택요약 9개 영역 5% 청구 실적 직전 1개월 합계 50만원 이상 혜택요약 9개 영역 5% 청구 할인 3개 영역 주말 10% 청구 할인 온라인 신청 주요혜택 연회비지원 외식 주 5천원 신규 회원 최대 2만원 지급 기준실적 직전 1개월 합계 50만원 이상 혜택요약 9개 영역 5% 청구 할인 3개 영역 주말 10% 청구 할인 온라인 신청 주요혜택 연회비지원 외식 주유 대형마트 통신 일상 속 할인을 담은 Dining 카드 연회비지원","2026-06-11T13:04:13.065Z"
"naver-card-10503-performance-1","naver-card-10503","300000","300000","before","month","1","sum","excluded","0","기준실적 직전 1개월 합계 30만원 이상 혜택요약 SK인텔릭스구독료 최대2.7만원 할인 SK인텔릭스 장기할부서비스 실적 직전 1개월 합계 30만원 이상 혜택요약 SK인텔릭스구독료 최대2.7만원 할인 SK인텔릭스 장기할부서비스 및 캐시백 온라인 신청 주요혜택 렌탈 내 2만원, 해외 2만원 기준실적 직전 1개월 합계 30만원 이상 혜택요약 SK인텔릭스구독료 최대2.7만원 할인 SK인텔릭스 장기할부서비스 및 캐시백 온라인 신청 주요혜택 렌탈 SK인텔릭스 이용시 결제일 할인","2026-06-11T13:04:13.065Z"
"naver-card-10532-performance-1","naver-card-10532","400000","400000","before","month","1","sum","excluded","0","기준실적 직전 1개월 합계 40만원 이상 혜택요약 온∙오프라인 실적 직전 1개월 합계 40만원 이상 혜택요약 온∙오프라인 쇼핑 10% 청구 할인 카페·편의점·대중교통 5% 청구 할인 온라인 신청 주요혜택 연회비 회원 최대 1만5천원 지급 기준실적 직전 1개월 합계 40만원 이상 혜택요약 온∙오프라인 쇼핑 10% 청구 할인 카페·편의점·대중교통 5% 청구 할인 온라인 신청 주요혜택 연회비지원 쇼핑 대형마트 카페/베이커리 편의점 Shopping에 일상을 더한 카드 연회비지","2026-06-11T13:04:13.065Z"
"naver-card-1573-performance-1","naver-card-1573","300000","300000","before","month","1","sum","excluded","0","기준실적 직전 1개월 합계 30만원 이상 혜택요약 용인시 놀이공원 최대60% 현장할인! 용인시 경전철 포함 대중교통 전월 이용금액 30만원 이상 / 70만원 이상 / 150만원 이상 이용 시 1만원 / 2만원 / 4만원 제공 카드 사용등록일로부터 다음 월말까지는 카드 이용금액과 관계 없이 통합할인한도 1만원 국내 5천원, 해외 7천원 기준실적 직전 1개월 합계 30만원 이상 혜택요약 용인시 놀이공원 최대60% 현장할인! 용인시 경전철 포함 대중교통 3%할인 온라인 신청","2026-06-11T13:04:13.065Z"
"naver-card-10291-performance-1","naver-card-10291","400000","400000","before","month","1","sum","excluded","0","기준실적 직전 1개월 합계 40만원 이상 혜택요약 동물병원 3 전월 이용실적은 전월 1일부터 말일까지 국내·외 가맹점 이용금액을 기준으로 합니다. 전월 이용금액 산정 시 국내 이용금액은 승인시점 기준, 해외 이용금액은 매출표 접수일 기준으로 적용됩니다. 모든 할인서비스는 전월 이용실적이 40만원 이상인 겸용 없음 신규 회원 최대 100% 지급 기준실적 직전 1개월 합계 40만원 이상 혜택요약 동물병원 30% 할인 반려동물 사진관 월 최대 1만원 할인 온라인 신청 주요혜","2026-06-11T13:04:13.065Z"
"naver-card-1715-performance-1","naver-card-1715","500000","500000","before","month","1","sum","excluded","0","기준실적 직전 1개월 합계 50만원 이상 혜택요약 쿠팡 20% 쇼핑할인! 올리브영 10%, 마트 실적 직전 1개월 합계 50만원 이상 혜택요약 쿠팡 20% 쇼핑할인! 올리브영 10%, 마트 5% 할인까지 온라인 신청 주요혜택 연회비지원 쇼핑 편 1만2천원 신규 회원 최대 100% 지급 기준실적 직전 1개월 합계 50만원 이상 혜택요약 쿠팡 20% 쇼핑할인! 올리브영 10%, 마트 5% 할인까지 온라인 신청 주요혜택 연회비지원 쇼핑 편의점 대형마트 대중교통 일상 곳곳에서","2026-06-11T13:04:13.065Z"
"naver-card-1889-performance-1","naver-card-1889","300000","300000","before","month","1","sum","excluded","0","기준실적 직전 1개월 합계 30만원 이상 혜택요약 다이소매장 30% 할인, 멤버십 적립 미용실, 카페, 편의점, 영화 할인! 전월 이용금액 30만원 이상 / 70만원 이상 / 150만원 이상 이용시 1만원 / 2만원 / 3만원 제공 카드 수령일부터 다음월말까지는 카드이용실적에 관계없이 월간 통합할인한도(1만원)을 기 좋은 다이소카드 연회비 해외 1만2천원 기준실적 직전 1개월 합계 30만원 이상 혜택요약 다이소매장 30% 할인, 멤버십 적립 미용실, 카페, 편의점, 영","2026-06-11T13:04:13.065Z"
"naver-card-1340-performance-1","naver-card-1340","300000","300000","before","month","1","sum","excluded","0","기준실적 직전 1개월 합계 30만원 이상 혜택요약 케이티 위즈파크 입장권 3천원 할인! 구단 야구용품 10% 할인! 온라인 신청 전월이용금액 30만원 이상 시 월간 통합할인한도 1만원 전월이용금액 70만원 이상 시 월간 통합할인한도 2만원 전월이용금액 150만원 이상 시 월간 통합할인한도 4만원 월간 통합할인한도란 카드 이용실적에 따라 제공되는 할인한도로 kt wiz야구용 카드 연회비 해외 5천원 기준실적 직전 1개월 합계 30만원 이상 혜택요약 케이티 위즈파크 입장권","2026-06-11T13:04:13.065Z"
"naver-card-10232-performance-1","naver-card-10232","0","","before","month","1","sum","excluded","0","전월실적조건없음, 할인한도없 전월실적조건없음, 할인한도없음 리빙&amp;멤버쉽 연속이용 우대 온라인 신청 주요혜택 연회비지원 쇼핑 외식 대형마트 카페/베이커리 전월실적,할인한도없이 국내외 가맹점 0.5%할인 연회비지 만5천원, 가족겸용 없음 신규 회원 최대 100% 지급 기준실적 조건없음 혜택요약 ALL 전월실적조건없음, 할인한도없음 리빙&amp;멤버쉽 연속이용 우대 온라인 신청 주요혜택 연회비지원 쇼핑 외식 대형마트 카페/베이커리 전월실적,할인한도없이 국내외 가맹점","2026-06-11T13:04:13.065Z"
"naver-card-10591-performance-1","naver-card-10591","5000000","5000000","before","year","1","sum","excluded","0","기준실적 직전 1년 합계 5백만원 이상 혜택요약 새해 설렘을 한 장 실적 직전 1년 합계 5백만원 이상 혜택요약 새해 설렘을 한 장에 담다! 일년 내내 설렘 가득! 온라인 신청 주요혜택 연회비지원 포인트/캐시백 금융 전자금융 이체수수료 면제 환전 시 환율 70% 우대 레저 에버랜드, 롯데월드, 한국민속촌 등 주요 놀이공원 할인! 에버랜드, 롯데월드, 한국민속촌 등 주요 놀이공원 할인! IBK 포인트 신용카드 신규 회원 최대 100% 지급 IBK 포인트 3.8 신용카드","2026-06-11T13:04:13.065Z"
"naver-card-2345-performance-1","naver-card-2345","300000","300000","before","month","1","sum","excluded","0","전월실적 ·20만원 이상: 0.2%적립 ·50만원 이상: 0.4%적립 ·100만원 이상: 0.6%적립 ·150만원 이상: 0.8%적립 ·포인트 적립 제외대상 : 후불 교통요금, 무이자 할부 이용금액, 제세공과금, APT관리비, 대학등록금, 정부지원금 매출 ·추가적립 : 의료, 육아(어린이집, 유치원) 업종 1%~4% 에코머니 포인트 적립 ·전월실적 ·20만원 이상: 1%적립 ·50만원 이상: 2%적립 ·100만원 이상: 3%적립 ·150만원 이상: 4%적립 ·업종별 월","2026-06-11T13:04:13.065Z"
"naver-card-1337-performance-1","naver-card-1337","300000","300000","before","month","1","sum","excluded","0","전월실적에 따라 매월 1일 Syrup App을 통해 발송되며 해당월 말까지 제휴 포인트사 쿠폰으로 전환해야 합니다. 전환 완료 시점부터 1개월의 사용가능 기한이 부여됩니다. 쿠폰 유효기한은 Syrup 푸쉬메시지로 알려드립니다. 서비스 제공조건 쿠폰은 전월실적에 따라 매월 1일 Syrup App을 통해 발송 전월 실적(30만원 이상): 신용카드 6천원 쿠폰금액, 체크카드 3천원 쿠폰금액 제공 전월 실적(50만원 이상): 신용카드 1만원 쿠폰금액, 체크카드 5천원 쿠폰금액","2026-06-11T13:04:13.065Z"
"naver-card-10265-performance-1","naver-card-10265","500000","500000","before","month","1","sum","excluded","0","기준실적 직전 1개월 합계 50만원 이상 혜택요약 전세계 공항라운지 무료이용서비스 - 온라인 실적 직전 1개월 합계 50만원 이상 혜택요약 전세계 공항라운지 무료이용서비스 - 온라인 신청 주요혜택 포인트/캐시백 바우처 프리미엄 카페/베이커리 ucher 서비스 프리미엄 Premium 서비스 Premium 서비스 카페/베이커리 주요 커피전문점 20% 할인! 공항 커피 무료 제공 주요 커피전문점 20% 할인! 공항 커피 무료 제공 대형마트 백화점·대형마트 10% 할인 백화점","2026-06-11T13:04:13.065Z"
"naver-card-10614-performance-1","naver-card-10614","300000","300000","before","month","1","sum","excluded","0","기준실적 직전 1개월 합계 30만원 이상 혜택요약 Apple Pay 전용 하이브리드카드 Apple Pay 결제 10 실적 직전 1개월 합계 30만원 이상 혜택요약 Apple Pay 전용 하이브리드카드 Apple Pay 결제 10% 캐시백 온라인 신청 주요혜택 포인 % 캐시백 현대카드Z work Edition2 신규 회원 최대 2만원 지급 현대카드ZERO Edition3(할인형) 신규 회원 최대 1만5천원 지급 현대카드ZERO Edition3(포인트형) 신규 회원 최대","2026-06-11T13:04:13.065Z"
"naver-card-10557-performance-1","naver-card-10557","400000","400000","before","month","1","sum","excluded","0","기준실적 직전 1개월 합계 40만원 이상 혜택요약 해피포인트 적립 실적 직전 1개월 합계 40만원 이상 혜택요약 해피포인트 적립 최대 10% 적립 온라인 신청 주요혜택 연회비지원 쇼핑 카페/베이커리 포인트/캐시백 대한항공) IBK K-패스(신용) 신규 회원 최대 100% 지급 유의사항 카드 이용시, 제공되는 포인트 및 할인혜택 등의 부가서비스는 카드 신규출시 이후 3년 이상 축소, 폐지 없이 유지됩니다. 상기에도 불구하고, 다음과 같은 사유가 발생한 경우 카드사는 부가","2026-06-11T13:04:13.065Z"
"naver-card-10524-performance-1","naver-card-10524","300000","300000","before","month","1","sum","excluded","0","기준실적 직전 1개월 합계 30만원 이상 혜택요약 KT 통신비 최대 2만원 할인 유무선 구분 없이 KT 통신 실적 직전 1개월 합계 30만원 이상 혜택요약 KT 통신비 최대 2만원 할인 유무선 구분 없이 KT 통신비 할인 온라인 신청 주요혜택 통신 KT통신 내 2만3천원, 해외 2만5천원 기준실적 직전 1개월 합계 30만원 이상 혜택요약 KT 통신비 최대 2만원 할인 유무선 구분 없이 KT 통신비 할인 온라인 신청 주요혜택 통신 KT통신비 최대 2만원 할인+기기 할부","2026-06-11T13:04:13.065Z"
"naver-card-10613-performance-1","naver-card-10613","300000","300000","before","month","1","sum","excluded","0","기준실적 직전 1개월 합계 30만원 이상 혜택요약 외식·배달앱 5% 적립 편의점·대중교통 5% 적립 온라인 신청 주 전월 실적 관계없이 기본적립혜택 제공 연회비 국내 5천원, 해외 5천원 기준실적 직전 1개월 합계 30만원 이상 혜택요약 외식·배달앱 5% 적립 편의점·대중교통 5% 적립 온라인 신청 주요혜택 포인트/캐시백 체크카드겸용 외식 편의점 대중교통 다른 현대카드 현 인트 적립 현대카드Z work Edition2 신규 회원 최대 2만원 지급 현대카드ZERO Edi","2026-06-11T13:04:13.065Z"
"naver-card-10610-performance-1","naver-card-10610","300000","300000","before","month","1","sum","excluded","0","기준실적 직전 1개월 합계 30만원 이상 혜택요약 외식·배달앱 3% 캐시백 편의점·대중교통 3% 캐시백 온라인 신청 실적·한도 제한없이 0.3%캐시백제공 연회비 국내 5천원, 해외 5천원 기준실적 직전 1개월 합계 30만원 이상 혜택요약 외식·배달앱 3% 캐시백 % 캐시백 현대카드Z work Edition2 신규 회원 최대 2만원 지급 현대카드ZERO Edition3(할인형) 신규 회원 최대 1만5천원 지급 현대카드ZERO Edition3(포인트형) 신규 회원 최대 1","2026-06-11T13:04:13.065Z"
"naver-card-10639-performance-1","naver-card-10639","700000","700000","before","month","1","sum","excluded","0","기준실적 직전 1개월 합계 70만원 이상 혜택요약 월 최대 4만2천원 통신요금 할인 LG U 전월 실적에 따른 월 할인한도 내에서 승인 순서대로 할인 적용됩니다. • 청구되는 LG U+ 통신요금 자동이체 합계가 월 할인한도 미만일 경우에는 청구되는 통신요금 만큼 할인 적용됩니다. 네이버 신용카드 정보: LG U+ 사장님 통할인 신한카드 신용카드 LG U+ 사장님 통할인 신한카드 공지 U+통신요금 월 최대 4만2천원 할인 연회비 국내 3만5천원, 해외 3만8천원, 가족겸","2026-06-11T13:04:13.065Z"
"naver-card-10501-performance-1","naver-card-10501","500000","500000","before","month","1","sum","excluded","0","기준실적 직전 1개월 합계 50만원 이상 혜택요약 카드 실적 달 실적 직전 1개월 합계 50만원 이상 혜택요약 카드 실적 달성 시 리빙영역 1%할인 카드 실적 달성시 멤버쉽영역 5%할인 온라인 신청 주요혜택 연회 회원 최대 100% 지급 기준실적 직전 1개월 합계 50만원 이상 혜택요약 카드 실적 달성 시 리빙영역 1%할인 카드 실적 달성시 멤버쉽영역 5%할인 온라인 신청 주요혜택 연회비지원 외식 대형마트 카페/베이커리 편의점 일상에서 누리는 큰 할인! i-기후동행카드","2026-06-11T13:04:13.065Z"
"naver-card-10299-performance-1","naver-card-10299","300000","300000","before","month","1","sum","excluded","0","전월실적 30만원 이상 20% 적립, 60만원 이상 40% 적립 ·월 최대 2만 포인트 적립 ·충전소 멤버십 가입 후 결제카드 등록·이용 또는 충전소 기기 이용 후 현장결제에 한함 ·전기차 충전요금이 아파트관리비 등 다른 이용 건에 포함된 결제 건 제외 ·전기차, 수소차 충전요금 승인 기준은 이용 충전시설, 기기에서 확인 공유 모빌리티 10% 적립 ·쏘카, 투루카, 카카오T바이크, 따릉이(서울), 누비자(창원), 어울링(세종) ·월 최대 5천 포인트 적립 ·현장결제와","2026-06-11T13:04:13.065Z"
"naver-card-10597-performance-1","naver-card-10597","0","","before","month","1","sum","excluded","0","기준실적 조건없음 혜택요약 특화영역(항공,면세점,여행) 3%적립 최대 5만 하나머니 적립 온라인 신청 주요혜택 포인 실적 조건없음 혜택요약 특화영역(항공,면세점,여행) 3%적립 최대 5만 하나머니 적립 온라인 신청 주요혜택 포인트/캐시백 외화결제 다른 트래블로그 블로그 PRESTIGE 신용카드 CLUB SK (클럽SK) JADE First Centum 부가혜택 및 통합할인한도 - 해외결제 시 수수료가 발생할 수 있으니 [해외결제 및 기타안내] 참조 - 적립 대상이 중복","2026-06-11T13:04:13.065Z"
"naver-card-10486-performance-1","naver-card-10486","0","","before","month","1","sum","excluded","0","기준실적 조건없음 혜택요약 출근길 통행료 최대 50% 할인 퇴근길 통행료 최대 50% 할인 온라인 신청 주요혜택 하이패스 출퇴근길 실적 조건없음 혜택요약 출근길 통행료 최대 50% 할인 퇴근길 통행료 최대 50% 할인 온라인 신청 주요혜택 하이패스 출퇴근길 통행료 할인받고 기분 지 삼성카드 보유 회원 신청 가능 연회비 국내 2천원 기준실적 조건없음 혜택요약 출근길 통행료 최대 50% 할인 퇴근길 통행료 최대 50% 할인 온라인 신청 주요혜택 하이패스 출퇴근길 통행료 할","2026-06-11T13:04:13.065Z"
"naver-card-10516-performance-1","naver-card-10516","300000","300000","before","month","1","sum","excluded","0","기준실적 직전 1개월 합계 30만원 이상 혜택요약 청호나이스 렌탈료 최대2.5만원 할인 청호나이스 장기 할부서비스 실적 직전 1개월 합계 30만원 이상 혜택요약 청호나이스 렌탈료 최대2.5만원 할인 청호나이스 장기 할부서비스 및 캐시백 온라인 신청 주요혜택 렌탈 내 2만원, 해외 2만원 기준실적 직전 1개월 합계 30만원 이상 혜택요약 청호나이스 렌탈료 최대2.5만원 할인 청호나이스 장기 할부서비스 및 캐시백 온라인 신청 주요혜택 렌탈 청호나이스 렌탈 이용시, 꼭 필요","2026-06-11T13:04:13.065Z"
"naver-card-10395-performance-1","naver-card-10395","0","","before","month","1","sum","excluded","0","기준실적 조건없음 혜택요약 대한항공 마일리지 적립 혜택 해외 이용수수료 면제 온라인 신청 주 실적 조건없음 혜택요약 대한항공 마일리지 적립 혜택 해외 이용수수료 면제 온라인 신청 주요혜택 항공마일리지 언제나할인 다른 트래블로그 트래블로그+( 조건없음 혜택요약 대한항공 마일리지 적립 혜택 해외 이용수수료 면제 온라인 신청 주요혜택 항공마일리지 언제나할인 다른 트래블로그 트래블로그+(플러스) 신용카드 트래블로그 PRESTIGE 신용카드 해외수수료 걱정 없이! 항공 마일리지","2026-06-11T13:04:13.065Z"
"naver-card-10396-performance-1","naver-card-10396","500000","1000000","before","month","1","sum","excluded","0","기준실적 직전 1개월 합계 50만원 이상 1백만원 이하 혜택요약 바우처 제공·해외이용 수수료 면 실적 직전 1개월 합계 50만원 이상 1백만원 이하 혜택요약 바우처 제공·해외이용 수수료 면제! 라운지 혜택·항공 마일리지 적립까지! 온라인 신청 S 신용카드 JADE Prime CLUB SK (클럽SK) JADE First Centum 부가혜택 및 통합할인한도 [연회비 청구 및 반환기준] 연회비 청구기준 : 카드 발급일(발급 첫해에는 카드사용등록일)이 속한 카드이용기간의","2026-06-11T13:04:13.065Z"
"naver-card-10320-performance-1","naver-card-10320","500000","500000","before","month","1","sum","excluded","0","기준실적 직전 1개월 합계 50만원 이상 혜택요약 디지털 콘텐츠·커피·택시 50% 적립 혜택 영역별 적립 한 실적 직전 1개월 합계 50만원 이상 혜택요약 디지털 콘텐츠·커피·택시 50% 적립 혜택 영역별 적립 한도 확인 필요 온라인 신청 주요혜택 바우처 블로그 PRESTIGE 신용카드 CLUB SK (클럽SK) JADE First Centum 부가혜택 및 통합할인한도 서비스 제공 기준 - 모든 적립 서비스는 하나카드에 등록된 가맹점 및 가맹점 업종 기준에 따라 제공","2026-06-11T13:04:13.065Z"
"naver-card-10371-performance-1","naver-card-10371","500000","500000","before","month","1","sum","excluded","0","기준실적 직전 1개월 합계 50만원 이상 혜택요약 국내외 공항라운지 무료 이용 가능 해외·호텔 실적 직전 1개월 합계 50만원 이상 혜택요약 국내외 공항라운지 무료 이용 가능 해외·호텔·상품권 20만원 바우처제공 온라인 신청 주요혜택 바우처 블로그 PRESTIGE 신용카드 CLUB SK (클럽SK) JADE First Centum 부가혜택 및 통합할인한도 서비스 제공 기준 - 모든 적립 서비스는 하나카드에 등록된 가맹점 및 가맹점 업종 기준에 따라 제공 - 후불교통요금","2026-06-11T13:04:13.065Z"
"naver-card-10493-performance-1","naver-card-10493","400000","400000","before","month","1","sum","excluded","0","기준실적 직전 1개월 합계 40만원 이상 혜택요약 SKT 통신비 최대 1만5천원 할인 SK주유소 최 실적 직전 1개월 합계 40만원 이상 혜택요약 SKT 통신비 최대 1만5천원 할인 SK주유소 최대 2만2천원 할인 온라인 신청 주요혜택 통신 주유 외 7천원, 가족겸용 없음 기준실적 직전 1개월 합계 40만원 이상 혜택요약 SKT 통신비 최대 1만5천원 할인 SK주유소 최대 2만2천원 할인 온라인 신청 주요혜택 통신 주유 외식 카페/베이커리 영화 카드 한 장으로 SK의","2026-06-11T13:04:13.065Z"
"naver-card-10373-performance-1","naver-card-10373","500000","500000","before","month","1","sum","excluded","0","기준실적 직전 1개월 합계 50만원 이상 혜택요약 해외·항공·면세·여행 60만원 할인! 국 실적 직전 1개월 합계 50만원 이상 혜택요약 해외·항공·면세·여행 60만원 할인! 국내외 공항라운지 연10회 무료 이용 온라인 신청 주요혜택 바우 100만원, 가족 10만원 기준실적 직전 1개월 합계 50만원 이상 혜택요약 해외·항공·면세·여행 60만원 할인! 국내외 공항라운지 연10회 무료 이용 온라인 신청 주요혜택 바우처 레저 쇼핑 프리미엄 포인트/캐시백 카드 한 장으로 누","2026-06-11T13:04:13.065Z"
"naver-card-10035-performance-1","naver-card-10035","300000","300000","before","month","1","sum","excluded","0","기준실적 직전 1개월 합계 30만원 이상 혜택요약 병원/약국/산후조리원 5% 할인 어린이집/유치원 부모부담금 1 전월 이용금액에 따라 통합할인한도가 차등 적용됩니다. (단, 교통카드는 전전월 기준, 해외이용금액은 매입일자 기준) • 신한카드 전 회원 대상 이벤트 및 타 쿠폰 등의 헤택과 중복 적용 불가 국내전용 없음, 해외겸용 없음 기준실적 직전 1개월 합계 30만원 이상 혜택요약 병원/약국/산후조리원 5% 할인 어린이집/유치원 부모부담금 10%할인 온라인 신청 주요혜","2026-06-11T13:04:13.065Z"
"naver-card-10530-performance-1","naver-card-10530","400000","400000","before","month","1","sum","excluded","0","기준실적 직전 1개월 합계 40만원 이상 혜택요약 교육·병원 실적 직전 1개월 합계 40만원 이상 혜택요약 교육·병원 10% 청구 할인 정기결제 5% 청구 할인 온라인 신청 주요혜택 연회비지원 교육 의료 통신 신규 회원 최대 1만5천원 지급 기준실적 직전 1개월 합계 40만원 이상 혜택요약 교육·병원 10% 청구 할인 정기결제 5% 청구 할인 온라인 신청 주요혜택 연회비지원 교육 의료 통신 관리비 Home Life에 정기결제를 더한 카드 연회비지원 신규회원 Welcom","2026-06-11T13:04:13.065Z"
"naver-card-710-performance-1","naver-card-710","200000","200000","before","month","1","sum","excluded","0","기준실적 직전 1개월 합계 20만원 이상 혜택요약 연회비없음! 쇼핑 최대 3% 대중교통 최대 20% 적립 온라인 전월 이용실적 산정 기간] 전월 1일 ~ 말일까지 해당카드(가족카드 포함)로 이용하신 실적 (이용일 기준)을 합산하며 승인취소 및 매입 취소된 금액은 제외됩니다. [이용실적 제외 대상매출] 단 혜택요약 연회비없음! 쇼핑 최대 3% 대중교통 최대 20% 적립 온라인 신청 주요혜택 포인트/캐시백 언제나할인 대중교통 쇼핑 대형마트 다른 그린카드 KB국민 그린카드(","2026-06-11T13:04:13.065Z"
"naver-card-10414-performance-1","naver-card-10414","500000","500000","before","month","1","sum","excluded","0","기준실적 직전 1개월 합계 50만원 이상 혜택요약 대한항공 마일리지 적립 전 세계 공항 라운지 전월 이용금액 미충족 시 당월 혜택 미제공(단, 해외 이용 금액은 취소 발생월 이용 금액에서 제외) · 대중교통, 정기결제 등 사후 승인 가맹점 이용 금액과 해외 이용 금액은 매출일자 기준으로 리지 적립 현대카드Z work Edition2 신규 회원 최대 2만원 지급 현대카드ZERO Edition3(할인형) 신규 회원 최대 1만5천원 지급 현대카드ZERO Edition3(포인","2026-06-11T13:04:13.065Z"
"naver-card-2332-performance-1","naver-card-2332","400000","400000","before","month","1","sum","excluded","0","기준실적 직전 1개월 합계 40만원 이상 혜택요약 대중교통 10% 청구할인 GS25, CU편의점 10% 청구할인 온 전월 1일 ~ 말일까지 일시불 매입완료 기준) [이용실적 제외 대상] KB국민 톡톡 Pay카드로 ‘할인서비스’받은 이용건 (해당 이용금액 전체), 단기카드대출(현금서비스), 장기카드대출(카드론), 각종 세금 및 공과금, 초/중/고등학교 용카드 정보: KB국민 톡톡Pay카드 신용카드 KB국민 톡톡Pay카드 공지 온오프라인 간편결제 최대 40% 할인 연회비","2026-06-11T13:04:13.065Z"
"naver-card-10642-performance-1","naver-card-10642","300000","300000","before","month","1","sum","excluded","0","기준실적 직전 1개월 합계 30만원 이상 혜택요약 LG전자 렌탈요금 할인 서비스 LG전자 월 전월 이용금액 기준] ※ 전월 이용금액은 LG전자 신한카드의 전월(1일~말일)의 거래 시점 이용금액(일시불+할부)을 기준으로 반영됩니다. - 해외 이용금액은 매입일자를 기준으로 반영됩니다. - 교통카드 이용금액은 전전 천원, 해외 2만5천원, 가족겸용 없음 기준실적 직전 1개월 합계 30만원 이상 혜택요약 LG전자 렌탈요금 할인 서비스 LG전자 월 최대 2만원 할인 온라인 신청","2026-06-11T13:04:13.065Z"
"naver-card-10488-performance-1","naver-card-10488","400000","400000","before","month","1","sum","excluded","0","기준실적 직전 1개월 합계 40만원 이상 혜택요약 국내 가맹점 최대 3% 포인트 적립 자동 납부 전월(1일~말일) 이용금액에 따라 서비스별 월 통합 적립한도 내에서 당월(1일~말일) 거래에 대해 마이신한포인트가 적립됩니다. ※ 신한카드 Point Plan(서울시다둥이행복카드)의 모든 적립 서비스는 매 00% 지급 신한카드 Simple Plan 신규 회원 최대 100% 지급 신한카드 K-패스 부가혜택 및 통합할인한도 [발급 대상] • 서울시 거주, 2자녀 이상, 막내 만","2026-06-11T13:04:13.065Z"
"naver-card-10289-performance-1","naver-card-10289","200000","200000","before","month","1","sum","excluded","0","기준실적 직전 1개월 합계 20만원 이상 혜택요약 만 12세 이상 미성년 가족 신용카드 GS25 현장할인 및 추가증정 행사 온라인 실적 직전 1개월 합계 20만원 이상 혜택요약 만 12세 이상 미성년 가족 신용카드 GS25 현장할인 및 추가증정 행사 온라인 신청 주요혜택 편의점 네이버 신용카드 정보: 신한카드 My TeenS 신용카드 신한카드 My TeenS 공지 GS25 현장 할인 및 추가 증정 연회비 국내 1천원 기준실적 직전 1개월 합계 20만원 이상 혜택요약 만","2026-06-11T13:04:13.065Z"
"naver-card-3076-performance-1","naver-card-3076","200000","200000","before","month","1","sum","excluded","0","기준실적 직전 1개월 합계 20만원 이상 혜택요약 연회비없음! 쇼핑 최대 3% 대중교통 최대 20% 적립 온라인 전월 이용실적 산정 기간] 전월 1일 ~ 말일까지 해당카드(가족카드 포함)로 이용하신 실적 (이용일 기준)을 합산하며 승인취소 및 매입 취소된 금액은 제외됩니다. [이용실적 제외 대상매출] 단 혜택요약 연회비없음! 쇼핑 최대 3% 대중교통 최대 20% 적립 온라인 신청 주요혜택 포인트/캐시백 언제나할인 대중교통 쇼핑 대형마트 다른 그린카드 KB국민 그린카드(","2026-06-11T13:04:13.065Z"
"naver-card-10412-performance-1","naver-card-10412","500000","500000","before","month","1","sum","excluded","0","기준실적 직전 1개월 합계 50만원 이상 혜택요약 대한항공 마일리지 적립 전 세계 공항 라운지 실적 직전 1개월 합계 50만원 이상 혜택요약 대한항공 마일리지 적립 전 세계 공항 라운지 무료 이용 온라인 신청 주요혜택 바우처 항공마일리지 프리 리지 적립 현대카드Z work Edition2 신규 회원 최대 2만원 지급 현대카드ZERO Edition3(할인형) 신규 회원 최대 1만5천원 지급 현대카드ZERO Edition3(포인트형) 신규 회원 최대 1만5천원 지급 현대카","2026-06-11T13:04:13.065Z"
"naver-card-10448-performance-1","naver-card-10448","500000","500000","before","month","1","sum","excluded","0","기준실적 직전 1개월 합계 50만원 이상 혜택요약 국내외 가맹점 1.5% M포인트 적립 전 세계 전월 이용금액 미충족 시 당월 혜택 미제공(단, 해외 이용 금액은 취소 발생월 이용 금액에서 제외) · 대중교통, 정기결제 등 사후 승인 가맹점 이용 금액과 해외 이용 금액은 매출일자 기준으로 인트 적립 현대카드Z work Edition2 신규 회원 최대 2만원 지급 현대카드ZERO Edition3(할인형) 신규 회원 최대 1만5천원 지급 현대카드ZERO Edition3(포","2026-06-11T13:04:13.065Z"
"naver-card-10449-performance-1","naver-card-10449","500000","500000","before","month","1","sum","excluded","0","기준실적 직전 1개월 합계 50만원 이상 혜택요약 국내외 가맹점 1.5% M포인트 적립 전 세계 실적 직전 1개월 합계 50만원 이상 혜택요약 국내외 가맹점 1.5% M포인트 적립 전 세계 공항 라운지 무료 이용 온라인 신청 주요혜택 바우처 포 인트 적립 현대카드Z work Edition2 신규 회원 최대 2만원 지급 현대카드ZERO Edition3(할인형) 신규 회원 최대 1만5천원 지급 현대카드ZERO Edition3(포인트형) 신규 회원 최대 1만5천원 지급 현대","2026-06-11T13:04:13.065Z"
"naver-card-10058-performance-1","naver-card-10058","0","","before","month","1","sum","excluded","0","기준실적 조건없음 혜택요약 KB Pay이용시 월 최대5만포인트리 매주 포인트리 1천점 적립 온라인 신청 주요 실적 조건없음 혜택요약 KB Pay이용시 월 최대5만포인트리 매주 포인트리 1천점 적립 온라인 신청 주요혜택 포인트/캐시백 다른 간편결제 카드 KB 지급 KB국민 K-패스카드 KB국민행복카드 KB국민 기후동행카드 KB국민 하이패스 2.0 부가혜택 및 통합할인한도 [이용 전 확인 사항] KB국민 KB Pay 챌린지카드는 가족카드 발급이 불가합니다. KB국민 KB","2026-06-11T13:04:13.065Z"
"naver-card-10544-performance-1","naver-card-10544","500000","500000","before","month","1","sum","excluded","0","기준실적 직전 1개월 합계 50만원 이상 혜택요약 힐튼아너스 1.5천원당 최대8P 적립 힐튼 실적 직전 1개월 합계 50만원 이상 혜택요약 힐튼아너스 1.5천원당 최대8P 적립 힐튼호텔숙박권&amp;공항라운지 무료서비스 온라인 신청 주요혜택 회원 최대 100% 지급 LOCA 365 신규 회원 최대 100% 지급 롯데카드 텔로 SE 부가혜택 및 통합할인한도 [연회비] 국내전용: 497,000원 해외겸용(AMEX): 500,000원 가족카드 : 100,000원 [실적 산정","2026-06-11T13:04:13.065Z"
"naver-card-10585-performance-1","naver-card-10585","400000","400000","before","month","1","sum","excluded","0","전월실적 채워드림] 서비스 소개 전월 이용실적이 부족해 이번달 할인혜택을 못받을때, 전월실적 40만원이상 80만원미만 구간 할인혜택을 받으실수있도록 NEED Pay카드의 전월실적을 채워드리는 서비스 서비스 대상 전월 이용실적 KB국민 NEED Pay 카드 신용카드 KB국민 NEED Pay 카드 공지 자주쓰는 간편결제 최대 15% 할인 연회비 국내 1만9천원, 해외 1만9천원 신규 회원 최대 2만원 지급 기준실적 직전 1개월 합계 40만원 이상 혜택요약 온라인패션몰 최대","2026-06-11T13:04:13.065Z"
"naver-card-2612-performance-1","naver-card-2612","500000","500000","before","month","1","sum","excluded","0","기준실적 직전 1개월 합계 50만원 이상 혜택요약 국내해외가맹점 0.7%적립 또는 할인 연 최대 24만원 추 전월 이용실적50만원 이상 시 제공되며, 전월 이용실적에 따라 월간 적립/할인 한도가 제공됩니다. 추가 적립/할인 대상 최상위 2개 영역 및 전표 선정 시 무이자할부 이용금액, 취소금액은 제외됩니다. 간편결제(Pay) 서비스를 통한 5천원, 해외 1만5천원 기준실적 직전 1개월 합계 50만원 이상 혜택요약 국내해외가맹점 0.7%적립 또는 할인 연 최대 24만원","2026-06-11T13:04:13.065Z"
"naver-card-99-performance-1","naver-card-99","300000","300000","before","month","1","sum","excluded","0","기준실적 직전 1개월 합계 30만원 이상 혜택요약 많이 쓴 곳 알아서 최대 5%적립 적립 포인트리 현금처럼 사용가능 실적 직전 1개월 합계 30만원 이상 혜택요약 많이 쓴 곳 알아서 최대 5%적립 적립 포인트리 현금처럼 사용가능! 온라인 신청 주요혜택 포인트/캐시 카페 업종 최대 5% 포인트리 적립 카페 업종 최대 5% 포인트리 적립 레저 놀이공원 이용 시 최대 50% 할인 골프·스포츠용품 업종 최대 5% 적립 놀이공원 이용 시 최대 50% 할인 골프·스포츠용품 업종","2026-06-11T13:04:13.065Z"
"naver-card-10529-performance-1","naver-card-10529","400000","400000","before","month","1","sum","excluded","0","기준실적 직전 1개월 합계 40만원 이상 혜택요약 일반음식점, 실적 직전 1개월 합계 40만원 이상 혜택요약 일반음식점, 배달앱 10% 청구 할인 커피전문점, 편의점, 대중교통 할인 온라인 신청 주요혜택 연회비 원 최대 1만5천원 지급 기준실적 직전 1개월 합계 40만원 이상 혜택요약 일반음식점, 배달앱 10% 청구 할인 커피전문점, 편의점, 대중교통 할인 온라인 신청 주요혜택 연회비지원 외식 카페/베이커리 편의점 대중교통 일상 속 할인을 담은 Dining 카드 연회비","2026-06-11T13:04:13.065Z"
"naver-card-10545-performance-1","naver-card-10545","500000","500000","before","month","1","sum","excluded","0","기준실적 직전 1개월 합계 50만원 이상 혜택요약 힐튼아너스 1.5천원당 최대4P 적립 힐튼호 실적 직전 1개월 합계 50만원 이상 혜택요약 힐튼아너스 1.5천원당 최대4P 적립 힐튼호텔숙박권&amp;공항라운지 무료서비스 온라인 신청 주요혜택 회원 최대 100% 지급 LOCA 365 신규 회원 최대 100% 지급 롯데카드 텔로 SE 부가혜택 및 통합할인한도 [연회비] 국내전용: 247,000원 해외겸용(AMEX): 250,000원 가족카드 : 50,000원 [실적 산정","2026-06-11T13:04:13.065Z"
"naver-card-2857-performance-1","naver-card-2857","500000","500000","before","month","1","sum","excluded","0","기준실적 직전 1개월 합계 50만원 이상 혜택요약 쇼핑·마트·주유·교통 5% 기본적립 필요한곳 PICK하면 5% 추 전월 이용실적 기준] 매월 1일~말일(승인시점 기준) KB국민 Easy pick카드 일시불 및 할부 승인(이용)금액(해외이용금액은 전월 1일~말일까지 일시불 매입완료 기준) 취소금액은 취소 전 지급 KB국민 K-패스카드 KB국민행복카드 KB국민 기후동행카드 KB국민 하이패스 2.0 부가혜택 및 통합할인한도 [적립 서비스 제외 대상] 무이자할부 이용금액,","2026-06-11T13:04:13.065Z"
"naver-card-10059-performance-1","naver-card-10059","400000","400000","before","month","1","sum","excluded","0","전월실적이 320만원일 경우 120만원 초과 금액인 200만원의 0.3% 기부 포인트 적립 전월 이용실적 산정 기준 : 매월 1일~말일까지의 정상 승인 건 이용실적을 상정한 달의 다음달 25일에 기부포인트 적립 ※전월 이용실적 120만원 이하 이용금액은 기부 포인트 미제공 ▶Green Wave 1.5℃ 패키지 상품(카드, 예금) 동시 보유 시 기부 포인트 2천점 적립◀ Green Wave 1.5℃카드 최초 발급 기준 1회에 한하여 제공 기부 포인트 적립 시기 : 다음해","2026-06-11T13:04:13.065Z"
"naver-card-10478-performance-1","naver-card-10478","400000","400000","before","month","1","sum","excluded","0","기준실적 직전 1개월 합계 40만원 이상 혜택요약 주유소, 충전소 100원/L 청구할인 스토어 5% 청구할인 택1, 중복불가 전월 이용실적 40만원 이상 시 제공, 전월 이용실적에 따라 월간 할인한도 제공 최초 카드 사용 등록일로부터 다음달 말일(실적유예기간)까지 ‘KB국민 올라운드카드’ 이용실적이 없는 경우에도 ‘40만원 이상’ 서비스제공 KB국민 올라 연회비 해외 1만5천원 기준실적 직전 1개월 합계 40만원 이상 혜택요약 주유소, 충전소 100원/L 청구할인 스토","2026-06-11T13:04:13.065Z"
"naver-card-10302-performance-1","naver-card-10302","300000","300000","before","month","1","sum","excluded","0","기준실적 직전 1개월 합계 30만원 이상 혜택요약 OTT, 패밀리레스토랑 30% 할인 놀이공원 전월 이용실적 제외 대상] &#x27;Americad Express Blue KB Kookmin Card&#x27;로 할인받은 이용건(해당 이용금액 전체), 단기카드대출(현금서비스), 장기카드 레스 블루 KB국민카드 신용카드 아메리칸 익스프레스 블루 KB국민카드 공지 온라인쇼핑부터 주유까지 생활밀착 할인 연회비 해외 1만9천원 신규 회원 최대 100% 지급 기준실적 직전 1개","2026-06-11T13:04:13.065Z"
"naver-card-10301-performance-1","naver-card-10301","300000","300000","before","month","1","sum","excluded","0","기준실적 직전 1개월 합계 30만원 이상 혜택요약 KB Pay 결제시 최대 10% 할인 쇼핑·편의점·카페·항 전월 이용실적 제외 대상] ※ ‘American Express Rose Gold KB Kookmin Card’로 할인받은 이용건(해당 이용금액 전체), 단기카드대출(현금서비스), 장기카드대출( 즈골드 KB국민카드 신용카드 아메리칸 익스프레스 로즈골드 KB국민카드 공지 KBPay결제시 연최대 42만원 할인 연회비 국내 1만9천원, 해외 1만9천원 기준실적 직전 1","2026-06-11T13:04:13.065Z"
"naver-card-10475-performance-1","naver-card-10475","400000","400000","before","month","1","sum","excluded","0","기준실적 직전 1개월 합계 40만원 이상 혜택요약 쇼핑멤버십 50%, OTT 10%할인 분기 보너스 연 최대 전월 이용 실적 기준] 전월 1일 ~ 말일(승인시점 기준) ‘KB국민 WE:SH All+카드’ 일시불 및 할부 승인금액 기준 해외 이용금액은 전월 1일~말일까지 일시불 매입완료 기준 취소금액은 네이버 신용카드 정보: KB국민 WE:SH All+ 카드 신용카드 KB국민 WE:SH All+ 카드 공지 할인한도 없는 국내가맹점 1% 할인 연회비 국내 5만5천원, 해외","2026-06-11T13:04:13.065Z"
"naver-card-10620-performance-1","naver-card-10620","0","","before","month","1","sum","excluded","0","기준실적 조건없음 혜택요약 해외 가맹점 3.5% 청구할인 국내 가맹점 0.5% 청구할인 즐겨요 온라인 전월 이용실적 없이 즐기는 글로벌카드 연회비 국내 3만원, 해외 3만원, 가족 7천원 기준실적 조건없음 혜택요약 해외 가맹점 3.5% 청구할인 국내 가맹점 0.5% 청구할인 즐겨요 온라인 신청 벌카드 연회비 국내 3만원, 해외 3만원, 가족 7천원 기준실적 조건없음 혜택요약 해외 가맹점 3.5% 청구할인 국내 가맹점 0.5% 청구할인 즐겨요 온라인 신청 주요혜택 언제나","2026-06-11T13:04:13.065Z"
"naver-card-10422-performance-1","naver-card-10422","500000","500000","before","month","1","sum","excluded","0","기준실적 직전 1개월 합계 50만원 이상 혜택요약 온라인항공 1500원당 최대2마일적립 온라인면세 150 전월 이용실적 기준] 전월 1일~말일(승인시점 기준)까지 HERITAGE Classic(스카이패스형) 일시불 및 할부 승인금액 기준 해외 이용금액은 전월 1일~말일까지 일시불 매입완료 기준 취 지 적립 KB국민카드 포인트리 10만점 적립 롯데백화점 상품권 10만원 쿠폰 CGV 씨네드쉐프 11만원 현장할인 쿠폰서비스 4가지 중 택1 대한항공 5천 마일리지 적립 KB국","2026-06-11T13:04:13.065Z"
"naver-card-10459-performance-1","naver-card-10459","500000","500000","before","month","1","sum","excluded","0","기준실적 직전 1개월 합계 50만원 이상 혜택요약 연간 보너스 5만원 크레딧 제공 호텔,여행,다이닝 실적 직전 1개월 합계 50만원 이상 혜택요약 연간 보너스 5만원 크레딧 제공 호텔,여행,다이닝 영역 자동 할인 온라인 신청 주요혜택 포인트/캐시백 실적 직전 1개월 합계 50만원 이상 혜택요약 연간 보너스 5만원 크레딧 제공 호텔,여행,다이닝 영역 자동 할인 온라인 신청 주요혜택 포인트/캐시백 바우처 프리미엄 쇼핑 외식 다른 Boutique 카드 현대카드 Boutiqu","2026-06-11T13:04:13.065Z"
"naver-card-10460-performance-1","naver-card-10460","500000","500000","before","month","1","sum","excluded","0","기준실적 직전 1개월 합계 50만원 이상 혜택요약 연간 보너스 5만원 크레딧 제공 호텔,여행,다이닝 실적 직전 1개월 합계 50만원 이상 혜택요약 연간 보너스 5만원 크레딧 제공 호텔,여행,다이닝 영역 할인 온라인 신청 주요혜택 포인트/캐시백 바우 기준실적 직전 1개월 합계 50만원 이상 혜택요약 연간 보너스 5만원 크레딧 제공 호텔,여행,다이닝 영역 할인 온라인 신청 주요혜택 포인트/캐시백 바우처 프리미엄 쇼핑 뷰티 다른 Boutique 카드 현대카드 Boutique","2026-06-11T13:04:13.065Z"
"naver-card-10461-performance-1","naver-card-10461","500000","500000","before","month","1","sum","excluded","0","기준실적 직전 1개월 합계 50만원 이상 혜택요약 연간 보너스 5만원 크레딧 제공 호텔,여행,다이닝 실적 직전 1개월 합계 50만원 이상 혜택요약 연간 보너스 5만원 크레딧 제공 호텔,여행,다이닝 영역 자동 할인 온라인 신청 주요혜택 포인트/캐시백 실적 직전 1개월 합계 50만원 이상 혜택요약 연간 보너스 5만원 크레딧 제공 호텔,여행,다이닝 영역 자동 할인 온라인 신청 주요혜택 포인트/캐시백 바우처 프리미엄 쇼핑 대형마트 다른 Boutique 카드 현대카드 Bouti","2026-06-11T13:04:13.065Z"
"naver-card-10481-performance-1","naver-card-10481","400000","400000","before","month","1","sum","excluded","0","기준실적 직전 1개월 합계 40만원 이상 혜택요약 온라인쇼핑 KBPay결제 5%청구할인 음식점KBPay결제 최대20 전월 이용 실적 기준] 전월 1일 ~ 말일(승인시점 기준)까지 &#x27;KB YOU Wish up 카드&#x27; 일시불 및 할부 승인금액 기준 해외 이용금액은 전월 1일 ~ 말일 일시불 매입 YOU Wish up 카드 신용카드 KB YOU Wish up 카드 공지 주유소KBPay결제 최대15%청구할인 연회비 국내 5만원, 해외 5만원 기준실적 직전 1","2026-06-11T13:04:13.065Z"
"naver-card-10510-performance-1","naver-card-10510","400000","400000","before","month","1","sum","excluded","0","기준실적 직전 1개월 합계 40만원 이상 혜택요약 전통시장 가맹점 최대10% 청구할인 온누리상품권충전액 최대10% 전월 이용 실적 기준] · 전월 1일 ~ 말일(승인시점 기준) ‘KB 전통시장온누리카드’ 일시불 및 할부 승인금액 기준 (가족카드 포함) · 해외 이용금액은 전월 1일~말일까지 일시불 매입완료 네이버 신용카드 정보: KB전통시장온누리카드 신용카드 KB전통시장온누리카드 공지 전통시장, KBPay쇼핑할인을 함께! 연회비 국내 2만원, 해외 2만원 기준실적 직전","2026-06-11T13:04:13.065Z"
"naver-card-835-performance-1","naver-card-835","300000","300000","before","month","1","sum","excluded","0","전월실적없이 국방복지포인트 기본적립 연회비 국내전용 없음, 해외겸용 없음 기준실적 직전 1개월 합계 30만원 이상 혜택요약 스포츠용품점 5% 국방복지포인트 적립 주유소 리터당 100원 적 지급 KB국민 K-패스카드 KB국민행복카드 KB국민 기후동행카드 KB국민 하이패스 2.0 부가혜택 및 통합할인한도 [국방복지 / 전자카드 (KB 국민 Prestige Members 카드)란?] 국방복지자금 사용뿐만 아니라, 군 체력단련장 / 군 휴양시설, 국군복지매장 등 군 관련 가맹","2026-06-11T13:04:13.065Z"
"naver-card-1470-performance-1","naver-card-1470","200000","200000","before","month","1","sum","excluded","0","기준실적 직전 1개월 합계 20만원 이상 혜택요약 해외가맹점 최대 3% 포인트리 적립 국내가맹점 최대 1% 포인 전월 이용 실적 기준] 전월 1일 ~ 말일 KB국민 가온글로벌카드로 이용한 일시불 및 할부 승인 금액 기준 (해외이용금액은 전월 1일 ~ 말일까지 일시불 매입 완료 기준) [국내 이용실적 제외 신용카드 정보: KB국민 가온글로벌카드 신용카드 KB국민 가온글로벌카드 공지 포인트리 적립받고 해외배송료 할인까지 연회비 국내 1만5천원, 해외 2만원 기준실적 직전","2026-06-11T13:04:13.065Z"
"naver-card-10386-performance-1","naver-card-10386","400000","400000","before","month","1","sum","excluded","0","전월실적 채워드림 ※한달에 20일 이상 KB Pay 앱에 접속해서 하루 한 번의 터치로 데일리 스탬프를 모아보세요! 이용실적 10만원을 채워드립니다! *서비스 소개 ‘데일리 스탬프’를 한달에 20개 이상 모으면 다음달 상위구간의 선택 할인 혜택이 제공될 수 있도록 WE:SH Daily 카드의 전월실적을 채워드리는 서비스 *서비스 대상 전월 이용실적이 ‘30만원 이상 40만원 미만’ 또는 ’70만원 이상 80만원 미만‘인 고객 *서비스 적용 예시 예시 1: 8월 ‘데일리","2026-06-11T13:04:13.065Z"
"naver-card-10489-performance-1","naver-card-10489","300000","300000","before","month","1","sum","excluded","0","기준실적 직전 1개월 합계 30만원 이상 혜택요약 경차 유류세 연간 최대 30만원 환급 지정 주유소&amp;충전소 150원/L할 실적 직전 1개월 합계 30만원 이상 혜택요약 경차 유류세 연간 최대 30만원 환급 지정 주유소&amp;충전소 150원/L할인 온라인 신청 주요혜택 월 합계 30만원 이상 혜택요약 경차 유류세 연간 최대 30만원 환급 지정 주유소&amp;충전소 150원/L할인 온라인 신청 주요혜택 경차유류환급 주유 포인트/캐시백 다른 SME 캐시노트 BUSI","2026-06-11T13:04:13.065Z"
"naver-card-10563-performance-1","naver-card-10563","1000000","1000000","before","month","1","sum","excluded","0","기준실적 직전 1개월 합계 1백만원 이상 혜택요약 사업성 경비 5% M포인트 적립과 캐시노트 서비스까지 온라인 신청 실적 직전 1개월 합계 1백만원 이상 혜택요약 사업성 경비 5% M포인트 적립과 캐시노트 서비스까지 온라인 신청 주요혜택 사업자 주유 대형마트 통신 인트 적립 현대카드Z work Edition2 신규 회원 최대 2만원 지급 현대카드ZERO Edition3(할인형) 신규 회원 최대 1만5천원 지급 현대카드ZERO Edition3(포인트형) 신규 회원 최대","2026-06-11T13:04:13.065Z"
"naver-card-10543-performance-1","naver-card-10543","0","","before","month","1","sum","excluded","0","기준실적 조건없음 혜택요약 지정 주유소의 경유 할인 및 적립 주유 리터당 최대 100원 상당 혜택 온라인 신청 주요혜택 주유 사 전월 이용금액은 전월 1일부터 말일까지의 일시불 및 할부금액 · 신규 발급 시 발급월 포함 2개월간 전월 이용금액 조건 없이 30만원 이상 70만원 미만 구간 할인금액 적용되며, 70만원 이상 카드 공지 화물차 유가보조금 환급 카드 연회비 국내전용 없음 기준실적 조건없음 혜택요약 지정 주유소의 경유 할인 및 적립 주유 리터당 최대 100원 상","2026-06-11T13:04:13.065Z"
"naver-card-10541-performance-1","naver-card-10541","0","","before","month","1","sum","excluded","0","기준실적 조건없음 혜택요약 경유 주유 리터당 최대 105원 할인 국내 가맹점 0.2% 할인 온라인 신청 주요혜택 주유 사업자 언 전월 이용금액은 전월 1일부터 말일까지의 일시불 및 할부 금액 · 신규 발급 시 발급월 포함 2개월간 전월 이용금액 조건 없이 30만원 이상 70만원 미만 구간 할인금액 적용되며, 70만원 이 물차 유가보조금 환급 카드 연회비 국내전용 없음 기준실적 조건없음 혜택요약 경유 주유 리터당 최대 105원 할인 국내 가맹점 0.2% 할인 온라인 신청","2026-06-11T13:04:13.065Z"
"naver-card-10542-performance-1","naver-card-10542","0","","before","month","1","sum","excluded","0","기준실적 조건없음 혜택요약 내트럭플러스 경유 최대100원 할인 국내 가맹점 0.2% 할인 온라인 신청 주요혜택 주유 사업자 언제 전월 이용금액은 전월 1일부터 말일까지의 일시불 및 할부금액 · 신규 발급 시 발급월 포함 2개월간 전월 이용금액 조건 없이 30만원 이상 70만원 미만 구간 할인금액 적용되며, 70만원 이상 화물차 유가보조금 환급 카드 연회비 국내전용 없음 기준실적 조건없음 혜택요약 내트럭플러스 경유 최대100원 할인 국내 가맹점 0.2% 할인 온라인 신청","2026-06-11T13:04:13.065Z"
"naver-card-10574-performance-1","naver-card-10574","400000","400000","before","month","1","sum","excluded","0","기준실적 직전 1개월 합계 40만원 이상 혜택요약 국내가맹점1%,해외가맹점2% 청구할 전월 실적,할인 한도 없이 국내가맹점 1%할인! 연회비지원 온라인신규신청 연회비 100% 캐시백 홈페이지 내 신용카드 최초 발급 시 장기카드대출(카드론) 유의사항 온라인신규신청 연회비 10 버 신용카드 정보: KB국민 All 카드 신용카드 KB국민 All 카드 공지 국내가맹점1%+OTT10% 청구할인! 연회비 국내 2만원, 해외 2만원 신규 회원 최대 100% 지급 기준실적 직전 1개","2026-06-11T13:04:13.065Z"
"naver-card-10423-performance-1","naver-card-10423","500000","500000","before","month","1","sum","excluded","0","기준실적 직전 1개월 합계 50만원 이상 혜택요약 생활밀착 영역 최대 1.2% 청구할인 연2회 전세계 공 전월 이용실적 기준] 전월 1일~말일(승인시점 기준)까지 HERITAGE Classic(할인형) 일시불 및 할부 승인금액 기준 해외 이용금액은 전월 1일~말일까지 일시불 매입완료 기준 취소금액 네이버 신용카드 정보: KB국민 HERITAGE Classic (할인형) 신용카드 KB국민 HERITAGE Classic (할인형) 공지 국내해외가맹점에서 즐기는 1%청구할인","2026-06-11T13:04:13.065Z"
"naver-card-10627-performance-1","naver-card-10627","0","","before","month","1","sum","excluded","0","기준실적 조건없음 혜택요약 국내 온라인 간편결제 0.2% 적립 택시 이용 0.2% 적립 온라인 신청 실적 조건없음 혜택요약 국내 온라인 간편결제 0.2% 적립 택시 이용 0.2% 적립 온라인 신청 주요혜택 법인 Untact에 혜택을 더하다! Unt 00% 지급 신한카드 Simple Plan 신규 회원 최대 100% 지급 신한카드 K-패스 부가혜택 및 통합할인한도 Untact 적립, 사업성 경비 적립, 특별 적립은 기본 적립 항목에 중복으로 포인트가 적립됩니다. 단기카드","2026-06-11T13:04:13.065Z"
"naver-card-10570-performance-1","naver-card-10570","500000","500000","before","month","1","sum","excluded","0","기준실적 직전 1개월 합계 50만원 이상 혜택요약 사업경비영역 최대 3% 결제일 할인 LOCA B 실적 직전 1개월 합계 50만원 이상 혜택요약 사업경비영역 최대 3% 결제일 할인 LOCA Biz로 세무지원 서비스까지 온라인 신청 주요혜택 언제나 네이버 신용카드 정보: LOCA Biz 신용카드 LOCA Biz 공지 국내외 가맹점 0.7% 결제일 할인 연회비 국내 3만원, 해외 3만원, 가족 2만3천원 기준실적 직전 1개월 합계 50만원 이상 혜택요약 사업경비영역 최대","2026-06-11T13:04:13.065Z"
"naver-card-10569-performance-1","naver-card-10569","500000","500000","before","month","1","sum","excluded","0","기준실적 조건없음 혜택요약 가족 합산시 국내외가맹점 최 실적 조건없음 혜택요약 가족 합산시 국내외가맹점 최대2%할인 보너스 캐시백 최대 10만원 제공! 온라인 신청 주요혜택 연회비지원 카페/베이커리 편의 원, 가족 2만원 신규 회원 최대 100% 지급 기준실적 조건없음 혜택요약 가족 합산시 국내외가맹점 최대2%할인 보너스 캐시백 최대 10만원 제공! 온라인 신청 주요혜택 연회비지원 카페/베이커리 편의점 대형마트 쇼핑 우리 가족의 소비를 하나로 모으면 혜택도 UP! 연회","2026-06-11T13:04:13.065Z"
"naver-card-10619-performance-1","naver-card-10619","400000","400000","before","month","1","sum","excluded","0","전월실적 채워드림] [서비스 내용] 전월 이용실적이 부족하여 할인 혜택을 못 받을 때 할인 혜택이 제공될 수 있도록 KB YOU Wish 카드의 전월 실적을 채워 드리는 서비스 [서비스 대상] 전월 이용실적이 35만원 이상 40만원 미만인 고객 [서비스 이용방법] 1) 모바일앱(홈페이지)에서 서비스 신청 – 본인회원만 신청가능, 매월 1일~25일 이내 신청 2) 서비스 신청 다음날부터 신청월 말일까지 카드 이용 – 서비스 신청 당일은 할인혜택 이용불가 [유의사항] 본인","2026-06-11T13:04:13.065Z"
"naver-card-10628-performance-1","naver-card-10628","0","","before","month","1","sum","excluded","0","기준실적 조건없음 혜택요약 법인카드 대한항공 마일리지 적립 3,000원당 1마일리지 적립 온라인 신청 주요혜택 법 실적 조건없음 혜택요약 법인카드 대한항공 마일리지 적립 3,000원당 1마일리지 적립 온라인 신청 주요혜택 법인 대한항공 마일리지 적립 법인카드 법 00% 지급 신한카드 Simple Plan 신규 회원 최대 100% 지급 신한카드 K-패스 부가혜택 및 통합할인한도 마일리지 적립안내 신한법인카드 SKYPASS는 마일리지가 명의자인 임직원의 개인회원번호 앞으로","2026-06-11T13:04:13.065Z"
"naver-card-2533-performance-1","naver-card-2533","300000","300000","before","month","1","sum","excluded","0","전월실적에 반영됩니다. ※ 신한카드 Deep On Platinum+ 신규 발급 회원의 경우 카드사용 등록월의 익월 말(등록월+1개월)까지는 전월 실적 30만원 이상 60만원 미만 구간대의 할인 한도가 기본으로 제공되며, 전월 60만원 이상 이용하신 경우 해당 구간대의 할인 한도가 제공됩니다. ※ 전월 실적 및 할인 횟수는 본인+가족카드 합산 적용됩니다. ※ 할인 서비스는 서비스 영역별 고객님이 이용하신 거래 순서대로 결제일 할인이 적용됩니다. ※ 할인 서비스 이용 후","2026-06-11T13:04:13.065Z"
"naver-card-10053-performance-1","naver-card-10053","300000","300000","before","month","1","sum","excluded","0","기준실적 직전 1개월 합계 30만원 이상 혜택요약 메리어트 호텔 무료 숙박권 제공 메리어트 전월 이용금액 기준] • 바우처/포인트/캐시백/프리미엄 서비스의 전월 이용실적 및 할인한도는 본인 및 가족카드 이용금액에 따라 산정됩니다. • 전월 이용실적은 전월 1일부터 말일까지의 거래시점 실적으로 반영되며, 교통카드 이용실적은 전월 사용실적으로, 해외 프리미엄 메리어트 본보이™ 엘리트 멤버십 제공 메리어트 10엘리트 숙박 크레딧 제공 국내 호텔 조식 5만원 할인 서비스 공항","2026-06-11T13:04:13.065Z"
"naver-card-1591-performance-1","naver-card-1591","500000","500000","before","month","1","sum","excluded","0","기준실적 직전 1개월 합계 50만원 이상 혜택요약 백화점/아울렛/대형마트 10% 할인 올리브영/다이소 10% 할 전월 이용금액별 할인한도 - 전월 이용금액(일시불+할부) 50만원 이상 100만원 미만: 할인한도 1만5천원 - 전월 이용금액(일시불+할부) 100만원 이상 150만원 미만: 할인한도 3만5천원 - 전월 이용금액(일시불+ 카드 정보: 신한카드 Shopping 신용카드 신한카드 Shopping 공지 온/오프라인 쇼핑 특화 10% 할인 연회비 국내 2만원, 해외","2026-06-11T13:04:13.065Z"
"naver-card-10609-performance-1","naver-card-10609","400000","400000","before","month","1","sum","excluded","0","기준실적 직전 1개월 합계 40만원 이상 혜택요약 이마트 계열 15% 할인 국내외 가맹점 0 전월(1일~말일) 이용금액(일시불+할부)이 40만원 이상인 경우 적용 됩니다. ※ 온라인 결제가 제공되는 서비스는 해당 업체 사이트(앱)에 직접 접속하여 이용하는 경우에만 할인됩니다. ※ 키오스크, 간편결 네이버 신용카드 정보: 이마트 신한카드 신용카드 이마트 신한카드 공지 SSG 15% 할인 연회비 국내 1만8천원, 해외 2만1천원, 가족겸용 없음 기준실적 직전 1개월 합계","2026-06-11T13:04:13.065Z"
"naver-card-10469-performance-1","naver-card-10469","500000","500000","before","month","1","sum","excluded","0","기준실적 직전 1개월 합계 50만원 이상 혜택요약 마이신한포인트 적립 제공 해외 이용금액 실적 직전 1개월 합계 50만원 이상 혜택요약 마이신한포인트 적립 제공 해외 이용금액 2% 추가 적립 온라인 신청 주요혜택 포인트/캐시백 프리미엄 00% 지급 신한카드 Simple Plan 신규 회원 최대 100% 지급 신한카드 K-패스 부가혜택 및 통합할인한도 [연회비 관련 유의사항] • 연회비는 카드별(기본 연회비와 서비스 연회비)로 청구됩니다. • 유효기간 도래 이전에 카드를","2026-06-11T13:04:13.065Z"
"naver-card-10416-performance-1","naver-card-10416","300000","300000","before","month","1","sum","excluded","0","기준실적 직전 1개월 합계 30만원 이상 혜택요약 음식점, 카 전월 이용금액 30만원 이상~50만원 미만:5천 포인트 전월 이용금액 50만원 이상~100만원 미만:1만 포인트 전월 이용금액 100만원 이상~:2만원 [일상 속 5%적립한도] 전월 이용금액 30만원 이상~50만원 미만:5천 포인트 전월 이용금액 00% 지급 신한카드 Simple Plan 신규 회원 최대 100% 지급 신한카드 K-패스 부가혜택 및 통합할인한도 [오늘도 5%적립한도] 전월 이용금액 30만원","2026-06-11T13:04:13.065Z"
"naver-card-1570-performance-1","naver-card-1570","300000","300000","before","month","1","sum","excluded","0","기준실적 직전 1개월 합계 30만원 이상 혜택요약 YOLOⓘ 할인율 선택 서비스 스타벅스/커피빈 최대 20% 전월 이용금액(일시불+할부) 30만원 이상 70만원 미만: 7천원 - 전월 이용금액(일시불+할부) 70만원 이상 100만원 미만: 1만5천원 - 전월 이용금액(일시불+할부) 100만원 이상 150만원 미만: 2만5천원 - 전월 이용금액(일시불+할부) 150만원 네이버 신용카드 정보: 신한카드 YOLOⓘ 신용카드 신한카드 YOLOⓘ 공지 6개 선택처에서 내맘대로","2026-06-11T13:04:13.065Z"
"naver-card-3756-performance-1","naver-card-3756","400000","400000","before","month","1","sum","excluded","0","기준실적 직전 1개월 합계 40만원 이상 혜택요약 전국 주유소 리터당 80원 결제 전월 신용결제 이용금액 산정기준] 전월 신용결제 이용금액은 신한카드 MY CAR 전월(1일~말일)의 거래시점 이용금액(일시불+할부) 기준으로 반영됩니다. - 해외 이용금액은 매입일자를 기준으로 반영됩니다. - 교통카드 이용금액은 전전월 신용카드 정보: 신한카드 MY CAR 신용카드 신한카드 MY CAR 공지 전국 주유소 리터당 80원 결제일할인 연회비 국내 2만7천원, 해외 3만원 신규","2026-06-11T13:04:13.065Z"
"naver-card-10467-performance-1","naver-card-10467","500000","500000","before","month","1","sum","excluded","0","기준실적 직전 1개월 합계 50만원 이상 혜택요약 연간 기프트 옵션 서비스 제공 한도 없는 실적 직전 1개월 합계 50만원 이상 혜택요약 연간 기프트 옵션 서비스 제공 한도 없는 최대 1.3% 포인트 적립 온라인 신청 주요혜택 바우처 포인 00% 지급 신한카드 Simple Plan 신규 회원 최대 100% 지급 신한카드 K-패스 부가혜택 및 통합할인한도 [연회비 관련 유의사항] • 회원이 유효기간이 도래하기 전에 카드를 해지하는 경우, 연회비 반환 금액은 회원이 카드사","2026-06-11T13:04:13.065Z"
"naver-card-10080-performance-1","naver-card-10080","300000","300000","before","month","1","sum","excluded","0","기준실적 직전 1개월 합계 30만원 이상 혜택요약 간편결제 이용 시 5% 포인트 적립 네이버페이/카카오페이 등 전월(1일~말일) 이용금액에 따른 월간 통합 적립한도 내에서 당월(1일~말일) 기준으로 적용됩니다. - 전월 이용금액(일시불+할부) 30만원 이상 50만원 미만: 통합 월 적립한도 1만 포인트 - 전월 이 00% 지급 신한카드 Simple Plan 신규 회원 최대 100% 지급 신한카드 K-패스 부가혜택 및 통합할인한도 [카드발급 유의사항] 후불교통카드 가능","2026-06-11T13:04:13.065Z"
"naver-card-10151-performance-1","naver-card-10151","400000","400000","before","month","1","sum","excluded","0","기준실적 직전 1개월 합계 40만원 이상 혜택요약 국내 이용금액 최대 0.9% 할인 My Pick 가맹점 최 전월(1일~말일) 이용 금액(일시불+할부) 40만원 이상이며 거래 시점 이용금액 5천원 이상인 거래를 의미합니다. • 신한 SOL페이 접속 후 &#x27;받기&#x27;를 완료한 쿠폰에 한하여 지급되며, &#x27;쿠폰 받기&#x27; 완료 후 이용하신 거래 네이버 신용카드 정보: 신한카드 플리 신용카드 신한카드 플리 공지 월 최대 6천원 할인 쿠폰 제공 연회비","2026-06-11T13:04:13.065Z"
"naver-card-10207-performance-1","naver-card-10207","400000","400000","before","month","1","sum","excluded","0","기준실적 직전 1개월 합계 40만원 이상 혜택요약 알뜰폰 통신요금 할인카드 3사 알뜰폰 통신비 할인카드 온라인 전월 이용금액 기준] • 전월 이용금액은 신한카드 알뜰More(알뜰모아)의 전월(1일~말일)의 거래시점 이용금액(일시불+할부) 기준으로 반영됩니다. - 해외 이용 금액은 매입일자를 기준으로 반영됩니다. - 교통카드 이 카드 알뜰More(알뜰모아) 신용카드 신한카드 알뜰More(알뜰모아) 공지 월 최대 1만5천원 알뜰폰 요금 할인 연회비 국내 2만원, 해외 2만","2026-06-11T13:04:13.065Z"
"naver-card-10260-performance-1","naver-card-10260","300000","300000","before","month","1","sum","excluded","0","기준실적 직전 1개월 합계 30만원 이상 혜택요약 해외 이용금액 1.7% 포인트 적립 해외 수수료 최대 1. 전월 이용금액 산정 기준] 전월 이용금액은 신한카드 Globus 전월(1일~말일)의 거래시점 이용금액(일시불+할부) 기준으로 반영됩니다. - 해외 이용 금액은 매입일자를 기준으로 반영됩니다. - 국제브랜드사 수수료/해외 직전 1개월 합계 30만원 이상 혜택요약 해외 이용금액 1.7% 포인트 적립 해외 수수료 최대 1.18% 할인 온라인 신청 주요혜택 언제나할인","2026-06-11T13:04:13.065Z"
"naver-card-10507-performance-1","naver-card-10507","300000","300000","before","month","1","sum","excluded","0","기준실적 직전 1개월 합계 30만원 이상 혜택요약 KT 통신요금 최대 1만5천원 할인 인터넷 전월 이용금액 기준] 전월 이용금액은 KT 가족만족 DC 신한카드의 전월(1일~말일)의 거래 시점 이용금액(일시불+할부)을 기준으로 반영됩니다. - 해외 이용금액은 매입일자를 기준으로 반영됩니다. - 교통카드 이용 1만8천원, 가족겸용 없음 기준실적 직전 1개월 합계 30만원 이상 혜택요약 KT 통신요금 최대 1만5천원 할인 인터넷/TV/집전화/휴대폰 요금 할인 온라인 신청 주","2026-06-11T13:04:13.065Z"
"naver-card-10500-performance-1","naver-card-10500","300000","300000","before","month","1","sum","excluded","0","기준실적 직전 1개월 합계 30만원 이상 혜택요약 SKT 통신요금 최대 1만5천원 할인 SK 전월 이용금액 기준] SKT T라이트 신한카드의 전월 이용금액은 전월(1일~말일)의 거래시점 이용금액(일시불+할부)을 기준으로 반영됩니다. - 해외 이용금액은 매입일자를 기준으로 반영 - 교통카드 이용금액은 전전월 이용금액 반영(단, 모바일 만5천원, 가족겸용 없음 기준실적 직전 1개월 합계 30만원 이상 혜택요약 SKT 통신요금 최대 1만5천원 할인 SKT 라이트할부 24개월","2026-06-11T13:04:13.065Z"
"naver-card-10513-performance-1","naver-card-10513","400000","400000","before","month","1","sum","excluded","0","기준실적 직전 1개월 합계 40만원 이상 혜택요약 LG U+ 통신요금 자동납부 할인 HD현대 전월 이용금액 기준] 전월 이용금액은 [LG U+ Bora 신한카드 Big Plus]의 전월(1일~말일)의 거래시점 이용금액(일시불+할부)을 기준으로 반영됩니다. - 해외 이용금액은 매입일자를 기준으로 반영 - 교 2만5천원, 가족겸용 없음 기준실적 직전 1개월 합계 40만원 이상 혜택요약 LG U+ 통신요금 자동납부 할인 HD현대오일뱅크 리터당 40P 적립 온라인 신청 주요혜","2026-06-11T13:04:13.065Z"
"naver-card-10617-performance-1","naver-card-10617","0","","before","month","1","sum","excluded","0","기준실적 조건없음 혜택요약 실적·한도 제한없이 법인 리워드 적립 해외 최대 0.7% 법인 리워드 적립 온라인 신청 실적 조건없음 혜택요약 실적·한도 제한없이 법인 리워드 적립 해외 최대 0.7% 법인 리워드 적립 온라인 신청 주요혜택 법인 프리미엄 다른 법인카드 적립 해외 가맹점 0.5~0.7% 적립 MY COMPANY 파트너스 서비스 해외 이용 수수료 1.3% 청구 할인 국내 가맹점 0.2% 적립 해외 가맹점 0.5~0.7% 적립 MY COMPANY 파트너스 서비스","2026-06-11T13:04:13.065Z"
"naver-card-10410-performance-1","naver-card-10410","400000","400000","before","month","1","sum","excluded","0","기준실적 직전 1개월 합계 40만원 이상 혜택요약 전국 동물병원 30% 결제일 할인 펫 온라인 전월(1일~말일) 이용금액에 따른 서비스별 월간 할인한도 내에서 당월(1월~말일) 기준으로 적용됩니다. • 온라인 결제가 제공되는 서비스의 경우 해당 업체 사이트(앱)에 직접 접속하여 이용하는 경우에 한하 네이버 신용카드 정보: 신한카드 The PET 신용카드 신한카드 The PET 공지 소비패턴에 맞는 할인한도 변경 펫카드 연회비 국내 2만원, 해외 2만3천원, 가족겸용 없","2026-06-11T13:04:13.065Z"
"naver-card-10506-performance-1","naver-card-10506","300000","300000","before","month","1","sum","excluded","0","기준실적 직전 1개월 합계 30만원 이상 혜택요약 LG헬로비전 통신료 월최대 2만원할인 LG헬로비전 통신요금 청 전월 1일~말일,승인시점기준)의 실적은 본인 및 가족카드 이용금액(일시불, 할부)으로 합산하여 산정합니다. ※ 지난달 이용실적 산정 시 할부금액은 승인 월 기준으로 1회 인정됩니다. [지난달 이용실적 제외 금액] ※ LG헬로비전 롯데카드 할인매 1만원, 해외 1만2천원 기준실적 직전 1개월 합계 30만원 이상 혜택요약 LG헬로비전 통신료 월최대 2만원할인 L","2026-06-11T13:04:13.065Z"
"naver-card-10535-performance-1","naver-card-10535","1500000","1500000","before","month","1","sum","excluded","0","기준실적 직전 1개월 합계 1백50만원 이상 혜택요약 코웨이 렌탈요금 결제일 할인 서비스 코웨이 전월 이용금액 산정 기준] ※ 전월 이용금액은 ‘코웨이 신한카드’의 전월(1일~말일)의 거래 시점 이용금액 (일시불+할부)을 기준으로 반영됩니다. - 해외 이용금액은 매입일자를 기준으로 반영됩니다. ※ 거래 후 취소금액은 네이버 신용카드 정보: 코웨이 신한카드 신용카드 코웨이 신한카드 공지 코웨이 렌탈 결제일 할인 카드 연회비 국내 2만7천원, 해외 3만원, 가족겸용 없음","2026-06-11T13:04:13.065Z"
"naver-card-10378-performance-1","naver-card-10378","500000","500000","before","month","1","sum","excluded","0","기준실적 직전 1개월 합계 50만원 이상 혜택요약 coway 렌탈 최대 2만원 청구할인 최대 4.5% 전월 이용금액 포함 대상 코웨이 렌탈요금 최대 2만원 청구할인 렌탈요금 등 전월 이용금액 포함 대상 포인트/캐시백 업종별 0.5~4.5% M포인트 적립 M포인트 사용 업종별 0.5~4.5% M way-현대카드M Edition3 신용카드 coway-현대카드M Edition3 공지 coway 렌탈 청구 할인 혜택 카드 연회비 국내 3만원, 해외 3만원, 가족 1만원 기준실","2026-06-11T13:04:13.065Z"
"naver-card-10128-performance-1","naver-card-10128","300000","300000","before","month","1","sum","excluded","0","전월실적별 서비스 월 할인한도] • 더블할인(FLEX, RE-SELL, FUN 가맹점 청구할인) -전월실적 30만원 이상 70만원 미만 : 7천원 -전월실적 70만원 이상 150만원 미만 1만2천원, 해외 1만4천원 기준실적 직전 1개월 합계 30만원 이상 혜택요약 국내 온라인 가맹점 7% 청구할인 6대 생활업종 5% 청구할인 온라인 신청 주요혜택 언제나할인 쇼핑 대중교통 카페/베이커리 편의점 별별 혜택을 다~ 주는 별다줄 CARD 언제나할인 국내 온라인 가맹점 7%","2026-06-11T13:04:13.065Z"
"naver-card-10491-performance-1","naver-card-10491","0","","before","month","1","sum","excluded","0","전월실적 및 연간 이용금액 산정기준 : 전월실적은 해당카드의 전월(승인일 기준 1일~말일) 국내외 일시불/할부 합산 이용금액을 의미하며, 연간 이용금액 산정은 해당카드의 카드발급월 포함 12개월의 국내외 일시불/할부 합산 이용 수료 면제, 국내 1.2% 적립 세금, 공과금도 실적 포함에 적립까지 온라인 신청 주요혜택 연회비지원 언제나할인 포인트/캐시백 프리미엄 국내, 해외 모두 강력하게! 클래시 트래블카드 연회비지원 온라인 신규회원 연회비 캐시백 이벤트 온라인 신규회원","2026-06-11T13:04:13.065Z"
"naver-card-10565-performance-1","naver-card-10565","0","","before","month","1","sum","excluded","0","기준실적 조건없음 혜택요약 최대 0.6% 법인 리워드 적립 법인별 연회비 청구 온라인 신청 주요혜택 법인 프리미엄 실적 조건없음 혜택요약 최대 0.6% 법인 리워드 적립 법인별 연회비 청구 온라인 신청 주요혜택 법인 프리미엄 다른 법인카드 현대카드 MC GLOB 넘 서비스 현대카드Z work Edition2 신규 회원 최대 2만원 지급 현대카드ZERO Edition3(할인형) 신규 회원 최대 1만5천원 지급 현대카드ZERO Edition3(포인트형) 신규 회원 최대 1","2026-06-11T13:04:13.065Z"
"naver-card-10581-performance-1","naver-card-10581","0","","before","month","1","sum","excluded","0","기준실적 조건없음 혜택요약 3,000원당 1 대한항공 마일리지 공항 라운지·발레파킹·파트너스 서 실적 조건없음 혜택요약 3,000원당 1 대한항공 마일리지 공항 라운지·발레파킹·파트너스 서비스 온라인 신청 주요혜택 법인 프리미엄 다른 법인카드 넘 서비스 현대카드Z work Edition2 신규 회원 최대 2만원 지급 현대카드ZERO Edition3(할인형) 신규 회원 최대 1만5천원 지급 현대카드ZERO Edition3(포인트형) 신규 회원 최대 1만5천원 지급 현대카","2026-06-11T13:04:13.065Z"
"naver-card-10564-performance-1","naver-card-10564","0","","before","month","1","sum","excluded","0","기준실적 조건없음 혜택요약 0.5% 법인 리워드 적립 법인별 연회비 청구 온라인 신청 주요혜택 법인 프리미엄 다른 실적 조건없음 혜택요약 0.5% 법인 리워드 적립 법인별 연회비 청구 온라인 신청 주요혜택 법인 프리미엄 다른 법인카드 현대카드 MC GLOBAL 넘 서비스 현대카드Z work Edition2 신규 회원 최대 2만원 지급 현대카드ZERO Edition3(할인형) 신규 회원 최대 1만5천원 지급 현대카드ZERO Edition3(포인트형) 신규 회원 최대 1만","2026-06-11T13:04:13.065Z"
"naver-card-10582-performance-1","naver-card-10582","0","","before","month","1","sum","excluded","0","기준실적 조건없음 혜택요약 3,000원당 1 대한항공 마일리지 공항 라운지·발레파킹·파트너스 서비스 실적 조건없음 혜택요약 3,000원당 1 대한항공 마일리지 공항 라운지·발레파킹·파트너스 서비스 온라인 신청 주요혜택 법인 프리미엄 다른 법인카드 넘 서비스 현대카드Z work Edition2 신규 회원 최대 2만원 지급 현대카드ZERO Edition3(할인형) 신규 회원 최대 1만5천원 지급 현대카드ZERO Edition3(포인트형) 신규 회원 최대 1만5천원 지급 현","2026-06-11T13:04:13.065Z"
"naver-card-10576-performance-1","naver-card-10576","0","","before","month","1","sum","excluded","0","기준실적 조건없음 혜택요약 최대 12억원 보상 여행자보험 가입 해외 출장 관리를 위한 MIS 리 실적 조건없음 혜택요약 최대 12억원 보상 여행자보험 가입 해외 출장 관리를 위한 MIS 리포트 온라인 신청 주요혜택 법인 다른 법인카드 현대카드 여행자보험 현대카드Z work Edition2 신규 회원 최대 2만원 지급 현대카드ZERO Edition3(할인형) 신규 회원 최대 1만5천원 지급 현대카드ZERO Edition3(포인트형) 신규 회원 최대 1만5천원 지급 현대카","2026-06-11T13:04:13.065Z"
"naver-card-10578-performance-1","naver-card-10578","0","","before","month","1","sum","excluded","0","기준실적 조건없음 혜택요약 0.2% 리워드 또는 0.5% 할인 유류비 관리용 주유 리포트 제공 실적 조건없음 혜택요약 0.2% 리워드 또는 0.5% 할인 유류비 관리용 주유 리포트 제공 온라인 신청 주요혜택 법인 다른 법인카드 현대카드 MC 비 국내전용 없음, 해외겸용 없음, 가족겸용 없음 기준실적 조건없음 혜택요약 0.2% 리워드 또는 0.5% 할인 유류비 관리용 주유 리포트 제공 온라인 신청 주요혜택 법인 다른 법인카드 현대카드 MC GLOBAL 현대카드 MC TW","2026-06-11T13:04:13.065Z"
"naver-card-10405-performance-1","naver-card-10405","500000","500000","before","month","1","sum","excluded","0","기준실적 직전 1개월 합계 50만원 이상 혜택요약 롯데백화점, 롯데아울렛, 롯데몰 5% M포인트 적립 실적 직전 1개월 합계 50만원 이상 혜택요약 롯데백화점, 롯데아울렛, 롯데몰 5% M포인트 적립 온라인 신청 주요혜택 쇼핑 포인트/캐시백 바우처 부 서비스 현대카드Z work Edition2 신규 회원 최대 2만원 지급 현대카드ZERO Edition3(할인형) 신규 회원 최대 1만5천원 지급 현대카드ZERO Edition3(포인트형) 신규 회원 최대 1만5천원 지급","2026-06-11T13:04:13.065Z"
"naver-card-10369-performance-1","naver-card-10369","0","","before","month","1","sum","excluded","0","기준실적 조건없음 혜택요약 CJ 외식가맹점 최대 20% 할인 CJ ONSTYLE 5% 할인 온라인 신청 주요혜택 전월 이용금액 기준 · 전월 이용금액은 전월 1일부터 말일까지 The CJ-현대카드M Edition2(본인+가족카드)의 일시불 및 할부 이용금액입니다. · 단, 할인 이용금액, 매출 취소금액, 무이자할부 이용금액, : The CJ-현대카드M Edition2 신용카드 The CJ-현대카드M Edition2 공지 CJ계열사 할인 혜택 카드 연회비 국내 1만5천원","2026-06-11T13:04:13.065Z"
"naver-card-10404-performance-1","naver-card-10404","500000","500000","before","month","1","sum","excluded","0","기준실적 직전 1개월 합계 50만원 이상 혜택요약 롯데백화점, 롯데아울렛, 롯데몰 10% M포인트 실적 직전 1개월 합계 50만원 이상 혜택요약 롯데백화점, 롯데아울렛, 롯데몰 10% M포인트 적립 온라인 신청 주요혜택 쇼핑 포인트/캐시백 프리미 부 서비스 현대카드Z work Edition2 신규 회원 최대 2만원 지급 현대카드ZERO Edition3(할인형) 신규 회원 최대 1만5천원 지급 현대카드ZERO Edition3(포인트형) 신규 회원 최대 1만5천원 지급 현","2026-06-11T13:04:13.065Z"
"naver-card-10583-performance-1","naver-card-10583","400000","400000","before","month","1","sum","excluded","0","기준실적 직전 1개월 합계 40만원 이상 혜택요약 현대홈쇼핑 7% 청구 할인 그외 국내외 가맹점 1% 실적 직전 1개월 합계 40만원 이상 혜택요약 현대홈쇼핑 7% 청구 할인 그외 국내외 가맹점 1% 적립 온라인 신청 주요혜택 쇼핑 포인트/캐시백 다 2만원, 해외 2만원, 가족 5천원 기준실적 직전 1개월 합계 40만원 이상 혜택요약 현대홈쇼핑 7% 청구 할인 그외 국내외 가맹점 1% 적립 온라인 신청 주요혜택 쇼핑 포인트/캐시백 다른 제휴카드 coway-현대카드M E","2026-06-11T13:04:13.065Z"
"naver-card-10385-performance-1","naver-card-10385","500000","500000","before","month","1","sum","excluded","0","기준실적 직전 1개월 합계 50만원 이상 혜택요약 SKT 통신요금 최대 2만5천원 할인 (통신요금 자 실적 직전 1개월 합계 50만원 이상 혜택요약 SKT 통신요금 최대 2만5천원 할인 (통신요금 자동이체 시) 온라인 신청 주요혜택 통신 포인트/캐시 네이버 신용카드 정보: SKT-현대카드M Edition3(통신할인형2.0) 신용카드 SKT-현대카드M Edition3(통신할인형2.0) 공지 SKT 통신요금 자동이체 할인 연회비 국내 2만원, 해외 2만원, 가족 1만원 기","2026-06-11T13:04:13.065Z"
"naver-card-1400-performance-1","naver-card-1400","300000","300000","before","month","1","sum","excluded","0","전월실적 30만원 이상 시 서비스 제공) ※ 전월실적별 통합 월 할인한도 - 전월실적 30만원~ : 5천원 - 전월실적 50만원 ~ : 1만원 - 전월실적 100만원 ~ : 2만원 - 전월실적 200만원 ~ : 3만원 • B타입 ( 직전 1개월 합계 30만원 이상 혜택요약 임신, 출산, 유아학비와 보육료 지원 카페 20%, 쇼핑 5% 청구할인 온라인 신청 주요혜택 국민행복카드 의료 쇼핑 카페/베이커리 외식 출산에서 육아까지 국민들의 행복 한가득! 국민행복카드 바우처 지","2026-06-11T13:04:13.065Z"
"naver-card-10465-performance-1","naver-card-10465","500000","500000","before","month","1","sum","excluded","0","기준실적 직전 1개월 합계 50만원 이상 혜택요약 LGE.COM 플러스 서비스 제공 LG전자 전월 이용금액은 LGE.COM 신한카드의 전월(1일~말일)의 거래 시점 이용금액(일시불+할부)을 기준으로 반영됩니다. - 해외 이용 금액은 매입일자를 기준으로 반영됩니다. - 교통카드 이용금액은 전전월 이용금액이 전월 이용금액에 반영됩니다. (단, 모바일 후 용카드 정보: LGE.COM 신한카드 신용카드 LGE.COM 신한카드 공지 LG전자온라인몰 최대 100만원 할인 연회비","2026-06-11T13:04:13.065Z"
"naver-card-10219-performance-1","naver-card-10219","500000","500000","before","month","1","sum","excluded","0","전월실적 산정기준 : 전월실적은 해당카드의 전월(승인일 기준 1일~말일) 국내외 일시불/할부 합산 이용금액을 의미합니다. • 전월실적 제외 대상 : 대학(대학원)등록금, 교육비(학부모부담금), 임대료, 각종 , 해외 2만5천원 신규 회원 최대 100% 지급 기준실적 조건없음 혜택요약 호텔스닷컴 이용 시 20% 즉시할인! 해외 이용액 2% 기본적립 온라인 신청 주요혜택 연회비지원 포인트/캐시백 레저 프리미엄 금융 지금. 여행의 설렘을 위한 카드, zgm.휴가중 연회비지원","2026-06-11T13:04:13.065Z"
"naver-card-10076-performance-1","naver-card-10076","500000","500000","before","month","1","sum","excluded","0","기준실적 직전 1개월 합계 50만원 이상 혜택요약 국내 가맹점 1천원 당 1마일 적립 해외 가 실적 직전 1개월 합계 50만원 이상 혜택요약 국내 가맹점 1천원 당 1마일 적립 해외 가맹점 1천원 당 2마일 적립 온라인 신청 주요혜택 항공마일 신용카드 JADE Prime 트래블로그 PRESTIGE 신용카드 CLUB SK (클럽SK) 부가혜택 및 통합할인한도 [실적 산정 기준] 지난달 1일부터 말일(승인시점 기준) 까지 국내 및 해외 일시불/할부 이용금액 [지난달 실적과","2026-06-11T13:04:13.065Z"
"naver-card-10455-performance-1","naver-card-10455","0","","before","month","1","sum","excluded","0","전월실적/적립한도 없이 0.5% 적립 11PAY 결제시 이용금액 1% 적 전월실적/적립한도 없이 0.5% 적립 11PAY 결제시 이용금액 1% 적 신한카드 Mr.Life 신규 회원 최대 100% 지급 신한카드 Deep Oil 신규 회원 최대 00% 지급 신한카드 Simple Plan 신규 회원 최대 100% 지급 신한카드 K-패스 부가혜택 및 통합할인한도 [카드발급 유의사항] • 가족카드 발급 불가 • S&amp;는 신한카드가 AMEX와 제휴하여 개발한 브랜드로 국내전","2026-06-11T13:04:13.065Z"
"naver-card-10384-performance-1","naver-card-10384","500000","500000","before","month","1","sum","excluded","0","기준실적 직전 1개월 합계 50만원 이상 혜택요약 LG U+ 요금 최대 2만5천원 할인 (통신요금 자 전월 실적 미충족, 자동이체 해지 등의 사유로 서비스 미적용 되더라도 청구 할인 제공 회차는 소진됨 LG U+ 통신요금 자동이체는 카드 수령 후 LG U+ 고객센터(1544-0010)로 직 네이버 신용카드 정보: LG U+-현대카드M Edition3(통신할인형2.0) 신용카드 LG U+-현대카드M Edition3(통신할인형2.0) 공지 LGU+ 통신요금 자동이체 할인","2026-06-11T13:04:13.065Z"
"naver-card-10383-performance-1","naver-card-10383","500000","500000","before","month","1","sum","excluded","0","기준실적 직전 1개월 합계 50만원 이상 혜택요약 kt 통신요금 최대 2만 5천원 할인 (통신요금 자 전월 실적 미충족, 자동이체 해지 등의 사유로 서비스 미적용 되더라도 청구 할인 제공 회차는 소진됨 · kt 통신요금 자동이체는 카드 수령 후 kt 고객센터(1588-0010)로 직접 신청 네이버 신용카드 정보: kt-현대카드M Edition3(통신할인형2.0) 신용카드 kt-현대카드M Edition3(통신할인형2.0) 공지 kt 통신요금 자동이체 할인 연회비 국내 2","2026-06-11T13:04:13.065Z"
"naver-card-10622-performance-1","naver-card-10622","500000","500000","before","month","1","sum","excluded","0","기준실적 직전 1개월 합계 50만원 이상 혜택요약 국내외 공항 라운지 무료 이용 공항 및 특 실적 직전 1개월 합계 50만원 이상 혜택요약 국내외 공항 라운지 무료 이용 공항 및 특급호텔 발레파킹 무료 이용 온라인 신청 주요혜택 항공마일리지 비스 제공 현대카드Z work Edition2 신규 회원 최대 2만원 지급 현대카드ZERO Edition3(할인형) 신규 회원 최대 1만5천원 지급 현대카드ZERO Edition3(포인트형) 신규 회원 최대 1만5천원 지급 현대카드","2026-06-11T13:04:13.065Z"
"naver-card-10394-performance-1","naver-card-10394","500000","500000","before","month","1","sum","excluded","0","기준실적 직전 1개월 합계 50만원 이상 혜택요약 연간 보너스 1천 마일리지 적립 대한항공 직판 항공 전월 이용금액 50만원 이상 시 혜택 제공 · 모든 가맹점 및 업종은 현대카드 등록 및 업종 분류 기준 [마일리지 적립 제외 기준] · 장기카드대출(카드론), 단기카드대출(현금서비스), 연회비 원 기준실적 직전 1개월 합계 50만원 이상 혜택요약 연간 보너스 1천 마일리지 적립 대한항공 직판 항공권 할인 쿠폰 온라인 신청 주요혜택 항공마일리지 프리미엄 바우처 간편결제","2026-06-11T13:04:13.065Z"
"naver-card-1614-performance-1","naver-card-1614","300000","300000","before","month","1","sum","excluded","0","전월실적 30만원 이상~60만원 미만 : 할인율 1개 선택 시 10%, 2개 선택 시 7%, 할인한도 8,000원 - 전월실적 60만원 이상~100만원 미만 : 할인율 1개 선택 시 10 회원 최대 100% 지급 기준실적 직전 1개월 합계 30만원 이상 혜택요약 온라인쇼핑+선택업종 7~20%청구할인 주유/통신/마트/의료/해외혜택 선택! 온라인 신청 주요혜택 연회비지원 쇼핑 주유 통신 대형마트 한장의 카드로 나의 생활영역을 넓히다 연회비지원 온라인 신규회원 연회비 캐시백","2026-06-11T13:04:13.065Z"
"naver-card-10400-performance-1","naver-card-10400","500000","500000","before","month","1","sum","excluded","0","기준실적 직전 1개월 합계 50만원 이상 혜택요약 연간보너스 1만 마일(조건 충족 시) 대한항공 실적 직전 1개월 합계 50만원 이상 혜택요약 연간보너스 1만 마일(조건 충족 시) 대한항공 직판 항공권 할인 쿠폰 온라인 신청 주요혜택 항공마일리 준실적 직전 1개월 합계 50만원 이상 혜택요약 연간보너스 1만 마일(조건 충족 시) 대한항공 직판 항공권 할인 쿠폰 온라인 신청 주요혜택 항공마일리지 프리미엄 바우처 간편결제 다른 대한항공카드 현대카드 대한항공카드 060 현대","2026-06-11T13:04:13.065Z"
"naver-card-10573-performance-1","naver-card-10573","400000","400000","before","month","1","sum","excluded","0","기준실적 직전 1개월 합계 40만원 이상 혜택요약 최저가 보장+추가 5% 청구할인 주차/세차/정비 업 실적 직전 1개월 합계 40만원 이상 혜택요약 최저가 보장+추가 5% 청구할인 주차/세차/정비 업종 5% 청구할인 온라인 신청 주요혜택 주유 오토 , 해외 1만원, 가족 5천원 기준실적 직전 1개월 합계 40만원 이상 혜택요약 최저가 보장+추가 5% 청구할인 주차/세차/정비 업종 5% 청구할인 온라인 신청 주요혜택 주유 오토 내 주변 최저가로 자동 할인받는 카드 주유","2026-06-11T13:04:13.065Z"
"naver-card-10441-performance-1","naver-card-10441","300000","300000","before","month","1","sum","excluded","0","기준실적 직전 1개월 합계 30만원 이상 혜택요약 세라젬 자동납부 청구할인 서비스 렌탈료 월최대 1만7천원 전월 이용실적 기준] 전월 1일 ~ 말일 (승인시점 기준) 세라젬 KB국민카드 일시불 및 할부 승인(이용)금액 기준 (가족카드 포함) 해외 이용금액은 전월 1일~말일까지 일시불 매입완료 기준 이버 신용카드 정보: 세라젬 KB국민카드 신용카드 세라젬 KB국민카드 공지 세라젬 렌탈료 자동납부시 매월청구할인 연회비 국내 1만5천원, 해외 1만5천원 기준실적 직전 1개월","2026-06-11T13:04:13.065Z"
"naver-card-10350-performance-1","naver-card-10350","400000","400000","before","month","1","sum","excluded","0","전월실적 40만원 이상 ~ 80만원 미만 : 월 할인한도 1만원 - 전월실적 80만원 이상 : 월 할인한도 2만원 [라이프 서비스① 월 통합 청구할인 한도] - 전월실적 40만원 이상 ~ 80만원 미만 : 월 할인한도 5천원 - 전월실적 80만원 이상 : 회원 최대 100% 지급 기준실적 직전 1개월 합계 40만원 이상 혜택요약 버스/지하철/택시/철도 10%청구할인 배달앱/통신/카페/편의점 청구할인! 온라인 신청 주요혜택 연회비지원 대중교통 레저 쇼핑 통신 모든 교통이","2026-06-11T13:04:13.065Z"
"naver-card-10528-performance-1","naver-card-10528","100000","100000","before","month","1","sum","excluded","0","전월실적별 월 할인한도] - 전월 실적 10만원 미만 : 할인율 0.5% - 전월 실적 10만원 이상 : 할인율 2% - 통합 월 한도 : 5,000원 [zgm 스스로카드 안내사항] ※ zgm 스스로카드는 금융혁신지원 1천원 기준실적 직전 1개월 합계 10만원 이상 혜택요약 미성년 자녀 가족카드 국내 가맹점 최대 2% 청구할인 온라인 신청 주요혜택 편의점 카페/베이커리 뷰티 쇼핑 대중교통 이제 나도 카드 한 장! zgm 스스로카드 편의점 편의점 최대 2% 청구할인 편의","2026-06-11T13:04:13.065Z"
"naver-card-10401-performance-1","naver-card-10401","500000","500000","before","month","1","sum","excluded","0","기준실적 직전 1개월 합계 50만원 이상 혜택요약 1천원당 최대 5 마일리지 적립 대한항공 직판 전월 이용금액 50만원 이상 시 혜택 제공 · 모든 가맹점은 현대카드 가맹점 등록 및 업종 분류 기준 [마일리지 적립 제외 기준] · 장기카드대출(카드론), 단기카드대출(현금서비스), 연회비, 원 기준실적 직전 1개월 합계 50만원 이상 혜택요약 1천원당 최대 5 마일리지 적립 대한항공 직판 항공권 할인 쿠폰 온라인 신청 주요혜택 항공마일리지 프리미엄 바우처 간편결제 다른","2026-06-11T13:04:13.065Z"
"naver-card-10621-performance-1","naver-card-10621","500000","500000","before","month","1","sum","excluded","0","기준실적 직전 1개월 합계 50만원 이상 혜택요약 국내외 공항 라운지 무료 이용 공항 및 특 실적 직전 1개월 합계 50만원 이상 혜택요약 국내외 공항 라운지 무료 이용 공항 및 특급호텔 발레파킹 무료 이용 온라인 신청 주요혜택 포인트/캐시 비스 제공 현대카드Z work Edition2 신규 회원 최대 2만원 지급 현대카드ZERO Edition3(할인형) 신규 회원 최대 1만5천원 지급 현대카드ZERO Edition3(포인트형) 신규 회원 최대 1만5천원 지급 현대카드","2026-06-11T13:04:13.065Z"
"naver-card-10399-performance-1","naver-card-10399","500000","500000","before","month","1","sum","excluded","0","기준실적 직전 1개월 합계 50만원 이상 혜택요약 1천원당 최대 2 마일리지 적립 대한항공 직판 실적 직전 1개월 합계 50만원 이상 혜택요약 1천원당 최대 2 마일리지 적립 대한항공 직판 항공권 할인 쿠폰 온라인 신청 주요혜택 항공마일리지 프 원 기준실적 직전 1개월 합계 50만원 이상 혜택요약 1천원당 최대 2 마일리지 적립 대한항공 직판 항공권 할인 쿠폰 온라인 신청 주요혜택 항공마일리지 프리미엄 바우처 간편결제 다른 대한항공카드 현대카드 대한항공카드 060 현대","2026-06-11T13:04:13.065Z"
"naver-card-2487-performance-1","naver-card-2487","400000","400000","before","month","1","sum","excluded","0","기준실적 직전 1개월 합계 40만원 이상 혜택요약 코웨이 렌탈료 월최대 2만원 청구할인 코웨이 연간리워드 최대 10만점 적립 온라 전월 이용실적 80만원 이상 시 코웨이 렌탈료 월최대 2만원 청구할인 전월 이용실적 80만원 이상 시 포인트/캐시백 코웨이 연간리워드 최대 10만점 적립 연간 결제실적 1,500만원 이상 시 네이버 신용카드 정보: KB국민 코웨이Ⅱ카드 신용카드 KB국민 코웨이Ⅱ카드 공지 코웨이 렌탈료 할인과 적립을 동시에! 연회비 해외 3만원 기준실적 직전","2026-06-11T13:04:13.065Z"
"naver-card-10562-performance-1","naver-card-10562","300000","300000","before","month","1","sum","excluded","0","기준실적 직전 1개월 합계 30만원 이상 혜택요약 1500원당 대한항공 1마일 적립 스타벅스 실적 직전 1개월 합계 30만원 이상 혜택요약 1500원당 대한항공 1마일 적립 스타벅스 월 3천원 할인 온라인 신청 주요혜택 바우처 항공마일리지 음 기준실적 직전 1개월 합계 30만원 이상 혜택요약 1500원당 대한항공 1마일 적립 스타벅스 월 3천원 할인 온라인 신청 주요혜택 바우처 항공마일리지 포인트/캐시백 주유 프리미엄 특별한 하늘을 누리는 한 장의 카드 더클래식+ 바우","2026-06-11T13:04:13.065Z"
"naver-card-10189-performance-1","naver-card-10189","500000","500000","before","month","1","sum","excluded","0","기준실적 직전 1개월 합계 50만원 이상 혜택요약 스카이패스 1천원당 최대 2마일 적립 인천공항 실적 직전 1개월 합계 50만원 이상 혜택요약 스카이패스 1천원당 최대 2마일 적립 인천공항 라운지 동반자 포함 무료입장 온라인 신청 주요혜택 항공 신용카드 JADE Prime 트래블로그 PRESTIGE 신용카드 CLUB SK (클럽SK) 부가혜택 및 통합할인한도 [실적 산정 기준] - 지난달 1일부터 말일(승인시점 기준) 까지 국내 및 해외 일시불/할부 이용금액 [지난달","2026-06-11T13:04:13.065Z"
"naver-card-10420-performance-1","naver-card-10420","400000","400000","before","month","1","sum","excluded","0","기준실적 직전 1개월 합계 40만원 이상 혜택요약 주차/세차 20% 청구할인 자동차보험 1만원 청구할인 온라인 신청 전월 이용실적 40만원 미만 시, 아래 한도까지 할인이 제공됩니다. (단, 최초 카드 사용등록월의 실적이 40만원 이상일 경우에는 다음달에 해당 실적구간의 할인한도 적용) * 전기/수소차 충전 네이버 신용카드 정보: KB국민 EV카드 신용카드 KB국민 EV카드 공지 전기/수소차 충전 20% 청구할인! 연회비 국내 2만원, 해외 2만원 기준실적 직전 1개월","2026-06-11T13:04:13.065Z"
"naver-card-10362-performance-1","naver-card-10362","500000","500000","before","month","1","sum","excluded","0","기준실적 직전 1개월 합계 50만원 이상 혜택요약 25만원 상당 연간 바우처 제공 실적 직전 1개월 합계 50만원 이상 혜택요약 25만원 상당 연간 바우처 제공 멤버십리워즈(MR) 최대 3MR 적립 온라인 신청 주요혜택 연회비지원 골프/면세점 이용 금액 1천원당 3MR 적립 해외/호텔/여행·항공사/골프/면세점 외식 Be My Guest 할인 호텔 델리/레스토랑·패밀리 레스토랑 Be My Guest 할인 호텔 델리/레스토랑·패밀리 레스토랑 대중교통 공항 리무진·철도 티켓","2026-06-11T13:04:13.065Z"
"naver-card-10608-performance-1","naver-card-10608","300000","300000","before","month","1","sum","excluded","0","기준실적 직전 1개월 합계 30만원 이상 혜택요약 최대 10% 무신사 머니리워드 적립 최대 4만 포인트 적립 온라인 전월 이용금액 기준 : 매월 1일부터 말일까지 이용한 일시불 및 할부 이용금액(단기카드 대출(현금서비스), 장기카드대출(카드론), 각종 수수료 및 이자 (할부수수료, 카드대출 이자 등), 연체료, 연회비 납부건은 일시불 및 할부 이용금액에 해당되지 않음) iD SELECT ALL 카드 신규 회원 최대 100% 지급 삼성 iD GLOBAL 카드 부가혜택 및","2026-06-11T13:04:13.065Z"
"naver-card-1243-performance-1","naver-card-1243","400000","400000","before","month","1","sum","excluded","0","전월실적은 해당카드로 전월(1일~말일) 국내·외 일시불/할부(전액) 이용금액을 의미합니다. - 이용금액은 승인일 기준 이용금액을 의미합니다. - 해외 이용금액은 매출표 접수일 기준으로 이용금액에 합산 적용됩니다. (월말 이용 시 익월에 접수되는 경우가 있 이용 국제공항 라운지 무료이용 금융 이체수수료 통합 월 10회 면제 이체수수료 통합 월 10회 면제 zgm 할인카드 신규 회원 최대 100% 지급 zgm living카드 신규 회원 최대 3만원 지급 zgm.the pa","2026-06-11T13:04:13.065Z"
"naver-card-10361-performance-1","naver-card-10361","500000","500000","before","month","1","sum","excluded","0","기준실적 직전 1개월 합계 50만원 이상 혜택요약 85만원 상당 연간 바우처 실적 직전 1개월 합계 50만원 이상 혜택요약 85만원 상당 연간 바우처 제공 멤버십리워즈(MR) 최대 5MR 적립 온라인 신청 주요혜택 연회비지원 ·항공사/골프/면세점 전 세계 공항 라운지 무료 이용 공항·호텔 발레파킹 서비스 외식 Be My Guest 할인 호텔 델리/레스토랑·패밀리 레스토랑 Be My Guest 할인 호텔 델리/레스토랑·패밀리 레스토랑 대중교통 공항 리무진·철도 티켓 무료","2026-06-11T13:04:13.065Z"
"naver-card-10363-performance-1","naver-card-10363","500000","500000","before","month","1","sum","excluded","0","기준실적 직전 1개월 합계 50만원 이상 혜택요약 12만원 상당 연간 바우처 제공 실적 직전 1개월 합계 50만원 이상 혜택요약 12만원 상당 연간 바우처 제공 멤버십리워즈(MR) 최대 2MR 적립 온라인 신청 주요혜택 연회비지원 골프/면세점 이용 금액 1천원당 2MR 적립 해외/호텔/여행·항공사/골프/면세점 외식 Be My Guest 할인 호텔 델리/레스토랑·패밀리 레스토랑 Be My Guest 할인 호텔 델리/레스토랑·패밀리 레스토랑 대중교통 공항 리무진·철도 티켓","2026-06-11T13:04:13.065Z"
"naver-card-10518-performance-1","naver-card-10518","300000","300000","before","month","1","sum","excluded","0","기준실적 직전 1개월 합계 30만원 이상 혜택요약 국내외 가맹점 0.5% 캐시백 통신요금 자동이체 실적 직전 1개월 합계 30만원 이상 혜택요약 국내외 가맹점 0.5% 캐시백 통신요금 자동이체 추가 0.5%캐시백 온라인 신청 주요혜택 국민내일배움 보: 국민내일배움 신한카드 Simple 신용카드 국민내일배움 신한카드 Simple 공지 편의점/카페 등 잔돈할인서비스 제공 연회비 국내 5천원, 해외겸용 없음, 가족겸용 없음 기준실적 직전 1개월 합계 30만원 이상 혜택요약","2026-06-11T13:04:13.065Z"
"naver-card-10225-performance-1","naver-card-10225","400000","400000","before","month","1","sum","excluded","0","전월실적에는 포함되나 할인/적립 서비스는 제외 언제나할인 bene_83.png https://vertical.pstatic.net/vertical-cardad/benefits/icons/bene_83.png 2 month 6 true before month 1 sum 400000 400000 false true true https://tivan.naver.com/cai/Wa1ZZfKARI0T3fmsge2BU32bQ1NK7sB4NjA1IRAHfrQeQ2pct4TJcPpi","2026-06-11T13:04:13.065Z"
"naver-card-10618-performance-1","naver-card-10618","300000","300000","before","month","1","sum","excluded","0","기준실적 직전 1개월 합계 30만원 이상 혜택요약 최대 2% 스마일캐시 적립 혜택 Apple Pay 설정 가능 온라 실적 직전 1개월 합계 30만원 이상 혜택요약 최대 2% 스마일캐시 적립 혜택 Apple Pay 설정 가능 온라인 신청 주요혜택 포인트/캐시백 쇼핑 넘 서비스 현대카드Z work Edition2 신규 회원 최대 2만원 지급 현대카드ZERO Edition3(할인형) 신규 회원 최대 1만5천원 지급 현대카드ZERO Edition3(포인트형) 신규 회원 최대","2026-06-11T13:04:13.065Z"
"naver-card-10186-performance-1","naver-card-10186","400000","400000","before","month","1","sum","excluded","0","전월실적 40만원 이상 시 서비스 제공 • 혜택별 월 할인한도 - 멤버십 이용요금: 월 7천원(가맹점별 월 1회 적용) - 스트리밍 이용요금: 월 5천원(가맹점별 월 1회 적용) - 스타 내 1만2천원, 해외 1만2천원 기준실적 직전 1개월 합계 40만원 이상 혜택요약 스타벅스/넷플릭스 50% 할인 쇼핑멤버십 7천원,간편결제 5% 할인 온라인 신청 주요혜택 쇼핑 문화 카페/베이커리 간편결제 지금 잘 사는 방법, zgm.streaming 쇼핑 멤버십 이용요금 7천원 청구","2026-06-11T13:04:13.065Z"
"naver-card-10297-performance-1","naver-card-10297","300000","300000","before","month","1","sum","excluded","0","전월실적 관계 없이 제공됩니다. - 그린카드 제휴 매장에서 법적 녹색제품(환경표지, 저탄소제품) 등 인증제품(환경부가 별도로 정하는 제품에 한함) 구매 시 에코머니 포인트 적립 - 그린카 머니 적립 포인트/캐시백 국내 전가맹점 0.2% 에코머니 적립 국내 전가맹점 0.2% 에코머니 적립 zgm 할인카드 신규 회원 최대 100% 지급 zgm living카드 신규 회원 최대 3만원 지급 zgm.the pay카드 신규 회원 최대 100% 지급 NH올원더풀카드 zgm poin","2026-06-11T13:04:13.065Z"
"naver-card-10262-performance-1","naver-card-10262","300000","300000","before","month","1","sum","excluded","0","전월실적 조건 달성시 해당 구간의 할인한도를 제공합니다. • 전월실적은 해당카드로 전월(1일~말일) 국내·외 일시불/할부 이용금액을 의미합니다. • 이용금액은 승인일 기준 이용금액을 의미 1만원, 해외 1만2천원 기준실적 직전 1개월 합계 30만원 이상 혜택요약 매월 코웨이 렌탈료1~3만원 청구할인 주요 놀이공원 할인 온라인 신청 주요혜택 렌탈 레저 실속있는 렌탈 할인 카드 렌탈 매월 코웨이 렌탈료1~3만원 청구할인 매월 코웨이 렌탈료1~3만원 청구할인 레저 국내 주요","2026-06-11T13:04:13.065Z"
"naver-card-2349-performance-1","naver-card-2349","500000","500000","before","month","1","sum","excluded","0","기준실적 직전 1개월 합계 50만원 이상 혜택요약 국내 1,500원당 1.6 마일 적립 해외 1,500원당 1. 실적 직전 1개월 합계 50만원 이상 혜택요약 국내 1,500원당 1.6 마일 적립 해외 1,500원당 1.8 마일 적립 온라인 신청 주요혜택 항공 ile HANA Mile 사용방법 HANA Mile 결제 대금 차감 카페/베이커리 스타벅스 4,000원 청구할인 지난달 실적 50만원 이상 스타벅스 4,000원 청구할인 지난달 실적 50만원 이상 영화 CGV,","2026-06-11T13:04:13.065Z"
"naver-card-10223-performance-1","naver-card-10223","400000","400000","before","month","1","sum","excluded","0","기준실적 직전 1개월 합계 40만원 이상 혜택요약 영상스트리밍 40% 딜리버리·편의점 실적 직전 1개월 합계 40만원 이상 혜택요약 영상스트리밍 40% 딜리버리·편의점·택시 10% 청구할인 온라인 신청 주요혜택 대중교통 편의점 문화 없음 기준실적 직전 1개월 합계 40만원 이상 혜택요약 영상스트리밍 40% 딜리버리·편의점·택시 10% 청구할인 온라인 신청 주요혜택 대중교통 편의점 문화 쇼핑 다른 원더카드 원더카드2.0 LIVING 원더카드2.0 T 일상의 즐거움을 책임","2026-06-11T13:04:13.065Z"
"naver-card-10226-performance-1","naver-card-10226","400000","400000","before","month","1","sum","excluded","0","전월실적에는 포함되나 할인/적립 서비스는 제외 언제나할인 bene_83.png https://vertical.pstatic.net/vertical-cardad/benefits/icons/bene_83.png 3 month 6 true before month 1 sum 400000 400000 false https://tivan.naver.com/cai/Wa1ZZfKARI0T3fmsge2BU8eGA_yZqB3rxhR70Hgr25MeAFoKuznFDgClsJIGDtGEZy","2026-06-11T13:04:13.065Z"
"naver-card-652-performance-1","naver-card-652","0","","before","month","1","sum","excluded","0","전월실적 없어도 항공마일리지 기본~3배 적립! 연회비지원 온라인 신규회원 연회비 캐시백 이벤트 온라인 신규회원 연회비 캐시백 이벤트 항공마일리지 이용금액1천5백원당1~3마일리지 적립 이용 가박스 CGV, 롯데시네마, 메가박스 쇼핑 국내 면세점/대한항공 기내 면세점 웨딩토탈 서비스 5~10% 현장할인 국내 면세점/대한항공 기내 면세점 웨딩토탈 서비스 5~10% 현장할인 카페/베이커리 스타벅스, 커피빈, 탐앤탐스 스타벅스, 커피빈, 탐앤탐스 문화 국내 서점/서적 국내 서점","2026-06-11T13:04:13.065Z"
"naver-card-10160-performance-1","naver-card-10160","400000","400000","before","month","1","sum","excluded","0","전월실적 발생시 해당 할인한도 구간으로 서비스 [전월실적에 따른 월 통합 할인한도] • 전월실적 40만원 이상 80만원 미만: 1만원 할인 • 전월실적 80만원 이상 150만원 미만: 1만5천원 할인 • 전월실적 150만원 이상 : 2 2천원, 해외 1만4천원 기준실적 직전 1개월 합계 40만원 이상 혜택요약 하나로마트/슈퍼마켓/병원/약국5%할인 홈쇼핑/건강식품/대중교통10%할인까지 온라인 신청 주요혜택 대형마트 쇼핑 의료 대중교통 금융 당신 가까이에 있는 혜택! 생활","2026-06-11T13:04:13.065Z"
"naver-card-3996-performance-1","naver-card-3996","300000","300000","before","month","1","sum","excluded","0","전월실적 30만원 이상 시 서비스 제공 (※ 할인 적용된 이용금액(전체)은 전월실적 산정 시 제외) • 카드사용등록일로부터 다음달 말일까지는 전월실적 미달 시에도 서비스 제공 (※ 국제공항라운지 무료이용 서비스 제외) • 일 또는 월 할인 제공 1만원, 해외 1만2천원 기준실적 직전 1개월 합계 30만원 이상 혜택요약 스타벅스 50%,스트리밍 20% 할인 배달앱/쇼핑/교통/편의점 할인FLEX 온라인 신청 주요혜택 카페/베이커리 문화 외식 쇼핑 대중교통 일상의 FLEX,","2026-06-11T13:04:13.065Z"
"naver-card-10436-performance-1","naver-card-10436","1","1000000","before","month","1","sum","unknown","","기준실적 직전 1개월 합계 1원 이상 1백만원 이하 혜택요약 5%할인, 무이자 할부 월별 스페셜 실적 직전 1개월 합계 1원 이상 1백만원 이하 혜택요약 5%할인, 무이자 할부 월별 스페셜 제휴 프로모션 까지! 온라인 신청 주요혜택 쇼핑 다른 전용 없음, 해외겸용 없음, 가족겸용 없음 기준실적 직전 1개월 합계 1원 이상 1백만원 이하 혜택요약 5%할인, 무이자 할부 월별 스페셜 제휴 프로모션 까지! 온라인 신청 주요혜택 쇼핑 다른 현대백화점카드 현대백화점 현대오일뱅크","2026-06-11T13:04:13.065Z"
"naver-card-10625-performance-1","naver-card-10625","500000","500000","before","month","1","sum","excluded","0","기준실적 직전 1개월 합계 50만원 이상 혜택요약 LG U+ 기기값 월최대 2만원 할인 LG U+ 기기값 최 전월 이용 실적 100만원 이상 시에는 20,000원 혜택 한도가 제공됩니다.) 지난달 이용이 50만원 미만인 경우는 결제 대금 할인 혜택이 제공되지 않습니다. 본인카드의 남은 월 혜택 한도는 X LOCA 라이트 할부 카드 신용카드 U+ X LOCA 라이트 할부 카드 공지 LG U+ 이용자를 위한 할인카드 연회비 국내 2만5천원, 해외 2만5천원 기준실적 직전","2026-06-11T13:04:13.065Z"
"naver-card-10607-performance-1","naver-card-10607","300000","300000","before","month","1","sum","excluded","0","기준실적 직전 1개월 합계 30만원 이상 혜택요약 할부 24개월 연 5.9% 통신요금 월 최 전월(1일~말일) 이용금액에 따른 서비스별 월간 통합 한도 내에서 당월(1일~말일) 기준으로 적용됩니다. ※ 「KT 가족만족 할부 신한카드」로 KT 통신요금 자동이체 납부 및 전월 이용금액 조건 충족 시 기준실적 직전 1개월 합계 30만원 이상 혜택요약 할부 24개월 연 5.9% 통신요금 월 최대 1만 5천원 할인 온라인 신청 주요혜택 통신 납부 혜택 할부 혜택부터 요금할인까지","2026-06-11T13:04:13.065Z"
"naver-card-10636-performance-1","naver-card-10636","300000","300000","before","month","1","sum","excluded","0","전월실적(매월 1일~말일/승인기준)은 파인애플 신한카드 이용금액(일시불+할부)으로 산정 • 전월실적 산정제외 : 무이자할부 이용금액/단기카드대출 (현금서비스)/장기카드대출(카드론)/연회비 네이버 신용카드 정보: 파인애플 신한카드 신용카드 파인애플 신한카드 공지 SKT 통신 요금 할인 카드 연회비 국내 1만2천원, 해외 1만5천원, 가족겸용 없음 기준실적 직전 1개월 합계 30만원 이상 혜택요약 SKT통신 요금 최대 1만5천원 할인 현대 오일뱅크 포인트 적립 온라인 신청","2026-06-11T13:04:13.065Z"
"naver-card-10438-performance-1","naver-card-10438","1","1000000","before","month","1","sum","unknown","","기준실적 직전 1개월 합계 1원 이상 1백만원 이하 혜택요약 현대백화점카드혜택+현대오일뱅크멤버십 실적 직전 1개월 합계 1원 이상 1백만원 이하 혜택요약 현대백화점카드혜택+현대오일뱅크멤버십 보너스 포인트 백화점 상품권으로 교환 온라인 신청 주요 카드 현대백화점카드 현대백화점 해피포인트카드 현대백화점 X 현대오일뱅크 쇼핑 3개월 무이자 할부 제공 5% 할인쿠폰 혜택 제공 차량 이용시 2시간 무료주차권 제공 3개월 무이자 할부 제공 5% 할인쿠폰 혜택 제공 차량 이용시 2","2026-06-11T13:04:13.065Z"
"naver-card-10437-performance-1","naver-card-10437","1","1000000","before","month","1","sum","unknown","","기준실적 직전 1개월 합계 1원 이상 1백만원 이하 혜택요약 현대백화점카드 혜택+해피포인트 멤버 실적 직전 1개월 합계 1원 이상 1백만원 이하 혜택요약 현대백화점카드 혜택+해피포인트 멤버십 해피포인트 적립ㆍ사용이 가능한 카드 온라인 신청 주요 가맹점에서 1천원이상 구매시 5%적립 해피포인트로 즐기는 다양한 혜택 쇼핑 3개월 무이자 할부 제공 5% 할인쿠폰 혜택 제공 차량 이용시 2시간 무료주차권 제공 3개월 무이자 할부 제공 5% 할인쿠폰 혜택 제공 차량 이용시 2시","2026-06-11T13:04:13.065Z"
"naver-card-10637-performance-1","naver-card-10637","500000","500000","before","month","1","sum","excluded","0","기준실적 직전 1개월 합계 50만원 이상 혜택요약 KT 통신요금 최대 3만3천원 할인 신한은 전월 이용금액 기준] ※ 전월 이용금액은 KT 으랏차차 신한카드의 전월(1일~말일)의 거래 시점 이용금액(일시불+할부)을 기준으로 반영됩니다. - 해외 이용금액은 매입일자를 기준으로 반영됩니다. - 교통카드 이용금액은 네이버 신용카드 정보: KT 으랏차차 신한카드 신용카드 KT 으랏차차 신한카드 공지 KT 통신요금 할인부터 캐시백까지 연회비 국내 3만6천원, 해외 3만9천원,","2026-06-11T13:04:13.065Z"
"naver-card-10638-performance-1","naver-card-10638","400000","400000","before","month","1","sum","excluded","0","기준실적 직전 1개월 합계 40만원 이상 혜택요약 LG헬로비전요금 최대 1만5천원 할인 LG 전월(1일~말일) 이용금액에 따른 월 할인한도 내에서 당월(1일~말일) 기준으로 적용됩니다. ※ 할인 서비스는 LG헬로비전 요금을 「LG헬로비전 신한카드」로 자동납부 거래(자동이체)로 등록후 결제된 건에 네이버 신용카드 정보: LG헬로비전 신한카드 신용카드 LG헬로비전 신한카드 공지 LG헬로비전 통신 요금 할인 연회비 국내 2만2천원, 해외 2만5천원, 가족겸용 없음 기준실적","2026-06-11T13:04:13.065Z"
"naver-card-10640-performance-1","naver-card-10640","300000","300000","before","month","1","sum","excluded","0","기준실적 직전 1개월 합계 30만원 이상 혜택요약 LG전자 최대 10% 할인 LG전자 베스트샵 실적 직전 1개월 합계 30만원 이상 혜택요약 LG전자 최대 10% 할인 LG전자 베스트샵 멤버십 포인트 적립 온라인 신청 주요혜택 포인트/캐시백 , 해외 2만2천원, 가족겸용 없음 기준실적 직전 1개월 합계 30만원 이상 혜택요약 LG전자 최대 10% 할인 LG전자 베스트샵 멤버십 포인트 적립 온라인 신청 주요혜택 포인트/캐시백 쇼핑 영화 레저 LG전자 최대 10% 할인 혜","2026-06-11T13:04:13.065Z"
"naver-card-3777-performance-1","naver-card-3777","400000","400000","before","month","1","sum","excluded","0","전월실적 산정기준 : 전월실적은 해당카드의 전월(승인일 기준 1일~말일) 국내외 일시불/할부 합산 이용금액을 의미합니다. - 해외 이용금액은 전월 매출표 접수일 기준으로 이용금액에 합산 적용됩니다.(월말 이용 리미엄 서비스 제공 금융 농협 이체수수료 통합 월 10회 면제 농협 이체수수료 통합 월 10회 면제 zgm 할인카드 신규 회원 최대 100% 지급 zgm living카드 신규 회원 최대 3만원 지급 zgm.the pay카드 신규 회원 최대 100% 지급 NH올원더","2026-06-11T13:04:13.065Z"
"naver-card-3776-performance-1","naver-card-3776","400000","400000","before","month","1","sum","excluded","0","전월실적 산정기준 : 전월실적은 해당카드의 전월(승인일 기준 1일~말일) 국내외 일시불/할부 합산 이용금액을 의미합니다. - 해외 이용금액은 전월 매출표 접수일 기준으로 이용금액에 합산 적용됩니다.(월말 이용 항 라운지 무료이용 금융 농협 이체수수료 통합 월 10회 면제 농협 이체수수료 통합 월 10회 면제 zgm 할인카드 신규 회원 최대 100% 지급 zgm living카드 신규 회원 최대 3만원 지급 zgm.the pay카드 신규 회원 최대 100% 지급 NH올원더","2026-06-11T13:04:13.065Z"
"naver-card-10442-performance-1","naver-card-10442","300000","300000","before","month","1","sum","partial","0.5","전월실적 30만원 이상 ~ 50만원 미만 : 온라인 6,000원, 오프라인 4,000원, 합계 10,000원 - 전월실적 50만원 이상 ~ 80만원 미만 : 온라인 9,000원, 오프라인 카드 연회비 국내 1만원 기준실적 직전 1개월 합계 30만원 이상 혜택요약 쇼핑/도서/어학/배달앱 10%청구할인 영화/통신/카페/편의점 청구할인! 온라인 신청 주요혜택 대중교통 쇼핑 문화 영화 외식 교통 혜택과 다양한 서비스를 함께! 기후동행카드 대중교통 후불 기후동행카드 서비스 후불","2026-06-11T13:04:13.065Z"
"naver-card-3055-performance-1","naver-card-3055","0","","before","month","1","sum","excluded","0","전월실적은 해당카드로 전월(1일~말일) 국내·외 일시불/할부(전액) 이용금액을 의미합니다. - 이용금액은 승인일 기준 이용금액을 의미합니다. - 해외 이용금액은 매출표 접수일 기준으로 이용금액에 합산 적용됩니다. (월말 이용 시 익월에 접수되는 경우가 있 제브랜드 프리미엄 서비스 제공 금융 이체수수료 통합 월 10회 면제 이체수수료 통합 월 10회 면제 zgm 할인카드 신규 회원 최대 100% 지급 zgm living카드 신규 회원 최대 3만원 지급 zgm.the pa","2026-06-11T13:04:13.065Z"
"naver-card-3257-performance-1","naver-card-3257","400000","400000","before","month","1","sum","excluded","0","기준실적 직전 1개월 합계 40만원 이상 혜택요약 10개 렌탈사 자동이체 포인트 적립 7개 디지털구독 정기결제 전월 이용금액 반영은 자동이체 청구월이 아닌 자동이체 거래 승인월로 적용되오니 유의 바랍니다. • 동일한 가맹점에서 여러 건의 자동이체를 등록한 경우 월 1건에 한하여 서비스가 제공됩니다. • 00% 지급 신한카드 Simple Plan 신규 회원 최대 100% 지급 신한카드 K-패스 부가혜택 및 통합할인한도 [신한카드 Deep Once 적립 서비스 유의사항]","2026-06-11T13:04:13.065Z"
"naver-card-2206-performance-1","naver-card-2206","300000","300000","before","month","1","sum","partial","0.5","전월실적 산정 시 할인대상 가맹점 이용액은 50% 반영 ※ 해외 가맹점 할인은 전월실적 30만원 이상 시 제공 ※ 인터넷/모바일 교육콘텐츠 서비스는 전월 국내외 일시불/할부 거래 1건 이 회원 최대 100% 지급 기준실적 직전 1개월 합계 30만원 이상 혜택요약 커피 30%, 쇼핑 10% 청구할인! 2030 선호 업종 필수혜택 가득! 온라인 신청 주요혜택 연회비지원 쇼핑 카페/베이커리 대중교통 통신 20대의 다양한 꿈과 도전, NH20 해봄 신용 연회비지원 온라인 신규","2026-06-11T13:04:13.065Z"
"naver-card-10464-performance-1","naver-card-10464","500000","500000","before","month","1","sum","excluded","0","기준실적 직전 1개월 합계 50만원 이상 혜택요약 기프트 옵션 서비스 제공 생활 활인 서비스 실적 직전 1개월 합계 50만원 이상 혜택요약 기프트 옵션 서비스 제공 생활 활인 서비스 제공 온라인 신청 주요혜택 바우처 포인트/캐시백 항공마일리 별 리워드 제공 항공마일리지 대한항공 마일리지 적립 대한항공 마일리지 적립 카페/베이커리 커피전문점 결제일 할인 커피전문점 결제일 할인 대중교통 택시 이용금액 결제일 할인 택시 이용금액 결제일 할인 프리미엄 THE LOUNGE 서비","2026-06-11T13:04:13.065Z"
"naver-card-10456-performance-1","naver-card-10456","400000","400000","before","month","1","sum","excluded","0","기준실적 직전 1개월 합계 40만원 이상 혜택요약 올리브영에서 최대 5% 혜택 Apple Pay 설정 실적 직전 1개월 합계 40만원 이상 혜택요약 올리브영에서 최대 5% 혜택 Apple Pay 설정 가능 온라인 신청 주요혜택 포인트/캐시백 쇼핑 프 이용 가능 현대카드Z work Edition2 신규 회원 최대 2만원 지급 현대카드ZERO Edition3(할인형) 신규 회원 최대 1만5천원 지급 현대카드ZERO Edition3(포인트형) 신규 회원 최대 1만5천원 지급","2026-06-11T13:04:13.065Z"
"naver-card-10308-performance-1","naver-card-10308","400000","400000","before","month","1","sum","excluded","0","기준실적 직전 1개월 합계 40만원 이상 혜택요약 생활 5종 Tri 실적 직전 1개월 합계 40만원 이상 혜택요약 생활 5종 Triple in 할인! 생활 5종 중 3개 영역 할인! 온라인 신청 주요혜택 연회비지원 규 회원 최대 100% 지급 기준실적 직전 1개월 합계 40만원 이상 혜택요약 생활 5종 Triple in 할인! 생활 5종 중 3개 영역 할인! 온라인 신청 주요혜택 연회비지원 문화 교육 통신 렌탈 내 취향대로 생활영역 5종 최대 3만원 할인 연회비지원 신","2026-06-11T13:04:13.065Z"
"naver-card-10421-performance-1","naver-card-10421","500000","500000","before","month","1","sum","excluded","0","기준실적 직전 1개월 합계 50만원 이상 혜택요약 스타벅스 최대 10% 청구할인 생활업종 최대 10% 청구할 전월 이용 실적 기준] 전월 1일~말일 이마트 II KB국민카드 일시불 및 할부 승인 금액 기준 해외 이용금액은 전월 1일 ~ 말일까지 일시불 매입 완료 기준 취소 금액은 취소 전표가 당사에 접 트II KB국민카드(옐로우) 신용카드 이마트II KB국민카드(옐로우) 공지 이마트/트레이더스 최대 30%청구할인 연회비 국내 1만5천원, 해외 1만5천원 기준실적 직전","2026-06-11T13:04:13.065Z"
"naver-card-10429-performance-1","naver-card-10429","300000","300000","before","month","1","sum","excluded","0","기준실적 직전 1개월 합계 30만원 이상 혜택요약 연1회 쇼핑/레스토랑 기프트옵션 제공 전월 이용금액 기준] • 쇼핑/카페/베이커리/레저/영화/주유 할인 서비스의 전월 이용실적 및 할인한도는 본인 및 가족카드 이용금액에 따라 산정됩니다. • 전월 이용실적은 전월 1일부터 말일까지 기프트 옵션 제공 항공마일리지 대한항공 마일리지 적립 대한항공 마일리지 적립 프리미엄 아시아나/이스타 항공 할인 전 세계 공항 VIP라운지 무료 이용 아시아나/이스타 항공 할인 전 세계 공항","2026-06-11T13:04:13.065Z"
"naver-card-10294-performance-1","naver-card-10294","500000","500000","before","month","1","sum","excluded","0","전월실적은 2월 실적이 적용됩니다. ㆍ해외 온라인 사이트 거래 르항공 엘리트 멤버십 제공 싱가포르항공 보너스 마일리지 적립 부스터마일즈 가입 시 추가 적립 공제 마일리지 할인 쿠폰 제공 싱가포르항공 1만5천 마일리지 적립 국내외 가맹점 KF 마일리지 적립 싱가포르항공 보너스 마일리지 적립 싱가포르항공 엘리트 멤버십 제공 싱가포르항공 보너스 마일리지 적립 부스터마일즈 가입 시 추가 적립 공제 마일리지 할인 쿠폰 제공 프리미엄 싱가포르항공 인천/김해공항 특 싱가포르항공 크","2026-06-11T13:04:13.065Z"
"naver-card-10517-performance-1","naver-card-10517","300000","300000","before","month","1","sum","excluded","0","기준실적 직전 1개월 합계 30만원 이상 혜택요약 해외 이용 거래 2 실적 직전 1개월 합계 30만원 이상 혜택요약 해외 이용 거래 2% 포인트 적립 일본 현지 1.5% 포인트 추가 적립 온라인 신청 주요혜택 연회비지 00% 지급 신한카드 Simple Plan 신규 회원 최대 100% 지급 신한카드 K-패스 부가혜택 및 통합할인한도 [카드발급 유의사항] 가족카드는 연회비 없습니다.(단, 가족카드 단독으로 발급 받을 경우 연회비가 부과됩니다.) 후불교통기능이 기본으로 제","2026-06-11T13:04:13.065Z"
"naver-card-10372-performance-1","naver-card-10372","500000","500000","before","month","1","sum","excluded","0","기준실적 직전 1개월 합계 50만원 이상 혜택요약 골프/프리미엄 아울렛 50% 청구할인 항공, 실적 직전 1개월 합계 50만원 이상 혜택요약 골프/프리미엄 아울렛 50% 청구할인 항공, 여행 특별적립,공항라운지 무료 온라인 신청 주요혜택 바우 60만원, 가족 5만원 기준실적 직전 1개월 합계 50만원 이상 혜택요약 골프/프리미엄 아울렛 50% 청구할인 항공, 여행 특별적립,공항라운지 무료 온라인 신청 주요혜택 바우처 레저 쇼핑 프리미엄 주유 여행,호텔 레스토랑,골프 프","2026-06-11T13:04:13.065Z"
"naver-card-10264-performance-1","naver-card-10264","300000","300000","before","month","1","sum","excluded","0","전월실적 30만원 이상~70만원 미만 : 월 할인한도 5천원 - 전월실적 70만원 이상 : 월 할인한도 1만원 • 오프라인-플레이 타입 - 전월실적 30만원 이상~70만원 미만 : 월 할인한도 5천원 - 전월실적 70만원 이상 : 월 할인한도 1만원 2천원, 해외 1만2천원 기준실적 직전 1개월 합계 30만원 이상 혜택요약 PC게임/피트니스업종/통신/교통 할인 영화/커피/외식/쇼핑 할인 온라인 신청 주요혜택 쇼핑 문화 통신 레저 대중교통 지금 잘 사는 방법, zgm.p","2026-06-11T13:04:13.065Z"
"naver-card-10624-performance-1","naver-card-10624","400000","400000","before","month","1","sum","excluded","0","전월실적에 포함 [자동납부 신청방법] SKT 고객센터(SKT 휴대폰에서 지역번호 없이 114번) 또는 홈페이지 (www.tworld.co.kr)에서 신청 하시기 바랍니다. [L.POINT 정보: TELLO T 라이트 할부 카드 신용카드 TELLO T 라이트 할부 카드 공지 SKT 이용자를 위한 할인카드 연회비 국내 2만원, 해외 2만원 기준실적 직전 1개월 합계 40만원 이상 혜택요약 SKT 기기값 최대 1.3만원 캐시백 SKT 기기값 최대 36개월 할부 온라인 신청","2026-06-11T13:04:13.065Z"
"naver-card-10496-performance-1","naver-card-10496","1000000","1000000","before","month","1","sum","excluded","0","기준실적 직전 1개월 합계 1백만원 이상 혜택요약 국내가맹점 최대 0.5% 포인트리적립 제약/의료 전월 이용 실적 기준] 전월 1일~말일(승인시점 기준) ‘KB Biz Prime 카드’ 일시불 및 할부 승인금액 기준 해외 이용금액은 전월 1일~말일까지 일시불 매입완료 기준 취소금액은 취소전표 이카드 KB국민 K-패스카드 KB국민행복카드 KB국민 기후동행카드 KB국민 하이패스 2.0 부가혜택 및 통합할인한도 [전월 이용 실적 기준] 전월 1일~말일(승인시점 기준) ‘KB","2026-06-11T13:04:13.065Z"
"naver-card-2886-performance-1","naver-card-2886","400000","400000","before","month","1","sum","excluded","0","기준실적 직전 1개월 합계 40만원 이상 혜택요약 쇼핑영역 1~5% 내맘대로 포인트적 전월 이용금액(1일~말일, 일시불+할부)이 40만원 이상인 경우 전월 이용금액에 따른 통합 월적립한도 내에서 제공됩니다. 마이신한포인트 사용/소멸 등 기본정책은 포인트 운영기준을 따르며, 신한카드 홈페이지(www.shinhancard.com)에서 이용약관 00% 지급 신한카드 Simple Plan 신규 회원 최대 100% 지급 신한카드 K-패스 부가혜택 및 통합할인한도 [카드발급 유의","2026-06-11T13:04:13.065Z"
"naver-card-10287-performance-1","naver-card-10287","300000","300000","before","month","1","sum","excluded","0","전월실적 조건없이 해외수수료 면제 연회비 국내 2만3천원, 해외 2만5천원 기준실적 직전 1개월 합계 30만원 이상 혜택요약 해외수수료 면제,일본 10%적립 해외 및 생활업종 0.5~1. 30만원 이상시 공항라운지 무료 전월 30만원 이상시 공항라운지 무료 레저 익스피디아 객실요금 9% 즉시 할인 익스피디아 객실요금 9% 즉시 할인 zgm 할인카드 신규 회원 최대 100% 지급 zgm living카드 신규 회원 최대 3만원 지급 zgm.the pay카드 신규 회원 최대","2026-06-11T13:04:13.065Z"
"naver-card-10556-performance-1","naver-card-10556","300000","300000","before","month","1","sum","excluded","0","기준실적 직전 1개월 합계 30만원 이상 혜택요약 한화손해보험 캐롯 자동납부할인 서비스 한화손해보험캐롯 월최 전월 이용실적 기준] 전월 1일 ~ 말일 (승인시점 기준) 한화손해보험 캐롯 KB국민카드 일시불 및 할부 승인(이용)금액 기준(가족카드 포함) 해외 이용금액은 전월 1일~말일까지 일시불 매입완 정보: 한화손해보험 캐롯 KB국민카드 신용카드 한화손해보험 캐롯 KB국민카드 공지 한화손해보험 캐롯 매월 할인받는방법! 연회비 국내 1만5천원, 해외 1만5천원 기준실적","2026-06-11T13:04:13.065Z"
"naver-card-2757-performance-1","naver-card-2757","300000","300000","before","month","1","sum","excluded","0","기준실적 직전 1개월 합계 30만원 이상 혜택요약 예다함 상조부금 자동납부할인 서비스 예다함 월 최대 1만7 전월 1일 ~ 말일까지 매입완료 기준) [이용 실적 제외 대상] KB국민 예다함카드로 할인 받은 이용금액 (해당이용금액 전체), 무이자할부이용금액, 단기카드 대출 (현금서비스), 장기카드대출(카드론), 각종 세금 및 공과금, 아파 국내 1만5천원, 해외 1만5천원 기준실적 직전 1개월 합계 30만원 이상 혜택요약 예다함 상조부금 자동납부할인 서비스 예다함 월 최","2026-06-11T13:04:13.065Z"
"naver-card-3958-performance-1","naver-card-3958","400000","400000","before","month","1","sum","excluded","0","전월실적은 해당카드로 전월(1일~말일) 국내·외 일시불/할부(전액) 이용금액을 의미합니다. - 이용금액은 승인일 기준 이용금액을 의미합니다. - 해외 이용금액은 매출표 접수일 기준으로 이용금액에 합산 적용됩니다. (월말 이용 시 익월에 접수되는 경우가 있 신용카드 올바른BAZIC+ 카드 연회비 해외 2만5천원 기준실적 직전 1개월 합계 40만원 이상 혜택요약 할인한도없이 0.7~1.4% 기본할인 선택영역 0.7% 추가할인까지! 온라인 신청 주요혜택 언제나할인 쇼핑 주유","2026-06-11T13:04:13.065Z"
"naver-card-10325-performance-1","naver-card-10325","500000","500000","before","month","1","sum","excluded","0","기준실적 직전 1개월 합계 50만원 이상 혜택요약 코스트코에서 최대 3% 실적 직전 1개월 합계 50만원 이상 혜택요약 코스트코에서 최대 3% 코스트코 리워드 포인트 적립 온라인 신청 주요혜택 연회비지원 쇼핑 포인트/캐시 인트 적립 현대카드Z work Edition2 신규 회원 최대 2만원 지급 현대카드ZERO Edition3(할인형) 신규 회원 최대 1만5천원 지급 현대카드ZERO Edition3(포인트형) 신규 회원 최대 1만5천원 지급 현대카드Z family Ed","2026-06-11T13:04:13.065Z"
"naver-card-10549-performance-1","naver-card-10549","500000","500000","before","month","1","sum","excluded","0","기준실적 직전 1개월 합계 50만원 이상 혜택요약 이용 시 최대 1.7만원 청구 할인 미이용 시 0. 전월 이용금액 50만원 미만 시 혜택제외 · 신규 발급 시 카드 수령 등록월 다음 달 이용건까지는 보험 유지 여부 관계없이 전월 이용금액 50만원 미만도 기본혜택제공되며, 할인 한도는 전월 이 네이버 신용카드 정보: DB손해보험 현대카드 신용카드 DB손해보험 현대카드 공지 DB손해보험 보험 유지 시 할인혜택 연회비 국내 3만원, 해외 3만원, 가족 1만원 기준실적 직전","2026-06-11T13:04:13.065Z"
"naver-card-10306-performance-1","naver-card-10306","0","","before","month","1","sum","excluded","0","기준실적 조건없음 혜택요약 실적조건·한도없이 최대 2% 캐시백 스페셜기프트 롯데상품권카드 5만원증 실적 조건없음 혜택요약 실적조건·한도없이 최대 2% 캐시백 스페셜기프트 롯데상품권카드 5만원증정 온라인 신청 주요혜택 포인트/캐시백 납부 혜택 바우 신청 주요혜택 포인트/캐시백 납부 혜택 바우처 프리미엄 렌탈 다른 프리미엄 카드 LOCA PLATINUM(할인형) 롯데백화점 FLEX 카드 결제방식도 내 취향에 맞춘 프로페셔널 카드! 포인트/캐시백 실적, 한도 없이 최대 2%","2026-06-11T13:04:13.065Z"
"naver-card-10527-performance-1","naver-card-10527","400000","400000","before","month","1","sum","excluded","0","기준실적 직전 1개월 합계 40만원 이상 혜택요약 스타필드 10% 할인 CGV/메가박스/배달의 전월 이용금액 기준] ※ 전월 이용금액은 스타필드 신한카드의 전월(1일~말일)의 거래 시점 이용금액 (일시불+할부)을 기준으로 반영됩니다. -해외 이용금액은 매입일자를 기준으로 반영됩니다. -교통카드 이용금액은 전전월 네이버 신용카드 정보: 스타필드 신한카드 신용카드 스타필드 신한카드 공지 스타필드 이용액 10% 결제일 할인 연회비 국내 1만7천원, 해외 2만원, 가족겸용 없","2026-06-11T13:04:13.065Z"
"naver-card-1773-performance-1","naver-card-1773","500000","500000","before","month","1","sum","excluded","0","기준실적 직전 1개월 합계 50만원 이상 혜택요약 신세계백화점/이마트 5% 결제일 할인 카페/주유소 등 5% 전월 실적에 따른 월 할인한도 안내] - 전월 이용금액(일시불+할부) 50만원 이상 100만원 미만: 1만원 - 전월 이용금액(일시불+할부) 100만원 이상 150만원 미만: 1만5천원 - 전월 이용금액(일시불+할부) 150만원 이상 네이버 신용카드 정보: 신세계 신한카드 신용카드 신세계 신한카드 공지 전국 이마트/신세계백화점 5% 할인 연회비 국내 1만2천원,","2026-06-11T13:04:13.065Z"
"naver-card-10634-performance-1","naver-card-10634","300000","300000","before","month","1","sum","excluded","0","기준실적 직전 1개월 합계 30만원 이상 혜택요약 전기차 충전 10% 할인 스포츠웨어 10% 할 실적 직전 1개월 합계 30만원 이상 혜택요약 전기차 충전 10% 할인 스포츠웨어 10% 할인 온라인 신청 주요혜택 포인트/캐시백 주유 대중교통 쇼 원, 해외 2만3천원, 가족겸용 없음 기준실적 직전 1개월 합계 30만원 이상 혜택요약 전기차 충전 10% 할인 스포츠웨어 10% 할인 온라인 신청 주요혜택 포인트/캐시백 주유 대중교통 쇼핑 카페/베이커리 지구와 나를 위한 더","2026-06-11T13:04:13.065Z"
"naver-card-10277-performance-1","naver-card-10277","0","","before","month","1","sum","excluded","0","기준실적 조건없음 혜택요약 국내외 가맹점 0.5% 결제일 할인 특급호텔 바우처&amp;플래티넘 혜택까지! 온라인 실적 조건없음 혜택요약 국내외 가맹점 0.5% 결제일 할인 특급호텔 바우처&amp;플래티넘 혜택까지! 온라인 신청 주요혜택 언제나할인 바우처 프리미 네이버 신용카드 정보: LOCA PLATINUM(할인형) 신용카드 LOCA PLATINUM(할인형) 공지 국내외 가맹점에서 최대 1% 할인 연회비 국내 10만원, 해외 10만원 기준실적 조건없음 혜택요약 국내외","2026-06-11T13:04:13.065Z"
"naver-card-4096-performance-1","naver-card-4096","500000","500000","before","month","1","sum","excluded","0","기준실적 직전 1개월 합계 50만원 이상 혜택요약 한도없이 L포인트 0.5% 적립! 스타벅스 50%·스트리밍 3 실적 직전 1개월 합계 50만원 이상 혜택요약 한도없이 L포인트 0.5% 적립! 스타벅스 50%·스트리밍 30% 할인 온라인 신청 주요혜택 포인트/ 네이버 신용카드 정보: 롯데백화점 FLEX 카드 신용카드 롯데백화점 FLEX 카드 공지 다양한 할인받고 나를 위한 FLEX! 연회비 국내 10만원, 해외 10만원 기준실적 직전 1개월 합계 50만원 이상 혜택요약","2026-06-11T13:04:13.065Z"
"naver-card-10567-performance-1","naver-card-10567","300000","300000","before","month","1","sum","excluded","0","기준실적 직전 1개월 합계 30만원 이상 혜택요약 연1회 쇼핑/레스토랑 기프트옵션 제공 전월 이용금액 기준] • 쇼핑/카페/베이커리/레저/영화/주유 할인 서비스의 전월 이용실적 및 할인한도는 본인 및 가족카드 이용금액에 따라 산정됩니다. • 전월 이용실적은 전월 1일부터 말일까지 금액의 1% 캐시백 혜택 마이신한포인트 적립 이용 금액의 1% 캐시백 혜택 프리미엄 아시아나/이스타 항공 할인 아시아나/이스타 항공 할인 쇼핑 JDC 면세점 8% 결제일 할인 주요 백화점 할인","2026-06-11T13:04:13.065Z"
"naver-card-10555-performance-1","naver-card-10555","500000","500000","before","month","1","sum","excluded","0","기준실적 직전 1개월 합계 50만원 이상 혜택요약 기프트 옵션 서비스 제공 생활 활인 서비스 실적 직전 1개월 합계 50만원 이상 혜택요약 기프트 옵션 서비스 제공 생활 활인 서비스 제공 온라인 신청 주요혜택 바우처 포인트/캐시백 카페/베이 트 적립 제공 특별 리워드 제공 마이신한포인트 적립 제공 특별 리워드 제공 카페/베이커리 커피전문점 결제일 할인 커피전문점 결제일 할인 대중교통 택시 이용금액 결제일 할인 택시 이용금액 결제일 할인 프리미엄 THE LOUNGE 서비","2026-06-11T13:04:13.065Z"
"naver-card-10505-performance-1","naver-card-10505","400000","400000","before","month","1","sum","excluded","0","기준실적 직전 1개월 합계 40만원 이상 혜택요약 요일별 가맹점 이용시 5% 포인트적립 주말 전월 이용금액(일시불+할부) 40만원 이상 80만원 미만: 적립한도 1만 포인트 - 전월 이용금액(일시불+할부) 80만원 이상 120만원 미만: 적립한도 2만 포인트 - 전월 이용금액(일시불+ 00% 지급 신한카드 Simple Plan 신규 회원 최대 100% 지급 신한카드 K-패스 부가혜택 및 통합할인한도 [카드발급 유의사항] 신한카드 KaPick은 중복 발급 및 동시 소지가","2026-06-11T13:04:13.065Z"
"naver-card-10577-performance-1","naver-card-10577","300000","300000","before","month","1","sum","excluded","0","기준실적 직전 1개월 합계 30만원 이상 혜택요약 한화 이글스 정규시즌 티켓 할인 생활친화 가맹 전월 실적 없이 0.7% 캐시백 전월 실적 없이 0.7% 캐시백 외식 전월 실적 없이 0.7% 캐시백 생활친화 가맹점 잔돈 할인 서비스 전월 실적 없이 0.7% 캐시백 생활친화 가맹점 잔돈 할인 서비스 대중교통 대중교통 이용금액 0.7% 캐시백 대중교통 이용 네이버 신용카드 정보: 한화이글스 신한카드 신용카드 한화이글스 신한카드 공지 한화이글스 홈경기 티켓 5천원 할인 연회","2026-06-11T13:04:13.065Z"
"naver-card-10241-performance-1","naver-card-10241","400000","400000","before","month","1","sum","excluded","0","전월실적 없이 국내외 전월실적 없이 국내외 0.7%기본적립 온라인 신청 주요혜택 포인트/캐시백 지금.고향을 사랑하는 마음으로, zgm.고향으로 포인트/캐시백 우대 서비스:기부지역 오프라인 가맹점 국내 농협판매 국내 농협판매장 1.7% 적립 우대 서비스:기부지역 오프라인 가맹점 국내 농협판매장 1.7% 적립 zgm 할인카드 신규 회원 최대 100% 지급 zgm living카드 신규 회원 최대 3만원 지급 zgm.the pay카드 신규 회원 최대 100% 지급 NH올원더풀","2026-06-11T13:04:13.065Z"
"naver-card-10477-performance-1","naver-card-10477","300000","300000","before","month","1","sum","excluded","0","기준실적 직전 1개월 합계 30만원 이상 혜택요약 마이신한포인트 최대 5% 적립 제주 JDC 전월 이용실적 및 할인한도는 본인, 가족카드 합산으로 제공됩니다. • 백화점, 대형할인점 입점 매장 및 상품권 구매 시에는 서비스 제공이 제한될 수 있습니다. • 업종 구분은 해당 가맹점의 신 : 신한카드 The CLASSIC-Y 신용카드 신한카드 The CLASSIC-Y 공지 스타벅스/커피빈 5% 할인 연회비 국내전용 없음, 해외 10만5천원, 가족 3만원 기준실적 직전 1개","2026-06-11T13:04:13.065Z"
"naver-card-10211-performance-1","naver-card-10211","300000","300000","before","month","1","sum","excluded","0","전월실적조건 달성시 해당 구간의 할인한도를 제공합니다. • 전월실적은 해당카드로 전월(1일~말일) 국내·외 일시불/할부 이용금액을 의미합니다. • 이용금액은 승인일 기준 이용금액을 의미합 만2천원, 해외 1만4천원 기준실적 직전 1개월 합계 30만원 이상 혜택요약 바디프랜드 월 최대 3만원 렌탈할인 주요 놀이공원 할인(월1회, 연6회) 온라인 신청 주요혜택 렌탈 레저 실속있는 렌탈 할인 카드 렌탈 바디프랜드 월 최대 3만원 렌탈할인 바디프랜드 월 최대 3만원 렌탈할인","2026-06-11T13:04:13.065Z"
"naver-card-10458-performance-1","naver-card-10458","500000","500000","before","month","1","sum","excluded","0","기준실적 직전 1개월 합계 50만원 이상 혜택요약 이마트 7대 가 실적 직전 1개월 합계 50만원 이상 혜택요약 이마트 7대 가맹점 5% 적립 온라인몰/병원·약국/학원 5% 적립 온라인 신청 주요혜택 연회비지원 포 인트 적립 현대카드Z work Edition2 신규 회원 최대 2만원 지급 현대카드ZERO Edition3(할인형) 신규 회원 최대 1만5천원 지급 현대카드ZERO Edition3(포인트형) 신규 회원 최대 1만5천원 지급 현대카드Z family Editio","2026-06-11T13:04:13.065Z"
"naver-card-3258-performance-1","naver-card-3258","400000","400000","before","month","1","sum","excluded","0","기준실적 직전 1개월 합계 40만원 이상 혜택요약 10개 렌탈사 자동이체 포인트 적립 7개 생활월납 자동이체 포 전월 이용금액 반영은 자동이체 청구월이 아닌 자동이체 거래 승인월로 적용되오니 유의 바랍니다. • 동일한 가맹점에서 여러 건의 자동이체를 등록한 경우 월 1건에 한하여 서비스가 제공됩니다. • 00% 지급 신한카드 Simple Plan 신규 회원 최대 100% 지급 신한카드 K-패스 부가혜택 및 통합할인한도 [신한카드 Deep Once Plus 적립 서비스","2026-06-11T13:04:13.065Z"
"naver-card-10559-performance-1","naver-card-10559","400000","400000","before","month","1","sum","excluded","0","기준실적 직전 1개월 합계 40만원 이상 혜택요약 마이신한포인트 적립 Brunch 할인 서비 전월 이용금액 유의사항] *전월 이용금액은 신한카드 The CLASSIC NEO의 전월(1일~말일)의 거래 시점 이용금액(일시불+할부)을 기준으로 반영됩니다. -해외 이용금액은 매입일자를 기준으로 반영됩니다. (예시, 보: 신한카드 The CLASSIC NEO 신용카드 신한카드 The CLASSIC NEO 공지 Brunch 할인 서비스 연회비 국내 11만7천원, 해외 12만원,","2026-06-11T13:04:13.065Z"
"naver-card-10546-performance-1","naver-card-10546","500000","500000","before","month","1","sum","excluded","0","기준실적 직전 1개월 합계 50만원 이상 혜택요약 이용 시 최대 1.7만원 청구 할인 미이용 시 0. 전월 이용금액 50만원 미만 시 혜택 제외 · 신규 발급 시 카드 수령 등록월 다음 달 이용 건까지는 보험 유지 여부 관계없이 전월 이용금액 50만원 미만도 기본 혜택 제공되며, 할인 한도는 네이버 신용카드 정보: 현대해상 현대카드 신용카드 현대해상 현대카드 공지 현대해상 보험 유지 시 할인받는 카드 연회비 국내 3만원, 해외 3만원, 가족 1만원 기준실적 직전 1개월","2026-06-11T13:04:13.065Z"
"naver-card-10445-performance-1","naver-card-10445","500000","500000","before","month","1","sum","excluded","0","기준실적 직전 1개월 합계 50만원 이상 혜택요약 사업성 경비 업종 4% 추가 적립 국내 이용금 전월 이용금액 기준] • 전월 이용금액은 신한카드 Biz Plan의 전월(1일~말일)의 거래 시점 이용금액(일시불+할부)을 기준으로 반영됩니다. • 해외 이용 금액은 매입일자를 기준으로 반영됩니다. • 교통카드 이용금 00% 지급 신한카드 Simple Plan 신규 회원 최대 100% 지급 신한카드 K-패스 부가혜택 및 통합할인한도 [연회비 관련 유의사항] • 연회비는 카드","2026-06-11T13:04:13.065Z"
"naver-card-10630-performance-1","naver-card-10630","0","","before","month","1","sum","excluded","0","기준실적 조건없음 혜택요약 결제금액 0.1% 기본 적립 법인카드 0.1% 기본 적립 온라인 신청 주 실적 조건없음 혜택요약 결제금액 0.1% 기본 적립 법인카드 0.1% 기본 적립 온라인 신청 주요혜택 법인 법인카드는 신한 법인카드로! 법인 포인트 00% 지급 신한카드 Simple Plan 신규 회원 최대 100% 지급 신한카드 K-패스 부가혜택 및 통합할인한도 포인트 적립제외 대상금액 무이자할부 이용금액(Tops무이자/슬림할부 포함),할인적용 된 이용금액, 단기카드대","2026-06-11T13:04:13.065Z"
"naver-card-10419-performance-1","naver-card-10419","400000","400000","before","month","1","sum","excluded","0","전월실적조건 40만원 이상 CU 30% 청구할인 - 할인 한도 1.5만원 KB Pay 20% 추가 청구할인 - 할인 한도 5천원 CU KB국민카드로 CU에서 결제 시 등급별 구매 금액의 최대 2% CU포인트 적립 CU멤버십 서비스 및 포인트가 제공되며, 제공조건, 기타사항은 CU 홈페이지 cu.bgfretail.com 에서 확인 VIP 적립률: 2% / Friend 적립률: 최대 1% VIP - 3개월 연속 월 3만원 이상 구매 Friend - 회원가입 시 0.5% 기","2026-06-11T13:04:13.065Z"
"naver-card-10571-performance-1","naver-card-10571","1000000","1000000","before","month","1","sum","excluded","0","기준실적 직전 1개월 합계 1백만원 이상 혜택요약 사업경비영역 최대 5% 결제일 할인 LOCA B 실적 직전 1개월 합계 1백만원 이상 혜택요약 사업경비영역 최대 5% 결제일 할인 LOCA Biz+ 세무지원 서비스까지 온라인 신청 주요혜택 언제나 네이버 신용카드 정보: LOCA Biz+ 신용카드 LOCA Biz+ 공지 국내외 가맹점 1% 결제일 할인 연회비 국내 20만원, 해외 20만원, 가족 3만원 기준실적 직전 1개월 합계 1백만원 이상 혜택요약 사업경비영역 최대","2026-06-11T13:04:13.065Z"
"naver-card-10632-performance-1","naver-card-10632","0","","before","month","1","sum","excluded","0","기준실적 조건없음 혜택요약 대한항공 법인 크레딧 적립 3,000원당 1크레딧 적립 온라인 신 전월 이용실적 및 적립한도 제한이 없습니다. 법인크레딧은 연체 및 선입금 여부와 관계없이 결제일 2일 후 항공사로 전송되며, 적립된 법인 크레딧은 대한항공 법인 홈페이지에서 확인 가능합니다. 00% 지급 신한카드 Simple Plan 신규 회원 최대 100% 지급 신한카드 K-패스 부가혜택 및 통합할인한도 법인 크레딧 사용안내 법인 크레딧 회원가입 대한항공 신한법인 크레딧 신용","2026-06-11T13:04:13.065Z"
"naver-card-10495-performance-1","naver-card-10495","2000000","2000000","before","month","1","sum","excluded","0","전월실적 조건없이 차량지원 현 전월실적 조건없이 차량지원 현장할인 온라인 신청 주요혜택 포인트/캐시백 오토 사업경비적립, 차량지원할인 등을 담은 사장님카드 포인트/캐시백 KB카드 매출금액 연동 0.2%캐시백 사업경비 직전 1개월 합계 2백만원 이상 혜택요약 사업경비 업종 20% 포인트리 적립 전월실적 조건없이 차량지원 현장할인 온라인 신청 주요혜택 포인트/캐시백 오토 사업경비적립, 차량지원할인 등을 담은 사장님카드 포인트/캐시백 KB카드 매출금액 연동 0.2%캐시백 사","2026-06-11T13:04:13.065Z"
"naver-card-10629-performance-1","naver-card-10629","0","","before","month","1","sum","excluded","0","기준실적 조건없음 혜택요약 해외 이용금액 0.5% 포인트 적립 국내 이용금액 0.25% 포인트 실적 조건없음 혜택요약 해외 이용금액 0.5% 포인트 적립 국내 이용금액 0.25% 포인트 적립 온라인 신청 주요혜택 법인 국내, 해외 이용 시 적 00% 지급 신한카드 Simple Plan 신규 회원 최대 100% 지급 신한카드 K-패스 부가혜택 및 통합할인한도 법인카드 상품 안내 - 연회비/SMS 없음 - 신한은행 발급 불가 상품 유의사항 계약을 체결전, 상품설명서와 약관","2026-06-11T13:04:13.065Z"
"naver-card-2414-performance-1","naver-card-2414","300000","300000","before","month","1","sum","excluded","0","전월실적 산정 시 TLC 렌탈료, 생활할인서비스 대상 가맹점 이용액은 제외됩니다. ※ 백화점, 할인점, 마트, 쇼핑몰 내 입점매장 등은 할인서비스가 제외될 수 있습니다. ※ 상품권 구매( 3천원, 해외 1만5천원 기준실적 직전 1개월 합계 30만원 이상 혜택요약 3년 장기할부 시 최대 72만원 할인 카페, 베이커리 10% 청구할인 온라인 신청 주요혜택 렌탈 레저 카페/베이커리 영화 할부도 렌탈도 현명하게 할인받는 농협 TLC카드 렌탈 TLC 라이트할부 할인서비스 TLC","2026-06-11T13:04:13.065Z"
"naver-card-10539-performance-1","naver-card-10539","300000","300000","before","month","1","sum","excluded","0","기준실적 직전 1개월 합계 30만원 이상 혜택요약 소노아임레디 월최대1만7천원 청구할인 월 납입금 자동납부시 전월 이용실적 기준] 전월 1일 ~ 말일 (승인시점 기준) 소노아임레디 KB국민카드 일시불 및 할부 승인(이용)금액 기준 (가족카드 포함) 해외 이용금액은 전월 1일~말일까지 일시불 매입완료 5천원, 해외 1만5천원 기준실적 직전 1개월 합계 30만원 이상 혜택요약 소노아임레디 월최대1만7천원 청구할인 월 납입금 자동납부시 청구할인 온라인 신청 주요혜택 금융 소","2026-06-11T13:04:13.065Z"
"naver-card-10631-performance-1","naver-card-10631","0","","before","month","1","sum","excluded","0","기준실적 조건없음 혜택요약 국내외 이용 0.1% 법인포인트 적립 이용금액에 따른 추가 적립 온라 전월 이용금액은 신한법인 Point Plus 신용카드의 전월(1일~말일)의 거래 시점 이용 금액을 기준으로 반영됩니다. 해외 이용금액은 매입일자 기준으로 반영 됩니다. 교통카드 이용금액은 전전 00% 지급 신한카드 Simple Plan 신규 회원 최대 100% 지급 신한카드 K-패스 부가혜택 및 통합할인한도 유의사항 전월 이용금액은 신한법인 Point Plus 신용카드의 전","2026-06-11T13:04:13.065Z"
