"card_id","source_card_id","card_name","issuer","card_type","status","refine_status","confidence_score","summary","annual_fee","annual_fee_domestic","annual_fee_foreign","annual_fee_family","base_spend_amount","max_monthly_cap","released_at","card_image_url","detail_url","apply_url_present","exported_at"
"naver-card-10623","10623","카드의정석2 SUPER","우리","credit","active_or_unknown","ready_for_review","100","결제 센스 레벨업하면, SUPER 혜택이 완성!","30000","30000","30000","","0","100000","2026-04-16","https://vertical.pstatic.net/vertical-cardad/creatives/WR/10623/WR_10623_20260511-212202_ver.png","https://m.wooricard.com/dcmw/yh1/crd/crd01/M1CRD101S02.do?cdPrdCd=500044&canvasser=88801075&utm_source=naver_cs&utm_medium=cpc&utm_campaign=M_카드섹션&utm_content=%EC%B9%B4%EB%93%9C%EC%9D%98%EC%A0%95%EC%84%9D2%20SUPER","true","2026-06-11T13:04:13.065Z"
"naver-card-10304","10304","디지로카 London","롯데","credit","active_or_unknown","ready_for_review","100","결제 방식도 취향에 맞게! 최대 1.7% 캐시백","20000","20000","20000","13000","0","20000","2023-10-17","https://vertical.pstatic.net/vertical-cardad/creatives/LO/10304/LO_10304_20231114-020043_ver.png","http://m.lottecard.co.kr/spa/card/booth?bId=92357&vtCdKndC=P14718-A14718&npayUseYn=Y&utm_source=sa_naver_cs&utm_medium=cpc&utm_campaign=m_card_application&utm_content=digilocalondon&utm_term=디지로카런던","true","2026-06-11T13:04:13.065Z"
"naver-card-1530","1530","삼성카드 taptap O","삼성","credit","active_or_unknown","ready_for_review","100","연 최대 36만원 할인, 믿고 선택하는 카드","10000","10000","10000","","300000","5000","2016-04-11","https://vertical.pstatic.net/vertical-cardad/creatives/SS/1530/SS_1530_20241101-100614_ver.png","https://www.samsungcard.com/personal/card/simple-apply/UHPPCA0225M0.jsp?code=AAP1483&alncmpC=QACDMB05&affcode=QACDMB05&BSCPN=BCTS&BSPRG=MNAVERCARD&BSCCN1=MB_%EC%8B%A0%EA%B2%80_AAP1483_%EC%82%BC%EC%84%B1%EC%B9%B4%EB%93%9C%20taptap%20O&utm_campaign=%EC%82%BC%EC%84%B1%EC%B9%B4%EB%93%9C%20taptap%20O&utm_medium=CSA&utm_source=%EB%84%A4%EC%9D%B4%EB%B2%84%20%EC%8B%A0%EC%9A%A9%EC%B9%B4%EB%93%9C%20%EA%B2%80%EC%83%89%20%EB%AA%A8%EB%B0%94%EC%9D%BC&utm_term={query}","true","2026-06-11T13:04:13.065Z"
"naver-card-115","115","KB국민 굿데이카드","KB국민","credit","active_or_unknown","ready_for_review","80","주유·교통·외식 등 일상생활 청구할인은 굿데이!","5000","5000","10000","","300000","100000","2008-08-26","https://vertical.pstatic.net/vertical-cardad/creatives/KB/115/KB_115_20230125-142026_hor.png","https://m.kbcard.com/CRD/DVIEW/MCAMCXHIACRC0002?allianceCode=09061&mainCC=b","true","2026-06-11T13:04:13.065Z"
"naver-card-10216","10216","KB국민 My WE:SH 카드","KB국민","credit","active_or_unknown","ready_for_review","100","나만을 위한 KB PayㆍOTT 등 할인 카드","15000","15000","15000","","400000","5000","2022-12-26","https://vertical.pstatic.net/vertical-cardad/creatives/KB/10216/KB_10216_20250801-081714_ver.png","https://m.kbcard.com/CRD/DVIEW/MCAMCXHIACRC0002?allianceCode=09923&mainCC=b","true","2026-06-11T13:04:13.065Z"
"naver-card-10332","10332","KB국민 WE:SH Travel 카드","KB국민","credit","active_or_unknown","ready_for_review","100","해외이용 환율 우대100% 해주는 여행맞춤카드","25000","25000","25000","","300000","20000","2024-04-08","https://vertical.pstatic.net/vertical-cardad/creatives/KB/10332/KB_10332_20240829-110648_ver.png","https://m.kbcard.com/CRD/DVIEW/MCAMCXHIACRC0002?mainCC=b&allianceCode=09561","true","2026-06-11T13:04:13.065Z"
"naver-card-10105","10105","LOCA LIKIT 1.2","롯데","credit","active_or_unknown","partial_review","65","실적·할인한도 없이 1.2% 할인","10000","10000","10000","","0","","2021-09-15","https://vertical.pstatic.net/vertical-cardad/creatives/LO/10105/LO_10105_20211111-160041_ver.png","http://m.lottecard.co.kr/spa/card/booth?bId=102808&vtCdKndC=P13937-A13937&npayUseYn=Y&utm_source=sa_naver_cs&utm_medium=cpc&utm_campaign=m_card_application_cashback&utm_content=localikit12&utm_term=%EC%8B%A0%EC%9A%A9%EC%B9%B4%EB%93%9C","true","2026-06-11T13:04:13.065Z"
"naver-card-1408","1408","신한카드 Mr.Life","신한","credit","active_or_unknown","ready_for_review","100","Mr.Life와 함께하는 실속있는 할인라이프","15000","15000","18000","","300000","50000","2015-07-27","https://vertical.pstatic.net/vertical-cardad/creatives/SH/1408/SH_1408_20230213-143750_ver.png","https://www.shinhancard.com/pconts/html/card/apply/credit/1187937_2207.html?EntryLoc1=2774&empSeq=502&btnApp=Dp1&utm_source=naver_credit&utm_medium=cpc&utm_campaign=online_mobile_mrlife","true","2026-06-11T13:04:13.065Z"
"naver-card-1294","1294","KB국민 굿데이올림카드","KB국민","credit","active_or_unknown","ready_for_review","80","혜택가득! 대형마트, 통신 10% 청구할인 카드","20000","","20000","","300000","","2015-02-12","https://vertical.pstatic.net/vertical-cardad/creatives/KB/1294/KB_1294_20230308-153427_hor.png","https://m.kbcard.com/CRD/DVIEW/MCAMCXHIACRC0002?allianceCode=09063&mainCC=b","true","2026-06-11T13:04:13.065Z"
"naver-card-10611","10611","KB국민 ALL point 카드","KB국민","credit","active_or_unknown","partial_review","70","전월 실적 없이 심플하게 적립하고, 할인혜택까지","20000","","20000","","300000","","2015-03-24","https://vertical.pstatic.net/vertical-cardad/creatives/KB/10611/KB_10611_20260514-155627_ver.png","https://m.kbcard.com/CRD/DVIEW/MCAMCXHIACRC0002?mainCC=b&allianceCode=09162&solicitorcode=7030023030&jehuId=NPAY","true","2026-06-11T13:04:13.065Z"
"naver-card-10375","10375","디지로카 Las Vegas","롯데","credit","active_or_unknown","ready_for_review","100","국내외 가맹점 최대 2% 할인 연최대 120만원","20000","20000","20000","13000","0","20000","2024-06-10","https://vertical.pstatic.net/vertical-cardad/creatives/LO/10375/LO_10375_20240614-140841_ver.png","http://m.lottecard.co.kr/spa/card/booth?bId=94076&vtCdKndC=P15584-A15584&npayUseYn=Y&utm_source=sa_naver_cs&utm_medium=cpc&utm_campaign=m_card_application&utm_content=2406_LasVegas_01&utm_term=신용카드","true","2026-06-11T13:04:13.065Z"
"naver-card-10303","10303","디지로카 Paris","롯데","credit","active_or_unknown","partial_review","70","온라인 쇼핑 이용 시 최대 5% 결제일 할인!","20000","20000","20000","13000","500000","","2023-11-02","https://vertical.pstatic.net/vertical-cardad/creatives/LO/10303/LO_10303_20231114-004652_ver.png","http://m.lottecard.co.kr/spa/card/booth?bId=92356&vtCdKndC=P14728-A14728&npayUseYn=Y&utm_source=sa_naver_cs&utm_medium=cpc&utm_campaign=m_card_application&utm_content=digilocaparis&utm_term=신용카드","true","2026-06-11T13:04:13.065Z"
"naver-card-10305","10305","디지로카 Monaco","롯데","credit","active_or_unknown","ready_for_review","80","카드 하나로 누리는 프리미엄 쇼핑 라이프","125000","125000","125000","20000","1000000","","2023-11-01","https://vertical.pstatic.net/vertical-cardad/creatives/LO/10305/LO_10305_20231114-025827_ver.png","http://m.lottecard.co.kr/spa/card/booth?bId=92358&vtCdKndC=P14724-A14724&npayUseYn=Y&utm_source=sa_naver_cs&utm_medium=cpc&utm_campaign=m_card_application&utm_content=digilocamonaco&utm_term=신용카드","true","2026-06-11T13:04:13.065Z"
"naver-card-10141","10141","LOCA 365","롯데","credit","active_or_unknown","ready_for_review","95","LOCA 365 연 최대 438,000원 할인!","20000","20000","20000","13000","500000","20000","2022-02-14","https://vertical.pstatic.net/vertical-cardad/creatives/LO/10141/LO_10141_20220401-175950_hor.png","https://m.lottecard.co.kr/spa/card/booth?bId=74797&vtCdKndC=P14028-A14028&npayUseYn=Y&utm_source=sa_naver_cs&utm_medium=cpc&utm_campaign=m_card_application&utm_content=loca365&utm_term=%EC%8B%A0%EC%9A%A9%EC%B9%B4%EB%93%9C","true","2026-06-11T13:04:13.065Z"
"naver-card-10615","10615","LOCA LIKIT 1.5","롯데","credit","active_or_unknown","partial_review","70","국내가맹점 0.8%, 해외가맹점 1.5% 할인!","10000","10000","10000","","0","","2026-04-07","https://vertical.pstatic.net/vertical-cardad/creatives/LO/10615/LO_10615_20260423-162227_ver.png","http://m.lottecard.co.kr/spa/card/booth?bId=105292&vtCdKndC=P15830-A15830&utm_source=sa_naver_cs&utm_medium=cpc&utm_campaign=m_card_application&utm_content=2604_likit1.5_01&utm_term=신용카드","true","2026-06-11T13:04:13.065Z"
"naver-card-1684","1684","롯데백화점 롯데카드","롯데","credit","active_or_unknown","ready_for_review","95","롯데카드로 롯데백화점 15% 청구할인 받기!","10000","10000","15000","","300000","10000","2016-11-30","https://vertical.pstatic.net/vertical-cardad/creatives/LO/1684/LO_1684_20220915-160142_hor.png","https://m.lottecard.co.kr/app/LPBOHAA_V100.lc?bId=25335&vtCdKndC=P11714-A11714&utm_source=sa_naver_cs&utm_medium=cpc&utm_campaign=m_card_cashback&utm_content=lottedepartment&utm_term=%EC%8B%A0%EC%9A%A9%EC%B9%B4%EB%93%9C","true","2026-06-11T13:04:13.065Z"
"naver-card-10309","10309","LG U+ X LOCA","롯데","credit","active_or_unknown","ready_for_review","100","유무선 구분 없이 LG U+ 최대 2만원 할인","20000","20000","20000","","300000","20000","2022-03-02","https://vertical.pstatic.net/vertical-cardad/creatives/LO/10309/LO_10309_20231130-001110_hor.png","http://m.lottecard.co.kr/spa/card/booth?bId=92457&vtCdKndC=P14073-A14073&npayUseYn=Y","true","2026-06-11T13:04:13.065Z"
"naver-card-10307","10307","롯데카드 텔로 SE","롯데","credit","active_or_unknown","ready_for_review","100","SKT 고객에게 딱 맞는 맞춤 할인 카드","25000","25000","25000","","400000","13000","2020-03-06","https://vertical.pstatic.net/vertical-cardad/creatives/LO/10307/LO_10307_20231121-040446_ver.png","http://m.lottecard.co.kr/spa/card/booth?bId=92455&vtCdKndC=P13248-A13248&npayUseYn=Y","true","2026-06-11T13:04:13.065Z"
"naver-card-1531","1531","삼성카드 taptap S","삼성","credit","active_or_unknown","partial_review","70","포인트가 곧 현금! 전월실적없이 알아서 1%적립","10000","10000","10000","","0","","2016-04-11","https://vertical.pstatic.net/vertical-cardad/creatives/SS/1531/SS_1531_20221229-134657_hor.png","https://www.samsungcard.com/personal/card/simple-apply/UHPPCA0225M0.jsp?code=AAP1482&alncmpC=QACDMB23&affcode=QACDMB23&BSCPN=BCTS&BSPRG=MNAVERCARD&BSCCN1=MB_%EC%8B%A0%EA%B2%80_AAP1482_%EC%82%BC%EC%84%B1%EC%B9%B4%EB%93%9C%20taptap%20S&utm_campaign=%EC%82%BC%EC%84%B1%EC%B9%B4%EB%93%9C%20taptap%20S&utm_medium=CSA&utm_source=%EB%84%A4%EC%9D%B4%EB%B2%84%20%EC%8B%A0%EC%9A%A9%EC%B9%B4%EB%93%9C%20%EA%B2%80%EC%83%89%20%EB%AA%A8%EB%B0%94%EC%9D%BC&utm_term={query}","true","2026-06-11T13:04:13.065Z"
"naver-card-2776","2776","네이버페이 taptap","삼성","credit","active_or_unknown","partial_review","70","라이프스타일에 따라 네이버페이 포인트 적립","15000","15000","15000","","300000","","2017-11-17","https://vertical.pstatic.net/vertical-cardad/creatives/SS/2776/SS_2776_20230103-175020_hor.png","https://pay.naver.com/send/m/credit-card/samsung/apply?affcode=QACDMB20&cmpid=QACDMB20&BSCPN=BCTS&BSPRG=MNAVERCARD&BSCCN1=MB_%EC%8B%A0%EA%B2%80_QANSSGNMB_%EB%84%A4%EC%9D%B4%EB%B2%84%ED%8E%98%EC%9D%B4%20taptap&utm_source=naver&utm_medium=mcredit&utm_campaign=naverpaytaptap","true","2026-06-11T13:04:13.065Z"
"naver-card-3881","3881","taptap DRIVE","삼성","credit","active_or_unknown","ready_for_review","100","모든 주유소에서 혜택 탑승!","10000","10000","10000","","300000","15000","2020-07-06","https://vertical.pstatic.net/vertical-cardad/creatives/SS/3881/SS_3881_20260409-133035_ver.png","https://www.samsungcard.com/personal/card/simple-apply/UHPPCA0225M0.jsp?code=AAP1667&alncmpC=QACDMB18&affcode=QACDMB18&BSCPN=BCTS&BSPRG=MNAVERCARD&BSCCN1=MB_%EC%8B%A0%EA%B2%80_AAP1667_taptap%20DRIVE&utm_campaign=taptap%20DRIVE&utm_medium=CSA&utm_source=%EB%84%A4%EC%9D%B4%EB%B2%84%20%EC%8B%A0%EC%9A%A9%EC%B9%B4%EB%93%9C%20%EA%B2%80%EC%83%89%20%EB%AA%A8%EB%B0%94%EC%9D%BC&utm_term={query}","true","2026-06-11T13:04:13.065Z"
"naver-card-3896","3896","taptap SHOPPING","삼성","credit","active_or_unknown","ready_for_review","100","쇼핑의, 쇼핑에 의한, 쇼핑을 위한 삼성카드","10000","10000","10000","","300000","300000","2020-07-06","https://vertical.pstatic.net/vertical-cardad/creatives/SS/3896/SS_3896_20230103-174943_hor.png","https://www.samsungcard.com/personal/card/simple-apply/UHPPCA0225M0.jsp?code=AAP1668&alncmpC=QACDMB06&affcode=QACDMB06&BSCPN=BCTS&BSPRG=MNAVERCARD&BSCCN1=MB_%EC%8B%A0%EA%B2%80_AAP1668_taptap%20SHOPPING&utm_campaign=taptap%20SHOPPING&utm_medium=CSA&utm_source=%EB%84%A4%EC%9D%B4%EB%B2%84%20%EC%8B%A0%EC%9A%A9%EC%B9%B4%EB%93%9C%20%EA%B2%80%EC%83%89%20%EB%AA%A8%EB%B0%94%EC%9D%BC&utm_term={query}","true","2026-06-11T13:04:13.065Z"
"naver-card-1695","1695","삼성페이 삼성카드 taptap","삼성","credit","active_or_unknown","ready_for_review","100","삼성페이로 스마트한 결제, 할인은 더 크게!","10000","10000","10000","","300000","5000","2017-02-28","https://vertical.pstatic.net/vertical-cardad/creatives/SS/1695/SS_1695_20230103-175044_hor.png","https://www.samsungcard.com/personal/card/simple-apply/UHPPCA0225M0.jsp?code=AAP1521&alncmpC=QACDMB20&affcode=QACDMB20&BSCPN=BCTS&BSPRG=MNAVERCARD&BSCCN1=MB_%EC%8B%A0%EA%B2%80_AAP1521_%EC%82%BC%EC%84%B1%ED%8E%98%EC%9D%B4%20%EC%82%BC%EC%84%B1%EC%B9%B4%EB%93%9C%20taptap&utm_campaign=%EC%82%BC%EC%84%B1%ED%8E%98%EC%9D%B4%20%EC%82%BC%EC%84%B1%EC%B9%B4%EB%93%9C%20taptap&utm_medium=CSA&utm_source=%EB%84%A4%EC%9D%B4%EB%B2%84%20%EC%8B%A0%EC%9A%A9%EC%B9%B4%EB%93%9C%20%EA%B2%80%EC%83%89%20%EB%AA%A8%EB%B0%94%EC%9D%BC&utm_term={query}","true","2026-06-11T13:04:13.065Z"
"naver-card-3857","3857","taptap DIGITAL","삼성","credit","active_or_unknown","ready_for_review","80","하루 종일 즐거운 디지털 혜택!","10000","10000","10000","","300000","","2020-07-06","https://vertical.pstatic.net/vertical-cardad/creatives/SS/3857/SS_3857_20230103-174906_hor.png","https://www.samsungcard.com/personal/card/simple-apply/UHPPCA0225M0.jsp?code=AAP1666&alncmpC=QACDMB07&affcode=QACDMB07&BSCPN=BCTS&BSPRG=MNAVERCARD&BSCCN1=MB_%EC%8B%A0%EA%B2%80_AAP1666_taptap%20DIGITAL&utm_campaign=taptap%20DIGITAL&utm_medium=CSA&utm_source=%EB%84%A4%EC%9D%B4%EB%B2%84%20%EC%8B%A0%EC%9A%A9%EC%B9%B4%EB%93%9C%20%EA%B2%80%EC%83%89%20%EB%AA%A8%EB%B0%94%EC%9D%BC&utm_term={query}","true","2026-06-11T13:04:13.065Z"
"naver-card-1597","1597","CU·배달의민족 삼성카드 taptap","삼성","credit","active_or_unknown","ready_for_review","100","CU도 배달의민족도, 탭할수록 더 할인!","10000","10000","10000","","300000","300000","2016-07-08","https://vertical.pstatic.net/vertical-cardad/creatives/SS/1597/SS_1597_20230103-174800_hor.png","https://www.samsungcard.com/personal/card/simple-apply/UHPPCA0225M0.jsp?code=AAP1501&alncmpC=QACDMB19&affcode=QACDMB19&BSCPN=BCTS&BSPRG=MNAVERCARD&BSCCN1=MB_%EC%8B%A0%EA%B2%80_AAP1501_CU%C2%B7%EB%B0%B0%EB%8B%AC%EC%9D%98%EB%AF%BC%EC%A1%B1%20%EC%82%BC%EC%84%B1%EC%B9%B4%EB%93%9C%20taptap&utm_campaign=CU%C2%B7%EB%B0%B0%EB%8B%AC%EC%9D%98%EB%AF%BC%EC%A1%B1%20%EC%82%BC%EC%84%B1%EC%B9%B4%EB%93%9C%20taptap&utm_medium=CSA&utm_source=%EB%84%A4%EC%9D%B4%EB%B2%84%20%EC%8B%A0%EC%9A%A9%EC%B9%B4%EB%93%9C%20%EA%B2%80%EC%83%89%20%EB%AA%A8%EB%B0%94%EC%9D%BC&utm_term={query}","true","2026-06-11T13:04:13.065Z"
"naver-card-10157","10157","삼성 iD SIMPLE 카드","삼성","credit","active_or_unknown","ready_for_review","100","국내외가맹점에서 한도없이 할인 받는 카드!","7000","7000","7000","","0","100000","2022-06-02","https://vertical.pstatic.net/vertical-cardad/creatives/SS/10157/SS_10157_20230103-181148_ver.png","https://www.samsungcard.com/personal/card/simple-apply/UHPPCA0225M0.jsp?code=AAP1767&alncmpC=QACDMB26&affcode=QACDMB26&BSCPN=BCTS&BSPRG=MNAVERCARD&BSCCN1=MB_%EC%8B%A0%EA%B2%80_AAP1767_%EC%82%BC%EC%84%B1%20iD%20SIMPLE%20%EC%B9%B4%EB%93%9C&utm_campaign=%EC%82%BC%EC%84%B1%20iD%20SIMPLE%20%EC%B9%B4%EB%93%9C&utm_medium=CSA&utm_source=%EB%84%A4%EC%9D%B4%EB%B2%84%20%EC%8B%A0%EC%9A%A9%EC%B9%B4%EB%93%9C%20%EA%B2%80%EC%83%89%20%EB%AA%A8%EB%B0%94%EC%9D%BC&utm_term={query}","true","2026-06-11T13:04:13.065Z"
"naver-card-10102","10102","삼성 iD ON 카드","삼성","credit","active_or_unknown","ready_for_review","100","내 취향을 알아서 챙기는 똑똑한 삼성 iD ON","20000","20000","20000","13000","300000","10000","2021-09-01","https://vertical.pstatic.net/vertical-cardad/creatives/SS/10102/SS_10102_20230217-102927_ver.png","https://www.samsungcard.com/personal/card/simple-apply/UHPPCA0225M0.jsp?code=AAP1731&alncmpC=QACDMB01&affcode=QACDMB01&BSCPN=BCTS&BSPRG=MNAVERCARD&BSCCN1=MB_%EC%8B%A0%EA%B2%80_AAP1731_%EC%82%BC%EC%84%B1%20iD%20ON%20%EC%B9%B4%EB%93%9C&utm_campaign=%EC%82%BC%EC%84%B1%20iD%20ON%20%EC%B9%B4%EB%93%9C&utm_medium=CSA&utm_source=%EB%84%A4%EC%9D%B4%EB%B2%84%20%EC%8B%A0%EC%9A%A9%EC%B9%B4%EB%93%9C%20%EA%B2%80%EC%83%89%20%EB%AA%A8%EB%B0%94%EC%9D%BC&utm_term={query}","true","2026-06-11T13:04:13.065Z"
"naver-card-10522","10522","삼성 iD SELECT ALL 카드","삼성","credit","active_or_unknown","ready_for_review","80","고정지출 다이어트에는 삼성 iD 셀렉트 올 카드","20000","20000","20000","","400000","","2025-07-02","https://vertical.pstatic.net/vertical-cardad/creatives/SS/10522/SS_10522_20250901-105649_ver.png","https://www.samsungcard.com/personal/card/simple-apply/UHPPCA0225M0.jsp?code=AAP1875&alncmpC=QACDMB22&affcode=QACDMB22&BSCPN=BCTS&BSPRG=MNAVERCARD&BSCCN1=MB_%EC%8B%A0%EA%B2%80_AAP1875_%EC%85%80%EC%98%AC&utm_campaign=%EC%85%80%EC%98%AC&utm_medium=CSA&utm_source=%EB%84%A4%EC%9D%B4%EB%B2%84%20%EC%8B%A0%EC%9A%A9%EC%B9%B4%EB%93%9C%20%EA%B2%80%EC%83%89%20%EB%AA%A8%EB%B0%94%EC%9D%BC&utm_term={query}","true","2026-06-11T13:04:13.065Z"
"naver-card-10343","10343","삼성 iD GLOBAL 카드","삼성","credit","active_or_unknown","ready_for_review","100","열심히 일한 당신 떠난다면 GLOBAL로 할인!","20000","20000","20000","","500000","300000","2024-01-30","https://vertical.pstatic.net/vertical-cardad/creatives/SS/10343/SS_10343_20240329-110153_ver.png","https://www.samsungcard.com/personal/card/simple-apply/UHPPCA0225M0.jsp?code=AAP1824&alncmpC=QACDMB38&affcode=QACDMB38&BSCPN=BCTS&BSPRG=MNAVERCARD&BSCCN1=MB_%EC%8B%A0%EA%B2%80_AAP1824_%EC%82%BC%EC%84%B1%20iD%20GLOBAL%20%EC%B9%B4%EB%93%9C&utm_campaign=%EC%82%BC%EC%84%B1%20iD%20GLOBAL%20%EC%B9%B4%EB%93%9C&utm_medium=CSA&utm_source=%EB%84%A4%EC%9D%B4%EB%B2%84%20%EC%8B%A0%EC%9A%A9%EC%B9%B4%EB%93%9C%20%EA%B2%80%EC%83%89%20%EB%AA%A8%EB%B0%94%EC%9D%BC&utm_term={query}","true","2026-06-11T13:04:13.065Z"
"naver-card-10328","10328","삼성 iD PLUG-IN 카드","삼성","credit","active_or_unknown","ready_for_review","80","PLUG IN하면 전기차충전 최대40%할인혜택!","20000","20000","20000","","400000","","2024-02-14","https://vertical.pstatic.net/vertical-cardad/creatives/SS/10328/SS_10328_20240306-145101_ver.png","https://www.samsungcard.com/personal/card/simple-apply/UHPPCA0225M0.jsp?code=AAP1825&alncmpC=QACDMB03&affcode=QACDMB03&BSCPN=BCTS&BSPRG=MNAVERCARD&BSCCN1=MB_%EC%8B%A0%EA%B2%80_AAP1825_%EC%82%BC%EC%84%B1%20iD%20PLUG-IN%20%EC%B9%B4%EB%93%9C&utm_campaign=%EC%82%BC%EC%84%B1%20iD%20PLUG-IN%20%EC%B9%B4%EB%93%9C&utm_medium=CSA&utm_source=%EB%84%A4%EC%9D%B4%EB%B2%84%20%EC%8B%A0%EC%9A%A9%EC%B9%B4%EB%93%9C%20%EA%B2%80%EC%83%89%20%EB%AA%A8%EB%B0%94%EC%9D%BC&utm_term={query}","true","2026-06-11T13:04:13.065Z"
"naver-card-3717","3717","KB국민 Easy all 티타늄카드","KB국민","credit","active_or_unknown","ready_for_review","100","다양하게, 자유롭게 받는 혜택 Easy all","30000","30000","30000","","500000","4000","2020-06-18","https://vertical.pstatic.net/vertical-cardad/creatives/KB/3717/KB_3717_20230308-152833_hor.png","https://m.kbcard.com/CRD/DVIEW/MCAMCXHIACRC0002?allianceCode=09256&mainCC=b","true","2026-06-11T13:04:13.065Z"
"naver-card-3638","3638","KB국민 마이핏카드(할인형)","KB국민","credit","active_or_unknown","partial_review","70","나에게 꼭 필요한 맞춤형 생활 할인 카드!","10000","10000","10000","","300000","","2020-05-25","https://vertical.pstatic.net/vertical-cardad/creatives/KB/3638/KB_3638_20230308-153603_hor.png","https://m.kbcard.com/CRD/DVIEW/MCAMCXHIACRC0002?allianceCode=09248&mainCC=b","true","2026-06-11T13:04:13.065Z"
"naver-card-2856","2856","KB국민 Easy on카드","KB국민","credit","active_or_unknown","partial_review","70","한장으로 끝! 온·오프라인 할인 혜택 ON!","20000","20000","20000","","500000","","2019-06-27","https://vertical.pstatic.net/vertical-cardad/creatives/KB/2856/KB_2856_20230308-152844_hor.png","https://m.kbcard.com/CRD/DVIEW/MCAMCXHIACRC0002?allianceCode=09244&mainCC=b","true","2026-06-11T13:04:13.065Z"
"naver-card-1451","1451","KB국민 다담카드","KB국민","credit","active_or_unknown","ready_for_review","100","주유,영화 등 청구할인+ 최대7% 선택적립까지!","15000","15000","20000","","300000","5000","2015-11-06","https://vertical.pstatic.net/vertical-cardad/creatives/KB/1451/KB_1451_20240126-112342_hor.png","https://m.kbcard.com/CXHIACRC0002.cms?mainCC=b&allianceCode=09169&solicitorcode=7030023030","true","2026-06-11T13:04:13.065Z"
"naver-card-10566","10566","KB국민 NEED Edu카드","KB국민","credit","active_or_unknown","ready_for_review","100","KBPay 결제시, 교육비 최대 10% 청구할인","25000","25000","26000","","400000","5000","2025-11-28","https://vertical.pstatic.net/vertical-cardad/creatives/KB/10566/KB_10566_20251218-161408_ver.png","https://m.kbcard.com/CRD/DVIEW/MCAMCXHIACRC0002?mainCC=b&allianceCode=09790","true","2026-06-11T13:04:13.065Z"
"naver-card-10558","10558","KB국민 YOU Prime카드","KB국민","credit","active_or_unknown","partial_review","70","일상팩과 가족팩, 나에게 맞는 영역 할인 선택!","30000","30000","30000","","400000","","2025-11-28","https://vertical.pstatic.net/vertical-cardad/creatives/KB/10558/KB_10558_20251218-133931_ver.png","https://m.kbcard.com/CRD/DVIEW/MCAMCXHIACRC0002?mainCC=b&allianceCode=09771&solicitorcode=7030023030&jehuId=NPAY","true","2026-06-11T13:04:13.065Z"
"naver-card-10616","10616","LOCA LIKIT 2.0","롯데","credit","active_or_unknown","partial_review","70","국내가맹점 1.2%, 해외가맹점 2% 할인!","20000","20000","20000","","0","","2026-04-07","https://vertical.pstatic.net/vertical-cardad/creatives/LO/10616/LO_10616_20260423-171251_ver.png","http://m.lottecard.co.kr/spa/card/booth?bId=105293&vtCdKndC=P15835-A15835&utm_source=sa_naver_cs&utm_medium=cpc&utm_campaign=m_card_application&utm_content=2604_likit2.0_01&utm_term=신용카드","true","2026-06-11T13:04:13.065Z"
"naver-card-10107","10107","LOCA LIKIT Shop","롯데","credit","active_or_unknown","ready_for_review","95","쇼퍼홀릭, 쇼핑 없이 못사는 당신을 위한 혜택!","10000","10000","10000","","400000","10000","2021-09-15","https://vertical.pstatic.net/vertical-cardad/creatives/LO/10107/LO_10107_20211111-174314_ver.png","http://m.lottecard.co.kr/spa/card/booth?bId=102811&vtCdKndC=P13955-A13955&npayUseYn=Y&utm_source=sa_naver_cs&utm_medium=cpc&utm_campaign=m_card_cashback&utm_content=localikitshop&utm_term=%EC%8B%A0%EC%9A%A9%EC%B9%B4%EB%93%9C","true","2026-06-11T13:04:13.065Z"
"naver-card-10108","10108","LOCA LIKIT Play","롯데","credit","active_or_unknown","ready_for_review","95","활발한 당신을 위한 혜택, 지금 바로 Play!","10000","10000","10000","","400000","10000","2021-09-15","https://vertical.pstatic.net/vertical-cardad/creatives/LO/10108/LO_10108_20211111-182305_ver.png","http://m.lottecard.co.kr/spa/card/booth?bId=102810&vtCdKndC=P13949-A13949&npayUseYn=Y&utm_source=sa_naver_cs&utm_medium=cpc&utm_campaign=m_card_cashback&utm_content=localikitplay&utm_term=%EC%8B%A0%EC%9A%A9%EC%B9%B4%EB%93%9C","true","2026-06-11T13:04:13.065Z"
"naver-card-10106","10106","LOCA LIKIT Eat","롯데","credit","active_or_unknown","ready_for_review","95","쩝쩝박사들 집중! 먹고 마시고 60% 할인 받고","10000","10000","10000","0","400000","10000","2021-09-15","https://vertical.pstatic.net/vertical-cardad/creatives/LO/10106/LO_10106_20211111-171423_ver.png","http://m.lottecard.co.kr/spa/card/booth?bId=102809&vtCdKndC=P13943-A13943&npayUseYn=Y&utm_source=sa_naver_cs&utm_medium=cpc&utm_campaign=m_card_cashback&utm_content=localikiteat&utm_term=%EC%8B%A0%EC%9A%A9%EC%B9%B4%EB%93%9C","true","2026-06-11T13:04:13.065Z"
"naver-card-10071","10071","LOCA LIKIT","롯데","credit","active_or_unknown","ready_for_review","95","한장에 담긴 생활 속 필수 할인 혜택!","10000","10000","10000","","400000","10000","2021-06-18","https://vertical.pstatic.net/vertical-cardad/creatives/LO/10071/LO_10071_20210802-162442_ver.png","https://m.lottecard.co.kr/spa/card/booth?bId=70893&vtCdKndC=P13746-A13746&npayUseYn=Y&utm_source=sa_naver_cs&utm_medium=cpc&utm_campaign=m_card_cashback&utm_content=localikit&utm_term=%EC%8B%A0%EC%9A%A9%EC%B9%B4%EB%93%9C","true","2026-06-11T13:04:13.065Z"
"naver-card-10310","10310","KT DC PLUS 롯데카드","롯데","credit","active_or_unknown","ready_for_review","80","유무선 구분 없는 KT 통신비 할인 카드","20000","20000","20000","","400000","20000","2023-07-14","https://vertical.pstatic.net/vertical-cardad/creatives/LO/10310/LO_10310_20231130-011130_ver.png","http://m.lottecard.co.kr/spa/card/booth?bId=92456&vtCdKndC=P14445-A14445&npayUseYn=Y","true","2026-06-11T13:04:13.065Z"
"naver-card-2337","2337","신한카드 Deep Oil","신한","credit","active_or_unknown","ready_for_review","100","Deep Oil과 함께하는 스마트한 운전생활","10000","10000","13000","","300000","150000","2018-02-13","https://vertical.pstatic.net/vertical-cardad/creatives/SH/2337/SH_2337_20240105-105602_ver.png","https://www.shinhancard.com/pconts/html/card/apply/credit/1188274_2207.html?EntryLoc2=2871&empSeq=855&btnApp=DP0A1Q3&utm_source=naver_credit&utm_medium=cpc&utm_campaign=online_mo_deepoil","true","2026-06-11T13:04:13.065Z"
"naver-card-10218","10218","신한카드 EVerywhere","신한","credit","active_or_unknown","ready_for_review","80","알뜰한 전기차 생활의 시작, EVerywhere","19000","19000","22000","","400000","","2022-11-23","https://vertical.pstatic.net/vertical-cardad/creatives/SH/10218/SH_10218_20250429-174117_ver.png","https://www.shinhancard.com/pconts/html/card/apply/credit/1219683_2207.html?empSeq=502&utm_source=naver_credit&utm_medium=cpc&utm_campaign=online_mobile_Everywhere","true","2026-06-11T13:04:13.065Z"
"naver-card-1571","1571","신한카드 RPM+ Platinum#","신한","credit","active_or_unknown","ready_for_review","100","주유할 때마다 쌓이는 포인트, RPM+로 달리기","32000","32000","35000","","500000","300000","2016-04-27","https://vertical.pstatic.net/vertical-cardad/creatives/SH/1571/SH_1571_20221220-111828_ver.png","https://www.shinhancard.com/pconts/html/card/apply/credit/1187945_2207.html?EntryLoc2=2795&empSeq=957&btnApp=dp01&utm_source=naver_credit&utm_medium=cpc&utm_campaign=online_mobile_rpm","true","2026-06-11T13:04:13.065Z"
"naver-card-10589","10589","신한카드 Simple Plan","신한","credit","active_or_unknown","partial_review","65","실적 없이 한도 없이 Simple하게 할인","15000","15000","18000","0","0","","2026-02-04","https://vertical.pstatic.net/vertical-cardad/creatives/SH/10589/SH_10589_20260508-114342_ver.png","https://www.shinhancard.com/pconts/html/card/apply/credit/1237253_2207.html?EntryLoc2=4486&empSeq=502&utm_source=naver_credit&utm_medium=cpc&utm_campaign=online_mobile_simpleplan","true","2026-06-11T13:04:13.065Z"
"naver-card-10355","10355","신한카드 K-패스","신한","credit","active_or_unknown","ready_for_review","100","교통비부터 생활비까지 K-패스로 ALL PASS","7000","7000","10000","","300000","300000","2024-03-27","https://vertical.pstatic.net/vertical-cardad/creatives/SH/10355/SH_10355_20240503-190550_ver.png","https://www.shinhancard.com/pconts/html/card/apply/credit/1225543_2207.html?EntryLoc2=3460&empSeq=515&btnApp=L0S1H3&utm_source=naver_credit&utm_medium=cpc&utm_campaign=online_mo_kpass&utm_term={keyword}","true","2026-06-11T13:04:13.065Z"
"naver-card-10590","10590","신한카드 Simple Plan+","신한","credit","active_or_unknown","partial_review","65","실적, 한도 없이 할인, Simple Plan+","47000","47000","50000","0","0","","2026-02-04","https://vertical.pstatic.net/vertical-cardad/creatives/SH/10590/SH_10590_20260309-131402_ver.png","https://www.shinhancard.com/pconts/html/card/apply/credit/1237252_2207.html?EntryLoc2=4487&empSeq=502&utm_source=naver_credit&utm_medium=cpc&utm_campaign=online_mobile_simpleplan+","true","2026-06-11T13:04:13.065Z"
"naver-card-10176","10176","LOCA 나누기 카드","롯데","credit","active_or_unknown","partial_review","70","필요할 때마다 부담 없이 3개월, 6개월 나누기","20000","20000","20000","13000","0","","2022-07-04","https://vertical.pstatic.net/vertical-cardad/creatives/LO/10176/LO_10176_20220823-135019_hor.png","https://m.lottecard.co.kr/spa/card/booth?bId=78676&vtCdKndC=P14123-A14123&npayUseYn=Y&utm_source=sa_naver_cs&utm_medium=cpc&utm_campaign=m_card_application&utm_content=locadivide&utm_term=%EC%8B%A0%EC%9A%A9%EC%B9%B4%EB%93%9C","true","2026-06-11T13:04:13.065Z"
"naver-card-3856","3856","LOCA CLASSIC (로카 클래식)","롯데","credit","active_or_unknown","partial_review","65","한도 없이 국내외 가맹점 최대 1% 결제일 할인","20000","20000","20000","","1500000","","2020-08-07","https://vertical.pstatic.net/vertical-cardad/creatives/LO/3856/LO_3856_hor.png","https://m.lottecard.co.kr/spa/card/booth?bId=102805&vtCdKndC=P13379-A13379&npayUseYn=Y&utm_source=sa_naver_cs&utm_medium=cpc&utm_campaign=m_card&utm_content=locaclassic&utm_term=%EC%8B%A0%EC%9A%A9%EC%B9%B4%EB%93%9C","true","2026-06-11T13:04:13.065Z"
"naver-card-10033","10033","LOCA MONEY (로카 머니)","롯데","credit","active_or_unknown","manual_required","50","열정적인 당신을 위한 한도없는 로카머니 혜택","20000","20000","20000","","0","","2020-12-28","https://vertical.pstatic.net/vertical-cardad/creatives/LO/10033/LO_10033_20210202-194432_hor.png","http://m.lottecard.co.kr/spa/card/booth?bId=102807&vtCdKndC=P13561-A13561&npayUseYn=Y&utm_source=sa_naver_cs&utm_medium=cpc&utm_campaign=m_card&utm_content=LOCAMONEY&utm_term=%EC%8B%A0%EC%9A%A9%EC%B9%B4%EB%93%9C","true","2026-06-11T13:04:13.065Z"
"naver-card-10029","10029","LOCA 100","롯데","credit","active_or_unknown","ready_for_review","95","선넘은 카드의 일당백 할인 혜택","20000","20000","20000","0","750000","20000","2021-01-05","https://vertical.pstatic.net/vertical-cardad/creatives/LO/10029/LO_10029_20210126-154759_hor.png","https://m.lottecard.co.kr/spa/card/booth?bId=102806&vtCdKndC=P13586-A13586&npayUseYn=Y&utm_source=sa_naver_cs&utm_medium=cpc&utm_campaign=m_card&utm_content=LOCA100&utm_term=%EC%8B%A0%EC%9A%A9%EC%B9%B4%EB%93%9C","true","2026-06-11T13:04:13.065Z"
"naver-card-10256","10256","삼성 iD VITA 카드","삼성","credit","active_or_unknown","ready_for_review","80","건강한 일상을 담은 삼성 iD VITA 카드","20000","20000","20000","","500000","","2023-03-24","https://vertical.pstatic.net/vertical-cardad/creatives/SS/10256/SS_10256_20230602-133911_ver.png","https://www.samsungcard.com/personal/card/simple-apply/UHPPCA0225M0.jsp?code=AAP1790&alncmpC=QACDMB36&affcode=QACDMB36&BSCPN=BCTS&BSPRG=MNAVERCARD&BSCCN1=MB_%EC%8B%A0%EA%B2%80_AAP1790_%EC%82%BC%EC%84%B1%20iD%20VITA%20%EC%B9%B4%EB%93%9C&utm_campaign=%EC%82%BC%EC%84%B1%20iD%20VITA%20%EC%B9%B4%EB%93%9C&utm_medium=CSA&utm_source=%EB%84%A4%EC%9D%B4%EB%B2%84%20%EC%8B%A0%EC%9A%A9%EC%B9%B4%EB%93%9C%20%EA%B2%80%EC%83%89%20%EB%AA%A8%EB%B0%94%EC%9D%BC&utm_term={query}","true","2026-06-11T13:04:13.065Z"
"naver-card-10184","10184","삼성 iD PET 카드","삼성","credit","active_or_unknown","ready_for_review","80","나와 내 반려동물까지 All Care!","15000","15000","15000","","400000","","2022-08-02","https://vertical.pstatic.net/vertical-cardad/creatives/SS/10184/SS_10184_20221004-224031_ver.png","https://www.samsungcard.com/personal/card/simple-apply/UHPPCA0225M0.jsp?code=AAP1773&alncmpC=QACDMB17&affcode=QACDMB17&BSCPN=BCTS&BSPRG=MNAVERCARD&BSCCN1=MB_%EC%8B%A0%EA%B2%80_AAP1773_%EC%82%BC%EC%84%B1%20iD%20PET%20%EC%B9%B4%EB%93%9C&utm_campaign=%EC%82%BC%EC%84%B1%20iD%20PET%20%EC%B9%B4%EB%93%9C&utm_medium=CSA&utm_source=%EB%84%A4%EC%9D%B4%EB%B2%84%20%EC%8B%A0%EC%9A%A9%EC%B9%B4%EB%93%9C%20%EA%B2%80%EC%83%89%20%EB%AA%A8%EB%B0%94%EC%9D%BC&utm_term={query}","true","2026-06-11T13:04:13.065Z"
"naver-card-10462","10462","삼성 iD STATION 카드 (SK에너지)","삼성","credit","active_or_unknown","ready_for_review","100","연료도 채우고 지갑도 채우는 iD스테이션 카드","15000","15000","15000","","400000","35000","2025-02-13","https://vertical.pstatic.net/vertical-cardad/creatives/SS/10462/SS_10462_20250306-235548_ver.png","https://www.samsungcard.com/personal/card/simple-apply/UHPPCA0225M0.jsp?code=AAP1855&alncmpC=QACDMB42&affcode=QACDMB42&BSCPN=BCTS&BSPRG=MNAVERCARD&BSCCN1=MB_%EC%8B%A0%EA%B2%80_AAP1855_%EC%82%BC%EC%84%B1%20iD%20STATION%20%EC%B9%B4%EB%93%9C%20%28SK%EC%97%90%EB%84%88%EC%A7%80%29&utm_campaign=%EC%82%BC%EC%84%B1%20iD%20STATION%20%EC%B9%B4%EB%93%9C%20%28SK%EC%97%90%EB%84%88%EC%A7%80%29&utm_medium=CSA&utm_source=%EB%84%A4%EC%9D%B4%EB%B2%84%20%EC%8B%A0%EC%9A%A9%EC%B9%B4%EB%93%9C%20%EA%B2%80%EC%83%89%20%EB%AA%A8%EB%B0%94%EC%9D%BC&utm_term={query}","true","2026-06-11T13:04:13.065Z"
"naver-card-10126","10126","삼성 iD ENERGY 카드","삼성","credit","active_or_unknown","ready_for_review","100","주유·주차장·통행료 등 운전자를 위한 맞춤 혜택","20000","20000","20000","","500000","5000","2021-12-02","https://vertical.pstatic.net/vertical-cardad/creatives/SS/10126/SS_10126_20221229-134439_ver.png","https://www.samsungcard.com/personal/card/simple-apply/UHPPCA0225M0.jsp?code=AAP1753&alncmpC=QACDMB04&affcode=QACDMB04&BSCPN=BCTS&BSPRG=MNAVERCARD&BSCCN1=MB_%EC%8B%A0%EA%B2%80_AAP1753_%EC%82%BC%EC%84%B1%20iD%20ENERGY%20%EC%B9%B4%EB%93%9C&utm_campaign=%EC%82%BC%EC%84%B1%20iD%20ENERGY%20%EC%B9%B4%EB%93%9C&utm_medium=CSA&utm_source=%EB%84%A4%EC%9D%B4%EB%B2%84%20%EC%8B%A0%EC%9A%A9%EC%B9%B4%EB%93%9C%20%EA%B2%80%EC%83%89%20%EB%AA%A8%EB%B0%94%EC%9D%BC&utm_term={query}","true","2026-06-11T13:04:13.065Z"
"naver-card-10237","10237","삼성 iD NOMAD 카드","삼성","credit","active_or_unknown","ready_for_review","100","여행/쇼핑 할인의 설렘을 가득 채운 한장의 카드","47000","47000","49000","","500000","5000","2022-12-22","https://vertical.pstatic.net/vertical-cardad/creatives/SS/10237/SS_10237_20230302-201230_ver.png","https://www.samsungcard.com/personal/card/simple-apply/UHPPCA0225M0.jsp?code=AAP1786&alncmpC=QACDMB20&affcode=QACDMB20&BSCPN=BCTS&BSPRG=MNAVERCARD&BSCCN1=MB_%EC%8B%A0%EA%B2%80_AAP1786_%EC%82%BC%EC%84%B1%20iD%20NOMAD%20%EC%B9%B4%EB%93%9C&utm_campaign=%EC%82%BC%EC%84%B1%20iD%20NOMAD%20%EC%B9%B4%EB%93%9C&utm_medium=CSA&utm_source=%EB%84%A4%EC%9D%B4%EB%B2%84%20%EC%8B%A0%EC%9A%A9%EC%B9%B4%EB%93%9C%20%EA%B2%80%EC%83%89%20%EB%AA%A8%EB%B0%94%EC%9D%BC&utm_term={query}","true","2026-06-11T13:04:13.065Z"
"naver-card-10103","10103","삼성 iD ALL 카드","삼성","credit","active_or_unknown","partial_review","70","나에게 딱 맞는 취향맞춤 기본템!","20000","20000","20000","","400000","","2021-09-01","https://vertical.pstatic.net/vertical-cardad/creatives/SS/10103/SS_10103_20230103-181015_ver.png","https://www.samsungcard.com/personal/card/simple-apply/UHPPCA0225M0.jsp?code=AAP1727&alncmpC=QACDMB02&affcode=QACDMB02&BSCPN=BCTS&BSPRG=MNAVERCARD&BSCCN1=MB_%EC%8B%A0%EA%B2%80_AAP1727_%EC%82%BC%EC%84%B1%20iD%20ALL%20%EC%B9%B4%EB%93%9C&utm_campaign=%EC%82%BC%EC%84%B1%20iD%20ALL%20%EC%B9%B4%EB%93%9C&utm_medium=CSA&utm_source=%EB%84%A4%EC%9D%B4%EB%B2%84%20%EC%8B%A0%EC%9A%A9%EC%B9%B4%EB%93%9C%20%EA%B2%80%EC%83%89%20%EB%AA%A8%EB%B0%94%EC%9D%BC&utm_term={query}","true","2026-06-11T13:04:13.065Z"
"naver-card-10406","10406","삼성 iD ONE 카드","삼성","credit","active_or_unknown","partial_review","70","4대 생활영역 빅포인트 10% 적립!","50000","50000","50000","","500000","","2024-07-26","https://vertical.pstatic.net/vertical-cardad/creatives/SS/10406/SS_10406_20240813-094155_ver.png","https://www.samsungcard.com/personal/card/simple-apply/UHPPCA0225M0.jsp?code=AAP1837&alncmpC=QACDMB22&affcode=QACDMB22&BSCPN=BCTS&BSPRG=MNAVERCARD&BSCCN1=MB_%EC%8B%A0%EA%B2%80_AAP1837_%EC%82%BC%EC%84%B1%20iD%20ONE%20%EC%B9%B4%EB%93%9C&utm_campaign=%EC%82%BC%EC%84%B1%20iD%20ONE%20%EC%B9%B4%EB%93%9C&utm_medium=CSA&utm_source=%EB%84%A4%EC%9D%B4%EB%B2%84%20%EC%8B%A0%EC%9A%A9%EC%B9%B4%EB%93%9C%20%EA%B2%80%EC%83%89%20%EB%AA%A8%EB%B0%94%EC%9D%BC&utm_term={query}","true","2026-06-11T13:04:13.065Z"
"naver-card-10523","10523","삼성 iD SELECT ON 카드","삼성","credit","active_or_unknown","ready_for_review","100","내 취향대로 금토일 2배 할인! iD 셀렉트 온","20000","20000","20000","","300000","300000","2025-07-02","https://vertical.pstatic.net/vertical-cardad/creatives/SS/10523/SS_10523_20250901-105713_ver.png","https://www.samsungcard.com/personal/card/simple-apply/UHPPCA0225M0.jsp?code=AAP1877&alncmpC=QACDMB24&affcode=QACDMB24&BSCPN=BCTS&BSPRG=MNAVERCARD&BSCCN1=MB_%EC%8B%A0%EA%B2%80_AAP1877_%EC%85%80%EC%98%A8&utm_campaign=%EC%85%80%EC%98%A8&utm_medium=CSA&utm_source=%EB%84%A4%EC%9D%B4%EB%B2%84%20%EC%8B%A0%EC%9A%A9%EC%B9%B4%EB%93%9C%20%EA%B2%80%EC%83%89%20%EB%AA%A8%EB%B0%94%EC%9D%BC&utm_term={query}","true","2026-06-11T13:04:13.065Z"
"naver-card-2348","2348","신한카드 경차사랑 Life","신한","check","active_or_unknown","ready_for_review","100","주유부터 생활까지, 신한 경차사랑 Life!","0","0","0","","300000","300000","2018-02-22","https://vertical.pstatic.net/vertical-cardad/creatives/SH/2348/SH_2348_hor.png","https://www.shinhancard.com/pconts/html/card/apply/credit/1188377_2207.html?EntryLoc2=2893&empSeq=502&btnApp=VJ1&utm_source=naver_credit&utm_medium=cpc&utm_campaign=online_mobile_smallcar","true","2026-06-11T13:04:13.065Z"
"naver-card-10485","10485","신한카드 Discount Plan+","신한","credit","active_or_unknown","ready_for_review","100","일상에 할인을 더하다 Discount Plan+","50000","50000","50000","0","400000","10000","2025-03-24","https://vertical.pstatic.net/vertical-cardad/creatives/SH/10485/SH_10485_20250425-160918_ver.png","https://www.shinhancard.com/pconts/html/card/apply/credit/1232390_2207.html?EntryLoc2=3537&empSeq=511&btnApp=DP1W&utm_source=naver_credit&utm_medium=cpc&utm_campaign=online_mo_discountplanplus&utm_content=card&utm_term={keyword}","true","2026-06-11T13:04:13.065Z"
"naver-card-10490","10490","신한카드 Discount Plan","신한","credit","active_or_unknown","ready_for_review","100","365일 할인과 함께, Discount Plan","15000","15000","15000","0","400000","10000","2025-03-24","https://vertical.pstatic.net/vertical-cardad/creatives/SH/10490/SH_10490_20250515-173049_ver.png","https://www.shinhancard.com/pconts/html/card/apply/credit/1232369_2207.html?EntryLoc2=3538&empSeq=507&btnApp=DP1W&utm_source=naver_credit&utm_medium=cpc&utm_campaign=online_mo_discountplan&utm_content=card&utm_term={keyword}","true","2026-06-11T13:04:13.065Z"
"naver-card-10402","10402","신한카드 Point Plan+","신한","credit","active_or_unknown","ready_for_review","100","매일 쌓이는 포인트 혜택, Point Plan+","30000","30000","33000","0","400000","1000","2024-06-20","https://vertical.pstatic.net/vertical-cardad/creatives/SH/10402/SH_10402_20240802-134435_ver.png","https://www.shinhancard.com/pconts/html/card/apply/credit/1228407_2207.html?utm_source=naver_credit&utm_medium=cpc&utm_campaign=online_mobile_pointplanplus","true","2026-06-11T13:04:13.065Z"
"naver-card-10327","10327","신한카드 Point Plan","신한","credit","active_or_unknown","ready_for_review","95","내가 필요한 곳에서 포인트 플랜 최대 3% 적립","20000","20000","23000","0","400000","10000","2024-01-29","https://vertical.pstatic.net/vertical-cardad/creatives/SH/10327/SH_10327_20240304-100741_ver.png","https://www.shinhancard.com/pconts/html/card/apply/credit/1226113_2207.html?EntryLoc2=3447&empSeq=509&btnApp=DP0A1Q3&utm_source=naver_credit&utm_medium=cpc&utm_campaign=online_mobile_pointplan","true","2026-06-11T13:04:13.065Z"
"naver-card-10409","10409","신한카드 Edu Plan+","신한","credit","active_or_unknown","ready_for_review","100","학원비는 물론 일상 캐시백까지! 에듀플랜+","40000","40000","43000","0","500000","90000","2024-07-01","https://vertical.pstatic.net/vertical-cardad/creatives/SH/10409/SH_10409_20240923-171225_ver.png","https://www.shinhancard.com/pconts/html/card/apply/credit/1228598_2207.html?EntryLoc2=3479&empSeq=507&btnApp=L0S1H3&utm_source=naver_credit&utm_medium=cpc&utm_campaign=online_mo_eduplanplus&utm_content=card&utm_term={keyword}","true","2026-06-11T13:04:13.065Z"
"naver-card-10444","10444","신한 후불 기후동행 신용카드","신한","credit","active_or_unknown","ready_for_review","100","가벼워지는 이동에 혜택을 더하다! 기후동행카드","9000","9000","12000","","400000","30000","2024-11-13","https://vertical.pstatic.net/vertical-cardad/creatives/SH/10444/SH_10444_20241204-102318_ver.png","https://www.shinhancard.com/pconts/html/card/apply/credit/1230340_2207.html?EntryLoc2=3502&empSeq=511&btnApp=L0S1H3&utm_source=naver_credit&utm_medium=cpc&utm_campaign=online_mo_climate&utm_content=card&utm_term={keyword}","true","2026-06-11T13:04:13.065Z"
"naver-card-1292","1292","신한카드 B.Big(삑)","신한","credit","active_or_unknown","ready_for_review","100","할인이 가득 채워지는 혜택맛집 신한 B.Big","10000","10000","13000","","300000","300000","2015-02-10","https://vertical.pstatic.net/vertical-cardad/creatives/SH/1292/SH_1292_hor.png","https://www.shinhancard.com/pconts/html/card/apply/credit/1187938_2207.html?EntryLoc2=2739&empSeq=501&btnApp=E0F1E3J4&utm_source=naver%5Fcredit&utm_medium=cpc&utm_campaign=online%5Fmobile%5Fbbig","true","2026-06-11T13:04:13.065Z"
"naver-card-10201","10201","티머니 Pay & GO 신한카드","신한","credit","active_or_unknown","ready_for_review","100","티머니 Pay&GO, 도심 속 알뜰 라이프 시작","15000","15000","18000","","300000","300000","2022-02-16","https://vertical.pstatic.net/vertical-cardad/creatives/SH/10201/SH_10201_20240415-144041_ver.png","https://www.shinhancard.com/pconts/html/card/apply/credit/1216792_2207.html?empSeq=506&btnApp=L0S1H3","true","2026-06-11T13:04:13.065Z"
"naver-card-10333","10333","DA카드의정석Ⅱ","우리","check","active_or_unknown","partial_review","70","DA 한 장이면 충분한 Discount All","12000","12000","12000","","300000","","2024-01-23","https://vertical.pstatic.net/vertical-cardad/creatives/WR/10333/WR_10333_20240325-114427_ver.png","https://m.wooricard.com/dcmw/yh1/crd/crd01/M1CRD101S02.do?cdPrdCd=102534&canvasser=88801075&utm_source=naver_cs&utm_medium=cpc&utm_campaign=M_%ec%b9%b4%eb%93%9c%ec%84%b9%ec%85%98&utm_content={keyword}&utm_term=DA%EC%B9%B4%EB%93%9C%EC%9D%98%EC%A0%95%EC%84%9D2","true","2026-06-11T13:04:13.065Z"
"naver-card-10345","10345","카드의정석 SHOPPING+","우리","check","active_or_unknown","ready_for_review","100","온오프라인 쇼핑 10% 할인 혜택","10000","10000","12000","","300000","50000","2023-09-04","https://vertical.pstatic.net/vertical-cardad/creatives/WR/10345/WR_10345_20240402-145101_ver.png","https://m.wooricard.com/dcmw/yh1/crd/crd01/M1CRD101S02.do?cdPrdCd=102492&canvasser=88801075&utm_source=naver_cs&utm_medium=cpc&utm_campaign=M_%EC%B9%B4%EB%93%9C%EC%84%B9%EC%85%98&utm_content={keyword}&utm_term=%EC%B9%B4%EB%93%9C%EC%9D%98%EC%A0%95%EC%84%9DSHOPPING+","true","2026-06-11T13:04:13.065Z"
"naver-card-10286","10286","카드의정석 EVERY MILE SKYPASS","우리","check","active_or_unknown","ready_for_review","100","마일리지 적립과 해외수수료 면제 혜택을 동시에","39000","39000","39000","19000","500000","1000","2023-07-24","https://vertical.pstatic.net/vertical-cardad/creatives/WR/10286/WR_10286_20250819-183749_ver.png","https://m.wooricard.com/dcmw/yh1/crd/crd01/M1CRD101S02.do?cdPrdCd=102488&canvasser=88801075&utm_source=naver_cs&utm_medium=cpc&utm_campaign=M_%ec%b9%b4%eb%93%9c%ec%84%b9%ec%85%98&utm_content={keyword}&utm_term=EVERY+MILE+SKYPASS","true","2026-06-11T13:04:13.065Z"
"naver-card-10045","10045","우리 국민행복카드 S2","우리","credit","active_or_unknown","ready_for_review","100","국가바우처에 병원·육아 7% 할인으로 실속더하기","0","0","0","","300000","300000","2021-03-02","https://vertical.pstatic.net/vertical-cardad/creatives/WR/10045/WR_10045_20210305-164718_hor.png","https://m.wooricard.com/dcmw/yh1/crd/crd01/M1CRD101S02.do?cdPrdCd=100860&canvasser=88801075&utm_source=naver_cs&utm_medium=cpc&utm_campaign=M_%EC%B9%B4%EB%93%9C%EC%84%B9%EC%85%98&utm_content={keyword}&utm_term=%EA%B5%AD%EB%AF%BC%ED%96%89%EB%B3%B5%EC%B9%B4%EB%93%9Cs2","true","2026-06-11T13:04:13.065Z"
"naver-card-10612","10612","카드의정석2 SHOPPER","우리","credit","active_or_unknown","ready_for_review","100","생활잡화점, 뷰티편집숍까지 쇼핑할인 최대 15%","28000","28000","28000","0","500000","5000","2026-04-15","https://vertical.pstatic.net/vertical-cardad/creatives/WR/10612/WR_10612_20260423-135047_ver.png","https://m.wooricard.com/dcmw/yh1/crd/crd01/M1CRD101S02.do?cdPrdCd=104151&canvasser=88801075&utm_source=naver_cs&utm_medium=cpc&utm_campaign=M_카드섹션&utm_content=%EC%B9%B4%EB%93%9C%EC%9D%98%EC%A0%95%EC%84%9D2%20SHOPPER","true","2026-06-11T13:04:13.065Z"
"naver-card-10592","10592","SK 주유 400 우리카드","우리","check","active_or_unknown","ready_for_review","100","주유 리터당 최대 400원 청구할인!","25000","25000","25000","","400000","15000","2025-12-05","https://vertical.pstatic.net/vertical-cardad/creatives/WR/10592/WR_10592_20260311-155926_ver.png","https://m.wooricard.com/dcmw/yh1/crd/crd01/M1CRD101S02.do?cdPrdCd=104167&canvasser=88801076&utm_source=naver_cs&utm_medium=cpc&utm_campaign=MO_카드섹션&utm_content={keyword}&utm_term=SK주유400우리카드","true","2026-06-11T13:04:13.065Z"
"naver-card-10536","10536","우리카드 MILE&POINT","우리","credit","active_or_unknown","ready_for_review","100","적립 마일의 5배 포인트적립으로 일상도 여행처럼","75000","75000","75000","25000","500000","1500","2025-09-16","https://vertical.pstatic.net/vertical-cardad/creatives/WR/10536/WR_10536_20250924-134040_ver.png","https://m.wooricard.com/dcmw/yh1/crd/crd01/M1CRD101S02.do?cdPrdCd=104154&canvasser=88801075&utm_source=naver_cs&utm_medium=cpc&utm_campaign=M_%EC%B9%B4%EB%93%9C%EC%84%B9%EC%85%98&utm_content={keyword}&utm_term=%EC%9A%B0%EB%A6%AC%EC%B9%B4%EB%93%9CMILE_POINT","true","2026-06-11T13:04:13.065Z"
"naver-card-10593","10593","E1 우리카드","우리","check","active_or_unknown","ready_for_review","100","출퇴근차 충전 비용도 생활 영역도 딱 맞게 할인","20000","20000","20000","","0","10000","2025-07-18","https://vertical.pstatic.net/vertical-cardad/creatives/WR/10593/WR_10593_20260311-161532_ver.png","https://m.wooricard.com/dcmw/yh1/crd/crd01/M1CRD101S02.do?cdPrdCd=103564&canvasser=88801076&utm_source=naver_cs&utm_medium=cpc&utm_campaign=MO_카드섹션&utm_content={keyword}&utm_term=E1우리카드","true","2026-06-11T13:04:13.065Z"
"naver-card-10512","10512","우리카드 7CORE","우리","credit","active_or_unknown","ready_for_review","95","7대 생활비, 한 번에 줄여주는 알짜 카드","50000","50000","50000","","500000","4000","2025-06-05","https://vertical.pstatic.net/vertical-cardad/creatives/WR/10512/WR_10512_20250623-174745_ver.png","https://m.wooricard.com/dcmw/yh1/crd/crd01/M1CRD101S02.do?cdPrdCd=103755&canvasser=88801075&utm_source=naver_cs&utm_medium=cpc&utm_campaign=M_%EC%B9%B4%EB%93%9C%EC%84%B9%EC%85%98&utm_content={keyword}&utm_term=%EC%9A%B0%EB%A6%AC%EC%B9%B4%EB%93%9C7CORE","true","2026-06-11T13:04:13.065Z"
"naver-card-10403","10403","카드의정석 EVERY DISCOUNT","우리","check","active_or_unknown","ready_for_review","100","할인 한도 제한 없는 손해 보지 않는 카드","12000","12000","12000","","0","12000","2024-07-08","https://vertical.pstatic.net/vertical-cardad/creatives/WR/10403/WR_10403_20240807-173452_ver.png","https://m.wooricard.com/dcmw/yh1/crd/crd01/M1CRD101S02.do?cdPrdCd=103729&canvasser=88801075&utm_source=naver_cs&utm_medium=cpc&utm_campaign=M_%ec%b9%b4%eb%93%9c%ec%84%b9%ec%85%98&utm_content={keyword}&utm_term=%EC%B9%B4%EB%93%9C%EC%9D%98%EC%A0%95%EC%84%9D+EVERY+DISCOUNT","true","2026-06-11T13:04:13.065Z"
"naver-card-10344","10344","D4카드의정석Ⅱ","우리","credit","active_or_unknown","ready_for_review","100","생활 할인의 정답, D4카드의정석Ⅱ","12000","12000","12000","","300000","11000","2024-02-29","https://vertical.pstatic.net/vertical-cardad/creatives/WR/10344/WR_10344_20240402-103053_ver.png","https://m.wooricard.com/dcmw/yh1/crd/crd01/M1CRD101S02.do?cdPrdCd=103305&canvasser=88801075&utm_source=naver_cs&utm_medium=cpc&utm_campaign=M_%ec%b9%b4%eb%93%9c%ec%84%b9%ec%85%98&utm_content={keyword}&utm_term=D4%EC%B9%B4%EB%93%9C%EC%9D%98%EC%A0%95%EC%84%9D2","true","2026-06-11T13:04:13.065Z"
"naver-card-10492","10492","카드의정석2","우리","credit","active_or_unknown","ready_for_review","100","1.2% 할인에 분기별 1.5만원 혜택","22000","22000","22000","","500000","36000","2025-04-25","https://vertical.pstatic.net/vertical-cardad/creatives/WR/10492/WR_10492_20260504-165542_ver.png","https://m.wooricard.com/dcmw/yh1/crd/crd01/M1CRD101S02.do?cdPrdCd=102997&canvasser=88801075&utm_source=naver_cs&utm_medium=cpc&utm_campaign=M_%ec%b9%b4%eb%93%9c%ec%84%b9%ec%85%98&utm_content={keyword}&utm_term=%EC%B9%B4%EB%93%9C%EC%9D%98%EC%A0%95%EC%84%9D2","true","2026-06-11T13:04:13.065Z"
"naver-card-10538","10538","우리카드 the OPUS silver","우리","credit","active_or_unknown","ready_for_review","100","여행&일상 한방에 해결되는 프리미엄 카드","150000","150000","150000","30000","500000","50000","2025-09-30","https://vertical.pstatic.net/vertical-cardad/creatives/WR/10538/WR_10538_20250930-171859_ver.png","https://m.wooricard.com/dcmw/yh1/crd/crd01/M1CRD101S02.do?cdPrdCd=103500&canvasser=88801075&utm_source=naver_cs&utm_medium=cpc&utm_campaign=M_%ec%b9%b4%eb%93%9c%ec%84%b9%ec%85%98&utm_content={keyword}&utm_term=%EC%9A%B0%EB%A6%AC%EC%B9%B4%EB%93%9CtheOPUSsilver","true","2026-06-11T13:04:13.065Z"
"naver-card-10376","10376","카드의정석 TEN","우리","credit","active_or_unknown","ready_for_review","100","일상의 무게를 덜어주는 생활비 10% 할인 혜택","12000","12000","12000","","400000","5000","2024-05-30","https://vertical.pstatic.net/vertical-cardad/creatives/WR/10376/WR_10376_20240624-154009_ver.png","https://m.wooricard.com/dcmw/yh1/crd/crd01/M1CRD101S02.do?cdPrdCd=103686&canvasser=88801075&utm_source=naver_cs&utm_medium=cpc&utm_campaign=M_%ec%b9%b4%eb%93%9c%ec%84%b9%ec%85%98&utm_content={keyword}&utm_term=%EC%B9%B4%EB%93%9C%EC%9D%98%EC%A0%95%EC%84%9Dten","true","2026-06-11T13:04:13.065Z"
"naver-card-10580","10580","우리카드 UniMile","우리","credit","active_or_unknown","ready_for_review","100","적립부터 온라인할인,공항라운지 무료이용!","33000","33000","33000","","500000","100000","2025-11-28","https://vertical.pstatic.net/vertical-cardad/creatives/WR/10580/WR_10580_20260220-145422_ver.png","https://m.wooricard.com/dcmw/yh1/crd/crd01/M1CRD101S02.do?cdPrdCd=104153&canvasser=88801076&utm_source=naver_cs&utm_medium=cpc&utm_campaign=PC_카드섹션&utm_term={keyword}&utm_content=%EC%9A%B0%EB%A6%AC%EC%B9%B4%EB%93%9C%20UniMile","true","2026-06-11T13:04:13.065Z"
"naver-card-10348","10348","카드의정석 I&U+","우리","check","active_or_unknown","ready_for_review","100","할인은 단순하게, 카드의정석 I&U+ 선택","12000","12000","12000","","300000","7000","2024-02-26","https://vertical.pstatic.net/vertical-cardad/creatives/WR/10348/WR_10348_20240417-111454_ver.png","https://m.wooricard.com/dcmw/yh1/crd/crd01/M1CRD101S02.do?cdPrdCd=102717&canvasser=88801075&utm_source=naver_cs&utm_medium=cpc&utm_campaign=M_%ec%b9%b4%eb%93%9c%ec%84%b9%ec%85%98&utm_content={keyword}&utm_term=카드의정석I&U+","true","2026-06-11T13:04:13.065Z"
"naver-card-10315","10315","ALL 우리카드 Infinite","우리","check","active_or_unknown","ready_for_review","80","아코르 플러스 익스플로러 멤버십 제공!","500000","500000","500000","","500000","","2023-11-07","https://vertical.pstatic.net/vertical-cardad/creatives/WR/10315/WR_10315_20240104-101941_ver.png","https://m.wooricard.com/dcmw/yh1/crd/crd01/M1CRD101S02.do?cdPrdCd=103187&canvasser=88801075&utm_source=naver_cs&utm_medium=cpc&utm_campaign=M_%ec%b9%b4%eb%93%9c%ec%84%b9%ec%85%98&utm_content={keyword}&utm_term=ALL%EC%9A%B0%EB%A6%AC%EC%B9%B4%EB%93%9CInfinite","true","2026-06-11T13:04:13.065Z"
"naver-card-10347","10347","카드의정석 EVERY POINT","우리","check","active_or_unknown","partial_review","70","포인트 정석! 온라인 간편결제 최대 2.8%적립","12000","12000","12000","","0","","2024-02-26","https://vertical.pstatic.net/vertical-cardad/creatives/WR/10347/WR_10347_20240403-175029_ver.png","https://m.wooricard.com/dcmw/yh1/crd/crd01/M1CRD101S02.do?cdPrdCd=102718&canvasser=88801075&utm_source=naver_cs&utm_medium=cpc&utm_campaign=M_%ec%b9%b4%eb%93%9c%ec%84%b9%ec%85%98&utm_content={keyword}&utm_term=EVERYPOINT","true","2026-06-11T13:04:13.065Z"
"naver-card-10316","10316","ALL 우리카드 Premium","우리","check","active_or_unknown","partial_review","70","ALL 회원 서비스와 다양한 프리미엄 혜택 제공","150000","150000","150000","","500000","","2023-11-07","https://vertical.pstatic.net/vertical-cardad/creatives/WR/10316/WR_10316_20240104-112354_ver.png","https://m.wooricard.com/dcmw/yh1/crd/crd01/M1CRD101S02.do?cdPrdCd=103188&canvasser=88801075&utm_source=naver_cs&utm_medium=cpc&utm_campaign=M_%ec%b9%b4%eb%93%9c%ec%84%b9%ec%85%98&utm_content={keyword}&utm_term=ALL%EC%9A%B0%EB%A6%AC%EC%B9%B4%EB%93%9CPremium","true","2026-06-11T13:04:13.065Z"
"naver-card-1692","1692","KB국민 청춘대로 톡톡카드","KB국민","credit","active_or_unknown","ready_for_review","100","스타벅스 등 연 최대 30만원 청구할인 톡톡!","10000","10000","12000","","300000","10000","2017-01-26","https://vertical.pstatic.net/vertical-cardad/creatives/KB/1692/KB_1692_20230125-142003_hor.png","https://m.kbcard.com/CRD/DVIEW/MCAMCXHIACRC0002?mainCC=b&allianceCode=09174","true","2026-06-11T13:04:13.065Z"
"naver-card-10452","10452","롯데멤버스 카드","롯데","credit","active_or_unknown","ready_for_review","95","롯데 브랜드 자꾸가면 포인트 최대 5% 적립","30000","30000","30000","23000","500000","30000","2024-11-08","https://vertical.pstatic.net/vertical-cardad/creatives/LO/10452/LO_10452_20250116-145846_ver.png","http://m.lottecard.co.kr/spa/card/booth?bId=97135&vtCdKndC=P15648-A15648&npayUseYn=Y&utm_source=sa_naver_cs&utm_medium=cpc&utm_campaign=m_card_application&utm_content=2503_members_03&utm_term=신용카드","true","2026-06-11T13:04:13.065Z"
"naver-card-10453","10453","롯데멤버스 카드 - 프리미엄","롯데","credit","active_or_unknown","ready_for_review","95","롯데멤버스 카드로 적립 혜택에 스페셜 기프트까지","150000","150000","150000","120000","500000","150000","2024-11-08","https://vertical.pstatic.net/vertical-cardad/creatives/LO/10453/LO_10453_20250116-151106_ver.png","http://m.lottecard.co.kr/spa/card/booth?bId=97152&vtCdKndC=P15651-A15651&npayUseYn=Y&utm_source=sa_naver_cs&utm_medium=cpc&utm_campaign=m_card_application&utm_content=2503_members_P_03&utm_term=신용카드","true","2026-06-11T13:04:13.065Z"
"naver-card-10358","10358","zgm 할인카드","NH농협","check","active_or_unknown","ready_for_review","100","365일 생활비 절감 프로젝트! zgm 할인카드","27000","27000","30000","","400000","40000","2024-05-20","https://vertical.pstatic.net/vertical-cardad/creatives/NH/10358/NH_10358_20240523-120123_ver.png","https://card.nonghyup.com/index_cardProd.html?SERVICE_ID=IPCC2021R&NAVIGATE_TYPE=1&cd_wrs_sqno=90010515&FromSite=53","true","2026-06-11T13:04:13.065Z"
"naver-card-10313","10313","zgm living카드","NH농협","check","active_or_unknown","ready_for_review","100","지금 꼭 필요한 생활카드, zgm living","50000","50000","55000","","500000","30000","2024-01-15","https://vertical.pstatic.net/vertical-cardad/creatives/NH/10313/NH_10313_20240109-150806_ver.png","https://card.nonghyup.com/index_cardProd.html?SERVICE_ID=IPCC2021R&NAVIGATE_TYPE=1&cd_wrs_sqno=90010504&FromSite=53","true","2026-06-11T13:04:13.065Z"
"naver-card-10187","10187","zgm.the pay카드","NH농협","check","active_or_unknown","ready_for_review","100","지금 잘 사는 방법, zgm.the pay","12000","12000","12000","","0","100000","2022-11-10","https://vertical.pstatic.net/vertical-cardad/creatives/NH/10187/NH_10187_20221018-133846_ver.png","https://card.nonghyup.com/index_cardProd.html?SERVICE_ID=IPCC2021R&NAVIGATE_TYPE=1&cd_wrs_sqno=90010178&FromSite=53","true","2026-06-11T13:04:13.065Z"
"naver-card-10584","10584","NH올원더풀카드","NH농협","credit","active_or_unknown","ready_for_review","100","한장의 카드로 두가지 혜택 경험!NH올원더풀카드","28000","28000","30000","22000","400000","10000","2026-03-10","https://vertical.pstatic.net/vertical-cardad/creatives/NH/10584/NH_10584_20260304-144935_ver.png","https://nhpay.nonghyup.com/gatewayin?menu_scid=CD502000F&CD_WRS_SQNO=90010604&FromSite=53","true","2026-06-11T13:04:13.065Z"
"naver-card-10346","10346","zgm point카드","NH농협","check","active_or_unknown","ready_for_review","100","지금 바로 포인트 적립하려면! zgm point","50000","50000","55000","44000","0","30000","2024-04-15","https://vertical.pstatic.net/vertical-cardad/creatives/NH/10346/NH_10346_20240402-194727_ver.png","https://card.nonghyup.com/index_cardProd.html?SERVICE_ID=IPCC2021R&NAVIGATE_TYPE=1&cd_wrs_sqno=90010513&FromSite=53","true","2026-06-11T13:04:13.065Z"
"naver-card-10479","10479","미미(美米)카드","NH농협","check","active_or_unknown","ready_for_review","100","안심·든든 우리 쌀 구독서비스! 미미(美米)카드","28000","28000","30000","","400000","30000","2025-04-28","https://vertical.pstatic.net/vertical-cardad/creatives/NH/10479/NH_10479_20250408-160407_ver.png","https://card.nonghyup.com/index_cardProd.html?SERVICE_ID=IPCC2021R&NAVIGATE_TYPE=1&cd_wrs_sqno=90010543&FromSite=53","true","2026-06-11T13:04:13.065Z"
"naver-card-10314","10314","zgm shopping카드","NH농협","check","active_or_unknown","ready_for_review","100","온라인, 오프라인 쇼핑 끝판왕!","50000","50000","55000","","500000","30000","2024-01-15","https://vertical.pstatic.net/vertical-cardad/creatives/NH/10314/NH_10314_20241105-161119_ver.png","https://card.nonghyup.com/index_cardProd.html?SERVICE_ID=IPCC2021R&NAVIGATE_TYPE=1&cd_wrs_sqno=90010505&FromSite=53","true","2026-06-11T13:04:13.065Z"
"naver-card-1322","1322","롯데 국민행복카드","롯데","check","active_or_unknown","ready_for_review","100","정부지원금 100만원과 롯데카드 혜택을 한장으로","0","0","0","","300000","300000","2015-05-01","https://vertical.pstatic.net/vertical-cardad/creatives/LO/1322/LO_1322_20250409-151919_hor.png","http://m.lottecard.co.kr/spa/card/booth?bId=102804&vtCdKndC=P10989-A10989&utm_source=sa_naver_cs&utm_medium=cpc&utm_campaign=m_card&utm_content=happycard&utm_term=%EC%8B%A0%EC%9A%A9%EC%B9%B4%EB%93%9C","true","2026-06-11T13:04:13.065Z"
"naver-card-277","277","신세계이마트 삼성카드 7","삼성","credit","active_or_unknown","ready_for_review","100","신세계백화점·이마트 할인, 2~3개월 무이자할부","18000","18000","20000","","300000","60000","2012-07-31","https://vertical.pstatic.net/vertical-cardad/creatives/SS/277/SS_277_20230103-175513_hor.png","https://www.samsungcard.com/personal/card/simple-apply/UHPPCA0225M0.jsp?code=AAP1279&alncmpC=QACDMB19&affcode=QACDMB19&BSCPN=BCTS&BSPRG=MNAVERCARD&BSCCN1=MB_%EC%8B%A0%EA%B2%80_AAP1279_%EC%8B%A0%EC%84%B8%EA%B3%84%EC%9D%B4%EB%A7%88%ED%8A%B8%20%EC%82%BC%EC%84%B1%EC%B9%B4%EB%93%9C%207&utm_campaign=%EC%8B%A0%EC%84%B8%EA%B3%84%EC%9D%B4%EB%A7%88%ED%8A%B8%20%EC%82%BC%EC%84%B1%EC%B9%B4%EB%93%9C%207&utm_medium=CSA&utm_source=%EB%84%A4%EC%9D%B4%EB%B2%84%20%EC%8B%A0%EC%9A%A9%EC%B9%B4%EB%93%9C%20%EA%B2%80%EC%83%89%20%EB%AA%A8%EB%B0%94%EC%9D%BC&utm_term={query}","true","2026-06-11T13:04:13.065Z"
"naver-card-2226","2226","경차 smart 롯데카드","롯데","credit","active_or_unknown","ready_for_review","100","경차 소유자라면 주목! 연 30만원 환급 서비스","0","0","0","","300000","300000","2017-09-01","https://vertical.pstatic.net/vertical-cardad/creatives/LO/2226/LO_2226_hor.png","http://m.lottecard.co.kr/spa/card/booth?bId=102802&vtCdKndC=P11881-A11881&npayUseYn=Y&utm_source=sa_naver_cs&utm_medium=cpc&utm_campaign=m_card&utm_content=carsmart&utm_term=%EC%8B%A0%EC%9A%A9%EC%B9%B4%EB%93%9C","true","2026-06-11T13:04:13.065Z"
"naver-card-2676","2676","트레이더스 신세계 삼성카드","삼성","credit","active_or_unknown","ready_for_review","100","이마트 트레이더스, 신세계백화점 쇼핑은 이 카드","15000","15000","15000","","400000","10000","2019-02-28","https://vertical.pstatic.net/vertical-cardad/creatives/SS/2676/SS_2676_20221102-175329_hor.png","https://www.samsungcard.com/personal/card/simple-apply/UHPPCA0225M0.jsp?code=AAP1602&alncmpC=QACDMB19&affcode=QACDMB19&BSCPN=BCTS&BSPRG=MNAVERCARD&BSCCN1=MB_%EC%8B%A0%EA%B2%80_AAP1602_%ED%8A%B8%EB%A0%88%EC%9D%B4%EB%8D%94%EC%8A%A4%20%EC%8B%A0%EC%84%B8%EA%B3%84%20%EC%82%BC%EC%84%B1%EC%B9%B4%EB%93%9C&utm_campaign=%ED%8A%B8%EB%A0%88%EC%9D%B4%EB%8D%94%EC%8A%A4%20%EC%8B%A0%EC%84%B8%EA%B3%84%20%EC%82%BC%EC%84%B1%EC%B9%B4%EB%93%9C&utm_medium=CSA&utm_source=%EB%84%A4%EC%9D%B4%EB%B2%84%20%EC%8B%A0%EC%9A%A9%EC%B9%B4%EB%93%9C%20%EA%B2%80%EC%83%89%20%EB%AA%A8%EB%B0%94%EC%9D%BC&utm_term={query}","true","2026-06-11T13:04:13.065Z"
"naver-card-10238","10238","모니모카드","삼성","credit","active_or_unknown","ready_for_review","100","매달 최대 3만원 할인받는 모니모카드!","10000","10000","10000","","300000","5000","2021-09-30","https://vertical.pstatic.net/vertical-cardad/creatives/SS/10238/SS_10238_20230306-152338_ver.png","https://www.samsungcard.com/personal/card/simple-apply/UHPPCA0225M0.jsp?code=AAP1742&alncmpC=QACDMB33&affcode=QACDMB33&BSCPN=BCTS&BSPRG=MNAVERCARD&BSCCN1=MB_%EC%8B%A0%EA%B2%80_AAP1742_%EB%AA%A8%EB%8B%88%EB%AA%A8%EC%B9%B4%EB%93%9C&utm_campaign=%EB%AA%A8%EB%8B%88%EB%AA%A8%EC%B9%B4%EB%93%9C&utm_medium=CSA&utm_source=%EB%84%A4%EC%9D%B4%EB%B2%84%20%EC%8B%A0%EC%9A%A9%EC%B9%B4%EB%93%9C%20%EA%B2%80%EC%83%89%20%EB%AA%A8%EB%B0%94%EC%9D%BC&utm_term={query}","true","2026-06-11T13:04:13.065Z"
"naver-card-1465","1465","삼성카드 & MILEAGE PLATINUM(스카이패스)","삼성","credit","active_or_unknown","ready_for_review","100","스카이패스 최대 2마일적립에 아멕스플래티늄 혜택","47000","47000","49000","","0","1000","2015-12-30","https://vertical.pstatic.net/vertical-cardad/creatives/SS/1465/SS_1465_20250502-160748_ver.png","https://www.samsungcard.com/personal/card/cardfinder/UHPPCA0102M0.jsp?code=AAP1452&site=QACDMB08&cmpid=QACDMB08&BSCPN=BCTS&BSPRG=MNAVERCARD&BSCCN1=MB_%EC%8B%A0%EA%B2%80_AAP1452_%EC%82%BC%EC%84%B1%EC%B9%B4%EB%93%9C%EC%95%A4%EB%A7%88%EC%9D%BC%EB%A6%AC%EC%A7%80%ED%94%8C%EB%9E%98%ED%8B%B0%EB%84%98%28%EC%8A%A4%EC%B9%B4%EC%9D%B4%ED%8C%A8%EC%8A%A4%29&utm_source=naver&utm_medium=mcredit&utm_campaign=mileage","true","2026-06-11T13:04:13.065Z"
"naver-card-2418","2418","삼성카드 스페셜마일리지 (스카이패스)","삼성","credit","active_or_unknown","ready_for_review","100","급이 다른 마일리지 적립에 다이닝 할인까지","97000","97000","99000","","500000","1000","2016-06-01","https://vertical.pstatic.net/vertical-cardad/creatives/SS/2418/SS_2418_20250502-160801_hor.png","https://www.samsungcard.com/personal/card/simple-apply/UHPPCA0225M0.jsp?code=AAP1484&alncmpC=QACDMB20&affcode=QACDMB20&BSCPN=BCTS&BSPRG=MNAVERCARD&BSCCN1=MB_%EC%8B%A0%EA%B2%80_AAP1484_%EC%82%BC%EC%84%B1%EC%B9%B4%EB%93%9C%20%EC%8A%A4%ED%8E%98%EC%85%9C%EB%A7%88%EC%9D%BC%EB%A6%AC%EC%A7%80%20%28%EC%8A%A4%EC%B9%B4%EC%9D%B4%ED%8C%A8%EC%8A%A4%29&utm_campaign=%EC%82%BC%EC%84%B1%EC%B9%B4%EB%93%9C%20%EC%8A%A4%ED%8E%98%EC%85%9C%EB%A7%88%EC%9D%BC%EB%A6%AC%EC%A7%80%20%28%EC%8A%A4%EC%B9%B4%EC%9D%B4%ED%8C%A8%EC%8A%A4%29&utm_medium=CSA&utm_source=%EB%84%A4%EC%9D%B4%EB%B2%84%20%EC%8B%A0%EC%9A%A9%EC%B9%B4%EB%93%9C%20%EA%B2%80%EC%83%89%20%EB%AA%A8%EB%B0%94%EC%9D%BC&utm_term={query}","true","2026-06-11T13:04:13.065Z"
"naver-card-10451","10451","IBK 포인트 신용카드","IBK기업은행","check","active_or_unknown","ready_for_review","100","월 가맹점 적립 한도 5만 포인트","21000","21000","22000","0","500000","50000","2024-12-28","https://vertical.pstatic.net/vertical-cardad/creatives/IB/10451/IB_10451_20241226-173448_ver.png","https://www.ibk.co.kr/cardbiz/detailBizNew.ibk?&pageId=&PDLN_CD=12&PDGR_CD=11&PDTM_CD=347&PDCD=0001&ad_cd=nvmo&mz_cd=ADGROUN","true","2026-06-11T13:04:13.065Z"
"naver-card-10268","10268","BC 바로 K-패스 카드","BC","credit","active_or_unknown","ready_for_review","100","교통비와 OTT 15% 할인으로 알뜰한 생활!","6000","6000","7000","0","300000","30000","2023-07-03","https://vertical.pstatic.net/vertical-cardad/creatives/BC/10268/BC_10268_20240424-091041_ver.png","https://web.paybooc.co.kr/web/evnt/evnt-dts?pybcUnifEvntNo=2026050013&amp;affiCd=R011","true","2026-06-11T13:04:13.065Z"
"naver-card-10463","10463","삼성 iD STATION 카드 (GS칼텍스)","삼성","credit","active_or_unknown","ready_for_review","100","연료도 채우고 지갑도 채우는 iD스테이션 카드","15000","15000","15000","","400000","35000","2025-02-13","https://vertical.pstatic.net/vertical-cardad/creatives/SS/10463/SS_10463_20250307-001105_ver.png","https://www.samsungcard.com/personal/card/simple-apply/UHPPCA0225M0.jsp?code=AAP1856&alncmpC=QACDMB43&affcode=QACDMB43&BSCPN=BCTS&BSPRG=MNAVERCARD&BSCCN1=MB_%EC%8B%A0%EA%B2%80_AAP1856_%EC%82%BC%EC%84%B1%20iD%20STATION%20%EC%B9%B4%EB%93%9C%20%28GS%EC%B9%BC%ED%85%8D%EC%8A%A4%29&utm_campaign=%EC%82%BC%EC%84%B1%20iD%20STATION%20%EC%B9%B4%EB%93%9C%20%28GS%EC%B9%BC%ED%85%8D%EC%8A%A4%29&utm_medium=CSA&utm_source=%EB%84%A4%EC%9D%B4%EB%B2%84%20%EC%8B%A0%EC%9A%A9%EC%B9%B4%EB%93%9C%20%EA%B2%80%EC%83%89%20%EB%AA%A8%EB%B0%94%EC%9D%BC&utm_term={query}","true","2026-06-11T13:04:13.065Z"
"naver-card-10236","10236","THE iD. PLATINUM (포인트)","삼성","credit","active_or_unknown","ready_for_review","100","연회비가 아깝지 않은 THE iD. 플래티늄카드","215000","215000","220000","","500000","10000","2022-12-21","https://vertical.pstatic.net/vertical-cardad/creatives/SS/10236/SS_10236_20230302-194422_ver.png","https://www.samsungcard.com/personal/card/simple-apply/UHPPCA0225M0.jsp?code=AAP1779&alncmpC=QACDMB20&affcode=QACDMB20&BSCPN=BCTS&BSPRG=MNAVERCARD&BSCCN1=MB_%EC%8B%A0%EA%B2%80_AAP1779_THE%20iD.%20PLATINUM%20%28%ED%8F%AC%EC%9D%B8%ED%8A%B8%29&utm_campaign=THE%20iD.%20PLATINUM%20%28%ED%8F%AC%EC%9D%B8%ED%8A%B8%29&utm_medium=CSA&utm_source=%EB%84%A4%EC%9D%B4%EB%B2%84%20%EC%8B%A0%EC%9A%A9%EC%B9%B4%EB%93%9C%20%EA%B2%80%EC%83%89%20%EB%AA%A8%EB%B0%94%EC%9D%BC&utm_term={query}","true","2026-06-11T13:04:13.065Z"
"naver-card-10049","10049","아메리칸 엑스프레스 리저브","삼성","credit","active_or_unknown","partial_review","70","성공의 시작, 메탈을 만나다","150000","","150000","","1000000","","2021-03-31","https://vertical.pstatic.net/vertical-cardad/creatives/SS/10049/SS_10049_20230103-180448_hor.png","https://www.samsungcard.com/personal/card/simple-apply/UHPPCA0225M0.jsp?code=AAP1692&alncmpC=QACDMB20&affcode=QACDMB20&BSCPN=BCTS&BSPRG=MNAVERCARD&BSCCN1=MB_%EC%8B%A0%EA%B2%80_AAP1692_%EC%95%84%EB%A9%94%EB%A6%AC%EC%B9%B8%20%EC%97%91%EC%8A%A4%ED%94%84%EB%A0%88%EC%8A%A4%20%EB%A6%AC%EC%A0%80%EB%B8%8C&utm_campaign=%EC%95%84%EB%A9%94%EB%A6%AC%EC%B9%B8%20%EC%97%91%EC%8A%A4%ED%94%84%EB%A0%88%EC%8A%A4%20%EB%A6%AC%EC%A0%80%EB%B8%8C&utm_medium=CSA&utm_source=%EB%84%A4%EC%9D%B4%EB%B2%84%20%EC%8B%A0%EC%9A%A9%EC%B9%B4%EB%93%9C%20%EA%B2%80%EC%83%89%20%EB%AA%A8%EB%B0%94%EC%9D%BC&utm_term={query}","true","2026-06-11T13:04:13.065Z"
"naver-card-10450","10450","IBK 포인트 3.8 신용카드","IBK기업은행","check","active_or_unknown","partial_review","70","가맹점 이용금액의 1.5% 적립","37000","37000","38000","0","500000","","2024-12-06","https://vertical.pstatic.net/vertical-cardad/creatives/IB/10450/IB_10450_20241226-171341_ver.png","https://www.ibk.co.kr/cardbiz/detailBizNew.ibk?&pageId=&PDLN_CD=12&PDGR_CD=11&PDTM_CD=347&PDCD=0003&ad_cd=nvmo&mz_cd=ADGROUN","true","2026-06-11T13:04:13.065Z"
"naver-card-10235","10235","THE iD. TITANIUM (포인트)","삼성","credit","active_or_unknown","partial_review","70","연회비가 아깝지 않은 THE iD. 티타늄 카드","695000","695000","700000","","500000","","2022-12-21","https://vertical.pstatic.net/vertical-cardad/creatives/SS/10235/SS_10235_20230302-190107_ver.png","https://www.samsungcard.com/personal/card/simple-apply/UHPPCA0225M0.jsp?code=AAP1777&alncmpC=QACDMB20&affcode=QACDMB20&BSCPN=BCTS&BSPRG=MNAVERCARD&BSCCN1=MB_%EC%8B%A0%EA%B2%80_AAP1777_THE%20iD.%20TITANIUM%20%28%ED%8F%AC%EC%9D%B8%ED%8A%B8%29&utm_campaign=THE%20iD.%20TITANIUM%20%28%ED%8F%AC%EC%9D%B8%ED%8A%B8%29&utm_medium=CSA&utm_source=%EB%84%A4%EC%9D%B4%EB%B2%84%20%EC%8B%A0%EC%9A%A9%EC%B9%B4%EB%93%9C%20%EA%B2%80%EC%83%89%20%EB%AA%A8%EB%B0%94%EC%9D%BC&utm_term={query}","true","2026-06-11T13:04:13.065Z"
"naver-card-3878","3878","DailyWith (데일리위드)카드","IBK기업은행","check","active_or_unknown","partial_review","70","사용 패턴과 금액이 달라져도, 매월 추가 캐시백","10000","10000","12000","","500000","","2020-08-24","https://vertical.pstatic.net/vertical-cardad/creatives/IB/3878/IB_3878_hor.png","https://www.ibk.co.kr/cardbiz/detailBizNew.ibk?pageId=CA01020000&PDLN_CD=12&PDGR_CD=11&PDTM_CD=328&PDCD=0001&ad_cd=nvmo&mz_cd=ADGROUN","true","2026-06-11T13:04:13.065Z"
"naver-card-10600","10600","BLISS Point (IBK포인트)","IBK기업은행","credit","active_or_unknown","partial_review","70","당신의 하루에 스며드는 프리미엄","99000","99000","100000","30000","500000","","2026-04-01","https://vertical.pstatic.net/vertical-cardad/creatives/IB/10600/IB_10600_20260402-181006_ver.png","https://cardapplication.ibk.co.kr/card/index.do?card_prdc_id=104561&ad_cd=nvmo&mz_cd=ADAGENC&qrYn=Y","true","2026-06-11T13:04:13.065Z"
"naver-card-10601","10601","BLISS Mileage (대한항공)","IBK기업은행","credit","active_or_unknown","partial_review","70","당신의 하루에 스며드는 프리미엄","99000","99000","100000","30000","500000","","2026-04-01","https://vertical.pstatic.net/vertical-cardad/creatives/IB/10601/IB_10601_20260403-144940_ver.png","https://cardapplication.ibk.co.kr/card/index.do?card_prdc_id=104506&ad_cd=nvmo&mz_cd=ADAGENC&qrYn=Y","true","2026-06-11T13:04:13.065Z"
"naver-card-10354","10354","IBK K-패스(신용)","IBK기업은행","check","active_or_unknown","ready_for_review","100","언제 어디서나 이용하고 할인받는 교통 특화카드","2000","2000","4000","","200000","200000","2024-04-24","https://vertical.pstatic.net/vertical-cardad/creatives/IB/10354/IB_10354_20240503-164800_ver.png","https://www.ibk.co.kr/cardbiz/detailBizNew.ibk?PDLN_CD=12&PDGR_CD=11&PDTM_CD=258&PDCD=0004&ad_cd=nvmo&mz_cd=ADGROUN","true","2026-06-11T13:04:13.065Z"
"naver-card-10340","10340","I-MILEAGE(대한항공)","IBK기업은행","check","active_or_unknown","partial_review","70","카드 하나로 누리는 항공 특화 서비스!","41000","41000","42000","","500000","","2024-03-26","https://vertical.pstatic.net/vertical-cardad/creatives/IB/10340/IB_10340_20240326-101050_hor.png","https://www.ibk.co.kr/cardbiz/detailBizNew.ibk?pageId=CA01020000&PDLN_CD=12&PDGR_CD=11&PDTM_CD=344&PDCD=0001&ad_cd=nvmo&mz_cd=ADGROUN","true","2026-06-11T13:04:13.065Z"
"naver-card-10321","10321","KT DC PLUS BC 바로카드","BC","credit","active_or_unknown","ready_for_review","100","통신비 만원 이상 할인! kt DC PLUS","12000","12000","12000","","300000","1000","2023-08-01","https://vertical.pstatic.net/vertical-cardad/creatives/BC/10321/BC_10321_20240215-152351_ver.png","https://app.paybooc.co.kr/ui/appLink?landingId=P0901PG002W&cardPdctCd=103125&incnChnlDv=Mobile&affiCd=R011","true","2026-06-11T13:04:13.065Z"
"naver-card-10540","10540","BC 바로 On&Off 카드","BC","credit","active_or_unknown","ready_for_review","80","온라인 간편결제, 음식점&커피, 대중교통 10%","5000","5000","5000","","300000","5000","2023-08-01","https://vertical.pstatic.net/vertical-cardad/creatives/BC/10540/BC_10540_20251016-144311_hor.png","https://app.paybooc.co.kr/ui/appLink?landingId=P0901PG002W&cardPdctCd=102040&incnChnlDv=Mobile&affiCd=R011","true","2026-06-11T13:04:13.065Z"
"naver-card-10552","10552","BC 바로 Air Master카드","BC","credit","active_or_unknown","partial_review","70","카드사용액 1,500원당 대한항공 마일리지 적립","29000","29000","29000","10000","500000","","2025-11-01","https://vertical.pstatic.net/vertical-cardad/creatives/BC/10552/BC_10552_20251120-160642_ver.png","https://app.paybooc.co.kr/ui/appLink?landingId=P0901PG002W&cardPdctCd=104452&incnChnlDv=Mobile&affiCd=R011","true","2026-06-11T13:04:13.065Z"
"naver-card-10553","10553","BC 바로 Air Max 카드","BC","credit","active_or_unknown","partial_review","70","대한항공 마일리지 최대 2마일 적립","43000","43000","43000","10000","500000","","2025-11-01","https://vertical.pstatic.net/vertical-cardad/creatives/BC/10553/BC_10553_20251124-140300_ver.png","https://app.paybooc.co.kr/ui/appLink?landingId=P0901PG002W&cardPdctCd=104453&incnChnlDv=Mobile&affiCd=R011","true","2026-06-11T13:04:13.065Z"
"naver-card-10398","10398","BC 바로 MACAO 카드","BC","credit","active_or_unknown","ready_for_review","100","넣을수록 / 담을수록 최대 10% 할인","12000","12000","12000","0","300000","300000","2024-07-07","https://vertical.pstatic.net/vertical-cardad/creatives/BC/10398/BC_10398_20240708-135527_ver.png","https://app.paybooc.co.kr/ui/appLink?landingId=P0901PG002W&cardPdctCd=101010&incnChnlDv=Mobile&affiCd=R011","true","2026-06-11T13:04:13.065Z"
"naver-card-10169","10169","BC 바로 클리어 플러스","BC","credit","active_or_unknown","ready_for_review","100","점심식비 걱정 No 매일 국내 식당에서 7%할인","5000","5000","5000","","150000","20000","2022-04-01","https://vertical.pstatic.net/vertical-cardad/creatives/BC/10169/BC_10169_20230925-133327_ver.png","https://app.paybooc.co.kr/ui/appLink?landingId=P0901PG002W&cardPdctCd=101922&incnChnlDv=Mobile&affiCd=R011","true","2026-06-11T13:04:13.065Z"
"naver-card-10554","10554","BC 바로 ZONE 카드","BC","credit","active_or_unknown","ready_for_review","100","생활 영역 7%, 해외가맹점 1% 결제일 할인","19000","19000","19000","10000","300000","300000","2025-11-28","https://vertical.pstatic.net/vertical-cardad/creatives/BC/10554/BC_10554_20251126-121702_ver.png","https://app.paybooc.co.kr/ui/appLink?landingId=P0901PG002W&cardPdctCd=104520&incnChnlDv=Mobile&affiCd=R011","true","2026-06-11T13:04:13.065Z"
"naver-card-10357","10357","KT 마이알뜰폰 BC 바로카드","BC","credit","active_or_unknown","ready_for_review","100","KT 알뜰폰 통신비, SK주유소 할인!","20000","20000","20000","0","300000","1000","2024-03-22","https://vertical.pstatic.net/vertical-cardad/creatives/BC/10357/BC_10357_20240520-092416_ver.png","https://app.paybooc.co.kr/ui/appLink?landingId=P0901PG002W&cardPdctCd=103127&incnChnlDv=Mobile&affiCd=R011","true","2026-06-11T13:04:13.065Z"
"naver-card-10194","10194","BC 바로 그린카드","BC","credit","active_or_unknown","partial_review","70","가맹점 최대 0.8% 적립받고 녹색실천 하세요!","0","0","0","","200000","","2017-09-18","https://vertical.pstatic.net/vertical-cardad/creatives/BC/10194/BC_10194_20221110-141620_hor.png","https://app.paybooc.co.kr/ui/appLink?landingId=P0901PG002W&cardPdctCd=100980&incnChnlDv=Mobile&affiCd=R011","true","2026-06-11T13:04:13.065Z"
"naver-card-10440","10440","BC 바로 기후동행카드","BC","credit","active_or_unknown","ready_for_review","100","교통비와 OTT, 온라인쇼핑 멤버십 10%할인!","7000","7000","0","0","300000","15000","2024-11-26","https://vertical.pstatic.net/vertical-cardad/creatives/BC/10440/BC_10440_20241126-145221_ver.png","https://app.paybooc.co.kr/ui/appLink?landingId=P0901PG002W&cardPdctCd=103992&incnChnlDv=Mobile&affiCd=R011","true","2026-06-11T13:04:13.065Z"
"naver-card-10596","10596","삼성 iD STATION 카드 (HD현대오일뱅크)","삼성","credit","active_or_unknown","ready_for_review","100","고유가 시대 연 최대 42만원 주유 할인 카드","15000","15000","15000","","400000","35000","2025-12-09","https://vertical.pstatic.net/vertical-cardad/creatives/SS/10596/SS_10596_20260319-124842_ver.png","https://www.samsungcard.com/personal/card/simple-apply/UHPPCA0225M0.jsp?code=AAP1897&alncmpC=QACDMB44&affcode=QACDMB44&BSCPN=BCTS&BSPRG=MNAVERCARD&BSCCN1=MB_%EC%8B%A0%EA%B2%80_AAP1897_%EC%82%BC%EC%84%B1%20iD%20STATION%20%EC%B9%B4%EB%93%9C%20%28HD%ED%98%84%EB%8C%80%EC%98%A4%EC%9D%BC%EB%B1%85%ED%81%AC%29&utm_campaign=%EC%82%BC%EC%84%B1%20iD%20STATION%20%EC%B9%B4%EB%93%9C%20%28HD%ED%98%84%EB%8C%80%EC%98%A4%EC%9D%BC%EB%B1%85%ED%81%AC%29&utm_medium=CSA&utm_source=%EB%84%A4%EC%9D%B4%EB%B2%84%20%EC%8B%A0%EC%9A%A9%EC%B9%B4%EB%93%9C%20%EA%B2%80%EC%83%89%20%EB%AA%A8%EB%B0%94%EC%9D%BC&utm_term={query}","true","2026-06-11T13:04:13.065Z"
"naver-card-10550","10550","THE iD. 1st","삼성","credit","active_or_unknown","partial_review","70","나만의 취향을 물들이다, 디아이디 퍼스트","150000","150000","150000","","500000","","2025-09-18","https://vertical.pstatic.net/vertical-cardad/creatives/SS/10550/SS_10550_20251120-105508_ver.png","https://www.samsungcard.com/personal/card/simple-apply/UHPPCA0225M0.jsp?code=AAP1886&alncmpC=QACDMB20&affcode=QACDMB20&BSCPN=BCTS&BSPRG=MNAVERCARD&BSCCN1=MB_%EC%8B%A0%EA%B2%80_AAP1886_THE%20iD.%201st&utm_campaign=THE%20iD.%201st&utm_medium=CSA&utm_source=%EB%84%A4%EC%9D%B4%EB%B2%84%20%EC%8B%A0%EC%9A%A9%EC%B9%B4%EB%93%9C%20%EA%B2%80%EC%83%89%20%EB%AA%A8%EB%B0%94%EC%9D%BC&utm_term={query}","true","2026-06-11T13:04:13.065Z"
"naver-card-10266","10266","K-22(Mileage)","IBK기업은행","credit","active_or_unknown","partial_review","70","프리미엄한 당신이기에 언제나 기대, 그 이상","219000","219000","220000","0","500000","","2023-06-01","https://vertical.pstatic.net/vertical-cardad/creatives/IB/10266/IB_10266_20230619-162634_hor.png","https://www.ibk.co.kr/cardbiz/detailBizNew.ibk?PDLN_CD=12&PDGR_CD=11&PDTM_CD=340&PDCD=0002&ad_cd=nvmo&mz_cd=ADGROUN","true","2026-06-11T13:04:13.065Z"
"naver-card-10568","10568","THE 1(스카이패스)","삼성","credit","active_or_unknown","partial_review","70","마일리지 적립에 프리미엄을 더한 THE 1","245000","245000","250000","","500000","","2015-12-30","https://vertical.pstatic.net/vertical-cardad/creatives/SS/10568/SS_10568_20260108-095857_hor.png","https://www.samsungcard.com/personal/card/simple-apply/UHPPCA0225M0.jsp?code=AAP1450&alncmpC=QACDMB28&affcode=QACDMB28&BSCPN=BCTS&BSPRG=MNAVERCARD&BSCCN1=MB_%EC%8B%A0%EA%B2%80_AAP1450_THE%201%28%EC%8A%A4%EC%B9%B4%EC%9D%B4%ED%8C%A8%EC%8A%A4%29&utm_campaign=THE%201%28%EC%8A%A4%EC%B9%B4%EC%9D%B4%ED%8C%A8%EC%8A%A4%29&utm_medium=CSA&utm_source=%EB%84%A4%EC%9D%B4%EB%B2%84%20%EC%8B%A0%EC%9A%A9%EC%B9%B4%EB%93%9C%20%EA%B2%80%EC%83%89%20%EB%AA%A8%EB%B0%94%EC%9D%BC&utm_term={query}","true","2026-06-11T13:04:13.065Z"
"naver-card-10579","10579","Toss Mobile x LOCA","롯데","credit","active_or_unknown","ready_for_review","80","통신사 가리지 않고 통신요금 최대 2만원 할인","20000","20000","20000","","300000","20000","2023-06-26","https://vertical.pstatic.net/vertical-cardad/creatives/LO/10579/LO_10579_20260220-163058_ver.png","http://m.lottecard.co.kr/spa/card/booth?bId=104644&vtCdKndC=P14447-A14447&npayUseYn=Y&utm_source=sa_naver_cs&utm_medium=cpc&utm_campaign=m_card_application&utm_content=2602_toss_01&utm_term=신용카드","true","2026-06-11T13:04:13.065Z"
"naver-card-10349","10349","K-패스 삼성카드","삼성","credit","active_or_unknown","manual_required","50","디자인 3종내에서 선택도 취향껏!","10000","10000","10000","","400000","","2024-04-11","https://vertical.pstatic.net/vertical-cardad/creatives/SS/10349/SS_10349_20240417-175252_ver.png","https://www.samsungcard.com/personal/card/simple-apply/UHPPCA0225M0.jsp?code=AAP1830&alncmpC=QACDMB15&affcode=QACDMB15&BSCPN=BCTS&BSPRG=MNAVERCARD&BSCCN1=MB_%EC%8B%A0%EA%B2%80_AAP1830_K-%ED%8C%A8%EC%8A%A4%20%EC%82%BC%EC%84%B1%EC%B9%B4%EB%93%9C&utm_campaign=K-%ED%8C%A8%EC%8A%A4%20%EC%82%BC%EC%84%B1%EC%B9%B4%EB%93%9C&utm_medium=CSA&utm_source=%EB%84%A4%EC%9D%B4%EB%B2%84%20%EC%8B%A0%EC%9A%A9%EC%B9%B4%EB%93%9C%20%EA%B2%80%EC%83%89%20%EB%AA%A8%EB%B0%94%EC%9D%BC&utm_term={query}","true","2026-06-11T13:04:13.065Z"
"naver-card-10311","10311","모니모A 카드","삼성","credit","active_or_unknown","partial_review","70","모니모 로그인하면 최대 10% 적립 혜택!","10000","10000","10000","","300000","","2023-11-24","https://vertical.pstatic.net/vertical-cardad/creatives/SS/10311/SS_10311_20231213-104200_ver.png","https://www.samsungcard.com/personal/card/simple-apply/UHPPCA0225M0.jsp?code=AAP1817&alncmpC=QACDMB37&affcode=QACDMB37&BSCPN=BCTS&BSPRG=MNAVERCARD&BSCCN1=MB_%EC%8B%A0%EA%B2%80_AAP1817_%EB%AA%A8%EB%8B%88%EB%AA%A8A%20%EC%B9%B4%EB%93%9C&utm_campaign=%EB%AA%A8%EB%8B%88%EB%AA%A8A%20%EC%B9%B4%EB%93%9C&utm_medium=CSA&utm_source=%EB%84%A4%EC%9D%B4%EB%B2%84%20%EC%8B%A0%EC%9A%A9%EC%B9%B4%EB%93%9C%20%EA%B2%80%EC%83%89%20%EB%AA%A8%EB%B0%94%EC%9D%BC&utm_term={query}","true","2026-06-11T13:04:13.065Z"
"naver-card-10480","10480","다이소 삼성카드","삼성","credit","active_or_unknown","ready_for_review","100","혜택은 무겁게, 가격은 가볍게 다이소 삼성카드","8000","8000","8000","","300000","240000","2020-04-01","https://vertical.pstatic.net/vertical-cardad/creatives/SS/10480/SS_10480_20250411-140812_ver.png","https://www.samsungcard.com/personal/card/simple-apply/UHPPCA0225M0.jsp?code=AAP1653&alncmpC=QACDMB19&affcode=QACDMB19&BSCPN=BCTS&BSPRG=MNAVERCARD&BSCCN1=MB_%EC%8B%A0%EA%B2%80_AAP1653_%EB%8B%A4%EC%9D%B4%EC%86%8C%20%EC%82%BC%EC%84%B1%EC%B9%B4%EB%93%9C&utm_campaign=%EB%8B%A4%EC%9D%B4%EC%86%8C%20%EC%82%BC%EC%84%B1%EC%B9%B4%EB%93%9C&utm_medium=CSA&utm_source=%EB%84%A4%EC%9D%B4%EB%B2%84%20%EC%8B%A0%EC%9A%A9%EC%B9%B4%EB%93%9C%20%EA%B2%80%EC%83%89%20%EB%AA%A8%EB%B0%94%EC%9D%BC&utm_term={query}","true","2026-06-11T13:04:13.065Z"
"naver-card-247","247","롯데 포인트플러스 카드","롯데","check","active_or_unknown","ready_for_review","95","L.POINT 제휴사 결제 시 더블 포인트 적립","5000","5000","5000","","0","5000","2007-05-29","https://vertical.pstatic.net/vertical-cardad/creatives/LO/247/LO_247_hor.png","https://m.lottecard.co.kr/app/LPBOHAA_V100.lc?bId=26690&vtCdKndC=P00276-A00276&utm_source=sa_naver_cs&utm_medium=cpc&utm_campaign=m_card_cashback&utm_content=pointplus&utm_term=신용카드","true","2026-06-11T13:04:13.065Z"
"naver-card-4047","4047","국민행복 삼성카드 V2","삼성","credit","active_or_unknown","partial_review","70","임신·출산진료비국가바우처에 쇼핑·보육·생활혜택!","0","0","0","","300000","","2020-10-16","https://vertical.pstatic.net/vertical-cardad/creatives/SS/4047/SS_4047_20221229-134221_hor.png","https://www.samsungcard.com/personal/card/simple-apply/UHPPCA0225M0.jsp?code=AAP1688&alncmpC=QACDMB15&affcode=QACDMB15&BSCPN=BCTS&BSPRG=MNAVERCARD&BSCCN1=MB_%EC%8B%A0%EA%B2%80_AAP1688_%EA%B5%AD%EB%AF%BC%ED%96%89%EB%B3%B5%20%EC%82%BC%EC%84%B1%EC%B9%B4%EB%93%9C%20V2&utm_campaign=%EA%B5%AD%EB%AF%BC%ED%96%89%EB%B3%B5%20%EC%82%BC%EC%84%B1%EC%B9%B4%EB%93%9C%20V2&utm_medium=CSA&utm_source=%EB%84%A4%EC%9D%B4%EB%B2%84%20%EC%8B%A0%EC%9A%A9%EC%B9%B4%EB%93%9C%20%EA%B2%80%EC%83%89%20%EB%AA%A8%EB%B0%94%EC%9D%BC&utm_term={query}","true","2026-06-11T13:04:13.065Z"
"naver-card-10284","10284","MY S-OIL 삼성카드","삼성","credit","active_or_unknown","ready_for_review","100","S-OIL 필수 카드, MY S-OIL 삼성카드","20000","20000","20000","","300000","15000","2021-12-02","https://vertical.pstatic.net/vertical-cardad/creatives/SS/10284/SS_10284_20230720-171210_ver.png","https://www.samsungcard.com/personal/card/simple-apply/UHPPCA0225M0.jsp?code=AAP1792&alncmpC=QKNVSOIL&affcode=QKNVSOIL&BSCPN=BCTS&BSPRG=MNAVERCARD&BSCCN1=MB_%EC%8B%A0%EA%B2%80_AAP1792_MY%20S-OIL%20%EC%82%BC%EC%84%B1%EC%B9%B4%EB%93%9C&utm_campaign=MY%20S-OIL%20%EC%82%BC%EC%84%B1%EC%B9%B4%EB%93%9C&utm_medium=CSA&utm_source=%EB%84%A4%EC%9D%B4%EB%B2%84%20%EC%8B%A0%EC%9A%A9%EC%B9%B4%EB%93%9C%20%EA%B2%80%EC%83%89%20%EB%AA%A8%EB%B0%94%EC%9D%BC&utm_term={query}","true","2026-06-11T13:04:13.065Z"
"naver-card-3959","3959","아메리칸 엑스프레스 블루","삼성","credit","active_or_unknown","ready_for_review","100","국내에서도 해외에서도 혜택, 월최대 10만원혜택","15000","","15000","","300000","300000","2020-07-15","https://vertical.pstatic.net/vertical-cardad/creatives/SS/3959/SS_3959_20230103-180745_hor.png","https://www.samsungcard.com/personal/card/simple-apply/UHPPCA0225M0.jsp?code=AAP1671&alncmpC=QACDMB09&affcode=QACDMB09&BSCPN=BCTS&BSPRG=MNAVERCARD&BSCCN1=MB_%EC%8B%A0%EA%B2%80_AAP1671_%EC%95%84%EB%A9%94%EB%A6%AC%EC%B9%B8%20%EC%97%91%EC%8A%A4%ED%94%84%EB%A0%88%EC%8A%A4%20%EB%B8%94%EB%A3%A8&utm_campaign=%EC%95%84%EB%A9%94%EB%A6%AC%EC%B9%B8%20%EC%97%91%EC%8A%A4%ED%94%84%EB%A0%88%EC%8A%A4%20%EB%B8%94%EB%A3%A8&utm_medium=CSA&utm_source=%EB%84%A4%EC%9D%B4%EB%B2%84%20%EC%8B%A0%EC%9A%A9%EC%B9%B4%EB%93%9C%20%EA%B2%80%EC%83%89%20%EB%AA%A8%EB%B0%94%EC%9D%BC&utm_term={query}","true","2026-06-11T13:04:13.065Z"
"naver-card-10511","10511","KTX 삼성카드","삼성","credit","active_or_unknown","partial_review","70","생활 속에서 KTX 마일리지를 쌓으세요!","20000","20000","20000","","400000","","2025-04-28","https://vertical.pstatic.net/vertical-cardad/creatives/SS/10511/SS_10511_20250701-102752_ver.png","https://www.samsungcard.com/personal/card/simple-apply/UHPPCA0225M0.jsp?code=AAP1864&alncmpC=QACDMB12&affcode=QACDMB12&BSCPN=BCTS&BSPRG=MNAVERCARD&BSCCN1=MB_%EC%8B%A0%EA%B2%80_AAP1864_KTX%20%EC%82%BC%EC%84%B1%EC%B9%B4%EB%93%9C&utm_campaign=KTX%20%EC%82%BC%EC%84%B1%EC%B9%B4%EB%93%9C&utm_medium=CSA&utm_source=%EB%84%A4%EC%9D%B4%EB%B2%84%20%EC%8B%A0%EC%9A%A9%EC%B9%B4%EB%93%9C%20%EA%B2%80%EC%83%89%20%EB%AA%A8%EB%B0%94%EC%9D%BC&utm_term={query}","true","2026-06-11T13:04:13.065Z"
"naver-card-10454","10454","K-패스엔로카","롯데","credit","active_or_unknown","ready_for_review","100","대중교통 최대 1.5만원 할인 K-패스엔로카","20000","20000","20000","","400000","20000","2024-12-31","https://vertical.pstatic.net/vertical-cardad/creatives/LO/10454/LO_10454_20250206-174330_ver.png","http://m.lottecard.co.kr/spa/card/booth?bId=96492&vtCdKndC=P15644-A15644&npayUseYn=Y&utm_source=sa_naver_cs&utm_medium=cpc&utm_campaign=m_card_application&utm_content=2502_kpass_01&utm_term=신용카드","true","2026-06-11T13:04:13.065Z"
"naver-card-10391","10391","디지로카 Wellness","롯데","credit","active_or_unknown","ready_for_review","100","피부과,성형외과,미용실 등 최대 7% 캐시백!","30000","30000","30000","23000","500000","30000","2024-06-14","https://vertical.pstatic.net/vertical-cardad/creatives/LO/10391/LO_10391_20240702-104217_ver.png","http://m.lottecard.co.kr/spa/card/booth?bId=94317&vtCdKndC=P15602-A15602&npayUseYn=Y&utm_source=sa_naver_cs&utm_medium=cpc&utm_campaign=m_card_application&utm_content=2407_wellness_01&utm_term=신용카드","true","2026-06-11T13:04:13.065Z"
"naver-card-10267","10267","KB국민 K-패스카드","KB국민","credit","active_or_unknown","ready_for_review","100","교통비 SAVE! 생활서비스 할인혜택까지!","8000","8000","8000","","300000","5000","2023-04-26","https://vertical.pstatic.net/vertical-cardad/creatives/KB/10267/KB_10267_20240424-101143_ver.png","https://m.kbcard.com/CRD/DVIEW/MCAMCXHIACRC0002?allianceCode=09321&mainCC=b","true","2026-06-11T13:04:13.065Z"
"naver-card-10387","10387","디지로카 Edu","롯데","credit","active_or_unknown","ready_for_review","100","학원, 유치원 가맹점 최대 7% 캐시백 혜택","30000","30000","30000","23000","500000","30000","2024-06-14","https://vertical.pstatic.net/vertical-cardad/creatives/LO/10387/LO_10387_20240702-103201_ver.png","http://m.lottecard.co.kr/spa/card/booth?bId=94316&vtCdKndC=P15614-A15614&npayUseYn=Y&utm_source=sa_naver_cs&utm_medium=cpc&utm_campaign=m_card_application&utm_content=2407_edu_01&utm_term=신용카드","true","2026-06-11T13:04:13.065Z"
"naver-card-10388","10388","디지로카 Golf","롯데","credit","active_or_unknown","ready_for_review","100","골프장, 골프연습장 이용 시 최대 7% 캐시백!","30000","30000","30000","23000","500000","30000","2024-06-14","https://vertical.pstatic.net/vertical-cardad/creatives/LO/10388/LO_10388_20240702-104039_hor.png","http://m.lottecard.co.kr/spa/card/booth?bId=94314&vtCdKndC=P15608-A15608&npayUseYn=Y&utm_source=sa_naver_cs&utm_medium=cpc&utm_campaign=m_card_application&utm_content=2407_golf_03&utm_term=신용카드","true","2026-06-11T13:04:13.065Z"
"naver-card-10390","10390","디지로카 Pet","롯데","credit","active_or_unknown","ready_for_review","100","반려동물 센터, 동물병원 최대 7% 캐시백!","30000","30000","30000","23000","500000","30000","2024-06-14","https://vertical.pstatic.net/vertical-cardad/creatives/LO/10390/LO_10390_20240702-104058_ver.png","http://m.lottecard.co.kr/spa/card/booth?bId=94318&vtCdKndC=P15596-A15596&npayUseYn=Y&utm_source=sa_naver_cs&utm_medium=cpc&utm_campaign=m_card_application&utm_content=2407_pet_01&utm_term=신용카드","true","2026-06-11T13:04:13.065Z"
"naver-card-10389","10389","디지로카 Auto","롯데","credit","active_or_unknown","ready_for_review","100","주유비 리터당 최대 150원 캐시백 혜택!","30000","30000","30000","23000","500000","30000","2024-06-14","https://vertical.pstatic.net/vertical-cardad/creatives/LO/10389/LO_10389_20240702-104050_ver.png","http://m.lottecard.co.kr/spa/card/booth?bId=94315&vtCdKndC=P15590-A15590&npayUseYn=Y&utm_source=sa_naver_cs&utm_medium=cpc&utm_campaign=m_card_application&utm_content=2407_auto_04&utm_term=신용카드","true","2026-06-11T13:04:13.065Z"
"naver-card-10039","10039","KB국민행복카드","KB국민","credit","active_or_unknown","partial_review","70","행복을 가득담은 혜택, 임신중독증 보험 무료까지","0","0","0","","400000","","2021-02-01","https://vertical.pstatic.net/vertical-cardad/creatives/KB/10039/KB_10039_20230308-153417_hor.png","https://m.kbcard.com/CRD/DVIEW/MCAMCXHIACRC0002?allianceCode=02065&mainCC=b","true","2026-06-11T13:04:13.065Z"
"naver-card-10447","10447","KB국민 기후동행카드","KB국민","credit","active_or_unknown","ready_for_review","100","KB국민카드와 무제한으로 실천하는 기후동행!","10000","10000","","","400000","10000","2024-11-25","https://vertical.pstatic.net/vertical-cardad/creatives/KB/10447/KB_10447_20241218-150340_hor.png","https://m.kbcard.com/CRD/DVIEW/MCAMCXHIACRC0002?allianceCode=04918&mainCC=b","true","2026-06-11T13:04:13.065Z"
"naver-card-10424","10424","KB국민 하이패스 2.0","KB국민","credit","active_or_unknown","partial_review","65","하이패스 이용만해도 0.1% 포인트리 적립 가능","2000","2000","","","0","","2016-06-15","https://vertical.pstatic.net/vertical-cardad/creatives/KB/10424/KB_10424_20250617-173554_hor.png","https://m.kbcard.com/CRD/DVIEW/MCAMCXHIACRC0002?allianceCode=09178&mainCC=b","true","2026-06-11T13:04:13.065Z"
"naver-card-1312","1312","KB국민 마일리지 가온카드(대한항공)","KB국민","credit","active_or_unknown","manual_required","45","해외+면세점 이용하고 마일리지 더블 적립받기!","15000","15000","20000","","0","","2014-11-17","https://vertical.pstatic.net/vertical-cardad/creatives/KB/1312/KB_1312_20230127-092959_hor.png","https://m.kbcard.com/CRD/DVIEW/MCAMCXHIACRC0002?allianceCode=09153&mainCC=b","true","2026-06-11T13:04:13.065Z"
"naver-card-10504","10504","코웨이 X LOCA","롯데","credit","active_or_unknown","ready_for_review","95","코웨이 렌탈 이용시, 꼭 필요한 필수롯데카드!","20000","20000","20000","","300000","20000","2023-09-04","https://vertical.pstatic.net/vertical-cardad/creatives/LO/10504/LO_10504_20250613-172709_ver.png","http://m.lottecard.co.kr/spa/card/booth?bId=101223&vtCdKndC=P14701-A14701&npayUseYn=Y&utm_source=sa_naver_cs&utm_medium=cpc&utm_campaign=m_card_application&utm_content=2506_coway_01&utm_term=신용카드","true","2026-06-11T13:04:13.065Z"
"naver-card-10338","10338","현대카드Z work Edition2","현대","check","active_or_unknown","partial_review","65","출퇴근용 구간 반복 할인카드","20000","20000","20000","5000","500000","","2024-01-19","https://vertical.pstatic.net/vertical-cardad/creatives/HD/10338/HD_10338_20250212-112533_ver.png","https://www.hyundaicard.com/cpc/cr/CPCCR0201_01.hc?cardWcd=ZWE2&eventCode=DMV0V","true","2026-06-11T13:04:13.065Z"
"naver-card-10514","10514","디지로카 Travel","롯데","credit","active_or_unknown","ready_for_review","95","트래블마일 기본+특별적립에 보너스 적립까지!","20000","20000","20000","13000","0","20000","2025-05-28","https://vertical.pstatic.net/vertical-cardad/creatives/LO/10514/LO_10514_20250703-105442_ver.png","http://m.lottecard.co.kr/spa/card/booth?bId=101478&vtCdKndC=P15731-A15731&npayUseYn=Y&utm_source=sa_naver_cs&utm_medium=cpc&utm_campaign=m_card_application&utm_content=2507_travel_01&utm_term=신용카드","true","2026-06-11T13:04:13.065Z"
"naver-card-10509","10509","Trip to 로카","롯데","credit","active_or_unknown","ready_for_review","95","고민하기 싫다면? Trip to 로카!","20000","20000","20000","13000","300000","20000","2023-05-23","https://vertical.pstatic.net/vertical-cardad/creatives/LO/10509/LO_10509_20250619-174028_ver.png","http://m.lottecard.co.kr/spa/card/booth?bId=101225&vtCdKndC=P15678-A15678&npayUseYn=Y&utm_source=sa_naver_cs&utm_medium=cpc&utm_campaign=m_card_application&utm_content=2506_trip_01&utm_term=신용카드","true","2026-06-11T13:04:13.065Z"
"naver-card-10130","10130","삼성카드 BIZ LEADERS","삼성","credit","active_or_unknown","ready_for_review","100","개인사업자 필수 카드, BIZ LEADERS","20000","20000","20000","","500000","10000","2021-05-21","https://vertical.pstatic.net/vertical-cardad/creatives/SS/10130/SS_10130_20230103-175640_ver.png","https://www.samsungcard.com/personal/card/simple-apply/UHPPCA0225M0.jsp?code=AAP1716&alncmpC=QACDMB10&affcode=QACDMB10&BSCPN=BCTS&BSPRG=MNAVERCARD&BSCCN1=MB_%EC%8B%A0%EA%B2%80_AAP1716_%EC%82%BC%EC%84%B1%EC%B9%B4%EB%93%9C%20BIZ%20LEADERS&utm_campaign=%EC%82%BC%EC%84%B1%EC%B9%B4%EB%93%9C%20BIZ%20LEADERS&utm_medium=CSA&utm_source=%EB%84%A4%EC%9D%B4%EB%B2%84%20%EC%8B%A0%EC%9A%A9%EC%B9%B4%EB%93%9C%20%EA%B2%80%EC%83%89%20%EB%AA%A8%EB%B0%94%EC%9D%BC&utm_term={query}","true","2026-06-11T13:04:13.065Z"
"naver-card-10323","10323","현대카드ZERO Edition3(포인트형)","현대","credit","active_or_unknown","partial_review","65","실적 ZERO 적립한도 ZERO","15000","15000","15000","5000","0","","2024-01-05","https://vertical.pstatic.net/vertical-cardad/creatives/HD/10323/HD_10323_20250212-112405_ver.png","https://www.hyundaicard.com/cpc/cr/CPCCR0201_01.hc?cardWcd=MZROE3&eventCode=DMUYH","true","2026-06-11T13:04:13.065Z"
"naver-card-10337","10337","현대카드Z family Edition2","현대","credit","active_or_unknown","partial_review","65","패밀리용 구간 반복 할인카드","20000","20000","20000","5000","500000","","2024-01-19","https://vertical.pstatic.net/vertical-cardad/creatives/HD/10337/HD_10337_20250212-112513_ver.png","https://www.hyundaicard.com/cpc/cr/CPCCR0201_01.hc?cardWcd=ZFE2&eventCode=DMV02","true","2026-06-11T13:04:13.065Z"
"naver-card-10497","10497","현대카드 ZERO Up","현대","credit","active_or_unknown","partial_review","70","복잡함 ZERO, 할인 UP","30000","30000","30000","10000","0","","2025-06-10","https://vertical.pstatic.net/vertical-cardad/creatives/HD/10497/HD_10497_20250609-205733_ver.png","https://www.hyundaicard.com/cpc/cr/CPCCR0201_01.hc?cardWcd=ZRUP&eventCode=DMVHI","true","2026-06-11T13:04:13.065Z"
"naver-card-10335","10335","현대카드MM","현대","credit","active_or_unknown","partial_review","65","쓸수록 쌓이는 포인트카드","70000","70000","70000","20000","500000","","2024-01-19","https://vertical.pstatic.net/vertical-cardad/creatives/HD/10335/HD_10335_20250212-112423_ver.png","https://www.hyundaicard.com/cpc/cr/CPCCR0201_01.hc?cardWcd=MPE4&eventCode=DMV3P","true","2026-06-11T13:04:13.065Z"
"naver-card-10353","10353","현대카드 Summit","현대","credit","active_or_unknown","partial_review","70","정상에 선 당신의 카드","200000","200000","200000","","500000","","2024-05-02","https://vertical.pstatic.net/vertical-cardad/creatives/HD/10353/HD_10353_20240430-195202_ver.png","https://www.hyundaicard.com/cpc/cr/CPCCR0201_01.hc?cardWcd=SPM&eventCode=DMV77","true","2026-06-11T13:04:13.065Z"
"naver-card-10594","10594","the Orange","현대","credit","active_or_unknown","partial_review","70","My First Luxury","200000","200000","200000","","500000","","2026-03-17","https://vertical.pstatic.net/vertical-cardad/creatives/HD/10594/HD_10594_20260313-162451_ver.png","https://www.hyundaicard.com/cpc/cr/CPCCR0201_01.hc?cardflag=TO&cardWcd=TO&eventCode=ANB27","true","2026-06-11T13:04:13.065Z"
"naver-card-10339","10339","현대카드Z play","현대","credit","active_or_unknown","partial_review","65","방구석용 구간반복 할인카드","20000","20000","20000","5000","500000","","2024-01-19","https://vertical.pstatic.net/vertical-cardad/creatives/HD/10339/HD_10339_20250212-112551_ver.png","https://www.hyundaicard.com/cpc/cr/CPCCR0201_01.hc?cardWcd=ZOE2&eventCode=DMV37","true","2026-06-11T13:04:13.065Z"
"naver-card-10499","10499","현대카드 X Save","현대","credit","active_or_unknown","partial_review","65","가족할인 Save로 완성, 현대카드 X Save","30000","30000","30000","10000","500000","","2025-06-10","https://vertical.pstatic.net/vertical-cardad/creatives/HD/10499/HD_10499_20250610-014811_ver.png","https://www.hyundaicard.com/cpc/cr/CPCCR0201_01.hc?cardWcd=XSAV&eventCode=DMVFT","true","2026-06-11T13:04:13.065Z"
"naver-card-10336","10336","현대카드X","현대","credit","active_or_unknown","partial_review","65","할인에 캐시백을 더한 카드","50000","50000","50000","20000","500000","","2024-01-19","https://vertical.pstatic.net/vertical-cardad/creatives/HD/10336/HD_10336_20250212-112450_ver.png","https://www.hyundaicard.com/cpc/cr/CPCCR0201_01.hc?cardWcd=XPE4&eventCode=DMV57","true","2026-06-11T13:04:13.065Z"
"naver-card-10498","10498","현대카드 X Cut","현대","credit","active_or_unknown","partial_review","65","요즘 할인 Cut으로 완성, 현대카드 X Cut","30000","30000","30000","10000","500000","","2025-06-10","https://vertical.pstatic.net/vertical-cardad/creatives/HD/10498/HD_10498_20250610-004834_ver.png","https://www.hyundaicard.com/cpc/cr/CPCCR0201_01.hc?cardWcd=XCUT&eventCode=DMVFE","true","2026-06-11T13:04:13.065Z"
"naver-card-10466","10466","현대카드 Summit CE","현대","credit","active_or_unknown","partial_review","65","정상에 선 당신의 컴팩트 카드","80000","80000","80000","20000","500000","","2025-03-12","https://vertical.pstatic.net/vertical-cardad/creatives/HD/10466/HD_10466_20250311-004447_ver.png","https://www.hyundaicard.com/cpc/cr/CPCCR0201_01.hc?cardwcd=BTMCE&eventCode=DMVF0","true","2026-06-11T13:04:13.065Z"
"naver-card-10334","10334","현대카드M","현대","credit","active_or_unknown","partial_review","65","쓸수록 쌓이는 포인트카드","30000","30000","30000","10000","500000","","2024-01-19","https://vertical.pstatic.net/vertical-cardad/creatives/HD/10334/HD_10334_20250212-112319_ver.png","https://www.hyundaicard.com/cpc/cr/CPCCR0201_01.hc?cardWcd=ME4&eventCode=DMV3C","true","2026-06-11T13:04:13.065Z"
"naver-card-10322","10322","현대카드ZERO Edition3(할인형)","현대","credit","active_or_unknown","partial_review","70","실적 ZERO 할인 한도 ZERO","15000","15000","15000","5000","0","","2024-01-05","https://vertical.pstatic.net/vertical-cardad/creatives/HD/10322/HD_10322_20250212-112347_ver.png","https://www.hyundaicard.com/cpc/cr/CPCCR0201_01.hc?cardWcd=ZROE3&eventCode=DMUUT","true","2026-06-11T13:04:13.065Z"
"naver-card-10534","10534","현대카드T","현대","credit","active_or_unknown","partial_review","70","Travel에 일상을 더한 카드","15000","15000","15000","5000","0","","2025-09-16","https://vertical.pstatic.net/vertical-cardad/creatives/HD/10534/HD_10534_20250916-005334_ver.png","https://www.hyundaicard.com/cpc/cr/CPCCR0201_01.hc?cardWcd=HCT&eventCode=ANB24","true","2026-06-11T13:04:13.065Z"
"naver-card-10413","10413","the Pink Edition2","현대","credit","active_or_unknown","partial_review","65","My First Seduction","150000","150000","150000","","1000000","","2024-08-16","https://vertical.pstatic.net/vertical-cardad/creatives/HD/10413/HD_10413_20240923-221127_ver.png","https://www.hyundaicard.com/cpc/cr/CPCCR0201_01.hc?cardwcd=TPIE2&eventCode=DMVAC","true","2026-06-11T13:04:13.065Z"
"naver-card-10515","10515","디지로카 Travel 프리미엄","롯데","credit","active_or_unknown","ready_for_review","100","트래블마일 기본+특별적립에 보너스 적립까지!","100000","100000","100000","15000","0","100000","2025-05-28","https://vertical.pstatic.net/vertical-cardad/creatives/LO/10515/LO_10515_20250703-110454_ver.png","http://m.lottecard.co.kr/spa/card/booth?bId=101479&vtCdKndC=P15736-A15736&npayUseYn=Y&utm_source=sa_naver_cs&utm_medium=cpc&utm_campaign=m_card_application&utm_content=2507_travelP_01&utm_term=신용카드","true","2026-06-11T13:04:13.065Z"
"naver-card-10134","10134","삼성 BIZ iD BENEFIT 카드","삼성","credit","active_or_unknown","ready_for_review","100","사업 경비 할인, BIZ BENEFIT 으로!","30000","30000","30000","","500000","300000","2022-01-28","https://vertical.pstatic.net/vertical-cardad/creatives/SS/10134/SS_10134_20230103-175701_ver.png","https://www.samsungcard.com/personal/card/simple-apply/UHPPCA0225M0.jsp?code=AAP1758&alncmpC=QACDMB21&affcode=QACDMB21&BSCPN=BCTS&BSPRG=MNAVERCARD&BSCCN1=MB_%EC%8B%A0%EA%B2%80_AAP1758_%EC%82%BC%EC%84%B1%20BIZ%20iD%20BENEFIT%20%EC%B9%B4%EB%93%9C&utm_campaign=%EC%82%BC%EC%84%B1%20BIZ%20iD%20BENEFIT%20%EC%B9%B4%EB%93%9C&utm_medium=CSA&utm_source=%EB%84%A4%EC%9D%B4%EB%B2%84%20%EC%8B%A0%EC%9A%A9%EC%B9%B4%EB%93%9C%20%EA%B2%80%EC%83%89%20%EB%AA%A8%EB%B0%94%EC%9D%BC&utm_term={query}","true","2026-06-11T13:04:13.065Z"
"naver-card-10525","10525","BIZ THE iD. PLATINUM (포인트)","삼성","credit","active_or_unknown","partial_review","70","BIZ 디아이디 플래티늄으로 더 빛나는 비즈니스","240000","240000","240000","","500000","","2023-08-21","https://vertical.pstatic.net/vertical-cardad/creatives/SS/10525/SS_10525_20250904-113009_ver.png","https://www.samsungcard.com/personal/card/simple-apply/UHPPCA0225M0.jsp?code=AAP1802&alncmpC=QACDMB20&affcode=QACDMB20&BSCPN=BCTS&BSPRG=MNAVERCARD&BSCCN1=MB_%EC%8B%A0%EA%B2%80_AAP1802_BIZ%20THE%20iD.%20PLATINUM%20%28%ED%8F%AC%EC%9D%B8%ED%8A%B8%29&utm_campaign=BIZ%20THE%20iD.%20PLATINUM%20%28%ED%8F%AC%EC%9D%B8%ED%8A%B8%29&utm_medium=CSA&utm_source=%EB%84%A4%EC%9D%B4%EB%B2%84%20%EC%8B%A0%EC%9A%A9%EC%B9%B4%EB%93%9C%20%EA%B2%80%EC%83%89%20%EB%AA%A8%EB%B0%94%EC%9D%BC&utm_term={query}","true","2026-06-11T13:04:13.065Z"
"naver-card-10359","10359","현대카드 MX Black Edition2","현대","credit","active_or_unknown","ready_for_review","100","M과 X의 강력한 MIX","200000","200000","200000","","1000000","10000","2024-05-22","https://vertical.pstatic.net/vertical-cardad/creatives/HD/10359/HD_10359_20240521-140910_ver.png","https://www.hyundaicard.com/cpc/cr/CPCCR0201_01.hc?cardWcd=MXBE2&eventCode=DMV85","true","2026-06-11T13:04:13.065Z"
"naver-card-10411","10411","the Green Edition3","현대","credit","active_or_unknown","partial_review","65","My First Luxury","150000","150000","150000","","1000000","","2024-08-16","https://vertical.pstatic.net/vertical-cardad/creatives/HD/10411/HD_10411_20240923-220929_ver.png","https://www.hyundaicard.com/cpc/cr/CPCCR0201_01.hc?cardWcd=TGE3&eventCode=DMVB8","true","2026-06-11T13:04:13.065Z"
"naver-card-10317","10317","어디로든 그린카드 X LOCA","롯데","credit","active_or_unknown","ready_for_review","100","친환경 소비하고 에코머니 포인트 적립하세요","15000","15000","15000","","300000","30000","2023-12-22","https://vertical.pstatic.net/vertical-cardad/creatives/LO/10317/LO_10317_20240110-202003_ver.png","http://m.lottecard.co.kr/spa/card/booth?bId=92793&vtCdKndC=P14744-A14744&npayUseYn=Y","true","2026-06-11T13:04:13.065Z"
"naver-card-10502","10502","쿠쿠 X LOCA","롯데","credit","active_or_unknown","ready_for_review","95","쿠쿠 렌탈 이용시, 꼭 필요한 필수롯데카드!","20000","20000","20000","","300000","20000","2023-09-04","https://vertical.pstatic.net/vertical-cardad/creatives/LO/10502/LO_10502_20250613-172657_ver.png","http://m.lottecard.co.kr/spa/card/booth?bId=101224&vtCdKndC=P14693-A14693&npayUseYn=Y&utm_source=sa_naver_cs&utm_medium=cpc&utm_campaign=m_card_application&utm_content=2506_cuckoo_01&utm_term=신용카드","true","2026-06-11T13:04:13.065Z"
"naver-card-10428","10428","LOCA X 기후동행카드","롯데","credit","active_or_unknown","ready_for_review","100","서울시 서비스지역 대중교통 30일간 무제한!","10000","10000","10000","","300000","15000","2024-10-23","https://vertical.pstatic.net/vertical-cardad/creatives/LO/10428/LO_10428_20241113-143714_hor.png","https://m.lottecard.co.kr/spa/card/booth?bId=96054&vtCdKndC=P15638-A15638&npayUseYn=Y&utm_source=sa_naver_cs&utm_medium=cpc&utm_campaign=m_card_application&utm_content=traffic_01&utm_term=신용카드","true","2026-06-11T13:04:13.065Z"
"naver-card-1360","1360","IBKhi카드","IBK기업은행","credit","active_or_unknown","ready_for_review","100","IBK hi카드의 놀라운 교통 할인 서비스","2000","2000","4000","","200000","200000","2014-08-12","https://vertical.pstatic.net/vertical-cardad/creatives/IB/1360/IB_1360_hor.png","https://www.ibk.co.kr/cardbiz/detailBizNew.ibk?pageId=CA01020000&PDLN_CD=12&PDGR_CD=11&PDTM_CD=258&PDCD=0001&ad_cd=nvmo&mz_cd=ADGROUN","true","2026-06-11T13:04:13.065Z"
"naver-card-10531","10531","현대카드O","현대","credit","active_or_unknown","partial_review","65","Oil에 정기결제를 더한 카드","15000","15000","15000","5000","400000","","2025-09-16","https://vertical.pstatic.net/vertical-cardad/creatives/HD/10531/HD_10531_20250915-164010_ver.png","https://www.hyundaicard.com/cpc/cr/CPCCR0201_01.hc?cardWcd=HCO&eventCode=ANB22","true","2026-06-11T13:04:13.065Z"
"naver-card-10533","10533","현대카드Z everyday","현대","credit","active_or_unknown","partial_review","75","일상 속 할인을 담은 Dining 카드","20000","20000","20000","5000","500000","","2025-09-16","https://vertical.pstatic.net/vertical-cardad/creatives/HD/10533/HD_10533_20250915-193217_ver.png","https://www.hyundaicard.com/cpc/cr/CPCCR0201_01.hc?cardWcd=ZWK&eventCode=ANB25","true","2026-06-11T13:04:13.065Z"
"naver-card-10503","10503","SK인텔릭스 X LOCA","롯데","credit","active_or_unknown","ready_for_review","95","SK인텔릭스 이용시 결제일 할인 또는 캐시백","20000","20000","20000","","300000","20000","2023-09-04","https://vertical.pstatic.net/vertical-cardad/creatives/LO/10503/LO_10503_20250613-172703_ver.png","http://m.lottecard.co.kr/spa/card/booth?bId=101222&vtCdKndC=P14685-A14685&npayUseYn=Y&utm_source=sa_naver_cs&utm_medium=cpc&utm_campaign=m_card_application&utm_content=2506_sk_01&utm_term=신용카드","true","2026-06-11T13:04:13.065Z"
"naver-card-10532","10532","현대카드S","현대","credit","active_or_unknown","partial_review","65","Shopping에 일상을 더한 카드","15000","15000","15000","5000","400000","","2025-09-16","https://vertical.pstatic.net/vertical-cardad/creatives/HD/10532/HD_10532_20250915-170137_ver.png","https://www.hyundaicard.com/cpc/cr/CPCCR0201_01.hc?cardWcd=HCS&eventCode=ANB23","true","2026-06-11T13:04:13.065Z"
"naver-card-1573","1573","기업은행 용인시민카드","IBK기업은행","check","active_or_unknown","ready_for_review","100","용인사람들을 위한! 용인시민카드","5000","5000","7000","","300000","10000","2016-03-31","https://vertical.pstatic.net/vertical-cardad/creatives/IB/1573/IB_1573_hor.png","https://www.ibk.co.kr/cardbiz/detailBizNew.ibk?PDLN_CD=12&PDGR_CD=11&PDTM_CD=300&PDCD=0001&ad_cd=nvmo&mz_cd=ADGROUN","true","2026-06-11T13:04:13.065Z"
"naver-card-10291","10291","I-PET카드","IBK기업은행","check","active_or_unknown","ready_for_review","95","반려동물을 사랑하는 사람들을 위한 최고의 선택!","18000","18000","19000","0","400000","10000","2023-07-07","https://vertical.pstatic.net/vertical-cardad/creatives/IB/10291/IB_10291_20230831-164706_hor.png","https://www.ibk.co.kr/cardbiz/detailBizNew.ibk?PDLN_CD=12&PDGR_CD=11&PDTM_CD=342&PDCD=0001&ad_cd=nvmo&mz_cd=ADGROUN","true","2026-06-11T13:04:13.065Z"
"naver-card-1715","1715","기업은행 일상의 기쁨카드","IBK기업은행","check","active_or_unknown","ready_for_review","100","일상 곳곳에서 누리는 큰 할인! 일상의 기쁨카드","12000","","12000","","500000","20000","2017-02-23","https://vertical.pstatic.net/vertical-cardad/creatives/IB/1715/IB_1715_hor.png","https://www.ibk.co.kr/cardbiz/detailBizNew.ibk?PDLN_CD=12&PDGR_CD=11&PDTM_CD=309&PDCD=0001&ad_cd=nvmo&mz_cd=ADGROUN","true","2026-06-11T13:04:13.065Z"
"naver-card-1889","1889","기업은행 참! 좋은 다이소카드","IBK기업은행","check","active_or_unknown","ready_for_review","100","쓸수록 즐거운 혜택, 참! 좋은 다이소카드","12000","","12000","","300000","10000","2017-05-29","https://vertical.pstatic.net/vertical-cardad/creatives/IB/1889/IB_1889_hor.png","https://www.ibk.co.kr/cardbiz/detailBizNew.ibk?pageId=CA01020000&PDLN_CD=12&PDGR_CD=11&PDTM_CD=312&PDCD=0001&ad_cd=nvmo&mz_cd=ADGROUN","true","2026-06-11T13:04:13.065Z"
"naver-card-1340","1340","참! 좋은 kt wiz 카드","IBK기업은행","check","active_or_unknown","ready_for_review","100","야구장에서 누리는 카드혜택의 신강자!","5000","","5000","","300000","10000","2015-03-31","https://vertical.pstatic.net/vertical-cardad/creatives/IB/1340/IB_1340_hor.png","https://www.ibk.co.kr/cardbiz/detailBizNew.ibk?pageId=CA01020000&PDLN_CD=12&PDGR_CD=11&PDTM_CD=273&PDCD=0297&ad_cd=nvmo&mz_cd=ADGROUN","true","2026-06-11T13:04:13.065Z"
"naver-card-10232","10232","IBK i-ALL 카드","IBK기업은행","check","active_or_unknown","ready_for_review","100","전월실적,할인한도없이 국내외 가맹점 0.5%할인","14000","14000","15000","0","0","20000","2023-02-01","https://vertical.pstatic.net/vertical-cardad/creatives/IB/10232/IB_10232_20230221-105307_hor.png","https://www.ibk.co.kr/cardbiz/detailBizNew.ibk?PDLN_CD=12&PDGR_CD=11&PDTM_CD=338&PDCD=0001&ad_cd=nvmo&mz_cd=ADGROUN","true","2026-06-11T13:04:13.065Z"
"naver-card-10591","10591","일년의 설렘카드","IBK기업은행","check","active_or_unknown","partial_review","70","연간 사용액에 따른 캐시백","10000","0","10000","0","5000000","","2017-02-22","https://vertical.pstatic.net/vertical-cardad/creatives/IB/10591/IB_10591_20260309-140048_ver.png","https://www.ibk.co.kr/cardbiz/detailBizNew.ibk?PDLN_CD=12&PDGR_CD=11&PDTM_CD=310&PDCD=0001&ad_cd=nvpc&mz_cd=ADGROUN","true","2026-06-11T13:04:13.065Z"
"naver-card-2345","2345","IBK 국민행복카드","IBK기업은행","check","active_or_unknown","ready_for_review","95","국가 바우처와 임신 출산/진료비 지원을 한번에!","0","0","","","300000","300000","2015-05-04","https://vertical.pstatic.net/vertical-cardad/creatives/IB/2345/IB_2345_hor.png","https://www.ibk.co.kr/cardbiz/detailBizNew.ibk?pageId=CA01020000&PDLN_CD=12&PDGR_CD=11&PDTM_CD=293&PDCD=0001&ad_cd=nvmo&mz_cd=ADGROUN","true","2026-06-11T13:04:13.065Z"
"naver-card-1337","1337","IBK-Syrup카드","IBK기업은행","check","active_or_unknown","manual_required","50","카드 결제와 멤버십 적립을 한장에!","7000","","7000","","300000","","2015-04-24","https://vertical.pstatic.net/vertical-cardad/creatives/IB/1337/IB_1337_hor.png","https://www.ibk.co.kr/cardbiz/detailBizNew.ibk?pageId=CA01020000&PDLN_CD=12&PDGR_CD=11&PDTM_CD=287&PDCD=0001&ad_cd=nvmo&mz_cd=ADGROUN","true","2026-06-11T13:04:13.065Z"
"naver-card-10265","10265","K-22(Point)","IBK기업은행","credit","active_or_unknown","partial_review","70","프리미엄한 당신이기에 언제나 기대, 그 이상","219000","219000","220000","0","500000","","2023-06-01","https://vertical.pstatic.net/vertical-cardad/creatives/IB/10265/IB_10265_20230619-150641_hor.png","https://www.ibk.co.kr/cardbiz/detailBizNew.ibk?PDLN_CD=12&PDGR_CD=11&PDTM_CD=340&PDCD=0001&ad_cd=nvmo&mz_cd=ADGROUN","true","2026-06-11T13:04:13.065Z"
"naver-card-10614","10614","현대카드 하이브리드(Apple Pay Rewards)","현대","check","active_or_unknown","ready_for_review","95","실속 있게 누리는 ApplePay Rewards","5000","5000","5000","","300000","300000","2026-04-28","https://vertical.pstatic.net/vertical-cardad/creatives/HD/10614/HD_10614_20260423-153840_ver.png","https://www.hyundaicard.com/cpc/cr/CPCCR0201_01.hc?cardWcd=CCAH&eventCode=ANB03","true","2026-06-11T13:04:13.065Z"
"naver-card-10557","10557","해피메이트 ibk카드(신용)","IBK기업은행","check","active_or_unknown","partial_review","70","즐거움을 전달 해주는 당신에게 드리는 선물","20000","20000","22000","0","400000","","2025-11-14","https://vertical.pstatic.net/vertical-cardad/creatives/IB/10557/IB_10557_20251208-143557_ver.png","https://www.ibk.co.kr/cardbiz/detailBizNew.ibk?&pageId=&PDLN_CD=12&PDGR_CD=11&PDTM_CD=356&PDCD=0001&ad_cd=nvmo&mz_cd=ADGROUN","true","2026-06-11T13:04:13.065Z"
"naver-card-10524","10524","KT Super DC 롯데카드","롯데","credit","active_or_unknown","ready_for_review","80","KT통신비 최대 2만원 할인+기기 할부 서비스","23000","23000","25000","","300000","23000","2022-09-23","https://vertical.pstatic.net/vertical-cardad/creatives/LO/10524/LO_10524_20250827-103301_hor.png","http://m.lottecard.co.kr/spa/card/booth?bId=102324&vtCdKndC=P14262-A14262&npayUseYn=Y&utm_source=sa_naver_cs&utm_medium=cpc&utm_campaign=m_card_application&utm_content=2508_superdc_01&utm_term=신용카드","true","2026-06-11T13:04:13.065Z"
"naver-card-10613","10613","현대카드 하이브리드(포인트형)","현대","check","active_or_unknown","partial_review","65","적립 FOCUS, 현대카드 하이브리드","5000","5000","5000","","300000","","2026-04-28","https://vertical.pstatic.net/vertical-cardad/creatives/HD/10613/HD_10613_20260423-150243_ver.png","https://www.hyundaicard.com/cpc/cr/CPCCR0201_01.hc?cardWcd=CCMH&eventCode=ANB01","true","2026-06-11T13:04:13.065Z"
"naver-card-10610","10610","현대카드 하이브리드(캐시백형)","현대","check","active_or_unknown","partial_review","65","캐시백 FOCUS, 현대카드 하이브리드","5000","5000","5000","","300000","","2026-04-28","https://vertical.pstatic.net/vertical-cardad/creatives/HD/10610/HD_10610_20260422-200131_ver.png","https://www.hyundaicard.com/cpc/cr/CPCCR0201_01.hc?cardWcd=CCDH&eventCode=ANB02","true","2026-06-11T13:04:13.065Z"
"naver-card-10639","10639","LG U+ 사장님 통할인 신한카드","신한","credit","active_or_unknown","partial_review","75","사장님이라면 LG U+ 통신 요금 할인 받기","35000","35000","38000","0","700000","6000","2020-03-19","https://vertical.pstatic.net/vertical-cardad/creatives/SH/10639/SH_10639_20260609-163150_hor.png","https://www.shinhancard.com/pconts/html/card/apply/credit/1196261_2207.html?empSeq=501","true","2026-06-11T13:04:13.065Z"
"naver-card-10501","10501","I-기후동행카드(신용)","IBK기업은행","check","active_or_unknown","ready_for_review","100","일상에서 누리는 큰 할인! i-기후동행카드","14000","14000","0","0","500000","20000","2025-03-06","https://vertical.pstatic.net/vertical-cardad/creatives/IB/10501/IB_10501_20250612-144309_ver.png","https://www.ibk.co.kr/cardbiz/detailBizNew.ibk?pageId=&PDLN_CD=12&PDGR_CD=11&PDTM_CD=338&PDCD=0015&ad_cd=nvmo&mz_cd=ADGROUN","true","2026-06-11T13:04:13.065Z"
"naver-card-10299","10299","IBK기업 I-어디로든 그린카드","IBK기업은행","credit","active_or_unknown","ready_for_review","100","에코머니 포인트 적립하고 현금처럼 사용하세요!","15000","15000","","","300000","300000","2023-10-27","https://vertical.pstatic.net/vertical-cardad/creatives/IB/10299/IB_10299_20231031-163546_hor.png","https://www.ibk.co.kr/cardbiz/detailBizNew.ibk?PDLN_CD=12&PDGR_CD=11&PDTM_CD=343&PDCD=0001&ad_cd=nvmo&mz_cd=ADGROUN","true","2026-06-11T13:04:13.065Z"
"naver-card-10597","10597","트래블로그+(플러스) 신용카드","하나","credit","active_or_unknown","ready_for_review","100","가볍게 떠나고 싶다면? 트래블로그!","20000","20000","20000","","0","50000","2026-04-15","https://vertical.pstatic.net/vertical-cardad/creatives/SK/10597/SK_10597_20260413-174415_ver.png","https://m.hanacard.co.kr/MKCDCM1010M.web?CD_PD_SEQ=18973","true","2026-06-11T13:04:13.065Z"
"naver-card-10486","10486","삼성후불하이패스카드","삼성","credit","active_or_unknown","partial_review","65","출퇴근길 통행료 할인받고 기분 전환 !","2000","2000","","","0","","2009-05-27","https://vertical.pstatic.net/vertical-cardad/creatives/SS/10486/SS_10486_20250428-163507_hor.png","https://www.samsungcard.com/personal/card/simple-apply/UHPPCA0225M0.jsp?code=AAP0598&alncmpC=QACDMB20&affcode=QACDMB20&BSCPN=BCTS&BSPRG=MNAVERCARD&BSCCN1=MB_%EC%8B%A0%EA%B2%80_AAP0598_%EC%82%BC%EC%84%B1%ED%9B%84%EB%B6%88%ED%95%98%EC%9D%B4%ED%8C%A8%EC%8A%A4%EC%B9%B4%EB%93%9C&utm_campaign=%EC%82%BC%EC%84%B1%ED%9B%84%EB%B6%88%ED%95%98%EC%9D%B4%ED%8C%A8%EC%8A%A4%EC%B9%B4%EB%93%9C&utm_medium=CSA&utm_source=%EB%84%A4%EC%9D%B4%EB%B2%84%20%EC%8B%A0%EC%9A%A9%EC%B9%B4%EB%93%9C%20%EA%B2%80%EC%83%89%20%EB%AA%A8%EB%B0%94%EC%9D%BC&utm_term={query}","true","2026-06-11T13:04:13.065Z"
"naver-card-10516","10516","청호나이스 X LOCA","롯데","credit","active_or_unknown","ready_for_review","95","청호나이스 렌탈 이용시, 꼭 필요한 필수롯데카드","20000","20000","20000","","300000","20000","2025-03-12","https://vertical.pstatic.net/vertical-cardad/creatives/LO/10516/LO_10516_20250708-160146_ver.png","http://m.lottecard.co.kr/spa/card/booth?bId=101729&vtCdKndC=P15683-A15683&npayUseYn=Y&utm_source=sa_naver_cs&utm_medium=cpc&utm_campaign=m_card_application&utm_content=2507_chungho_01&utm_term=신용카드","true","2026-06-11T13:04:13.065Z"
"naver-card-10395","10395","하나 트래블로그 SKYPASS 신용카드","하나","check","active_or_unknown","partial_review","75","해외수수료 걱정 없이! 항공 마일리지 적립받자!","48000","48000","48000","0","0","","2024-07-22","https://vertical.pstatic.net/vertical-cardad/creatives/SK/10395/SK_10395_20240906-103044_ver.png","https://m.hanacard.co.kr/MKCDCM1010M.web?CD_PD_SEQ=17960","true","2026-06-11T13:04:13.065Z"
"naver-card-10396","10396","트래블로그 PRESTIGE 신용카드","하나","check","active_or_unknown","partial_review","75","고급스럽게 누리는 해외여행 혜택 카드!","150000","150000","150000","0","500000","","2024-07-22","https://vertical.pstatic.net/vertical-cardad/creatives/SK/10396/SK_10396_20240717-161245_ver.png","https://m.hanacard.co.kr/MKCDCM1010M.web?CD_PD_SEQ=17976","true","2026-06-11T13:04:13.065Z"
"naver-card-10320","10320","JADE Classic","하나","credit","active_or_unknown","ready_for_review","100","호텔·쇼핑·주유·배달·하나머니 바우처 제공!","115000","115000","120000","","500000","100000","2024-02-01","https://vertical.pstatic.net/vertical-cardad/creatives/SK/10320/SK_10320_20240216-165136_ver.png","https://m.hanacard.co.kr/JADEINTROM.web?CD_PD_SEQ=17548","true","2026-06-11T13:04:13.065Z"
"naver-card-10371","10371","JADE Prime","하나","credit","active_or_unknown","ready_for_review","100","여행·호텔 바우처,주유·택시 하나머니 적립까지!","295000","295000","300000","30000","500000","50000","2024-05-31","https://vertical.pstatic.net/vertical-cardad/creatives/SK/10371/SK_10371_20240619-095356_ver.png","https://m.hanacard.co.kr/JADEINTROM.web?CD_PD_SEQ=17844","true","2026-06-11T13:04:13.065Z"
"naver-card-10493","10493","CLUB SK (클럽SK)","하나","credit","active_or_unknown","ready_for_review","100","카드 한 장으로 SK의 모든 혜택을 내 손에!","6000","6000","7000","0","400000","5000","2012-05-03","https://vertical.pstatic.net/vertical-cardad/creatives/SK/10493/SK_10493_20250522-102737_hor.png","https://m.hanacard.co.kr/MKCDCM1010M.web?CD_PD_SEQ=3557","true","2026-06-11T13:04:13.065Z"
"naver-card-10373","10373","JADE First Centum","하나","credit","active_or_unknown","ready_for_review","100","카드 한 장으로 누리는 다양한 프리미엄 혜택!","995000","995000","1000000","100000","500000","200000","2024-05-31","https://vertical.pstatic.net/vertical-cardad/creatives/SK/10373/SK_10373_20240618-173723_ver.png","https://m.hanacard.co.kr/JADEINTROM.web?CD_PD_SEQ=17874","true","2026-06-11T13:04:13.065Z"
"naver-card-10035","10035","신한카드 국민행복","신한","check","active_or_unknown","ready_for_review","100","국민행복카드 하나로 챙기는 실속있는 일상 행복","0","0","0","","300000","300000","2021-02-04","https://vertical.pstatic.net/vertical-cardad/creatives/SH/10035/SH_10035_20210303-152640_hor.png","https://www.shinhancard.com/pconts/html/card/apply/credit/1200235_2207.html?EntryLoc2=3040&empSeq=1&btnApp=DP013G&utm_source=naver_credit&utm_medium=cpc&utm_campaign=online_khappy","true","2026-06-11T13:04:13.065Z"
"naver-card-10530","10530","현대카드H","현대","credit","active_or_unknown","partial_review","65","Home Life에 정기결제를 더한 카드","15000","15000","15000","5000","400000","","2025-09-16","https://vertical.pstatic.net/vertical-cardad/creatives/HD/10530/HD_10530_20250915-160212_ver.png","https://www.hyundaicard.com/cpc/cr/CPCCR0201_01.hc?cardWcd=HCH&eventCode=ANB21","true","2026-06-11T13:04:13.065Z"
"naver-card-710","710","KB국민 그린카드(전국형)","KB국민","credit","active_or_unknown","ready_for_review","100","연회비 없음! 대중교통 최대 20%포인트적립","0","0","0","","200000","5000","2013-01-01","https://vertical.pstatic.net/vertical-cardad/creatives/KB/710/KB_710_20260427-143223_hor.png","https://m.kbcard.com/CRD/DVIEW/MCAMCXHIACRC0002?allianceCode=02087&mainCC=b","true","2026-06-11T13:04:13.065Z"
"naver-card-10414","10414","the Red(항공 마일리지형)","현대","credit","active_or_unknown","ready_for_review","100","My Hot Luxury","300000","300000","300000","100000","500000","300000","2024-08-16","https://vertical.pstatic.net/vertical-cardad/creatives/HD/10414/HD_10414_20240923-224942_ver.png","https://www.hyundaicard.com/cpc/cr/CPCCR0201_01.hc?cardWcd=TRE6&eventCode=DMVAQ","true","2026-06-11T13:04:13.065Z"
"naver-card-2332","2332","KB국민 톡톡Pay카드","KB국민","credit","active_or_unknown","partial_review","70","온오프라인 간편결제 최대 40% 청구할인 톡톡!","20000","20000","20000","","400000","","2018-01-03","https://vertical.pstatic.net/vertical-cardad/creatives/KB/2332/KB_2332_20230215-134842_hor.png","https://m.kbcard.com/CRD/DVIEW/MCAMCXHIACRC0002?allianceCode=09231&mainCC=b","true","2026-06-11T13:04:13.065Z"
"naver-card-10642","10642","LG전자 The 구독케어 신한카드","신한","credit","active_or_unknown","ready_for_review","95","LG전자 납부 할인에 포인트 적립까지!","22000","22000","25000","0","300000","300000","2025-04-25","https://vertical.pstatic.net/vertical-cardad/creatives/SH/10642/SH_10642_20260610-172028_ver.png","https://www.shinhancard.com/pconts/html/card/apply/credit/1234346_2207.html?empSeq=505","true","2026-06-11T13:04:13.065Z"
"naver-card-10488","10488","신한카드 Point Plan(서울시다둥이행복카드)","신한","credit","active_or_unknown","ready_for_review","100","매달 쌓이는 포인트, 똑똑한 적립의 시작","20000","20000","23000","0","400000","20000","2025-04-03","https://vertical.pstatic.net/vertical-cardad/creatives/SH/10488/SH_10488_20250429-170836_ver.png","https://www.shinhancard.com/pconts/html/card/apply/credit/1231471_2207.html?EntryLoc2=3526&empSeq=512&btnApp=L0S1H3&utm_source=naver_credit&utm_medium=cpc&utm_campaign=online_mo_discountplanplus&utm_content=card&utm_term={keyword}","true","2026-06-11T13:04:13.065Z"
"naver-card-10289","10289","신한카드 My TeenS","신한","credit","active_or_unknown","manual_required","45","My TeenS로 스마트한 자녀 소비습관 시작","1000","1000","","","200000","","2021-07-07","https://vertical.pstatic.net/vertical-cardad/creatives/SH/10289/SH_10289_20240813-094210_ver.png","https://www.shinhancard.com/pconts/html/card/apply/credit/1210370_2207.html?empSeq=541&utm_source=naver_credit&utm_medium=cpc&utm_campaign=online_mobile_myteens","true","2026-06-11T13:04:13.065Z"
"naver-card-3076","3076","KB국민 그린카드(서울형)","KB국민","credit","active_or_unknown","ready_for_review","100","연회비 없음! 대중교통 최대 20%포인트적립","0","0","0","","200000","5000","2013-01-01","https://vertical.pstatic.net/vertical-cardad/creatives/KB/3076/KB_3076_20230308-153450_hor.png","https://m.kbcard.com/CRD/DVIEW/MCAMCXHIACRC0002?allianceCode=02086&mainCC=b","true","2026-06-11T13:04:13.065Z"
"naver-card-10412","10412","the Red Stripe Edition2(마일리지형)","현대","credit","active_or_unknown","ready_for_review","100","My Hot Luxury","500000","500000","500000","150000","500000","300000","2024-08-16","https://vertical.pstatic.net/vertical-cardad/creatives/HD/10412/HD_10412_20240923-213926_ver.png","https://www.hyundaicard.com/cpc/cr/CPCCR0201_01.hc?cardWcd=TRSTE2&eventCode=DMVBJ","true","2026-06-11T13:04:13.065Z"
"naver-card-10448","10448","the Red(M포인트형)","현대","credit","active_or_unknown","ready_for_review","100","My Hot Luxury","300000","300000","300000","100000","500000","300000","2024-08-16","https://vertical.pstatic.net/vertical-cardad/creatives/HD/10448/HD_10448_20241216-153159_ver.png","https://www.hyundaicard.com/cpc/cr/CPCCR0201_01.hc?cardWcd=TRME6&eventCode=DMVBR","true","2026-06-11T13:04:13.065Z"
"naver-card-10449","10449","the Red Stripe Edition2(M포인트형)","현대","credit","active_or_unknown","ready_for_review","100","My Hot Luxury","500000","500000","500000","150000","500000","300000","2024-08-16","https://vertical.pstatic.net/vertical-cardad/creatives/HD/10449/HD_10449_20241216-173441_ver.png","https://www.hyundaicard.com/cpc/cr/CPCCR0201_01.hc?cardWcd=TRMSTE2&eventCode=DMVCR","true","2026-06-11T13:04:13.065Z"
"naver-card-10058","10058","KB국민 KB Pay 챌린지카드","KB국민","check","active_or_unknown","ready_for_review","95","스탬프 찍는재미+출석하는 재미=쌓이는 포인트리","15000","15000","15000","","0","50000","2021-05-18","https://vertical.pstatic.net/vertical-cardad/creatives/KB/10058/KB_10058_20210817-151322_ver.png","https://m.kbcard.com/CRD/DVIEW/MCAMCXHIACRC0002?allianceCode=09113&mainCC=b","true","2026-06-11T13:04:13.065Z"
"naver-card-10544","10544","힐튼 아너스 아멕스 프리미엄","롯데","credit","active_or_unknown","partial_review","70","당신의 일상이 힐튼에서 특별한 하루가 되도록","497000","497000","500000","100000","500000","","2024-05-14","https://vertical.pstatic.net/vertical-cardad/creatives/LO/10544/LO_10544_20251029-100609_ver.png","http://m.lottecard.co.kr/spa/card/booth?bId=102598&vtCdKndC=P14735-A14735&npayUseYn=Y&utm_source=sa_naver_cs&utm_medium=cpc&utm_campaign=pc_card_application&utm_content=2510_hiltonp_02&utm_term=신용카드","true","2026-06-11T13:04:13.065Z"
"naver-card-10585","10585","KB국민 NEED Pay 카드","KB국민","credit","active_or_unknown","ready_for_review","100","간편결제로 연 최대 36만원 할인+추가할인혜택!","19000","19000","19000","","400000","3000","2026-02-27","https://vertical.pstatic.net/vertical-cardad/creatives/KB/10585/KB_10585_20260319-091210_ver.png","https://m.kbcard.com/CRD/DVIEW/MCAMCXHIACRC0002?mainCC=b&allianceCode=09800","true","2026-06-11T13:04:13.065Z"
"naver-card-2612","2612","KB국민 The Easy카드","KB국민","credit","active_or_unknown","ready_for_review","100","아파트관리비 최대5.7%할인 또는최대3.7%적립","15000","15000","15000","","500000","10000","2018-09-19","https://vertical.pstatic.net/vertical-cardad/creatives/KB/2612/KB_2612_20240126-104113_hor.png","https://m.kbcard.com/CXHIACRC0002.cms?mainCC=b&allianceCode=09250&solicitorcode=7030023030&jehuId=NPAY","true","2026-06-11T13:04:13.065Z"
"naver-card-99","99","KB국민 와이즈카드","KB국민","credit","active_or_unknown","partial_review","70","많이쓴 영역 알아서 추가 적립해주는 똑똑한 카드","5000","5000","10000","","300000","","2011-03-02","https://vertical.pstatic.net/vertical-cardad/creatives/KB/99/KB_99_20230308-153721_hor.png","https://m.kbcard.com/CRD/DVIEW/MCAMCXHIACRC0002?allianceCode=09091&mainCC=b","true","2026-06-11T13:04:13.065Z"
"naver-card-10529","10529","현대카드D","현대","credit","active_or_unknown","partial_review","65","일상 속 할인을 담은 Dining 카드","15000","15000","15000","5000","400000","","2025-09-16","https://vertical.pstatic.net/vertical-cardad/creatives/HD/10529/HD_10529_20250915-131519_ver.png","https://www.hyundaicard.com/cpc/cr/CPCCR0201_01.hc?cardWcd=HCD&eventCode=ANB20","true","2026-06-11T13:04:13.065Z"
"naver-card-10545","10545","힐튼 아너스 아멕스","롯데","credit","active_or_unknown","ready_for_review","100","당신의 일상이 힐튼에서 특별한 하루가 되도록","247000","247000","250000","50000","500000","247000","2024-05-14","https://vertical.pstatic.net/vertical-cardad/creatives/LO/10545/LO_10545_20251029-103944_ver.png","http://m.lottecard.co.kr/spa/card/booth?bId=102597&vtCdKndC=P14733-A14733&npayUseYn=Y&utm_source=sa_naver_cs&utm_medium=cpc&utm_campaign=m_card_application&utm_content=2510_hilton_01&utm_term=신용카드","true","2026-06-11T13:04:13.065Z"
"naver-card-2857","2857","KB국민 Easy Pick카드","KB국민","credit","active_or_unknown","partial_review","70","내가 원하는곳 PICK! 연 최대 60만점 적립","20000","20000","20000","","500000","","2019-06-27","https://vertical.pstatic.net/vertical-cardad/creatives/KB/2857/KB_2857_20230308-152855_hor.png","https://m.kbcard.com/CRD/DVIEW/MCAMCXHIACRC0002?allianceCode=09243&mainCC=b","true","2026-06-11T13:04:13.065Z"
"naver-card-10059","10059","KB국민 Green Wave 1.5℃ 카드","KB국민","credit","active_or_unknown","partial_review","75","친환경 소비하고 포인트리, 기부포인트 적립 받자","15000","15000","15000","","400000","","2021-05-26","https://vertical.pstatic.net/vertical-cardad/creatives/KB/10059/KB_10059_20230308-152907_hor.png","https://m.kbcard.com/CRD/DVIEW/MCAMCXHIACRC0002?allianceCode=09118&mainCC=b","true","2026-06-11T13:04:13.065Z"
"naver-card-10478","10478","KB국민 올라운드카드","KB국민","credit","active_or_unknown","partial_review","70","국내,해외가맹점적립+최대 연60만원할인서비스택1","15000","","15000","","400000","","2018-10-30","https://vertical.pstatic.net/vertical-cardad/creatives/KB/10478/KB_10478_20250407-174155_hor.png","https://kbcard-ad.com/mo/allround/html/?solicitorcode=7308000001&utm_source=mnaver_platform&utm_medium=cpc&utm_campaign=allround_card&utm_content=non&utm_term=260417","true","2026-06-11T13:04:13.065Z"
"naver-card-10302","10302","아메리칸 익스프레스 블루 KB국민카드","KB국민","credit","active_or_unknown","partial_review","70","매일 쓰는 영역 할인으로 내 생활에 착붙!","19000","","19000","","300000","","2023-11-29","https://vertical.pstatic.net/vertical-cardad/creatives/KB/10302/KB_10302_20231115-181801_hor.png","https://m.kbcard.com/CRD/DVIEW/MCAMCXHIACRC0002?mainCC=b&allianceCode=09115","true","2026-06-11T13:04:13.065Z"
"naver-card-10301","10301","아메리칸 익스프레스 로즈골드 KB국민카드","KB국민","credit","active_or_unknown","partial_review","70","KB Pay 결제시, 최대 10% 할인혜택!","19000","19000","19000","","300000","","2023-11-29","https://vertical.pstatic.net/vertical-cardad/creatives/KB/10301/KB_10301_20231115-161338_hor.png","https://kbcard-ad.com/mo/amexrosegold/html/?solicitorcode=7308000178&utm_source=mnaver_platform&utm_medium=cpc&utm_campaign=amexrosegold_card&utm_content=non&utm_term=251020","true","2026-06-11T13:04:13.065Z"
"naver-card-10475","10475","KB국민 WE:SH All+ 카드","KB국민","credit","active_or_unknown","ready_for_review","80","할인한도 없이 국내 1%, 해외 2% 가맹점할인","55000","55000","55000","","400000","2500","2025-03-31","https://vertical.pstatic.net/vertical-cardad/creatives/KB/10475/KB_10475_20250508-160840_ver.png","https://m.kbcard.com/CRD/DVIEW/MCAMCXHIACRC0002?allianceCode=09297&mainCC=b","true","2026-06-11T13:04:13.065Z"
"naver-card-10620","10620","KB NEED Global 카드","KB국민","credit","active_or_unknown","manual_required","45","해외가맹점 3.5% 청구할인, 글로벌 혜택까지!","30000","30000","30000","7000","0","","2026-04-30","https://vertical.pstatic.net/vertical-cardad/creatives/KB/10620/KB_10620_20260521-110629_ver.png","https://m.kbcard.com/CRD/DVIEW/MCAMCXHIACRC0002?mainCC=b&allianceCode=09137&solicitorcode=7030023030&jehuId=NPAY","true","2026-06-11T13:04:13.065Z"
"naver-card-10422","10422","KB국민 HERITAGE Classic (스카이패스형)","KB국민","credit","active_or_unknown","ready_for_review","100","대한항공 마일리지 적립 + 최대11만원 쿠폰제공","157000","157000","157000","","500000","10000","2024-12-02","https://vertical.pstatic.net/vertical-cardad/creatives/KB/10422/KB_10422_20241203-112701_ver.png","https://m.kbcard.com/CRD/DVIEW/MCAMCXHIACRC0002?allianceCode=09139&mainCC=b&solicitorcode=7030023030&jehuId=NPAY","true","2026-06-11T13:04:13.065Z"
"naver-card-10459","10459","현대카드 Boutique - Copper","현대","credit","active_or_unknown","partial_review","65","카드의 새로운 장르","80000","80000","80000","20000","500000","","2025-03-06","https://vertical.pstatic.net/vertical-cardad/creatives/HD/10459/HD_10459_20250306-113223_ver.png","https://www.hyundaicard.com/cpc/cr/CPCCR0201_01.hc?cardwcd=BTCP&eventCode=DMVDZ","true","2026-06-11T13:04:13.065Z"
"naver-card-10460","10460","현대카드 Boutique - Satin","현대","credit","active_or_unknown","partial_review","65","카드의 새로운 장르","80000","80000","80000","20000","500000","","2025-03-06","https://vertical.pstatic.net/vertical-cardad/creatives/HD/10460/HD_10460_20250306-113257_ver.png","https://www.hyundaicard.com/cpc/cr/CPCCR0201_01.hc?cardwcd=BTST&eventCode=DMVEY","true","2026-06-11T13:04:13.065Z"
"naver-card-10461","10461","현대카드 Boutique - Velvet","현대","credit","active_or_unknown","partial_review","65","카드의 새로운 장르","80000","80000","80000","20000","500000","","2025-03-06","https://vertical.pstatic.net/vertical-cardad/creatives/HD/10461/HD_10461_20250306-113243_ver.png","https://www.hyundaicard.com/cpc/cr/CPCCR0201_01.hc?cardwcd=BTVV&eventCode=DMVE2","true","2026-06-11T13:04:13.065Z"
"naver-card-10481","10481","KB YOU Wish up 카드","KB국민","credit","active_or_unknown","ready_for_review","100","나를위한 연최대 '54만원' 청구할인+다양한혜택","50000","50000","50000","","400000","2500","2025-04-22","https://vertical.pstatic.net/vertical-cardad/creatives/KB/10481/KB_10481_20260527-173305_ver.png","https://m.kbcard.com/CRD/DVIEW/MCAMCXHIACRC0002?mainCC=b&allianceCode=09298&solicitorcode=7030023030&jehuId=NPAY","true","2026-06-11T13:04:13.065Z"
"naver-card-10510","10510","KB전통시장온누리카드","KB국민","credit","active_or_unknown","partial_review","70","온누리상품권 혜택+KBPay쇼핑 청구할인까지!","20000","20000","20000","","400000","","2025-06-30","https://vertical.pstatic.net/vertical-cardad/creatives/KB/10510/KB_10510_20250701-140515_ver.png","https://m.kbcard.com/CRD/DVIEW/MCAMCXHIACRC0002?allianceCode=09348&mainCC=b&solicitorcode=7030023030&jehuId=NPAY","true","2026-06-11T13:04:13.065Z"
"naver-card-835","835","국방복지카드 KB국민 Prestige Members카드","KB국민","credit","active_or_unknown","ready_for_review","100","군체력단련/휴양시설 국방복지포인트 10% 적립!","0","0","0","","300000","300000","2013-09-26","https://vertical.pstatic.net/vertical-cardad/creatives/KB/835/KB_835_hor.jpg","https://m.kbcard.com/CRD/DVIEW/MCAMCXHIACRC0002?mainCC=b&allianceCode=02280&solicitorcode=7030023030&jehuId=NPAY","true","2026-06-11T13:04:13.065Z"
"naver-card-1470","1470","KB국민 가온글로벌카드","KB국민","credit","active_or_unknown","partial_review","65","해외가맹점 포인트리적립+해외배송료 5% 현장할인","15000","15000","20000","","200000","","2015-12-11","https://vertical.pstatic.net/vertical-cardad/creatives/KB/1470/KB_1470_20231024-103817_hor.png","https://m.kbcard.com/CRD/DVIEW/MCAMCXHIACRC0002?mainCC=b&allianceCode=09167","true","2026-06-11T13:04:13.065Z"
"naver-card-10386","10386","KB국민 WE:SH Daily 카드","KB국민","credit","active_or_unknown","ready_for_review","100","KB Pay 결제시 연 최대 14만4천원 혜택!","15000","15000","15000","","400000","3500","2024-07-01","https://vertical.pstatic.net/vertical-cardad/creatives/KB/10386/KB_10386_20240704-101806_ver.png","https://m.kbcard.com/CRD/DVIEW/MCAMCXHIACRC0002?mainCC=b&allianceCode=09570","true","2026-06-11T13:04:13.065Z"
"naver-card-10489","10489","현대카드M-경차전용카드 Edition2(유류세환급)","현대","credit","active_or_unknown","ready_for_review","95","리터당 150원 할인 가능한 경차전용카드!","0","0","","","300000","120000","2022-07-27","https://vertical.pstatic.net/vertical-cardad/creatives/HD/10489/HD_10489_20250507-121521_ver.png","https://www.hyundaicard.com/cpc/cr/CPCCR0201_01.hc?cardflag=J&cardWcd=MSCRE2&eventCode=NCL5Y","true","2026-06-11T13:04:13.065Z"
"naver-card-10563","10563","캐시노트 BUSINESS 현대카드","현대","credit","active_or_unknown","partial_review","65","캐시노트 서비스에 사업 경비 적립까지 더한 카드","30000","30000","30000","","1000000","","2025-03-21","https://vertical.pstatic.net/vertical-cardad/creatives/HD/10563/HD_10563_20251215-183815_ver.png","https://www.hyundaicard.com/cpc/cr/CPCCR0201_01.hc?cardWcd=SMECN","true","2026-06-11T13:04:13.065Z"
"naver-card-10543","10543","현대카드M-화물차유가보조금카드","현대","check","active_or_unknown","ready_for_review","95","화물차 유가보조금 환급 서비스 가능","0","0","","","0","300000","2017-01-02","https://vertical.pstatic.net/vertical-cardad/creatives/HD/10543/HD_10543_20251017-125325_ver.png","https://www.hyundaicard.com/cpc/cr/CPCCR0201_01.hc?cardWcd=MLSB","true","2026-06-11T13:04:13.065Z"
"naver-card-10541","10541","현대카드X-화물차유가보조금카드(S-OIL)","현대","check","active_or_unknown","ready_for_review","100","화물차 유가보조금 환급 서비스 가능","0","0","","","0","300000","2017-01-02","https://vertical.pstatic.net/vertical-cardad/creatives/HD/10541/HD_10541_20251017-112349_ver.png","https://www.hyundaicard.com/cpc/cr/CPCCR0201_01.hc?cardWcd=LSBSOILX&eventCode=NCL7C","true","2026-06-11T13:04:13.065Z"
"naver-card-10542","10542","현대카드X-화물차유가보조금카드(SK에너지)","현대","check","active_or_unknown","ready_for_review","100","화물차 유가보조금 환급 서비스 가능","0","0","","","0","300000","2017-01-02","https://vertical.pstatic.net/vertical-cardad/creatives/HD/10542/HD_10542_20251017-120256_ver.png","https://www.hyundaicard.com/cpc/cr/CPCCR0201_01.hc?cardWcd=LSBSKENX&eventCode=NCL7D","true","2026-06-11T13:04:13.065Z"
"naver-card-10574","10574","KB국민 All 카드","KB국민","credit","active_or_unknown","ready_for_review","100","전월 실적,할인 한도 없이 국내가맹점 1%할인!","20000","20000","20000","","400000","40000","2025-02-01","https://vertical.pstatic.net/vertical-cardad/creatives/KB/10574/KB_10574_20260507-100029_ver.png","https://m.kbcard.com/CRD/DVIEW/MCAMCXHIACRC0002?mainCC=b&allianceCode=09922&solicitorcode=7030023030&jehuId=NPAY","true","2026-06-11T13:04:13.065Z"
"naver-card-10423","10423","KB국민 HERITAGE Classic (할인형)","KB국민","credit","active_or_unknown","ready_for_review","100","연 1회 최대 9만원 쿠폰서비스로 즐기는 혜택","127000","127000","127000","","500000","10000","2024-11-28","https://vertical.pstatic.net/vertical-cardad/creatives/KB/10423/KB_10423_20241203-112745_ver.png","https://m.kbcard.com/CRD/DVIEW/MCAMCXHIACRC0002?mainCC=b&allianceCode=09138&solicitorcode=7030023030&jehuId=NPAY","true","2026-06-11T13:04:13.065Z"
"naver-card-10627","10627","신한법인카드 Untact+","신한","credit","active_or_unknown","partial_review","65","Untact에 혜택을 더하다! Untact+ 법","5000","5000","10000","0","0","","2020-11-06","https://vertical.pstatic.net/vertical-cardad/creatives/SH/10627/SH_10627_20260601-163718_hor.png","https://www.shinhancard.com/cconts/html/card_request/card_info/corporate/1203941_7471.html?","true","2026-06-11T13:04:13.065Z"
"naver-card-10570","10570","LOCA Biz","롯데","credit","active_or_unknown","ready_for_review","100","개인 사업자를 위한 스마트 Biz 라이프","30000","30000","30000","23000","500000","30000","2025-10-02","https://vertical.pstatic.net/vertical-cardad/creatives/LO/10570/LO_10570_20260108-211045_ver.png","http://m.lottecard.co.kr/spa/card/booth?bId=103747&vtCdKndC=P15766-A15766&npayUseYn=Y&utm_source=sa_naver_cs&utm_medium=cpc&utm_campaign=m_card_application&utm_content=2601_biz_01&utm_term=신용카드","true","2026-06-11T13:04:13.065Z"
"naver-card-10569","10569","디지로카 Link","롯데","credit","active_or_unknown","ready_for_review","100","우리 가족의 소비를 하나로 모으면 혜택도 UP!","30000","30000","30000","20000","500000","30000","2025-10-02","https://vertical.pstatic.net/vertical-cardad/creatives/LO/10569/LO_10569_20260108-202935_ver.png","http://m.lottecard.co.kr/spa/card/booth?bId=103745&vtCdKndC=P15787-A15787&npayUseYn=Y&utm_source=sa_naver_cs&utm_medium=cpc&utm_campaign=m_card_application&utm_content=2601_link_01&utm_term=신용카드","true","2026-06-11T13:04:13.065Z"
"naver-card-10619","10619","KB YOU Wish카드","KB국민","credit","active_or_unknown","ready_for_review","100","음식점/편의점 10% OTT 30% 청구 할인!","15000","15000","15000","","400000","5000","2026-04-15","https://vertical.pstatic.net/vertical-cardad/creatives/KB/10619/KB_10619_20260519-175239_ver.png","https://m.kbcard.com/CRD/DVIEW/MCAMCXHIACRC0002?mainCC=b&allianceCode=09780&solicitorcode=7030023030&jehuId=NPAY","true","2026-06-11T13:04:13.065Z"
"naver-card-10628","10628","신한법인카드 SKYPASS","신한","credit","active_or_unknown","partial_review","70","대한항공 마일리지 적립 법인카드","20000","","20000","0","0","","1997-10-13","https://vertical.pstatic.net/vertical-cardad/creatives/SH/10628/SH_10628_20260601-165640_hor.png","https://www.shinhancard.com/cconts/html/card_request/card_info/mileagesave/2204067_101557.html?","true","2026-06-11T13:04:13.065Z"
"naver-card-2533","2533","신한카드 Deep On Platinum+","신한","check","active_or_unknown","ready_for_review","100","간편결제 ON! 최대 20% 할인혜택도 ON!","30000","30000","33000","","300000","300000","2018-07-26","https://vertical.pstatic.net/vertical-cardad/creatives/SH/2533/SH_2533_hor.png","https://www.shinhancard.com/pconts/html/card/apply/credit/1188280_2207.html?EntryLoc1=TM5073&EntryLoc2=2916&empSeq=508&btnApp=R0I1G3T4J&utm_source=naver%5Fcredit&utm_medium=cpc&utm_campaign=online%5Fmobile%5Fdeepon","true","2026-06-11T13:04:13.065Z"
"naver-card-10053","10053","메리어트 본보이™ 더 베스트 신한카드","신한","check","active_or_unknown","partial_review","70","한장의 카드로 시작되는 특권, 메리어트 신한카드","264000","264000","267000","50000","300000","","2021-03-30","https://vertical.pstatic.net/vertical-cardad/creatives/SH/10053/SH_10053_20231127-160206_hor.png","https://www.shinhancard.com/pconts/html/card/apply/premium/1200288_2205.html?EntryLoc2=3032&empSeq=2&btnApp=dp1&utm_source=naver_credit&utm_medium=cpc&utm_campaign=online_mobile_marriott","true","2026-06-11T13:04:13.065Z"
"naver-card-1591","1591","신한카드 Shopping","신한","credit","active_or_unknown","ready_for_review","100","쇼핑이 있는 모든 곳에 할인이 따라온다!","20000","20000","23000","","500000","50000","2016-05-31","https://vertical.pstatic.net/vertical-cardad/creatives/SH/1591/SH_1591_hor.png","https://www.shinhancard.com/pconts/html/card/apply/credit/1187935_2207.html?EntryLoc2=2797&empSeq=501&btnApp=CO0M1&utm_source=naver_credit&utm_medium=cpc&utm_campaign=online_mobile_shopping","true","2026-06-11T13:04:13.065Z"
"naver-card-10609","10609","이마트 신한카드","신한","credit","active_or_unknown","ready_for_review","100","이마트에서는 크게, 일상에서는 꾸준한 할인","18000","18000","21000","0","400000","30000","2026-04-17","https://vertical.pstatic.net/vertical-cardad/creatives/SH/10609/SH_10609_20260422-143322_hor.png","https://www.shinhancard.com/pconts/html/card/apply/credit/1236769_2207.html?EntryLoc2=4485&empSeq=502&utm_source=naver_credit&utm_medium=cpc&utm_campaign=online_mobile_emartcard","true","2026-06-11T13:04:13.065Z"
"naver-card-10469","10469","신한카드 The CLASSIC-S","신한","credit","active_or_unknown","ready_for_review","80","럭셔리한 여행을 앞당겨주는 한장의 카드","97000","97000","100000","29998","500000","","2020-05-08","https://vertical.pstatic.net/vertical-cardad/creatives/SH/10469/SH_10469_20260226-154428_ver.png","https://www.shinhancard.com/pconts/html/card/apply/premium/1196402_2205.html?EntryLoc2=2987&empSeq=566&btnApp=DP1W&utm_source=naver_credit&utm_medium=cpc&utm_campaign=online_mo_classicms&utm_content=card&utm_term={keyword}","true","2026-06-11T13:04:13.065Z"
"naver-card-10416","10416","신한카드 처음(ANNIVERSE)","신한","credit","active_or_unknown","ready_for_review","100","쇼핑 5% 마이신한포인트 적립 받는 신한 처음","15000","15000","18000","0","300000","300000","2024-04-02","https://vertical.pstatic.net/vertical-cardad/creatives/SH/10416/SH_10416_20241101-165555_ver.png","https://www.shinhancard.com/pconts/html/card/apply/credit/1229296_2207.html?EntryLoc2=3485&empSeq=513&btnApp=L0S1H3&utm_source=naver_credit&utm_medium=cpc&utm_campaign=online_mo_firsttimeanniverse&utm_content=card&utm_term={keyword}","true","2026-06-11T13:04:13.065Z"
"naver-card-1570","1570","신한카드 YOLOⓘ","신한","credit","active_or_unknown","ready_for_review","100","신한카드 YOLOⓘ로 만나는 DIY 할인의 세계","15000","15000","18000","","300000","300000","2016-04-27","https://vertical.pstatic.net/vertical-cardad/creatives/SH/1570/SH_1570_hor.png","https://www.shinhancard.com/pconts/html/card/apply/credit/1187924_2207.html?EntryLoc1=TM2534&EntryLoc2=2804&empSeq=503&btnApp=BJ1K3&utm_source=naver%5Fcredit&utm_medium=cpc&utm_campaign=online%5Fmobile%5Fyoloi","true","2026-06-11T13:04:13.065Z"
"naver-card-3756","3756","신한카드 MY CAR","신한","credit","active_or_unknown","ready_for_review","95","내 차 구매부터 내 차 관리까지 한번에! 마이카","27000","27000","30000","","400000","10000","2020-07-07","https://vertical.pstatic.net/vertical-cardad/creatives/SH/3756/SH_3756_20230721-100538_ver.png","https://www.shinhancard.com/pconts/html/card/apply/credit/1197177_2207.html?EntryLoc2=4357&empSeq=505&btnApp=E0J1R3E4K&utm_source=naver%5Fcredit&utm_medium=cpc&utm_campaign=online%5Fmobile%5Fmycar","true","2026-06-11T13:04:13.065Z"
"naver-card-10467","10467","신한카드 The CLASSIC-V","신한","credit","active_or_unknown","partial_review","70","여행의 품격을 한단계 더 높게, 더 클래식-V","197000","197000","200000","0","500000","","2022-04-25","https://vertical.pstatic.net/vertical-cardad/creatives/SH/10467/SH_10467_20250313-145706_ver.png","https://www.shinhancard.com/pconts/html/card/apply/premium/1216601_2205.html?EntryLoc2=3198&empSeq=555&btnApp=dp01&utm_source=naver_credit&utm_medium=cpc&utm_campaign=online_mo_classicv&utm_content=card&utm_term={keyword}","true","2026-06-11T13:04:13.065Z"
"naver-card-10080","10080","#Pay 신한카드","신한","credit","active_or_unknown","ready_for_review","100","#Pay 신한카드로 결제도! 적립도! 간편하게","27000","27000","30000","","300000","10000","2021-07-01","https://vertical.pstatic.net/vertical-cardad/creatives/SH/10080/SH_10080_20211015-163339_ver.png","https://www.shinhancard.com/pconts/html/card/apply/credit/1211510_2207.html?empSeq=538&utm_source=naver_credit&utm_medium=cpc&utm_campaign=online_mobile_hashpay","true","2026-06-11T13:04:13.065Z"
"naver-card-10151","10151","신한카드 플리","신한","check","active_or_unknown","ready_for_review","100","취향대로 My Pick! 나만의 신용카드, 플리","15000","15000","18000","","400000","6000","2022-05-18","https://vertical.pstatic.net/vertical-cardad/creatives/SH/10151/SH_10151_20231113-165157_ver.png","https://www.shinhancard.com/pconts/html/card/apply/credit/1216829_2207.html?empSeq=592&utm_source=naver_credit&utm_medium=cpc&utm_campaign=online_mo_pli&utm_content=card&utm_term={keyword}","true","2026-06-11T13:04:13.065Z"
"naver-card-10207","10207","신한카드 알뜰More(알뜰모아)","신한","credit","active_or_unknown","partial_review","75","알뜰폰 요금도 다이어트! 알뜰More로 가볍게!","20000","20000","23000","","400000","15000","2022-11-18","https://vertical.pstatic.net/vertical-cardad/creatives/SH/10207/SH_10207_20221215-153223_ver.png","https://www.shinhancard.com/pconts/html/card/apply/credit/1219175_2207.html","true","2026-06-11T13:04:13.065Z"
"naver-card-10260","10260","신한카드 Globus","신한","credit","active_or_unknown","partial_review","70","국내외 어디서든 한도없는 혜택, Globus","22000","22000","25000","","300000","","2023-04-18","https://vertical.pstatic.net/vertical-cardad/creatives/SH/10260/SH_10260_20230607-141031_ver.png","https://www.shinhancard.com/pconts/html/card/apply/credit/1221213_2207.html?EntryLoc2=3317&empSeq=503&btnApp=dp01&utm_source=naver%5Fcredit&utm_medium=cpc&utm_campaign=online%5Fmobile%5Fglobus","true","2026-06-11T13:04:13.065Z"
"naver-card-10507","10507","KT 가족만족 DC 신한카드","신한","credit","active_or_unknown","ready_for_review","100","KT 통신요금을 한 번에! KT 가족만족 DC","15000","15000","18000","0","300000","7000","2023-07-19","https://vertical.pstatic.net/vertical-cardad/creatives/SH/10507/SH_10507_20250618-140009_ver.png","https://www.shinhancard.com/pconts/html/card/apply/credit/1223352_2207.html?EntryLoc2=3337&empSeq=502&btnApp=L0S1H3&utm_source=naver_credit&utm_medium=cpc&utm_campaign=online_mobile_ktcard&utm_content=card&utm_term={keyword}","true","2026-06-11T13:04:13.065Z"
"naver-card-10500","10500","SKT T라이트 신한카드","신한","credit","active_or_unknown","ready_for_review","100","라이트한 SKT 생활, SKT T라이트 신한카드","22000","22000","25000","0","300000","10000","2020-04-09","https://vertical.pstatic.net/vertical-cardad/creatives/SH/10500/SH_10500_20250612-150202_ver.png","https://www.shinhancard.com/pconts/html/card/apply/credit/1196330_2207.html?EntryLoc2=2981&empSeq=502&btnApp=dp01&utm_source=naver_credit&utm_medium=cpc&utm_campaign=online_mo_sktlight&utm_content=card&utm_term={keyword}","true","2026-06-11T13:04:13.065Z"
"naver-card-10513","10513","LG U+ Bora 신한카드 Big Plus","신한","credit","active_or_unknown","ready_for_review","100","Big Plus니까 LG U+혜택 크게 담았다!","22000","22000","25000","0","400000","10000","2020-12-23","https://vertical.pstatic.net/vertical-cardad/creatives/SH/10513/SH_10513_20250626-095850_ver.png","https://www.shinhancard.com/pconts/html/card/apply/credit/1202226_2207.html?EntryLoc2=3065&empSeq=515&btnApp=L0S1H3&utm_source=naver_credit&utm_medium=cpc&utm_campaign=online_mobile_lgbora&utm_content=card&utm_term={keyword}","true","2026-06-11T13:04:13.065Z"
"naver-card-10617","10617","현대카드 MC GLOBAL","현대","credit","active_or_unknown","ready_for_review","100","해외 결제 특화 법인 카드","5000","5000","5000","","0","300000","2026-04-28","https://vertical.pstatic.net/vertical-cardad/creatives/HD/10617/HD_10617_20260428-121218_ver.png","https://mycompany.hyundaicard.com/cr/in/CRIN1015.do?eventCode=GLO12&pageType=newJoin","true","2026-06-11T13:04:13.065Z"
"naver-card-10410","10410","신한카드 The PET","신한","credit","active_or_unknown","partial_review","65","소중한 반려동물의 건강, 더펫카드로 챙기세요!","20000","20000","23000","0","400000","","2023-06-03","https://vertical.pstatic.net/vertical-cardad/creatives/SH/10410/SH_10410_20250924-140616_ver.png","https://www.shinhancard.com/pconts/html/card/apply/credit/1228839_2207.html?EntryLoc2=3477&empSeq=617&btnApp=L0S1H3&utm_source=naver_credit&utm_medium=cpc&utm_campaign=online_mobile_thepet","true","2026-06-11T13:04:13.065Z"
"naver-card-10506","10506","LG헬로비전 롯데카드","롯데","credit","active_or_unknown","partial_review","75","LG헬로비전 고객에게 딱 맞는 맞춤 할인 카드","10000","10000","12000","","300000","10000","2017-01-11","https://vertical.pstatic.net/vertical-cardad/creatives/LO/10506/LO_10506_20250618-111625_ver.png","http://m.lottecard.co.kr/spa/card/booth?bId=101227&vtCdKndC=P11708-A11708&npayUseYn=Y&utm_source=sa_naver_cs&utm_medium=cpc&utm_campaign=m_card_application&utm_content=2506_hello_01&utm_term=신용카드","true","2026-06-11T13:04:13.065Z"
"naver-card-10535","10535","코웨이 신한카드","신한","credit","active_or_unknown","ready_for_review","95","코웨이 렌탈 요금 월 최대 3만원 할인받기!","27000","27000","30000","0","1500000","300000","2025-08-25","https://vertical.pstatic.net/vertical-cardad/creatives/SH/10535/SH_10535_20250924-141229_ver.png","https://www.shinhancard.com/pconts/html/card/apply/credit/1234723_2207.html?EntryLoc=4450&empSeq=503&utm_source=naver_credit&utm_medium=cpc&utm_campaign=online_mobile_coway","true","2026-06-11T13:04:13.065Z"
"naver-card-10378","10378","coway-현대카드M Edition3","현대","credit","active_or_unknown","partial_review","70","coway 렌탈요금 자동납부하면 할인받는 카드","30000","30000","30000","10000","500000","","2019-11-01","https://vertical.pstatic.net/vertical-cardad/creatives/HD/10378/HD_10378_20240626-174309_ver.png","https://www.hyundaicard.com/cpc/cr/CPCCR0201_01.hc?cardflag=J&cardWcd=MCWYE3","true","2026-06-11T13:04:13.065Z"
"naver-card-10128","10128","별다줄카드","NH농협","check","active_or_unknown","ready_for_review","100","별별 혜택을 다~ 주는 별다줄 CARD","12000","12000","14000","","300000","300000","2022-02-07","https://vertical.pstatic.net/vertical-cardad/creatives/NH/10128/NH_10128_20220113-174853_ver.png","https://card.nonghyup.com/index_cardProd.html?SERVICE_ID=IPCC2021R&NAVIGATE_TYPE=1&cd_wrs_sqno=90010137&FromSite=53","true","2026-06-11T13:04:13.065Z"
"naver-card-10491","10491","클래시 트래블카드","NH농협","check","active_or_unknown","ready_for_review","100","국내, 해외 모두 강력하게! 클래시 트래블카드","120000","120000","120000","","0","30000","2025-05-27","https://vertical.pstatic.net/vertical-cardad/creatives/NH/10491/NH_10491_20250513-143824_ver.png","https://card.nonghyup.com/index_cardProd.html?SERVICE_ID=IPCC2021R&NAVIGATE_TYPE=1&cd_wrs_sqno=90010544&FromSite=53","true","2026-06-11T13:04:13.065Z"
"naver-card-10565","10565","현대카드 MC TWO(법인 리워드형)","현대","credit","active_or_unknown","partial_review","70","실적에 따라 적립받는 비외감법인 전용 법인카드","5000","5000","5000","","0","","2022-07-07","https://vertical.pstatic.net/vertical-cardad/creatives/HD/10565/HD_10565_20251217-214949_ver.png","https://mycompany.hyundaicard.com/cr/in/CRIN1012.do?_method=X01&prdtCd=03083&pageType=newJoin","true","2026-06-11T13:04:13.065Z"
"naver-card-10581","10581","현대카드 MC SKYPASS","현대","credit","active_or_unknown","partial_review","65","3,000원당 1 대한항공 마일리지","0","0","0","0","0","","2020-05-15","https://vertical.pstatic.net/vertical-cardad/creatives/HD/10581/HD_10581_20260223-164046_ver.png","https://mycompany.hyundaicard.com/cr/in/CRIN1007.do?_method=X01&pageType=newJoin","true","2026-06-11T13:04:13.065Z"
"naver-card-10564","10564","현대카드 MC ONE(법인 리워드형)","현대","credit","active_or_unknown","partial_review","65","법인 리워드 적립받는 외감법인 전용 법인 카드","5000","5000","5000","","0","","2022-07-07","https://vertical.pstatic.net/vertical-cardad/creatives/HD/10564/HD_10564_20251217-211707_ver.png","https://mycompany.hyundaicard.com/cr/in/CRIN1011.do?_method=X01&prdtCd=03078&pageType=newJoin","true","2026-06-11T13:04:13.065Z"
"naver-card-10582","10582","현대카드 MC ONE(대한항공 마일리지형)","현대","credit","active_or_unknown","partial_review","65","3,000원당 1 대한항공 마일리지","5000","5000","5000","0","0","","2022-07-07","https://vertical.pstatic.net/vertical-cardad/creatives/HD/10582/HD_10582_20260223-171903_ver.png","https://mycompany.hyundaicard.com/cr/in/CRIN1011.do?_method=X02&pageType=newJoin","true","2026-06-11T13:04:13.065Z"
"naver-card-10576","10576","현대카드 MC 항공권전용카드","현대","credit","active_or_unknown","ready_for_review","95","실적 제한 없이 법인 리워드 적립받는 법인카드","0","0","0","0","0","200000","2020-05-22","https://vertical.pstatic.net/vertical-cardad/creatives/HD/10576/HD_10576_20260206-170302_ver.png","https://mycompany.hyundaicard.com/cr/in/CRIN1006.do?_method=X01&pageType=newJoin","true","2026-06-11T13:04:13.065Z"
"naver-card-10578","10578","현대카드 MC 주유전용카드","현대","credit","active_or_unknown","partial_review","65","차량 유류비로 혜택받는 법인 카드","0","0","0","0","0","","2003-11-04","https://vertical.pstatic.net/vertical-cardad/creatives/HD/10578/HD_10578_20260206-175024_ver.png","https://mycompany.hyundaicard.com/cr/in/CRIN1006.do?_method=X02&pageType=newJoin","true","2026-06-11T13:04:13.065Z"
"naver-card-10405","10405","SILVER FOR 롯데백화점, 현대카드","현대","credit","active_or_unknown","partial_review","65","롯데백화점 쇼핑 라이프에 혜택을 집중한 카드","30000","30000","30000","10000","500000","","2024-06-12","https://vertical.pstatic.net/vertical-cardad/creatives/HD/10405/HD_10405_20240812-134627_ver.PNG","https://www.hyundaicard.com/cpc/cr/CPCCR0201_01.hc?cardWcd=LTTDSHC&eventCode=LTDJY","true","2026-06-11T13:04:13.065Z"
"naver-card-10369","10369","The CJ-현대카드M Edition2","현대","credit","active_or_unknown","ready_for_review","100","CJ계열사 할인 혜택 카드","15000","15000","20000","","0","30000","2013-07-01","https://vertical.pstatic.net/vertical-cardad/creatives/HD/10369/HD_10369_20240604-142229_ver.png","https://www.hyundaicard.com/cpc/cr/CPCCR0201_01.hc?cardflag=RC&cardWcd=MCJE2","true","2026-06-11T13:04:13.065Z"
"naver-card-10404","10404","GOLD FOR 롯데백화점, 현대카드","현대","credit","active_or_unknown","partial_review","65","럭셔리 쇼핑 라이프에 혜택을 더한 프리미엄 카드","150000","150000","150000","50000","500000","","2024-06-12","https://vertical.pstatic.net/vertical-cardad/creatives/HD/10404/HD_10404_20240812-130911_ver.PNG","https://www.hyundaicard.com/cpc/cr/CPCCR0201_01.hc?cardWcd=LTTDSHCP&eventCode=LTDJJ","true","2026-06-11T13:04:13.065Z"
"naver-card-10583","10583","현대홈쇼핑 현대카드 Edition2","현대","credit","active_or_unknown","partial_review","65","현대홈쇼핑 7% 청구 할인에 적립금을 더한 카드","20000","20000","20000","5000","400000","","2025-12-24","https://vertical.pstatic.net/vertical-cardad/creatives/HD/10583/HD_10583_20260227-150959_ver.png","https://www.hyundaicard.com/cpc/cr/CPCCR0201_01.hc?cardWcd=HDSHE2&eventCode=HHS10","true","2026-06-11T13:04:13.065Z"
"naver-card-10385","10385","SKT-현대카드M Edition3(통신할인형2.0)","현대","credit","active_or_unknown","partial_review","70","SKT 통신요금 청구 할인","20000","20000","20000","10000","500000","","2023-10-26","https://vertical.pstatic.net/vertical-cardad/creatives/HD/10385/HD_10385_20240628-103638_ver.png","https://www.hyundaicard.com/cpc/cr/CPCCR0201_01.hc?cardWcd=MSKTE3TP&eventCode=NCL13","true","2026-06-11T13:04:13.065Z"
"naver-card-1400","1400","NH농협 국민행복카드(비씨)","NH농협","check","active_or_unknown","ready_for_review","95","출산에서 육아까지 국민들의 행복 한가득!","0","0","0","","300000","300000","2015-05-08","https://vertical.pstatic.net/vertical-cardad/creatives/NH/1400/NH_1400_20231020-160231_hor.png","https://card.nonghyup.com/index_cardProd.html?SERVICE_ID=IPCC2021R&NAVIGATE_TYPE=1&cd_wrs_sqno=90000319&FromSite=53","true","2026-06-11T13:04:13.065Z"
"naver-card-10465","10465","LGE.COM 신한카드","신한","credit","active_or_unknown","ready_for_review","80","LG 가전과 함께, 할인과 포인트까지 실속 있게","25000","25000","28000","0","500000","","2024-09-27","https://vertical.pstatic.net/vertical-cardad/creatives/SH/10465/SH_10465_20250310-160715_ver.png","https://www.shinhancard.com/pconts/html/card/apply/credit/1228909_2207.html?empSeq=502&utm_source=naver_credit&utm_medium=cpc&utm_campaign=online_mo_lgecom&utm_content=card&utm_term={keyword}","true","2026-06-11T13:04:13.065Z"
"naver-card-10219","10219","zgm.휴가중카드","NH농협","credit","active_or_unknown","ready_for_review","100","지금. 여행의 설렘을 위한 카드, zgm.휴가중","25000","25000","25000","","500000","100000","2023-01-12","https://vertical.pstatic.net/vertical-cardad/creatives/NH/10219/NH_10219_20230116-172615_ver.png","https://card.nonghyup.com/index_cardProd.html?SERVICE_ID=IPCC2021R&NAVIGATE_TYPE=1&cd_wrs_sqno=90010184&FromSite=53","true","2026-06-11T13:04:13.065Z"
"naver-card-10076","10076","하나 스카이패스 아멕스 플래티늄","하나","credit","active_or_unknown","manual_required","50","실적, 한도 없이 국내 가맹점에서 마일리지 적립","45000","45000","45000","20000","500000","","2021-06-30","https://vertical.pstatic.net/vertical-cardad/creatives/SK/10076/SK_10076_20210820-111650_hor.png","https://m.hanacard.co.kr/MPACMM100M.web?CD_PD_SEQ=13913","true","2026-06-11T13:04:13.065Z"
"naver-card-10455","10455","11번가 신한카드","신한","credit","active_or_unknown","partial_review","65","11Pay 포인트 적립 카드, 11번가 신한카드","5000","5000","8000","0","0","","2019-07-22","https://vertical.pstatic.net/vertical-cardad/creatives/SH/10455/SH_10455_20250124-114222_ver.png","https://www.shinhancard.com/pconts/html/card/apply/credit/1188443_2207.html?EntryLoc2=4339&empSeq=514&btnApp=DP0A1Q3&utm_source=naver_credit&utm_medium=cpc&utm_campaign=online_mo_11st&utm_content=card&utm_term={keyword}","true","2026-06-11T13:04:13.065Z"
"naver-card-10384","10384","LG U+-현대카드M Edition3(통신할인형2.0)","현대","credit","active_or_unknown","partial_review","70","LG U+통신요금 청구 할인","20000","20000","20000","10000","500000","","2021-06-30","https://vertical.pstatic.net/vertical-cardad/creatives/HD/10384/HD_10384_20240627-164115_ver.png","https://www.hyundaicard.com/cpc/cr/CPCCR0201_01.hc?cardflag=RC&cardWcd=MLGTE3","true","2026-06-11T13:04:13.065Z"
"naver-card-10383","10383","kt-현대카드M Edition3(통신할인형2.0)","현대","credit","active_or_unknown","partial_review","70","kt 통신요금 청구 할인","20000","20000","20000","10000","500000","","2021-06-30","https://vertical.pstatic.net/vertical-cardad/creatives/HD/10383/HD_10383_20240627-164940_ver.png","https://www.hyundaicard.com/cpc/cr/CPCCR0201_01.hc?cardflag=RC&cardWcd=MKTE3TP","true","2026-06-11T13:04:13.065Z"
"naver-card-10622","10622","the Purple(대한항공 마일리지형)","현대","credit","active_or_unknown","partial_review","70","Not Just Luxury","1000000","1000000","1000000","350000","500000","","2024-09-25","https://vertical.pstatic.net/vertical-cardad/creatives/HD/10622/HD_10622_20260511-154655_ver.png","https://www.hyundaicard.com/cpc/cr/CPCCR0201_01.hc?cardWcd=TPE4&eventCode=ANB05","true","2026-06-11T13:04:13.065Z"
"naver-card-10394","10394","현대카드 대한항공카드 060","현대","credit","active_or_unknown","partial_review","65","역시, 최초의 대한항공카드답게","60000","60000","60000","20000","500000","","2024-07-03","https://vertical.pstatic.net/vertical-cardad/creatives/HD/10394/HD_10394_20250401-114723_ver.png","https://www.hyundaicard.com/cpc/cr/CPCCR0201_01.hc?cardflag=RC&cardWcd=KALE2T1&eventCode=KAL59","true","2026-06-11T13:04:13.065Z"
"naver-card-1614","1614","NH올원 파이카드","NH농협","check","active_or_unknown","ready_for_review","100","한장의 카드로 나의 생활영역을 넓히다","10000","10000","12000","","300000","5000","2017-01-16","https://vertical.pstatic.net/vertical-cardad/creatives/NH/1614/NH_1614_20230111-163728_hor.png","https://card.nonghyup.com/index_cardProd.html?SERVICE_ID=IPCC2021R&NAVIGATE_TYPE=1&cd_wrs_sqno=90000349&FromSite=53","true","2026-06-11T13:04:13.065Z"
"naver-card-10400","10400","현대카드 대한항공카드 300","현대","credit","active_or_unknown","partial_review","65","역시, 최초의 대한항공카드답게","300000","300000","300000","100000","500000","","2024-07-03","https://vertical.pstatic.net/vertical-cardad/creatives/HD/10400/HD_10400_20250401-115605_ver.png","https://www.hyundaicard.com/cpc/cr/CPCCR0201_01.hc?cardflag=RC&cardWcd=KALE2T3&eventCode=KAL61","true","2026-06-11T13:04:13.065Z"
"naver-card-10573","10573","에너지플러스 현대카드","현대","credit","active_or_unknown","ready_for_review","100","내 주변 최저가로 자동 할인받는 카드","10000","10000","10000","5000","400000","100000","2026-01-12","https://vertical.pstatic.net/vertical-cardad/creatives/HD/10573/HD_10573_20260211-160647_ver.png","https://hyundaicard.com/cpc/cr/CPCCR0201_01.hc?cardWcd=GEPHC","true","2026-06-11T13:04:13.065Z"
"naver-card-10441","10441","세라젬 KB국민카드","KB국민","credit","active_or_unknown","ready_for_review","95","세라젬 렌탈료 연 최대 20만4천원 청구할인!","15000","15000","15000","","300000","17000","2021-03-24","https://vertical.pstatic.net/vertical-cardad/creatives/KB/10441/KB_10441_20241129-151303_hor.png","https://m.kbcard.com/CRD/DVIEW/MCAMCXHIACRC0002?allianceCode=04331&mainCC=b","true","2026-06-11T13:04:13.065Z"
"naver-card-10350","10350","NH농협 K-패스카드","NH농협","check","active_or_unknown","ready_for_review","100","모든 교통이 카드 하나로 해결되는! K-패스카드","13000","13000","15000","0","400000","10000","2024-04-22","https://vertical.pstatic.net/vertical-cardad/creatives/NH/10350/NH_10350_20240418-181421_ver.png","https://card.nonghyup.com/index_cardProd.html?SERVICE_ID=IPCC2021R&NAVIGATE_TYPE=1&cd_wrs_sqno=90010471&FromSite=53","true","2026-06-11T13:04:13.065Z"
"naver-card-10528","10528","zgm 스스로카드","NH농협","credit","active_or_unknown","ready_for_review","100","이제 나도 카드 한 장! zgm 스스로카드","1000","1000","","","100000","100000","2025-09-30","https://vertical.pstatic.net/vertical-cardad/creatives/NH/10528/NH_10528_20250910-161214_hor.png","https://card.nonghyup.com/index_cardProd.html?SERVICE_ID=IPCC2021R&NAVIGATE_TYPE=1&cd_wrs_sqno=90010575&FromSite=53","true","2026-06-11T13:04:13.065Z"
"naver-card-10401","10401","현대카드 대한항공카드 the First Edition2","현대","credit","active_or_unknown","partial_review","65","역시, 최초의 대한항공카드답게","800000","800000","800000","200000","500000","","2024-07-03","https://vertical.pstatic.net/vertical-cardad/creatives/HD/10401/HD_10401_20250401-115848_ver.png","https://www.hyundaicard.com/cpc/cr/CPCCR0201_01.hc?cardflag=RC&cardWcd=KALE2T4&eventCode=KAL58","true","2026-06-11T13:04:13.065Z"
"naver-card-10621","10621","the Purple(M포인트형)","현대","credit","active_or_unknown","partial_review","70","Not Just Luxury","1000000","1000000","1000000","350000","500000","","2024-09-25","https://vertical.pstatic.net/vertical-cardad/creatives/HD/10621/HD_10621_20260511-152314_ver.png","https://www.hyundaicard.com/cpc/cr/CPCCR0201_01.hc?cardWcd=TPE4&eventCode=ANB04","true","2026-06-11T13:04:13.065Z"
"naver-card-10399","10399","현대카드 대한항공카드 120","현대","credit","active_or_unknown","partial_review","65","역시, 최초의 대한항공카드답게","120000","120000","120000","30000","500000","","2024-07-03","https://vertical.pstatic.net/vertical-cardad/creatives/HD/10399/HD_10399_20250401-115249_ver.png","https://www.hyundaicard.com/cpc/cr/CPCCR0201_01.hc?cardWcd=KALE2T2&eventCode=KAL60","true","2026-06-11T13:04:13.065Z"
"naver-card-2487","2487","KB국민 코웨이Ⅱ카드","KB국민","credit","active_or_unknown","ready_for_review","95","코웨이 렌탈료 할인+적립, 놀이공원 할인까지!","30000","","30000","","400000","15000","2018-06-29","https://vertical.pstatic.net/vertical-cardad/creatives/KB/2487/KB_2487_hor.png","https://m.kbcard.com/CRD/DVIEW/MCAMCXHIACRC0002?mainCC=b&allianceCode=04423","true","2026-06-11T13:04:13.065Z"
"naver-card-10562","10562","신한카드 The CLASSIC+(SKYPASS형)","신한","credit","active_or_unknown","ready_for_review","100","특별한 하늘을 누리는 한 장의 카드 더클래식+","120000","120000","125000","0","300000","300000","2015-07-30","https://vertical.pstatic.net/vertical-cardad/creatives/SH/10562/SH_10562_20260226-154349_ver.png","https://www.shinhancard.com/pconts/html/card/apply/premium/1187949_2205.html?EntryLoc2=2770&empSeq=818&utm_source=naver_credit&utm_medium=cpc&utm_campaign=online_mobile_theclassicplus","true","2026-06-11T13:04:13.065Z"
"naver-card-10189","10189","하나 CLUB H 아메리칸 익스프레스 리저브 카드","하나","credit","active_or_unknown","ready_for_review","100","마일 적립과 라운지 무료, 메탈 플레이트 제공!","150000","0","150000","20000","500000","1000","2022-05-17","https://vertical.pstatic.net/vertical-cardad/creatives/SK/10189/SK_10189_20221019-141219_hor.png","https://m.hanacard.co.kr/MKCDCM1010M.web?CD_PD_SEQ=15601","true","2026-06-11T13:04:13.065Z"
"naver-card-10420","10420","KB국민 EV카드","KB국민","credit","active_or_unknown","partial_review","70","전기/수소차 이용자 필수 혜택 담은 카드!","20000","20000","20000","","400000","","2024-08-08","https://vertical.pstatic.net/vertical-cardad/creatives/KB/10420/KB_10420_20241030-144956_ver.png","https://m.kbcard.com/CRD/DVIEW/MCAMCXHIACRC0002?allianceCode=00230&mainCC=b","true","2026-06-11T13:04:13.065Z"
"naver-card-10362","10362","현대 아멕스 골드 카드 Edition2","현대","check","active_or_unknown","ready_for_review","100","유효 기간 없는 멤버십 리워즈 적립","300000","300000","300000","","500000","1000","2023-11-27","https://vertical.pstatic.net/vertical-cardad/creatives/HD/10362/HD_10362_20240524-101503_hor.png","https://www.hyundaicard.com/cpc/cr/CPCCR0201_01.hc?cardWcd=AMGLE2","true","2026-06-11T13:04:13.065Z"
"naver-card-10608","10608","무신사 삼성카드","삼성","credit","active_or_unknown","ready_for_review","100","무신사 쇼핑 필수템 월 최대 10% 적립 혜택!","10000","10000","10000","","300000","300000","2026-04-27","https://vertical.pstatic.net/vertical-cardad/creatives/SS/10608/SS_10608_20260430-101226_ver.png","https://www.samsungcard.com/personal/card/simple-apply/UHPPCA0225M0.jsp?code=AAP1911&alncmpC=QACDMB45&affcode=QACDMB45&BSCPN=BCTS&BSPRG=MNAVERCARD&BSCCN1=MB_%EC%8B%A0%EA%B2%80_AAP1911_%EB%AC%B4%EC%8B%A0%EC%82%AC%20%EC%82%BC%EC%84%B1%EC%B9%B4%EB%93%9C_musinsa&utm_campaign=%EB%AC%B4%EC%8B%A0%EC%82%AC%20%EC%82%BC%EC%84%B1%EC%B9%B4%EB%93%9C&utm_medium=naver&utm_source=%EB%84%A4%EC%9D%B4%EB%B2%84%20%EC%8B%A0%EC%9A%A9%EC%B9%B4%EB%93%9C%20%EA%B2%80%EC%83%89%20%EB%AA%A8%EB%B0%94%EC%9D%BC&utm_term={query}","true","2026-06-11T13:04:13.065Z"
"naver-card-1243","1243","올바른POINT UP 카드","NH농협","check","active_or_unknown","ready_for_review","100","올바른 카드 생활로 포인트는 더욱 UP!","14000","","14000","","400000","14000","2019-08-31","https://vertical.pstatic.net/vertical-cardad/creatives/NH/1243/NH_1243_20231018-164008_hor.png","https://card.nonghyup.com/index_cardProd.html?SERVICE_ID=IPCC2021R&NAVIGATE_TYPE=1&cd_wrs_sqno=90000413&FromSite=53","true","2026-06-11T13:04:13.065Z"
"naver-card-10361","10361","현대 아멕스 더 플래티넘 카드 Edition2","현대","check","active_or_unknown","ready_for_review","100","유효 기간 없는 멤버십 리워즈 적립","1000000","1000000","1000000","","500000","1000","2023-11-27","https://vertical.pstatic.net/vertical-cardad/creatives/HD/10361/HD_10361_20240524-104940_hor.png","https://www.hyundaicard.com/cpc/cr/CPCCR0201_01.hc?cardWcd=AMPTE2","true","2026-06-11T13:04:13.065Z"
"naver-card-10363","10363","현대 아멕스 그린 카드 Edition2","현대","check","active_or_unknown","ready_for_review","100","유효 기간 없는 멤버십 리워즈 적립","150000","150000","150000","","500000","1000","2023-11-27","https://vertical.pstatic.net/vertical-cardad/creatives/HD/10363/HD_10363_20240524-103830_hor.png","https://www.hyundaicard.com/cpc/cr/CPCCR0201_01.hc?cardflag=RC&cardWcd=AMGRE2","true","2026-06-11T13:04:13.065Z"
"naver-card-10518","10518","국민내일배움 신한카드 Simple","신한","credit","active_or_unknown","partial_review","70","일상도 훈련비도 Simple카드 한 장으로 끝!","5000","5000","0","0","300000","","2014-03-11","https://vertical.pstatic.net/vertical-cardad/creatives/SH/10518/SH_10518_20250722-140222_hor.png","https://www.shinhancard.com/pconts/html/card/apply/credit/1195348_2207.html?EntryLoc=2971&empSeq=502&utm_source=naver_credit&utm_medium=cpc&utm_campaign=online_mo_learningcard&utm_content=card&utm_term={keyword}","true","2026-06-11T13:04:13.065Z"
"naver-card-10225","10225","원더카드2.0 LIVING","하나","credit","active_or_unknown","partial_review","70","우리 집 생활비 아껴주는 카드 추천!","19900","19900","19900","0","400000","","2022-12-31","https://vertical.pstatic.net/vertical-cardad/creatives/SK/10225/SK_10225_20260123-085207_hor.png","https://m.hanacard.co.kr/MKCDCM1010M.web?CD_PD_SEQ=17343","true","2026-06-11T13:04:13.065Z"
"naver-card-10618","10618","SmileCard Edition3","현대","credit","active_or_unknown","partial_review","65","최대 2% 스마일캐시 적립 혜택","20000","20000","20000","","300000","","2023-07-23","https://vertical.pstatic.net/vertical-cardad/creatives/HD/10618/HD_10618_20260430-162804_ver.png","https://www.hyundaicard.com/cpc/cr/CPCCR0201_01.hc?cardWcd=ESPE3","true","2026-06-11T13:04:13.065Z"
"naver-card-10186","10186","zgm.streaming카드","NH농협","check","active_or_unknown","ready_for_review","100","지금 잘 사는 방법, zgm.streaming","12000","12000","12000","","400000","7000","2022-11-10","https://vertical.pstatic.net/vertical-cardad/creatives/NH/10186/NH_10186_20221018-105717_ver.png","https://smartcard.nonghyup.com/index_cardProd.html?SERVICE_ID=IPCC2021R&NAVIGATE_TYPE=1&cd_wrs_sqno=90010179&FromSite=53","true","2026-06-11T13:04:13.065Z"
"naver-card-10297","10297","NH농협 어디로든 그린카드","NH농협","check","active_or_unknown","ready_for_review","100","친환경 소비, 쌓이는 에코머니!","15000","15000","17000","","300000","5000","2023-10-23","https://vertical.pstatic.net/vertical-cardad/creatives/NH/10297/NH_10297_20231022-162956_ver.png","https://card.nonghyup.com/index_cardProd.html?SERVICE_ID=IPCC2021R&NAVIGATE_TYPE=1&cd_wrs_sqno=90010490&FromSite=53","true","2026-06-11T13:04:13.065Z"
"naver-card-10262","10262","NH올원 Rental&코웨이카드","NH농협","check","active_or_unknown","partial_review","70","실속있는 렌탈 할인 카드","10000","10000","12000","","300000","","2023-06-08","https://vertical.pstatic.net/vertical-cardad/creatives/NH/10262/NH_10262_20230608-180723_hor.png","https://card.nonghyup.com/index_cardProd.html?SERVICE_ID=IPCC2021R&NAVIGATE_TYPE=1&cd_wrs_sqno=90000366&FromSite=53","true","2026-06-11T13:04:13.065Z"
"naver-card-2349","2349","Mile 1.6 대한항공","하나","credit","active_or_unknown","ready_for_review","100","스마트한 마일리지 적립 방법!","45000","","45000","10000","500000","1000","2018-03-28","https://vertical.pstatic.net/vertical-cardad/creatives/SK/2349/SK_2349_hor.png","https://m.hanacard.co.kr/MWPI420000D.web?_frame=no&CD_PD_SEQ=8418&AR_PHC=J25","true","2026-06-11T13:04:13.065Z"
"naver-card-10223","10223","원더카드2.0 DAILY","하나","credit","active_or_unknown","partial_review","70","일상의 즐거움을 책임질 실용적인 데일리 카드!","19900","19900","19900","0","400000","","2022-12-31","https://vertical.pstatic.net/vertical-cardad/creatives/SK/10223/SK_10223_20260123-085147_hor.png","https://m.hanacard.co.kr/MKCDCM1010M.web?CD_PD_SEQ=17347","true","2026-06-11T13:04:13.065Z"
"naver-card-10226","10226","원더카드2.0 T","하나","credit","active_or_unknown","partial_review","70","원더카드가 보여주는 T혜택의 모든 것!","19900","19900","19900","0","400000","","2022-12-31","https://vertical.pstatic.net/vertical-cardad/creatives/SK/10226/SK_10226_20260123-085240_hor.png","https://m.hanacard.co.kr/MKCDCM1010M.web?CD_PD_SEQ=17344","true","2026-06-11T13:04:13.065Z"
"naver-card-652","652","채움 스카이패스(SKYPASS)카드","NH농협","credit","active_or_unknown","ready_for_review","100","전월실적 없어도 항공마일리지 기본~3배 적립!","15000","","15000","","0","30000","2010-12-08","https://vertical.pstatic.net/vertical-cardad/creatives/NH/652/NH_652_20250711-155902_ver.png","https://card.nonghyup.com/index_cardProd.html?SERVICE_ID=IPCC2021R&NAVIGATE_TYPE=1&cd_wrs_sqno=90000184&FromSite=53","true","2026-06-11T13:04:13.065Z"
"naver-card-10160","10160","올바른HOMETOWN카드","NH농협","check","active_or_unknown","ready_for_review","95","당신 가까이에 있는 혜택! 생활밀착형 할인카드","12000","12000","14000","","400000","20000","2022-09-01","https://vertical.pstatic.net/vertical-cardad/creatives/NH/10160/NH_10160_20220728-105743_hor.png","https://card.nonghyup.com/index_cardProd.html?SERVICE_ID=IPCC2021R&NAVIGATE_TYPE=1&cd_wrs_sqno=90010161&FromSite=53","true","2026-06-11T13:04:13.065Z"
"naver-card-3996","3996","올바른FLEX카드","NH농협","check","active_or_unknown","ready_for_review","95","일상의 FLEX, 혜택을 FLEX!","10000","10000","12000","","300000","5000","2020-09-24","https://vertical.pstatic.net/vertical-cardad/creatives/NH/3996/NH_3996_hor.png","https://card.nonghyup.com/index_cardProd.html?SERVICE_ID=IPCC2021R&NAVIGATE_TYPE=1&cd_wrs_sqno=90010051&FromSite=53","true","2026-06-11T13:04:13.065Z"
"naver-card-10436","10436","현대백화점카드","현대백화점카드","credit","active_or_unknown","partial_review","65","백화점, 아울렛, 더현대닷컴 전용 특별한 혜택","0","0","0","0","1","","1984-12-31","https://vertical.pstatic.net/vertical-cardad/creatives/HC/10436/HC_10436_20241126-141320_ver.png","http://m.ehyundai.com/mobile/card/VO/main.do?menu=0&r=&event_id=&use_r=","true","2026-06-11T13:04:13.065Z"
"naver-card-10625","10625","U+ X LOCA 라이트 할부 카드","롯데","credit","active_or_unknown","ready_for_review","100","LG U+로 휴대폰 바꾸고 월 최대 2만원 할인","25000","25000","25000","","500000","20000","2025-07-15","https://vertical.pstatic.net/vertical-cardad/creatives/LO/10625/LO_10625_20260521-161136_ver.png","http://m.lottecard.co.kr/spa/card/booth?bId=105558&vtCdKndC=P15762-A15762&utm_source=sa_naver_cs&utm_medium=cpc&utm_campaign=m_card_application&utm_content=2605_lglite_01&utm_term=신용카드","true","2026-06-11T13:04:13.065Z"
"naver-card-10607","10607","KT가족만족 할부 신한카드","신한","credit","active_or_unknown","ready_for_review","95","할부 혜택부터 요금할인까지 KT 가족만족할부카드","22000","22000","25000","0","300000","10000","2020-04-09","https://vertical.pstatic.net/vertical-cardad/creatives/SH/10607/SH_10607_20260417-102837_ver.png","https://www.shinhancard.com/pconts/html/card/apply/credit/1221484_2207.html?EntryLoc2=3298&empSeq=504 &utm_source=naver_credit&utm_medium=cpc&utm_campaign=online_mobile_ktfamily","true","2026-06-11T13:04:13.065Z"
"naver-card-10636","10636","파인애플 신한카드","신한","credit","active_or_unknown","ready_for_review","100","알뜰하게 통신요금 소비하고 일상 혜택 누리기","12000","12000","15000","0","300000","300000","2019-11-08","https://vertical.pstatic.net/vertical-cardad/creatives/SH/10636/SH_10636_20260609-154312_hor.png","https://www.shinhancard.com/pconts/html/card/apply/credit/1195357_2207.html?empSeq=502","true","2026-06-11T13:04:13.065Z"
"naver-card-10438","10438","현대백화점 현대오일뱅크카드","현대백화점카드","credit","active_or_unknown","partial_review","65","현대백화점 X 현대오일뱅크","0","0","0","0","1","","2013-07-07","https://vertical.pstatic.net/vertical-cardad/creatives/HC/10438/HC_10438_20241126-143127_ver.png","http://m.ehyundai.com/mobile/card/VO/main.do?menu=0&r=&event_id=&use_r=","true","2026-06-11T13:04:13.065Z"
"naver-card-10437","10437","현대백화점 해피포인트카드","현대백화점카드","credit","active_or_unknown","partial_review","65","백화점카드 + 해피포인트 기능 추가!","0","0","0","0","1","","2013-03-11","https://vertical.pstatic.net/vertical-cardad/creatives/HC/10437/HC_10437_20241126-142309_ver.png","http://m.ehyundai.com/mobile/card/VO/main.do?menu=0&r=&event_id=&use_r=","true","2026-06-11T13:04:13.065Z"
"naver-card-10637","10637","KT 으랏차차 신한카드","신한","credit","active_or_unknown","ready_for_review","95","똑똑한 통신요금 소비 생활 누리기","36000","36000","39000","0","500000","33000","2025-06-30","https://vertical.pstatic.net/vertical-cardad/creatives/SH/10637/SH_10637_20260609-160301_hor.png","https://www.shinhancard.com/pconts/html/card/apply/credit/1235115_2207.html?empSeq=502","true","2026-06-11T13:04:13.065Z"
"naver-card-10638","10638","LG헬로비전 신한카드","신한","credit","active_or_unknown","manual_required","50","LG헬로비전 요금 할인 받기","22000","22000","25000","0","400000","","2021-06-02","https://vertical.pstatic.net/vertical-cardad/creatives/SH/10638/SH_10638_20260609-161934_ver.png","https://www.shinhancard.com/pconts/html/card/apply/credit/1203566_2207.html?empSeq=503","true","2026-06-11T13:04:13.065Z"
"naver-card-10640","10640","New LG전자 베스트샵 PLUS 신한카드","신한","credit","active_or_unknown","ready_for_review","80","LG전자 최대 10% 할인 혜택!","10000","10000","22000","0","300000","","2013-05-07","https://vertical.pstatic.net/vertical-cardad/creatives/SH/10640/SH_10640_20260609-164528_ver.png","https://www.shinhancard.com/pconts/html/card/apply/credit/1188463_2207.html?empSeq=506","true","2026-06-11T13:04:13.065Z"
"naver-card-3777","3777","올바른NEW HAVE+카드","NH농협","check","active_or_unknown","ready_for_review","100","스마트한 적립플러스, 나를 가장 잘 아는 카드!","23000","23000","25000","","400000","23000","2020-07-15","https://vertical.pstatic.net/vertical-cardad/creatives/NH/3777/NH_3777_20231110-153503_hor.png","https://card.nonghyup.com/index_cardProd.html?SERVICE_ID=IPCC2021R&NAVIGATE_TYPE=1&cd_wrs_sqno=90010034&FromSite=53","true","2026-06-11T13:04:13.065Z"
"naver-card-3776","3776","올바른NEW HAVE카드","NH농협","check","active_or_unknown","ready_for_review","100","스마트한 적립, 나를 가장 잘 아는 카드!","12000","12000","12000","","400000","12000","2020-07-15","https://vertical.pstatic.net/vertical-cardad/creatives/NH/3776/NH_3776_20231110-151618_hor.png","https://card.nonghyup.com/index_cardProd.html?SERVICE_ID=IPCC2021R&NAVIGATE_TYPE=1&cd_wrs_sqno=90010035&FromSite=53","true","2026-06-11T13:04:13.065Z"
"naver-card-10442","10442","NH농협 기후동행카드","NH농협","check","active_or_unknown","ready_for_review","100","교통 혜택과 다양한 서비스를 함께! 기후동행카드","10000","10000","","","300000","300000","2024-11-25","https://vertical.pstatic.net/vertical-cardad/creatives/NH/10442/NH_10442_20241129-180119_ver.png","https://card.nonghyup.com/index_cardProd.html?SERVICE_ID=IPCC2021R&NAVIGATE_TYPE=1&cd_wrs_sqno=90010526&FromSite=53","true","2026-06-11T13:04:13.065Z"
"naver-card-3055","3055","올바른POINT UP+ 카드","NH농협","check","active_or_unknown","partial_review","70","올바른 카드 생활로 포인트는 더욱 UP!","23000","","23000","","0","","2019-08-31","https://vertical.pstatic.net/vertical-cardad/creatives/NH/3055/NH_3055_20231018-165128_hor.png","https://card.nonghyup.com/index_cardProd.html?SERVICE_ID=IPCC2021R&NAVIGATE_TYPE=1&cd_wrs_sqno=90000414&FromSite=53","true","2026-06-11T13:04:13.065Z"
"naver-card-3257","3257","신한카드 Deep Once","신한","credit","active_or_unknown","manual_required","50","매월 고정비 똑똑하게 쓰자, Deep Once로","20000","20000","23000","","400000","","2020-01-31","https://vertical.pstatic.net/vertical-cardad/creatives/SH/3257/SH_3257_hor.png","https://www.shinhancard.com/pconts/html/card/apply/credit/1192802_2207.html?EntryLoc2=2969&empSeq=538&btnApp=DP1W&utm_source=naver%5Fcredit&utm_medium=cpc&utm_campaign=online%5Fmobile%5Fdeeponce","true","2026-06-11T13:04:13.065Z"
"naver-card-2206","2206","NH20 해봄카드","NH농협","check","active_or_unknown","ready_for_review","100","20대의 다양한 꿈과 도전, NH20 해봄 신용","10000","","10000","","300000","40000","2017-09-07","https://vertical.pstatic.net/vertical-cardad/creatives/NH/2206/NH_2206_hor.png","https://card.nonghyup.com/index_cardProd.html?SERVICE_ID=IPCC2021R&NAVIGATE_TYPE=1&cd_wrs_sqno=90000372&FromSite=53","true","2026-06-11T13:04:13.065Z"
"naver-card-10464","10464","신한카드 The Best-XO(스카이패스형)","신한","credit","active_or_unknown","ready_for_review","100","프리미엄 적립의 새로운 기준, BEST-XO","317000","317000","320000","70000","500000","20000","2025-01-17","https://vertical.pstatic.net/vertical-cardad/creatives/SH/10464/SH_10464_20250310-105643_ver.png","https://www.shinhancard.com/pconts/html/card/apply/premium/1231479_2205.html?EntryLoc2=3521&empSeq=521&btnApp=DP1Q&utm_source=naver_credit&utm_medium=cpc&utm_campaign=online_mo_bestxocard&utm_content=card&utm_term={keyword}","true","2026-06-11T13:04:13.065Z"
"naver-card-10456","10456","올리브영 현대카드","현대","credit","active_or_unknown","partial_review","65","올리브영을 자주 이용한다면 발급받아 보세요","30000","30000","30000","10000","400000","","2024-11-18","https://vertical.pstatic.net/vertical-cardad/creatives/HD/10456/HD_10456_20250203-170424_ver.png","https://www.hyundaicard.com/cpc/cr/CPCCR0201_01.hc?cardWcd=OLVYHC","true","2026-06-11T13:04:13.065Z"
"naver-card-10308","10308","Triple in LOCA","롯데","credit","active_or_unknown","ready_for_review","95","내 취향대로 생활영역 5종 최대 3만원 할인","20000","20000","20000","13000","400000","20000","2023-09-11","https://vertical.pstatic.net/vertical-cardad/creatives/LO/10308/LO_10308_20231127-161902_ver.png","http://m.lottecard.co.kr/spa/card/booth?bId=92352&vtCdKndC=P14451-A14451&npayUseYn=Y&utm_source=sa_naver_cs&utm_medium=cpc&utm_campaign=m_card_application&utm_content=tripleinloca&utm_term=%EC%8B%A0%EC%9A%A9%EC%B9%B4%EB%93%9C","true","2026-06-11T13:04:13.065Z"
"naver-card-10421","10421","이마트II KB국민카드(옐로우)","KB국민","credit","active_or_unknown","ready_for_review","100","이마트/트레이더스 갈 때 챙기는 필수 혜택 카드","15000","15000","15000","","500000","70000","2022-08-12","https://vertical.pstatic.net/vertical-cardad/creatives/KB/10421/KB_10421_20241031-151529_ver.png","https://m.kbcard.com/CRD/DVIEW/MCAMCXHIACRC0002?allianceCode=04361&mainCC=b","true","2026-06-11T13:04:13.065Z"
"naver-card-10429","10429","신한카드 The BEST-F(SKY PASS형)","신한","credit","active_or_unknown","ready_for_review","100","프리미엄 라이프의 시작 신한 The BEST F","222000","222000","225000","0","300000","200000","2013-07-01","https://vertical.pstatic.net/vertical-cardad/creatives/SH/10429/SH_10429_20250911-133301_ver.png","https://www.shinhancard.com/pconts/html/card/apply/premium/1187948_2205.html?EntryLoc2=2648&empSeq=817&btnApp=L0S1H3&utm_source=naver_credit&utm_medium=cpc&utm_campaign=online_mobile_bestfskypass&utm_content=card&utm_term={keyword}","true","2026-06-11T13:04:13.065Z"
"naver-card-10294","10294","싱가포르항공 크리스플라이어 더 베스트 신한카드","신한","check","active_or_unknown","ready_for_review","100","싱가포르 항공 카드로 마주하는 특별한 세상","247000","247000","250000","","500000","2000","2023-08-14","https://vertical.pstatic.net/vertical-cardad/creatives/SH/10294/SH_10294_20231006-114449_ver.png","https://www.shinhancard.com/pconts/html/card/apply/premium/1221024_2205.html?EntryLoc2=3340&empSeq=501&btnApp=dp01&utm_source=naver_credit&utm_medium=cpc&utm_campaign=online_mobile_krisflyer","true","2026-06-11T13:04:13.065Z"
"naver-card-10517","10517","신한카드 Haru(Hoshino Resorts)","신한","check","active_or_unknown","ready_for_review","100","일본 어디서나 3.5% 적립, 신한카드 하루","30000","30000","30000","0","300000","30000","2025-03-13","https://vertical.pstatic.net/vertical-cardad/creatives/SH/10517/SH_10517_20250710-134352_ver.png","https://www.shinhancard.com/pconts/html/card/apply/credit/1233082_2207.html?empSeq=503&utm_source=naver_credit&utm_medium=cpc&utm_campaign=online_mo_haru&utm_content=card&utm_term={keyword}","true","2026-06-11T13:04:13.065Z"
"naver-card-10372","10372","JADE First","하나","credit","active_or_unknown","ready_for_review","100","여행,호텔 레스토랑,골프 프리미엄 바우처 제공!","595000","595000","600000","50000","500000","20000","2024-05-31","https://vertical.pstatic.net/vertical-cardad/creatives/SK/10372/SK_10372_20240618-180009_ver.png","https://m.hanacard.co.kr/JADEINTROM.web?CD_PD_SEQ=17854","true","2026-06-11T13:04:13.065Z"
"naver-card-10264","10264","zgm.play카드","NH농협","check","active_or_unknown","ready_for_review","95","지금 잘 사는 방법, zgm.play카드","12000","12000","12000","","300000","5000","2023-06-13","https://vertical.pstatic.net/vertical-cardad/creatives/NH/10264/NH_10264_20230613-165658_ver.png","https://card.nonghyup.com/index_cardProd.html?SERVICE_ID=IPCC2021R&NAVIGATE_TYPE=1&cd_wrs_sqno=90010467&FromSite=53","true","2026-06-11T13:04:13.065Z"
"naver-card-10624","10624","TELLO T 라이트 할부 카드","롯데","credit","active_or_unknown","ready_for_review","100","SKT에서 최신폰 사고 월최대 1.3만원 캐시백","20000","20000","20000","","400000","20000","2023-07-14","https://vertical.pstatic.net/vertical-cardad/creatives/LO/10624/LO_10624_20260521-155908_ver.png","https://www.lottecard.co.kr/app/LPCDADB_V100.lc?vtCdKndC=P14443-A14443","true","2026-06-11T13:04:13.065Z"
"naver-card-10496","10496","KB Biz Prime 카드","KB국민","credit","active_or_unknown","ready_for_review","80","4대보험부터 백화점,주유,골프장까지 포인트리적립","120000","120000","120000","30000","1000000","","2025-05-29","https://vertical.pstatic.net/vertical-cardad/creatives/KB/10496/KB_10496_20250602-112140_ver.png","https://m.kbcard.com/CRD/DVIEW/MCAMCXHIACRC0002?allianceCode=09106&mainCC=b&solicitorcode=7030023030&jehuId=NPAY","true","2026-06-11T13:04:13.065Z"
"naver-card-2886","2886","신한카드 Deep Making","신한","credit","active_or_unknown","partial_review","70","신한 Deep Making 스마트한 적립의 시대","30000","30000","30000","","400000","","2019-07-11","https://vertical.pstatic.net/vertical-cardad/creatives/SH/2886/SH_2886_hor.png","https://www.shinhancard.com/pconts/html/card/apply/credit/1188286_2207.html?EntryLoc2=2932&empSeq=501&btnApp=V0M1K3C4&utm_source=naver_credit&utm_medium=cpc&utm_campaign=online_mobile_deepmaking","true","2026-06-11T13:04:13.065Z"
"naver-card-10287","10287","zgm.일본여행중카드","NH농협","check","active_or_unknown","partial_review","70","일본 여행 필수 카드! zgm.일본여행중카드","23000","23000","25000","","300000","","2023-08-09","https://vertical.pstatic.net/vertical-cardad/creatives/NH/10287/NH_10287_20230811-154924_ver.png","https://card.nonghyup.com/index_cardProd.html?SERVICE_ID=IPCC2021R&NAVIGATE_TYPE=1&cd_wrs_sqno=90010476&FromSite=53","true","2026-06-11T13:04:13.065Z"
"naver-card-10556","10556","한화손해보험 캐롯 KB국민카드","KB국민","credit","active_or_unknown","ready_for_review","95","한화손해보험 캐롯 연최대 20만4천원 청구할인!","15000","15000","15000","","300000","17000","2021-06-04","https://vertical.pstatic.net/vertical-cardad/creatives/KB/10556/KB_10556_20251127-154450_hor.png","https://m.kbcard.com/CRD/DVIEW/MCAMCXHIACRC0002?allianceCode=04339&mainCC=b","true","2026-06-11T13:04:13.065Z"
"naver-card-2757","2757","KB국민 예다함카드","KB국민","credit","active_or_unknown","partial_review","75","예다함 상조부금 연 최대 20만 4천원 청구할인","15000","15000","15000","","300000","10000","2018-03-02","https://vertical.pstatic.net/vertical-cardad/creatives/KB/2757/KB_2757_20241119-152906_hor.png","https://m.kbcard.com/CRD/DVIEW/MCAMCXHIACRC0002?allianceCode=04485&mainCC=b","true","2026-06-11T13:04:13.065Z"
"naver-card-3958","3958","올바른BAZIC+ 카드","NH농협","check","active_or_unknown","partial_review","70","올바른 할인혜택 플러스! 올바른 BAZIC+카드","25000","","25000","","400000","","2019-08-13","https://vertical.pstatic.net/vertical-cardad/creatives/NH/3958/NH_3958_20230906-150531_hor.png","https://card.nonghyup.com/index_cardProd.html?SERVICE_ID=IPCC2021R&NAVIGATE_TYPE=1&cd_wrs_sqno=90000418&FromSite=53","true","2026-06-11T13:04:13.065Z"
"naver-card-10325","10325","코스트코 리워드 현대카드 Edition2","현대","credit","active_or_unknown","partial_review","65","코스트코 이용 고객이라면 놓칠 수 없는 카드!","20000","20000","20000","5000","500000","","2023-12-28","https://vertical.pstatic.net/vertical-cardad/creatives/HD/10325/HD_10325_20240229-101701_ver.png","https://www.hyundaicard.com/cpc/cr/CPCCR0201_01.hc?cardWcd=CSTCE2&eventCode=CCC58&rcPath=L300500000000","true","2026-06-11T13:04:13.065Z"
"naver-card-10549","10549","DB손해보험 현대카드","현대","credit","active_or_unknown","partial_review","65","보험 이용 여부에 따라 청구 할인되는 카드","30000","30000","30000","10000","500000","","2025-11-12","https://vertical.pstatic.net/vertical-cardad/creatives/HD/10549/HD_10549_20251112-164527_ver.png","https://www.hyundaicard.com/cpc/cr/CPCCR0201_01.hc?cardWcd=MDBI&eventCode=DBI1U","true","2026-06-11T13:04:13.065Z"
"naver-card-10306","10306","LOCA Professional","롯데","credit","active_or_unknown","partial_review","70","결제방식도 내 취향에 맞춘 프로페셔널 카드!","300000","300000","300000","50000","0","","2023-10-11","https://vertical.pstatic.net/vertical-cardad/creatives/LO/10306/LO_10306_20231114-163944_ver.png","http://m.lottecard.co.kr/spa/card/booth?bId=92360&vtCdKndC=P14715-A14715&npayUseYn=Y&utm_source=sa_naver_cs&utm_medium=cpc&utm_campaign=m_card_application&utm_content=2312_locaprofessional_19&utm_term=%EC%8B%A0%EC%9A%A9%EC%B9%B4%EB%93%9C","true","2026-06-11T13:04:13.065Z"
"naver-card-10527","10527","스타필드 신한카드","신한","credit","active_or_unknown","ready_for_review","100","스타필드 이용자라면 필수, 스타필드 신한카드","17000","17000","20000","0","400000","100000","2025-05-22","https://vertical.pstatic.net/vertical-cardad/creatives/SH/10527/SH_10527_20250905-103112_ver.png","https://www.shinhancard.com/pconts/html/card/apply/credit/1233072_2207.html?EntryLoc=3541&empSeq=512&utm_source=naver_credit&utm_medium=cpc&utm_campaign=online_mo_starfield&utm_content=card&utm_term={keyword}","true","2026-06-11T13:04:13.065Z"
"naver-card-1773","1773","신세계 신한카드","신한","credit","active_or_unknown","partial_review","70","일상 속 할인과 신세계 멤버십 혜택을 한 번에!","12000","12000","15000","","500000","","2017-04-01","https://vertical.pstatic.net/vertical-cardad/creatives/SH/1773/SH_1773_hor.png","https://www.shinhancard.com/pconts/html/card/apply/credit/1188439_2207.html?EntryLoc2=2854&empSeq=503&btnApp=CB1&utm_source=naver%5Fcredit&utm_medium=cpc&utm_campaign=online%5Fmobile%5Fshinsaege","true","2026-06-11T13:04:13.065Z"
"naver-card-10634","10634","신한카드 ECO Plan","신한","credit","active_or_unknown","ready_for_review","100","지구와 나를 위한 더 나은 Plan","20000","20000","23000","0","300000","1000","2026-04-22","https://vertical.pstatic.net/vertical-cardad/creatives/SH/10634/SH_10634_20260605-111506_ver.png","https://www.shinhancard.com/pconts/html/card/apply/credit/1238499_2207.html?EntryLoc2=4508&empSeq=501&utm_source=naver_credit&utm_medium=cpc&utm_campaign=online_mo_ecoplan","true","2026-06-11T13:04:13.065Z"
"naver-card-10277","10277","LOCA PLATINUM(할인형)","롯데","credit","active_or_unknown","ready_for_review","100","국내외 가맹점 최대 1% 할인, 특별 바우처까지","100000","100000","100000","","0","100000","2020-07-20","https://vertical.pstatic.net/vertical-cardad/creatives/LO/10277/LO_10277_20230717-164350_hor.png","https://m.lottecard.co.kr/spa/card/booth?bId=88701&vtCdKndC=P13383-A13383&npayUseYn=Y","true","2026-06-11T13:04:13.065Z"
"naver-card-4096","4096","롯데백화점 FLEX 카드","롯데","credit","active_or_unknown","ready_for_review","95","망설임 없는 소비? FLEX 카드면 충분하지!","100000","100000","100000","","500000","5000","2020-09-25","https://vertical.pstatic.net/vertical-cardad/creatives/LO/4096/LO_4096_20201217-114017_hor.png","https://m.lottecard.co.kr/app/LPBOHAA_V100.lc?bId=56925&vtCdKndC=P13512-A13512&npayUseYn=Y&utm_source=sa_naver_cs&utm_medium=cpc&utm_campaign=m_card&utm_content=flex&utm_term=%EC%8B%A0%EC%9A%A9%EC%B9%B4%EB%93%9C","true","2026-06-11T13:04:13.065Z"
"naver-card-10567","10567","신한카드 THE BEST-F(캐시백형)","신한","credit","active_or_unknown","ready_for_review","100","프리미엄 라이프의 시작 신한 The BEST F","202000","202000","205000","0","300000","200000","2013-07-01","https://vertical.pstatic.net/vertical-cardad/creatives/SH/10567/SH_10567_20260106-124028_ver.png","https://www.shinhancard.com/pconts/html/card/apply/premium/1187948_2205.html?EntryLoc2=2648&empSeq=817&btnApp=L0S1H3&utm_source=naver_credit&utm_medium=cpc&utm_campaign=online_mobile_bestfcashback&utm_content=card&utm_term={keyword}","true","2026-06-11T13:04:13.065Z"
"naver-card-10555","10555","신한카드 The Best-XO(마이신한포인트형)","신한","credit","active_or_unknown","ready_for_review","100","프리미엄 적립의 새로운 기준, BEST-XO","297000","297000","300000","70000","500000","20000","2025-01-17","https://vertical.pstatic.net/vertical-cardad/creatives/SH/10555/SH_10555_20251126-154915_ver.png","https://www.shinhancard.com/pconts/html/card/apply/premium/1231479_2205.html?EntryLoc2=3521&empSeq=521&btnApp=DP1Q&utm_source=naver_credit&utm_medium=cpc&utm_campaign=online_mo_bestxocard&utm_content=card&utm_term={keyword}","true","2026-06-11T13:04:13.065Z"
"naver-card-10505","10505","신한카드 KaPick","신한","credit","active_or_unknown","ready_for_review","95","카카오페이로 알차게 쌓는 포인트, KaPick","19000","19000","22000","0","400000","10000","2023-04-26","https://vertical.pstatic.net/vertical-cardad/creatives/SH/10505/SH_10505_20250616-142613_ver.png","https://www.shinhancard.com/pconts/html/card/apply/credit/1222372_2207.html?empSeq=502&utm_source=naver_credit&utm_medium=cpc&utm_campaign=online_mobile_kapick&utm_content=card&utm_term={keyword}","true","2026-06-11T13:04:13.065Z"
"naver-card-10577","10577","한화이글스 신한카드","신한","credit","active_or_unknown","ready_for_review","80","한화이글스 경기장부터 일상 속 할인까지","20000","20000","23000","0","300000","","2025-08-04","https://vertical.pstatic.net/vertical-cardad/creatives/SH/10577/SH_10577_20260206-164615_ver.png","https://www.shinhancard.com/pconts/html/card/apply/credit/1235111_2207.html?empSeq=502","true","2026-06-11T13:04:13.065Z"
"naver-card-10241","10241","zgm.고향으로카드","NH농협","check","active_or_unknown","ready_for_review","100","지금.고향을 사랑하는 마음으로, zgm.고향으로","12000","12000","12000","","400000","2000","2023-03-10","https://vertical.pstatic.net/vertical-cardad/creatives/NH/10241/NH_10241_20230323-133544_hor.png","https://card.nonghyup.com/index_cardProd.html?SERVICE_ID=IPCC2021R&NAVIGATE_TYPE=1&cd_wrs_sqno=90010216&FromSite=53","true","2026-06-11T13:04:13.065Z"
"naver-card-10477","10477","신한카드 The CLASSIC-Y","신한","credit","active_or_unknown","ready_for_review","100","트렌디한 소비의 시작, 완성된 혜택의 라이프","105000","0","105000","30000","300000","20000","2014-10-31","https://vertical.pstatic.net/vertical-cardad/creatives/SH/10477/SH_10477_20260226-155805_ver.png","https://www.shinhancard.com/pconts/html/card/apply/premium/1187940_2205.html?EntryLoc2=2733&empSeq=806&btnApp=DP1W&utm_source=naver_credit&utm_medium=cpc&utm_campaign=online_mo_classicy&utm_content=card&utm_term={keyword}","true","2026-06-11T13:04:13.065Z"
"naver-card-10211","10211","NH올원 Rental&바디프랜드카드","NH농협","check","active_or_unknown","ready_for_review","100","실속있는 렌탈 할인 카드","12000","12000","14000","","300000","300000","2017-08-21","https://vertical.pstatic.net/vertical-cardad/creatives/NH/10211/NH_10211_20221221-101322_hor.png","https://card.nonghyup.com/index_cardProd.html?SERVICE_ID=IPCC2021R&NAVIGATE_TYPE=1&cd_wrs_sqno=90000365&FromSite=53","true","2026-06-11T13:04:13.065Z"
"naver-card-10458","10458","현대카드 이마트 e카드 Plus","현대","credit","active_or_unknown","partial_review","65","가족형 지출 많은 이마트 단골 필수템","30000","30000","30000","","500000","","2024-09-19","https://vertical.pstatic.net/vertical-cardad/creatives/HD/10458/HD_10458_20250207-180127_ver.png","https://www.hyundaicard.com/cpc/cr/CPCCR0201_01.hc?cardflag=RC&cardWcd=EMTE3S","true","2026-06-11T13:04:13.065Z"
"naver-card-3258","3258","신한카드 Deep Once Plus","신한","credit","active_or_unknown","partial_review","70","Deep Once Plus로 생활에 적립 플러스","27000","27000","30000","","400000","","2020-01-31","https://vertical.pstatic.net/vertical-cardad/creatives/SH/3258/SH_3258_hor.png","https://www.shinhancard.com/pconts/html/card/apply/credit/1192801_2207.html?EntryLoc2=2970&empSeq=504&btnApp=E0F1O3J4&utm_source=naver%5Fcredit&utm_medium=cpc&utm_campaign=online%5Fmobile%5Fdeeponceplus","true","2026-06-11T13:04:13.065Z"
"naver-card-10559","10559","신한카드 The CLASSIC NEO","신한","credit","active_or_unknown","ready_for_review","80","일상을 특별하게, The Classic Neo","117000","117000","120000","0","400000","","2025-10-16","https://vertical.pstatic.net/vertical-cardad/creatives/SH/10559/SH_10559_20251210-110714_ver.png","https://www.shinhancard.com/pconts/html/card/apply/premium/1236160_2205.html?EntryLoc2=4481&empSeq=506&utm_source=naver_credit&utm_medium=cpc&utm_campaign=online_mobile_theclassicneo","true","2026-06-11T13:04:13.065Z"
"naver-card-10546","10546","현대해상 현대카드","현대","credit","active_or_unknown","partial_review","65","보험 이용 여부에 따라 청구 할인되는 카드","30000","30000","30000","10000","500000","","2025-08-04","https://vertical.pstatic.net/vertical-cardad/creatives/HD/10546/HD_10546_20251029-193100_ver.png","https://www.hyundaicard.com/cpc/cr/CPCCR0201_01.hc?cardWcd=MHMFI","true","2026-06-11T13:04:13.065Z"
"naver-card-10445","10445","신한카드 Biz Plan","신한","credit","active_or_unknown","ready_for_review","100","부담되는 사업성 경비 최대 5% 적립! 비즈플랜","30000","30000","33000","0","500000","30000","2024-11-22","https://vertical.pstatic.net/vertical-cardad/creatives/SH/10445/SH_10445_20241206-153231_hor.png","https://www.shinhancard.com/pconts/html/card/apply/credit/1230483_2207.html?EntryLoc2=3501&empSeq=501&btnApp=L0S1H3&utm_source=naver_credit&utm_medium=cpc&utm_campaign=online_mo_bizplan&utm_content=card&utm_term={keyword}","true","2026-06-11T13:04:13.065Z"
"naver-card-10630","10630","신한법인카드","신한","credit","active_or_unknown","partial_review","70","법인카드는 신한 법인카드로!","5000","5000","10000","0","0","","2008-08-18","https://vertical.pstatic.net/vertical-cardad/creatives/SH/10630/SH_10630_20260601-171944_hor.png","https://www.shinhancard.com/cconts/html/card_request/card_info/corporate/1203904_7471.html?","true","2026-06-11T13:04:13.065Z"
"naver-card-10419","10419","CU KB국민카드","KB국민","credit","active_or_unknown","ready_for_review","100","CU 편의점 최대 50% 할인되는 카드!","20000","20000","20000","","400000","15000","2024-03-26","https://vertical.pstatic.net/vertical-cardad/creatives/KB/10419/KB_10419_20241028-085134_ver.png","https://m.kbcard.com/CRD/DVIEW/MCAMCXHIACRC0002?mainCC=b&allianceCode=09060","true","2026-06-11T13:04:13.065Z"
"naver-card-10571","10571","LOCA Biz+","롯데","credit","active_or_unknown","ready_for_review","100","개인 사업자를 위한 스마트 Biz 라이프","200000","200000","200000","30000","1000000","200000","2025-10-02","https://vertical.pstatic.net/vertical-cardad/creatives/LO/10571/LO_10571_20260108-223300_ver.png","http://m.lottecard.co.kr/spa/card/booth?bId=103748&npayUseYn=Y&vtCdKndC=P15769-A15769&utm_source=sa_naver_cs&utm_medium=cpc&utm_campaign=m_card_application&utm_content=2601_bizplus_01&utm_term=신용카드","true","2026-06-11T13:04:13.065Z"
"naver-card-10632","10632","대한항공 신한법인 크레딧 신용카드","신한","credit","active_or_unknown","manual_required","50","대한항공 법인 크레딧 적립 법인카드","15000","15000","18000","0","0","","2024-08-12","https://vertical.pstatic.net/vertical-cardad/creatives/SH/10632/SH_10632_20260601-175756_hor.png","https://www.shinhancard.com/cconts/html/card_request/card_info/corporate/1227983_7471.html?","true","2026-06-11T13:04:13.065Z"
"naver-card-10495","10495","KB MyBiz 사장님든든 기업카드","KB국민","credit","active_or_unknown","ready_for_review","100","사업경비적립, 차량지원할인 등을 담은 사장님카드","10000","10000","10000","","2000000","70000","2025-05-08","https://vertical.pstatic.net/vertical-cardad/creatives/KB/10495/KB_10495_20250530-145339_ver.png","https://mbiz.kbcard.com/CXEHMPGCD0004.cms?mainCC=b&allianceCode=01542","true","2026-06-11T13:04:13.065Z"
"naver-card-10629","10629","신한법인카드 Business Trip","신한","credit","active_or_unknown","partial_review","70","국내, 해외 이용 시 적립 법인카드","0","0","0","0","0","","2020-07-01","https://vertical.pstatic.net/vertical-cardad/creatives/SH/10629/SH_10629_20260601-170819_hor.png","https://www.shinhancard.com/cconts/html/card_request/card_info/pointsave/1215232_5572.html?","true","2026-06-11T13:04:13.065Z"
"naver-card-2414","2414","NH올원 쇼핑&TLC카드","NH농협","check","active_or_unknown","ready_for_review","100","할부도 렌탈도 현명하게 할인받는 농협 TLC카드","13000","13000","15000","","300000","20000","2018-01-29","https://vertical.pstatic.net/vertical-cardad/creatives/NH/2414/NH_2414_hor.png","https://card.nonghyup.com/index_cardProd.html?SERVICE_ID=IPCC2021R&NAVIGATE_TYPE=1&cd_wrs_sqno=90000380&FromSite=53","true","2026-06-11T13:04:13.065Z"
"naver-card-10539","10539","소노아임레디 KB국민카드","KB국민","credit","active_or_unknown","ready_for_review","95","소노아임레디 납입금 연최대 20만4천원 청구할인","15000","15000","15000","","300000","17000","2022-05-23","https://vertical.pstatic.net/vertical-cardad/creatives/KB/10539/KB_10539_20251016-145801_hor.png","https://m.kbcard.com/CRD/DVIEW/MCAMCXHIACRC0002?allianceCode=04342&mainCC=b","true","2026-06-11T13:04:13.065Z"
"naver-card-10631","10631","신한법인 Point Plus 신용카드","신한","credit","active_or_unknown","partial_review","65","법인 포인트에 포인트를 더하다","10000","10000","13000","0","0","","2024-11-22","https://vertical.pstatic.net/vertical-cardad/creatives/SH/10631/SH_10631_20260601-174813_hor.png","https://www.shinhancard.com/cconts/html/card_request/card_info/corporate/1230286_7471.html?","true","2026-06-11T13:04:13.065Z"
