"cap_group_id","card_id","group_name","tier_id","group_monthly_cap","included_benefit_ids","is_separate_from_main_cap","source_text","exported_at"
"naver-card-10623-tier-1-0-main-cap","naver-card-10623","main_monthly_cap","naver-card-10623-tier-1-0","100000","naver-card-10623-benefit-1 | naver-card-10623-benefit-2 | naver-card-10623-benefit-3 | naver-card-10623-benefit-4 | naver-card-10623-benefit-5 | naver-card-10623-benefit-6 | naver-card-10623-benefit-7 | naver-card-10623-benefit-8 | naver-card-10623-benefit-9 | naver-card-10623-benefit-10 | naver-card-10623-benefit-11 | naver-card-10623-benefit-12 | naver-card-10623-benefit-13 | naver-card-10623-benefit-14 | naver-card-10623-benefit-15 | naver-card-10623-benefit-16 | naver-card-10623-benefit-17","false","fallback_from_existing_normalized_card","2026-06-11T13:04:13.065Z"
"naver-card-10304-tier-1-0-main-cap","naver-card-10304","main_monthly_cap","naver-card-10304-tier-1-0","20000","naver-card-10304-benefit-1 | naver-card-10304-benefit-2 | naver-card-10304-benefit-3 | naver-card-10304-benefit-4 | naver-card-10304-benefit-5 | naver-card-10304-benefit-6 | naver-card-10304-benefit-7 | naver-card-10304-benefit-8 | naver-card-10304-benefit-9 | naver-card-10304-benefit-10 | naver-card-10304-benefit-11 | naver-card-10304-benefit-12 | naver-card-10304-benefit-13 | naver-card-10304-benefit-14 | naver-card-10304-benefit-15 | naver-card-10304-benefit-16 | naver-card-10304-benefit-17 | naver-card-10304-benefit-18 | naver-card-10304-benefit-19 | naver-card-10304-benefit-20 | naver-card-10304-benefit-21 | naver-card-10304-benefit-22 | naver-card-10304-benefit-23 | naver-card-10304-benefit-24 | naver-card-10304-benefit-25 | naver-card-10304-benefit-26 | naver-card-10304-benefit-27 | naver-card-10304-benefit-28 | naver-card-10304-benefit-29 | naver-card-10304-benefit-30 | naver-card-10304-benefit-31 | naver-card-10304-benefit-32 | naver-card-10304-benefit-33 | naver-card-10304-benefit-34 | naver-card-10304-benefit-35 | naver-card-10304-benefit-36 | naver-card-10304-benefit-37 | naver-card-10304-benefit-38 | naver-card-10304-benefit-39 | naver-card-10304-benefit-40 | naver-card-10304-benefit-41 | naver-card-10304-benefit-42 | naver-card-10304-benefit-43 | naver-card-10304-benefit-44 | naver-card-10304-benefit-45 | naver-card-10304-benefit-46 | naver-card-10304-benefit-47 | naver-card-10304-benefit-48 | naver-card-10304-benefit-49 | naver-card-10304-benefit-50 | naver-card-10304-benefit-51 | naver-card-10304-benefit-52 | naver-card-10304-benefit-53 | naver-card-10304-benefit-54 | naver-card-10304-benefit-55 | naver-card-10304-benefit-56 | naver-card-10304-benefit-57 | naver-card-10304-benefit-58 | naver-card-10304-benefit-59 | naver-card-10304-benefit-60 | naver-card-10304-benefit-61 | naver-card-10304-benefit-62 | naver-card-10304-benefit-63 | naver-card-10304-benefit-64 | naver-card-10304-benefit-65 | naver-card-10304-benefit-66 | naver-card-10304-benefit-67 | naver-card-10304-benefit-68 | naver-card-10304-benefit-69 | naver-card-10304-benefit-70 | naver-card-10304-benefit-71 | naver-card-10304-benefit-72 | naver-card-10304-benefit-73 | naver-card-10304-benefit-74 | naver-card-10304-benefit-75 | naver-card-10304-benefit-76 | naver-card-10304-benefit-77 | naver-card-10304-benefit-78 | naver-card-10304-benefit-79 | naver-card-10304-benefit-80 | naver-card-10304-benefit-81 | naver-card-10304-benefit-82 | naver-card-10304-benefit-83 | naver-card-10304-benefit-84 | naver-card-10304-benefit-85 | naver-card-10304-benefit-86 | naver-card-10304-benefit-87 | naver-card-10304-benefit-88 | naver-card-10304-benefit-89 | naver-card-10304-benefit-90 | naver-card-10304-benefit-91 | naver-card-10304-benefit-92 | naver-card-10304-benefit-93 | naver-card-10304-benefit-94 | naver-card-10304-benefit-95 | naver-card-10304-benefit-96 | naver-card-10304-benefit-97 | naver-card-10304-benefit-98 | naver-card-10304-benefit-99 | naver-card-10304-benefit-100 | naver-card-10304-benefit-101 | naver-card-10304-benefit-102 | naver-card-10304-benefit-103 | naver-card-10304-benefit-104 | naver-card-10304-benefit-105 | naver-card-10304-benefit-106 | naver-card-10304-benefit-107 | naver-card-10304-benefit-108 | naver-card-10304-benefit-109 | naver-card-10304-benefit-110 | naver-card-10304-benefit-111 | naver-card-10304-benefit-112 | naver-card-10304-benefit-113 | naver-card-10304-benefit-114 | naver-card-10304-benefit-115 | naver-card-10304-benefit-116 | naver-card-10304-benefit-117 | naver-card-10304-benefit-118 | naver-card-10304-benefit-119 | naver-card-10304-benefit-120 | naver-card-10304-benefit-121 | naver-card-10304-benefit-122 | naver-card-10304-benefit-123 | naver-card-10304-benefit-124 | naver-card-10304-benefit-125 | naver-card-10304-benefit-126 | naver-card-10304-benefit-127 | naver-card-10304-benefit-128 | naver-card-10304-benefit-129 | naver-card-10304-benefit-130 | naver-card-10304-benefit-131 | naver-card-10304-benefit-132 | naver-card-10304-benefit-133 | naver-card-10304-benefit-134 | naver-card-10304-benefit-135 | naver-card-10304-benefit-136 | naver-card-10304-benefit-137 | naver-card-10304-benefit-138 | naver-card-10304-benefit-139 | naver-card-10304-benefit-140 | naver-card-10304-benefit-141 | naver-card-10304-benefit-142 | naver-card-10304-benefit-143 | naver-card-10304-benefit-144 | naver-card-10304-benefit-145 | naver-card-10304-benefit-146 | naver-card-10304-benefit-147 | naver-card-10304-benefit-148 | naver-card-10304-benefit-149 | naver-card-10304-benefit-150 | naver-card-10304-benefit-151 | naver-card-10304-benefit-152 | naver-card-10304-benefit-153 | naver-card-10304-benefit-154 | naver-card-10304-benefit-155 | naver-card-10304-benefit-156 | naver-card-10304-benefit-157 | naver-card-10304-benefit-158 | naver-card-10304-benefit-159 | naver-card-10304-benefit-160 | naver-card-10304-benefit-161 | naver-card-10304-benefit-162 | naver-card-10304-benefit-163 | naver-card-10304-benefit-164 | naver-card-10304-benefit-165 | naver-card-10304-benefit-166 | naver-card-10304-benefit-167 | naver-card-10304-benefit-168 | naver-card-10304-benefit-169 | naver-card-10304-benefit-170 | naver-card-10304-benefit-171 | naver-card-10304-benefit-172 | naver-card-10304-benefit-173 | naver-card-10304-benefit-174 | naver-card-10304-benefit-175 | naver-card-10304-benefit-176 | naver-card-10304-benefit-177 | naver-card-10304-benefit-178 | naver-card-10304-benefit-179 | naver-card-10304-benefit-180 | naver-card-10304-benefit-181 | naver-card-10304-benefit-182 | naver-card-10304-benefit-183 | naver-card-10304-benefit-184 | naver-card-10304-benefit-185 | naver-card-10304-benefit-186 | naver-card-10304-benefit-187 | naver-card-10304-benefit-188 | naver-card-10304-benefit-189 | naver-card-10304-benefit-190 | naver-card-10304-benefit-191 | naver-card-10304-benefit-192 | naver-card-10304-benefit-193 | naver-card-10304-benefit-194 | naver-card-10304-benefit-195 | naver-card-10304-benefit-196 | naver-card-10304-benefit-197 | naver-card-10304-benefit-198 | naver-card-10304-benefit-199 | naver-card-10304-benefit-200 | naver-card-10304-benefit-201 | naver-card-10304-benefit-202 | naver-card-10304-benefit-203 | naver-card-10304-benefit-204 | naver-card-10304-benefit-205 | naver-card-10304-benefit-206 | naver-card-10304-benefit-207 | naver-card-10304-benefit-208 | naver-card-10304-benefit-209 | naver-card-10304-benefit-210 | naver-card-10304-benefit-211 | naver-card-10304-benefit-212 | naver-card-10304-benefit-213 | naver-card-10304-benefit-214 | naver-card-10304-benefit-215 | naver-card-10304-benefit-216 | naver-card-10304-benefit-217 | naver-card-10304-benefit-218 | naver-card-10304-benefit-219 | naver-card-10304-benefit-220 | naver-card-10304-benefit-221 | naver-card-10304-benefit-222 | naver-card-10304-benefit-223 | naver-card-10304-benefit-224 | naver-card-10304-benefit-225 | naver-card-10304-benefit-226 | naver-card-10304-benefit-227 | naver-card-10304-benefit-228 | naver-card-10304-benefit-229 | naver-card-10304-benefit-230 | naver-card-10304-benefit-231 | naver-card-10304-benefit-232 | naver-card-10304-benefit-233 | naver-card-10304-benefit-234 | naver-card-10304-benefit-235 | naver-card-10304-benefit-236 | naver-card-10304-benefit-237 | naver-card-10304-benefit-238 | naver-card-10304-benefit-239 | naver-card-10304-benefit-240 | naver-card-10304-benefit-241 | naver-card-10304-benefit-242 | naver-card-10304-benefit-243 | naver-card-10304-benefit-244 | naver-card-10304-benefit-245 | naver-card-10304-benefit-246 | naver-card-10304-benefit-247 | naver-card-10304-benefit-248 | naver-card-10304-benefit-249 | naver-card-10304-benefit-250 | naver-card-10304-benefit-251 | naver-card-10304-benefit-252 | naver-card-10304-benefit-253 | naver-card-10304-benefit-254 | naver-card-10304-benefit-255 | naver-card-10304-benefit-256 | naver-card-10304-benefit-257 | naver-card-10304-benefit-258 | naver-card-10304-benefit-259 | naver-card-10304-benefit-260 | naver-card-10304-benefit-261 | naver-card-10304-benefit-262 | naver-card-10304-benefit-263 | naver-card-10304-benefit-264 | naver-card-10304-benefit-265 | naver-card-10304-benefit-266 | naver-card-10304-benefit-267 | naver-card-10304-benefit-268 | naver-card-10304-benefit-269 | naver-card-10304-benefit-270 | naver-card-10304-benefit-271 | naver-card-10304-benefit-272 | naver-card-10304-benefit-273 | naver-card-10304-benefit-274 | naver-card-10304-benefit-275 | naver-card-10304-benefit-276 | naver-card-10304-benefit-277 | naver-card-10304-benefit-278 | naver-card-10304-benefit-279","false","fallback_from_existing_normalized_card","2026-06-11T13:04:13.065Z"
"naver-card-1530-tier-1-300000-main-cap","naver-card-1530","main_monthly_cap","naver-card-1530-tier-1-300000","5000","naver-card-1530-benefit-1 | naver-card-1530-benefit-2 | naver-card-1530-benefit-3 | naver-card-1530-benefit-4 | naver-card-1530-benefit-5 | naver-card-1530-benefit-6 | naver-card-1530-benefit-7 | naver-card-1530-benefit-8 | naver-card-1530-benefit-9 | naver-card-1530-benefit-10 | naver-card-1530-benefit-11 | naver-card-1530-benefit-12 | naver-card-1530-benefit-13 | naver-card-1530-benefit-14 | naver-card-1530-benefit-15 | naver-card-1530-benefit-16 | naver-card-1530-benefit-17 | naver-card-1530-benefit-18 | naver-card-1530-benefit-19 | naver-card-1530-benefit-20 | naver-card-1530-benefit-21 | naver-card-1530-benefit-22 | naver-card-1530-benefit-23 | naver-card-1530-benefit-24 | naver-card-1530-benefit-25 | naver-card-1530-benefit-26 | naver-card-1530-benefit-27 | naver-card-1530-benefit-28 | naver-card-1530-benefit-29 | naver-card-1530-benefit-30 | naver-card-1530-benefit-31 | naver-card-1530-benefit-32 | naver-card-1530-benefit-33 | naver-card-1530-benefit-34 | naver-card-1530-benefit-35 | naver-card-1530-benefit-36 | naver-card-1530-benefit-37 | naver-card-1530-benefit-38 | naver-card-1530-benefit-39 | naver-card-1530-benefit-40 | naver-card-1530-benefit-41 | naver-card-1530-benefit-42 | naver-card-1530-benefit-43 | naver-card-1530-benefit-44 | naver-card-1530-benefit-45 | naver-card-1530-benefit-46 | naver-card-1530-benefit-47 | naver-card-1530-benefit-48 | naver-card-1530-benefit-49 | naver-card-1530-benefit-50 | naver-card-1530-benefit-51 | naver-card-1530-benefit-52 | naver-card-1530-benefit-53 | naver-card-1530-benefit-54 | naver-card-1530-benefit-55 | naver-card-1530-benefit-56 | naver-card-1530-benefit-57 | naver-card-1530-benefit-58 | naver-card-1530-benefit-59 | naver-card-1530-benefit-60 | naver-card-1530-benefit-61 | naver-card-1530-benefit-62 | naver-card-1530-benefit-63 | naver-card-1530-benefit-64 | naver-card-1530-benefit-65 | naver-card-1530-benefit-66 | naver-card-1530-benefit-67 | naver-card-1530-benefit-68 | naver-card-1530-benefit-69 | naver-card-1530-benefit-70 | naver-card-1530-benefit-71 | naver-card-1530-benefit-72 | naver-card-1530-benefit-73 | naver-card-1530-benefit-74 | naver-card-1530-benefit-75 | naver-card-1530-benefit-76 | naver-card-1530-benefit-77 | naver-card-1530-benefit-78 | naver-card-1530-benefit-79 | naver-card-1530-benefit-80 | naver-card-1530-benefit-81 | naver-card-1530-benefit-82 | naver-card-1530-benefit-83 | naver-card-1530-benefit-84 | naver-card-1530-benefit-85 | naver-card-1530-benefit-86 | naver-card-1530-benefit-87 | naver-card-1530-benefit-88 | naver-card-1530-benefit-89 | naver-card-1530-benefit-90 | naver-card-1530-benefit-91 | naver-card-1530-benefit-92 | naver-card-1530-benefit-93 | naver-card-1530-benefit-94 | naver-card-1530-benefit-95 | naver-card-1530-benefit-96 | naver-card-1530-benefit-97 | naver-card-1530-benefit-98 | naver-card-1530-benefit-99 | naver-card-1530-benefit-100 | naver-card-1530-benefit-101 | naver-card-1530-benefit-102 | naver-card-1530-benefit-103","false","fallback_from_existing_normalized_card","2026-06-11T13:04:13.065Z"
"naver-card-115-tier-1-300000-main-cap","naver-card-115","main_monthly_cap","naver-card-115-tier-1-300000","100000","naver-card-115-benefit-1 | naver-card-115-benefit-2 | naver-card-115-benefit-3 | naver-card-115-benefit-4 | naver-card-115-benefit-5 | naver-card-115-benefit-6 | naver-card-115-benefit-7 | naver-card-115-benefit-8 | naver-card-115-benefit-9 | naver-card-115-benefit-10 | naver-card-115-benefit-11 | naver-card-115-benefit-12 | naver-card-115-benefit-13 | naver-card-115-benefit-14 | naver-card-115-benefit-15 | naver-card-115-benefit-16 | naver-card-115-benefit-17 | naver-card-115-benefit-18 | naver-card-115-benefit-19","false","fallback_from_existing_normalized_card","2026-06-11T13:04:13.065Z"
"naver-card-10216-tier-1-400000-main-cap","naver-card-10216","main_monthly_cap","naver-card-10216-tier-1-400000","5000","naver-card-10216-benefit-1 | naver-card-10216-benefit-2 | naver-card-10216-benefit-3 | naver-card-10216-benefit-4 | naver-card-10216-benefit-5 | naver-card-10216-benefit-6 | naver-card-10216-benefit-7 | naver-card-10216-benefit-8 | naver-card-10216-benefit-9 | naver-card-10216-benefit-10 | naver-card-10216-benefit-11 | naver-card-10216-benefit-12 | naver-card-10216-benefit-13 | naver-card-10216-benefit-14 | naver-card-10216-benefit-15 | naver-card-10216-benefit-16 | naver-card-10216-benefit-17 | naver-card-10216-benefit-18 | naver-card-10216-benefit-19 | naver-card-10216-benefit-20 | naver-card-10216-benefit-21 | naver-card-10216-benefit-22 | naver-card-10216-benefit-23 | naver-card-10216-benefit-24 | naver-card-10216-benefit-25 | naver-card-10216-benefit-26 | naver-card-10216-benefit-27 | naver-card-10216-benefit-28 | naver-card-10216-benefit-29 | naver-card-10216-benefit-30 | naver-card-10216-benefit-31 | naver-card-10216-benefit-32 | naver-card-10216-benefit-33 | naver-card-10216-benefit-34 | naver-card-10216-benefit-35 | naver-card-10216-benefit-36 | naver-card-10216-benefit-37 | naver-card-10216-benefit-38 | naver-card-10216-benefit-39 | naver-card-10216-benefit-40 | naver-card-10216-benefit-41 | naver-card-10216-benefit-42 | naver-card-10216-benefit-43 | naver-card-10216-benefit-44 | naver-card-10216-benefit-45 | naver-card-10216-benefit-46 | naver-card-10216-benefit-47 | naver-card-10216-benefit-48 | naver-card-10216-benefit-49 | naver-card-10216-benefit-50 | naver-card-10216-benefit-51 | naver-card-10216-benefit-52 | naver-card-10216-benefit-53 | naver-card-10216-benefit-54 | naver-card-10216-benefit-55 | naver-card-10216-benefit-56 | naver-card-10216-benefit-57 | naver-card-10216-benefit-58 | naver-card-10216-benefit-59 | naver-card-10216-benefit-60 | naver-card-10216-benefit-61 | naver-card-10216-benefit-62 | naver-card-10216-benefit-63 | naver-card-10216-benefit-64 | naver-card-10216-benefit-65 | naver-card-10216-benefit-66 | naver-card-10216-benefit-67 | naver-card-10216-benefit-68 | naver-card-10216-benefit-69 | naver-card-10216-benefit-70 | naver-card-10216-benefit-71 | naver-card-10216-benefit-72 | naver-card-10216-benefit-73 | naver-card-10216-benefit-74 | naver-card-10216-benefit-75 | naver-card-10216-benefit-76 | naver-card-10216-benefit-77 | naver-card-10216-benefit-78 | naver-card-10216-benefit-79 | naver-card-10216-benefit-80 | naver-card-10216-benefit-81 | naver-card-10216-benefit-82 | naver-card-10216-benefit-83 | naver-card-10216-benefit-84 | naver-card-10216-benefit-85 | naver-card-10216-benefit-86 | naver-card-10216-benefit-87 | naver-card-10216-benefit-88 | naver-card-10216-benefit-89 | naver-card-10216-benefit-90 | naver-card-10216-benefit-91 | naver-card-10216-benefit-92 | naver-card-10216-benefit-93 | naver-card-10216-benefit-94 | naver-card-10216-benefit-95 | naver-card-10216-benefit-96 | naver-card-10216-benefit-97 | naver-card-10216-benefit-98 | naver-card-10216-benefit-99 | naver-card-10216-benefit-100 | naver-card-10216-benefit-101 | naver-card-10216-benefit-102 | naver-card-10216-benefit-103 | naver-card-10216-benefit-104 | naver-card-10216-benefit-105 | naver-card-10216-benefit-106 | naver-card-10216-benefit-107 | naver-card-10216-benefit-108 | naver-card-10216-benefit-109 | naver-card-10216-benefit-110 | naver-card-10216-benefit-111 | naver-card-10216-benefit-112 | naver-card-10216-benefit-113 | naver-card-10216-benefit-114 | naver-card-10216-benefit-115 | naver-card-10216-benefit-116 | naver-card-10216-benefit-117 | naver-card-10216-benefit-118 | naver-card-10216-benefit-119 | naver-card-10216-benefit-120 | naver-card-10216-benefit-121 | naver-card-10216-benefit-122 | naver-card-10216-benefit-123 | naver-card-10216-benefit-124 | naver-card-10216-benefit-125 | naver-card-10216-benefit-126 | naver-card-10216-benefit-127 | naver-card-10216-benefit-128 | naver-card-10216-benefit-129 | naver-card-10216-benefit-130 | naver-card-10216-benefit-131 | naver-card-10216-benefit-132 | naver-card-10216-benefit-133 | naver-card-10216-benefit-134 | naver-card-10216-benefit-135 | naver-card-10216-benefit-136 | naver-card-10216-benefit-137 | naver-card-10216-benefit-138 | naver-card-10216-benefit-139 | naver-card-10216-benefit-140 | naver-card-10216-benefit-141 | naver-card-10216-benefit-142 | naver-card-10216-benefit-143 | naver-card-10216-benefit-144 | naver-card-10216-benefit-145 | naver-card-10216-benefit-146 | naver-card-10216-benefit-147 | naver-card-10216-benefit-148 | naver-card-10216-benefit-149 | naver-card-10216-benefit-150 | naver-card-10216-benefit-151 | naver-card-10216-benefit-152 | naver-card-10216-benefit-153 | naver-card-10216-benefit-154 | naver-card-10216-benefit-155 | naver-card-10216-benefit-156 | naver-card-10216-benefit-157 | naver-card-10216-benefit-158 | naver-card-10216-benefit-159 | naver-card-10216-benefit-160 | naver-card-10216-benefit-161 | naver-card-10216-benefit-162 | naver-card-10216-benefit-163 | naver-card-10216-benefit-164 | naver-card-10216-benefit-165 | naver-card-10216-benefit-166 | naver-card-10216-benefit-167 | naver-card-10216-benefit-168 | naver-card-10216-benefit-169 | naver-card-10216-benefit-170 | naver-card-10216-benefit-171 | naver-card-10216-benefit-172 | naver-card-10216-benefit-173 | naver-card-10216-benefit-174 | naver-card-10216-benefit-175 | naver-card-10216-benefit-176 | naver-card-10216-benefit-177 | naver-card-10216-benefit-178 | naver-card-10216-benefit-179 | naver-card-10216-benefit-180 | naver-card-10216-benefit-181 | naver-card-10216-benefit-182 | naver-card-10216-benefit-183 | naver-card-10216-benefit-184 | naver-card-10216-benefit-185 | naver-card-10216-benefit-186 | naver-card-10216-benefit-187 | naver-card-10216-benefit-188 | naver-card-10216-benefit-189 | naver-card-10216-benefit-190 | naver-card-10216-benefit-191 | naver-card-10216-benefit-192 | naver-card-10216-benefit-193 | naver-card-10216-benefit-194 | naver-card-10216-benefit-195 | naver-card-10216-benefit-196 | naver-card-10216-benefit-197 | naver-card-10216-benefit-198 | naver-card-10216-benefit-199 | naver-card-10216-benefit-200 | naver-card-10216-benefit-201 | naver-card-10216-benefit-202 | naver-card-10216-benefit-203 | naver-card-10216-benefit-204 | naver-card-10216-benefit-205 | naver-card-10216-benefit-206 | naver-card-10216-benefit-207 | naver-card-10216-benefit-208 | naver-card-10216-benefit-209 | naver-card-10216-benefit-210 | naver-card-10216-benefit-211 | naver-card-10216-benefit-212 | naver-card-10216-benefit-213 | naver-card-10216-benefit-214 | naver-card-10216-benefit-215 | naver-card-10216-benefit-216 | naver-card-10216-benefit-217 | naver-card-10216-benefit-218 | naver-card-10216-benefit-219 | naver-card-10216-benefit-220 | naver-card-10216-benefit-221","false","fallback_from_existing_normalized_card","2026-06-11T13:04:13.065Z"
"naver-card-10332-tier-1-300000-main-cap","naver-card-10332","main_monthly_cap","naver-card-10332-tier-1-300000","20000","naver-card-10332-benefit-1 | naver-card-10332-benefit-2 | naver-card-10332-benefit-3 | naver-card-10332-benefit-4 | naver-card-10332-benefit-5 | naver-card-10332-benefit-6 | naver-card-10332-benefit-7 | naver-card-10332-benefit-8 | naver-card-10332-benefit-9 | naver-card-10332-benefit-10 | naver-card-10332-benefit-11 | naver-card-10332-benefit-12 | naver-card-10332-benefit-13 | naver-card-10332-benefit-14 | naver-card-10332-benefit-15 | naver-card-10332-benefit-16 | naver-card-10332-benefit-17 | naver-card-10332-benefit-18 | naver-card-10332-benefit-19 | naver-card-10332-benefit-20 | naver-card-10332-benefit-21 | naver-card-10332-benefit-22 | naver-card-10332-benefit-23 | naver-card-10332-benefit-24 | naver-card-10332-benefit-25 | naver-card-10332-benefit-26 | naver-card-10332-benefit-27 | naver-card-10332-benefit-28 | naver-card-10332-benefit-29 | naver-card-10332-benefit-30 | naver-card-10332-benefit-31 | naver-card-10332-benefit-32 | naver-card-10332-benefit-33 | naver-card-10332-benefit-34 | naver-card-10332-benefit-35 | naver-card-10332-benefit-36 | naver-card-10332-benefit-37 | naver-card-10332-benefit-38 | naver-card-10332-benefit-39 | naver-card-10332-benefit-40 | naver-card-10332-benefit-41 | naver-card-10332-benefit-42 | naver-card-10332-benefit-43 | naver-card-10332-benefit-44 | naver-card-10332-benefit-45 | naver-card-10332-benefit-46 | naver-card-10332-benefit-47 | naver-card-10332-benefit-48 | naver-card-10332-benefit-49 | naver-card-10332-benefit-50 | naver-card-10332-benefit-51 | naver-card-10332-benefit-52 | naver-card-10332-benefit-53 | naver-card-10332-benefit-54 | naver-card-10332-benefit-55 | naver-card-10332-benefit-56 | naver-card-10332-benefit-57 | naver-card-10332-benefit-58 | naver-card-10332-benefit-59 | naver-card-10332-benefit-60 | naver-card-10332-benefit-61 | naver-card-10332-benefit-62 | naver-card-10332-benefit-63 | naver-card-10332-benefit-64","false","fallback_from_existing_normalized_card","2026-06-11T13:04:13.065Z"
"naver-card-1408-tier-1-300000-main-cap","naver-card-1408","main_monthly_cap","naver-card-1408-tier-1-300000","50000","naver-card-1408-benefit-1 | naver-card-1408-benefit-2 | naver-card-1408-benefit-3 | naver-card-1408-benefit-4 | naver-card-1408-benefit-5 | naver-card-1408-benefit-6 | naver-card-1408-benefit-7 | naver-card-1408-benefit-8 | naver-card-1408-benefit-9 | naver-card-1408-benefit-10 | naver-card-1408-benefit-11 | naver-card-1408-benefit-12 | naver-card-1408-benefit-13 | naver-card-1408-benefit-14 | naver-card-1408-benefit-15 | naver-card-1408-benefit-16 | naver-card-1408-benefit-17 | naver-card-1408-benefit-18 | naver-card-1408-benefit-19 | naver-card-1408-benefit-20 | naver-card-1408-benefit-21 | naver-card-1408-benefit-22 | naver-card-1408-benefit-23 | naver-card-1408-benefit-24 | naver-card-1408-benefit-25 | naver-card-1408-benefit-26 | naver-card-1408-benefit-27 | naver-card-1408-benefit-28 | naver-card-1408-benefit-29 | naver-card-1408-benefit-30 | naver-card-1408-benefit-31 | naver-card-1408-benefit-32 | naver-card-1408-benefit-33 | naver-card-1408-benefit-34 | naver-card-1408-benefit-35 | naver-card-1408-benefit-36 | naver-card-1408-benefit-37 | naver-card-1408-benefit-38 | naver-card-1408-benefit-39 | naver-card-1408-benefit-40 | naver-card-1408-benefit-41 | naver-card-1408-benefit-42 | naver-card-1408-benefit-43 | naver-card-1408-benefit-44 | naver-card-1408-benefit-45 | naver-card-1408-benefit-46 | naver-card-1408-benefit-47 | naver-card-1408-benefit-48 | naver-card-1408-benefit-49 | naver-card-1408-benefit-50 | naver-card-1408-benefit-51 | naver-card-1408-benefit-52 | naver-card-1408-benefit-53 | naver-card-1408-benefit-54 | naver-card-1408-benefit-55 | naver-card-1408-benefit-56 | naver-card-1408-benefit-57 | naver-card-1408-benefit-58 | naver-card-1408-benefit-59 | naver-card-1408-benefit-60 | naver-card-1408-benefit-61 | naver-card-1408-benefit-62 | naver-card-1408-benefit-63 | naver-card-1408-benefit-64 | naver-card-1408-benefit-65 | naver-card-1408-benefit-66 | naver-card-1408-benefit-67 | naver-card-1408-benefit-68 | naver-card-1408-benefit-69 | naver-card-1408-benefit-70 | naver-card-1408-benefit-71 | naver-card-1408-benefit-72 | naver-card-1408-benefit-73 | naver-card-1408-benefit-74 | naver-card-1408-benefit-75 | naver-card-1408-benefit-76 | naver-card-1408-benefit-77 | naver-card-1408-benefit-78 | naver-card-1408-benefit-79 | naver-card-1408-benefit-80 | naver-card-1408-benefit-81 | naver-card-1408-benefit-82 | naver-card-1408-benefit-83 | naver-card-1408-benefit-84 | naver-card-1408-benefit-85 | naver-card-1408-benefit-86 | naver-card-1408-benefit-87 | naver-card-1408-benefit-88 | naver-card-1408-benefit-89 | naver-card-1408-benefit-90 | naver-card-1408-benefit-91 | naver-card-1408-benefit-92 | naver-card-1408-benefit-93 | naver-card-1408-benefit-94 | naver-card-1408-benefit-95 | naver-card-1408-benefit-96 | naver-card-1408-benefit-97 | naver-card-1408-benefit-98 | naver-card-1408-benefit-99 | naver-card-1408-benefit-100 | naver-card-1408-benefit-101 | naver-card-1408-benefit-102 | naver-card-1408-benefit-103 | naver-card-1408-benefit-104 | naver-card-1408-benefit-105 | naver-card-1408-benefit-106 | naver-card-1408-benefit-107 | naver-card-1408-benefit-108 | naver-card-1408-benefit-109 | naver-card-1408-benefit-110 | naver-card-1408-benefit-111 | naver-card-1408-benefit-112 | naver-card-1408-benefit-113 | naver-card-1408-benefit-114 | naver-card-1408-benefit-115 | naver-card-1408-benefit-116 | naver-card-1408-benefit-117 | naver-card-1408-benefit-118 | naver-card-1408-benefit-119 | naver-card-1408-benefit-120","false","fallback_from_existing_normalized_card","2026-06-11T13:04:13.065Z"
"naver-card-10375-tier-1-0-main-cap","naver-card-10375","main_monthly_cap","naver-card-10375-tier-1-0","20000","naver-card-10375-benefit-1 | naver-card-10375-benefit-2 | naver-card-10375-benefit-3 | naver-card-10375-benefit-4 | naver-card-10375-benefit-5 | naver-card-10375-benefit-6 | naver-card-10375-benefit-7 | naver-card-10375-benefit-8 | naver-card-10375-benefit-9 | naver-card-10375-benefit-10 | naver-card-10375-benefit-11 | naver-card-10375-benefit-12 | naver-card-10375-benefit-13 | naver-card-10375-benefit-14 | naver-card-10375-benefit-15 | naver-card-10375-benefit-16 | naver-card-10375-benefit-17 | naver-card-10375-benefit-18 | naver-card-10375-benefit-19 | naver-card-10375-benefit-20 | naver-card-10375-benefit-21 | naver-card-10375-benefit-22 | naver-card-10375-benefit-23 | naver-card-10375-benefit-24 | naver-card-10375-benefit-25 | naver-card-10375-benefit-26 | naver-card-10375-benefit-27 | naver-card-10375-benefit-28 | naver-card-10375-benefit-29 | naver-card-10375-benefit-30 | naver-card-10375-benefit-31 | naver-card-10375-benefit-32 | naver-card-10375-benefit-33 | naver-card-10375-benefit-34 | naver-card-10375-benefit-35 | naver-card-10375-benefit-36 | naver-card-10375-benefit-37 | naver-card-10375-benefit-38 | naver-card-10375-benefit-39 | naver-card-10375-benefit-40 | naver-card-10375-benefit-41 | naver-card-10375-benefit-42 | naver-card-10375-benefit-43 | naver-card-10375-benefit-44 | naver-card-10375-benefit-45 | naver-card-10375-benefit-46 | naver-card-10375-benefit-47 | naver-card-10375-benefit-48 | naver-card-10375-benefit-49 | naver-card-10375-benefit-50 | naver-card-10375-benefit-51 | naver-card-10375-benefit-52 | naver-card-10375-benefit-53 | naver-card-10375-benefit-54 | naver-card-10375-benefit-55 | naver-card-10375-benefit-56 | naver-card-10375-benefit-57 | naver-card-10375-benefit-58 | naver-card-10375-benefit-59 | naver-card-10375-benefit-60 | naver-card-10375-benefit-61 | naver-card-10375-benefit-62 | naver-card-10375-benefit-63 | naver-card-10375-benefit-64 | naver-card-10375-benefit-65 | naver-card-10375-benefit-66 | naver-card-10375-benefit-67 | naver-card-10375-benefit-68 | naver-card-10375-benefit-69 | naver-card-10375-benefit-70 | naver-card-10375-benefit-71 | naver-card-10375-benefit-72 | naver-card-10375-benefit-73 | naver-card-10375-benefit-74 | naver-card-10375-benefit-75 | naver-card-10375-benefit-76 | naver-card-10375-benefit-77 | naver-card-10375-benefit-78 | naver-card-10375-benefit-79 | naver-card-10375-benefit-80 | naver-card-10375-benefit-81 | naver-card-10375-benefit-82 | naver-card-10375-benefit-83 | naver-card-10375-benefit-84 | naver-card-10375-benefit-85 | naver-card-10375-benefit-86 | naver-card-10375-benefit-87 | naver-card-10375-benefit-88 | naver-card-10375-benefit-89 | naver-card-10375-benefit-90 | naver-card-10375-benefit-91 | naver-card-10375-benefit-92 | naver-card-10375-benefit-93 | naver-card-10375-benefit-94 | naver-card-10375-benefit-95 | naver-card-10375-benefit-96 | naver-card-10375-benefit-97 | naver-card-10375-benefit-98 | naver-card-10375-benefit-99 | naver-card-10375-benefit-100 | naver-card-10375-benefit-101 | naver-card-10375-benefit-102 | naver-card-10375-benefit-103 | naver-card-10375-benefit-104 | naver-card-10375-benefit-105 | naver-card-10375-benefit-106 | naver-card-10375-benefit-107 | naver-card-10375-benefit-108 | naver-card-10375-benefit-109 | naver-card-10375-benefit-110 | naver-card-10375-benefit-111 | naver-card-10375-benefit-112 | naver-card-10375-benefit-113 | naver-card-10375-benefit-114 | naver-card-10375-benefit-115 | naver-card-10375-benefit-116 | naver-card-10375-benefit-117 | naver-card-10375-benefit-118 | naver-card-10375-benefit-119 | naver-card-10375-benefit-120 | naver-card-10375-benefit-121 | naver-card-10375-benefit-122 | naver-card-10375-benefit-123 | naver-card-10375-benefit-124 | naver-card-10375-benefit-125 | naver-card-10375-benefit-126 | naver-card-10375-benefit-127 | naver-card-10375-benefit-128 | naver-card-10375-benefit-129 | naver-card-10375-benefit-130 | naver-card-10375-benefit-131 | naver-card-10375-benefit-132 | naver-card-10375-benefit-133 | naver-card-10375-benefit-134 | naver-card-10375-benefit-135 | naver-card-10375-benefit-136 | naver-card-10375-benefit-137 | naver-card-10375-benefit-138 | naver-card-10375-benefit-139 | naver-card-10375-benefit-140 | naver-card-10375-benefit-141 | naver-card-10375-benefit-142 | naver-card-10375-benefit-143 | naver-card-10375-benefit-144 | naver-card-10375-benefit-145","false","fallback_from_existing_normalized_card","2026-06-11T13:04:13.065Z"
"naver-card-10141-tier-1-500000-main-cap","naver-card-10141","main_monthly_cap","naver-card-10141-tier-1-500000","20000","naver-card-10141-benefit-1 | naver-card-10141-benefit-2 | naver-card-10141-benefit-3 | naver-card-10141-benefit-4 | naver-card-10141-benefit-5 | naver-card-10141-benefit-6 | naver-card-10141-benefit-7 | naver-card-10141-benefit-8 | naver-card-10141-benefit-9 | naver-card-10141-benefit-10 | naver-card-10141-benefit-11 | naver-card-10141-benefit-12 | naver-card-10141-benefit-13 | naver-card-10141-benefit-14 | naver-card-10141-benefit-15 | naver-card-10141-benefit-16 | naver-card-10141-benefit-17 | naver-card-10141-benefit-18 | naver-card-10141-benefit-19 | naver-card-10141-benefit-20 | naver-card-10141-benefit-21 | naver-card-10141-benefit-22 | naver-card-10141-benefit-23 | naver-card-10141-benefit-24 | naver-card-10141-benefit-25 | naver-card-10141-benefit-26 | naver-card-10141-benefit-27 | naver-card-10141-benefit-28 | naver-card-10141-benefit-29 | naver-card-10141-benefit-30 | naver-card-10141-benefit-31 | naver-card-10141-benefit-32 | naver-card-10141-benefit-33 | naver-card-10141-benefit-34 | naver-card-10141-benefit-35 | naver-card-10141-benefit-36 | naver-card-10141-benefit-37 | naver-card-10141-benefit-38 | naver-card-10141-benefit-39 | naver-card-10141-benefit-40 | naver-card-10141-benefit-41 | naver-card-10141-benefit-42 | naver-card-10141-benefit-43 | naver-card-10141-benefit-44 | naver-card-10141-benefit-45 | naver-card-10141-benefit-46 | naver-card-10141-benefit-47 | naver-card-10141-benefit-48 | naver-card-10141-benefit-49 | naver-card-10141-benefit-50 | naver-card-10141-benefit-51 | naver-card-10141-benefit-52 | naver-card-10141-benefit-53 | naver-card-10141-benefit-54 | naver-card-10141-benefit-55 | naver-card-10141-benefit-56 | naver-card-10141-benefit-57 | naver-card-10141-benefit-58 | naver-card-10141-benefit-59 | naver-card-10141-benefit-60 | naver-card-10141-benefit-61 | naver-card-10141-benefit-62 | naver-card-10141-benefit-63 | naver-card-10141-benefit-64 | naver-card-10141-benefit-65 | naver-card-10141-benefit-66 | naver-card-10141-benefit-67","false","fallback_from_existing_normalized_card","2026-06-11T13:04:13.065Z"
"naver-card-1684-tier-1-300000-main-cap","naver-card-1684","main_monthly_cap","naver-card-1684-tier-1-300000","10000","naver-card-1684-benefit-1 | naver-card-1684-benefit-2 | naver-card-1684-benefit-3 | naver-card-1684-benefit-4 | naver-card-1684-benefit-5 | naver-card-1684-benefit-6 | naver-card-1684-benefit-7 | naver-card-1684-benefit-8 | naver-card-1684-benefit-9 | naver-card-1684-benefit-10 | naver-card-1684-benefit-11 | naver-card-1684-benefit-12 | naver-card-1684-benefit-13","false","fallback_from_existing_normalized_card","2026-06-11T13:04:13.065Z"
"naver-card-10309-tier-1-300000-main-cap","naver-card-10309","main_monthly_cap","naver-card-10309-tier-1-300000","20000","naver-card-10309-benefit-1 | naver-card-10309-benefit-2 | naver-card-10309-benefit-3 | naver-card-10309-benefit-4 | naver-card-10309-benefit-5 | naver-card-10309-benefit-6 | naver-card-10309-benefit-7 | naver-card-10309-benefit-8 | naver-card-10309-benefit-9","false","fallback_from_existing_normalized_card","2026-06-11T13:04:13.065Z"
"naver-card-10307-tier-1-800000-main-cap","naver-card-10307","main_monthly_cap","naver-card-10307-tier-1-800000","13000","naver-card-10307-benefit-1 | naver-card-10307-benefit-2 | naver-card-10307-benefit-3 | naver-card-10307-benefit-4 | naver-card-10307-benefit-5 | naver-card-10307-benefit-6 | naver-card-10307-benefit-7 | naver-card-10307-benefit-8 | naver-card-10307-benefit-9","false","이용금액 80만원 이상 : 13,000원 할인","2026-06-11T13:04:13.065Z"
"naver-card-3881-tier-1-300000-main-cap","naver-card-3881","main_monthly_cap","naver-card-3881-tier-1-300000","15000","naver-card-3881-benefit-1 | naver-card-3881-benefit-2 | naver-card-3881-benefit-3 | naver-card-3881-benefit-4 | naver-card-3881-benefit-5 | naver-card-3881-benefit-6 | naver-card-3881-benefit-7 | naver-card-3881-benefit-8 | naver-card-3881-benefit-9 | naver-card-3881-benefit-10 | naver-card-3881-benefit-11 | naver-card-3881-benefit-12 | naver-card-3881-benefit-13 | naver-card-3881-benefit-14 | naver-card-3881-benefit-15 | naver-card-3881-benefit-16 | naver-card-3881-benefit-17 | naver-card-3881-benefit-18 | naver-card-3881-benefit-19 | naver-card-3881-benefit-20 | naver-card-3881-benefit-21 | naver-card-3881-benefit-22 | naver-card-3881-benefit-23 | naver-card-3881-benefit-24 | naver-card-3881-benefit-25 | naver-card-3881-benefit-26 | naver-card-3881-benefit-27 | naver-card-3881-benefit-28 | naver-card-3881-benefit-29 | naver-card-3881-benefit-30 | naver-card-3881-benefit-31 | naver-card-3881-benefit-32 | naver-card-3881-benefit-33 | naver-card-3881-benefit-34 | naver-card-3881-benefit-35 | naver-card-3881-benefit-36 | naver-card-3881-benefit-37 | naver-card-3881-benefit-38 | naver-card-3881-benefit-39 | naver-card-3881-benefit-40 | naver-card-3881-benefit-41 | naver-card-3881-benefit-42","false","fallback_from_existing_normalized_card","2026-06-11T13:04:13.065Z"
"naver-card-3896-tier-1-300000-main-cap","naver-card-3896","main_monthly_cap","naver-card-3896-tier-1-300000","300000","naver-card-3896-benefit-1 | naver-card-3896-benefit-2 | naver-card-3896-benefit-3 | naver-card-3896-benefit-4 | naver-card-3896-benefit-5 | naver-card-3896-benefit-6 | naver-card-3896-benefit-7 | naver-card-3896-benefit-8 | naver-card-3896-benefit-9 | naver-card-3896-benefit-10 | naver-card-3896-benefit-11 | naver-card-3896-benefit-12 | naver-card-3896-benefit-13 | naver-card-3896-benefit-14 | naver-card-3896-benefit-15 | naver-card-3896-benefit-16 | naver-card-3896-benefit-17 | naver-card-3896-benefit-18 | naver-card-3896-benefit-19 | naver-card-3896-benefit-20 | naver-card-3896-benefit-21 | naver-card-3896-benefit-22 | naver-card-3896-benefit-23 | naver-card-3896-benefit-24 | naver-card-3896-benefit-25 | naver-card-3896-benefit-26 | naver-card-3896-benefit-27 | naver-card-3896-benefit-28 | naver-card-3896-benefit-29 | naver-card-3896-benefit-30 | naver-card-3896-benefit-31 | naver-card-3896-benefit-32 | naver-card-3896-benefit-33 | naver-card-3896-benefit-34 | naver-card-3896-benefit-35 | naver-card-3896-benefit-36","false","fallback_from_existing_normalized_card","2026-06-11T13:04:13.065Z"
"naver-card-1695-tier-1-300000-main-cap","naver-card-1695","main_monthly_cap","naver-card-1695-tier-1-300000","5000","naver-card-1695-benefit-1 | naver-card-1695-benefit-2 | naver-card-1695-benefit-3 | naver-card-1695-benefit-4 | naver-card-1695-benefit-5 | naver-card-1695-benefit-6 | naver-card-1695-benefit-7 | naver-card-1695-benefit-8 | naver-card-1695-benefit-9 | naver-card-1695-benefit-10 | naver-card-1695-benefit-11 | naver-card-1695-benefit-12 | naver-card-1695-benefit-13 | naver-card-1695-benefit-14 | naver-card-1695-benefit-15 | naver-card-1695-benefit-16 | naver-card-1695-benefit-17 | naver-card-1695-benefit-18 | naver-card-1695-benefit-19 | naver-card-1695-benefit-20 | naver-card-1695-benefit-21 | naver-card-1695-benefit-22 | naver-card-1695-benefit-23 | naver-card-1695-benefit-24 | naver-card-1695-benefit-25 | naver-card-1695-benefit-26 | naver-card-1695-benefit-27 | naver-card-1695-benefit-28 | naver-card-1695-benefit-29 | naver-card-1695-benefit-30 | naver-card-1695-benefit-31 | naver-card-1695-benefit-32","false","fallback_from_existing_normalized_card","2026-06-11T13:04:13.065Z"
"naver-card-1597-tier-1-300000-main-cap","naver-card-1597","main_monthly_cap","naver-card-1597-tier-1-300000","300000","naver-card-1597-benefit-1 | naver-card-1597-benefit-2 | naver-card-1597-benefit-3 | naver-card-1597-benefit-4 | naver-card-1597-benefit-5 | naver-card-1597-benefit-6 | naver-card-1597-benefit-7 | naver-card-1597-benefit-8 | naver-card-1597-benefit-9 | naver-card-1597-benefit-10","false","fallback_from_existing_normalized_card","2026-06-11T13:04:13.065Z"
"naver-card-10157-tier-1-0-main-cap","naver-card-10157","main_monthly_cap","naver-card-10157-tier-1-0","100000","naver-card-10157-benefit-1 | naver-card-10157-benefit-2 | naver-card-10157-benefit-3 | naver-card-10157-benefit-4 | naver-card-10157-benefit-5 | naver-card-10157-benefit-6 | naver-card-10157-benefit-7 | naver-card-10157-benefit-8 | naver-card-10157-benefit-9 | naver-card-10157-benefit-10 | naver-card-10157-benefit-11 | naver-card-10157-benefit-12 | naver-card-10157-benefit-13 | naver-card-10157-benefit-14 | naver-card-10157-benefit-15 | naver-card-10157-benefit-16 | naver-card-10157-benefit-17 | naver-card-10157-benefit-18 | naver-card-10157-benefit-19 | naver-card-10157-benefit-20 | naver-card-10157-benefit-21 | naver-card-10157-benefit-22 | naver-card-10157-benefit-23 | naver-card-10157-benefit-24 | naver-card-10157-benefit-25 | naver-card-10157-benefit-26 | naver-card-10157-benefit-27 | naver-card-10157-benefit-28 | naver-card-10157-benefit-29 | naver-card-10157-benefit-30 | naver-card-10157-benefit-31 | naver-card-10157-benefit-32 | naver-card-10157-benefit-33 | naver-card-10157-benefit-34 | naver-card-10157-benefit-35 | naver-card-10157-benefit-36 | naver-card-10157-benefit-37 | naver-card-10157-benefit-38 | naver-card-10157-benefit-39 | naver-card-10157-benefit-40 | naver-card-10157-benefit-41 | naver-card-10157-benefit-42 | naver-card-10157-benefit-43 | naver-card-10157-benefit-44 | naver-card-10157-benefit-45 | naver-card-10157-benefit-46 | naver-card-10157-benefit-47 | naver-card-10157-benefit-48 | naver-card-10157-benefit-49 | naver-card-10157-benefit-50 | naver-card-10157-benefit-51 | naver-card-10157-benefit-52 | naver-card-10157-benefit-53 | naver-card-10157-benefit-54 | naver-card-10157-benefit-55 | naver-card-10157-benefit-56 | naver-card-10157-benefit-57 | naver-card-10157-benefit-58 | naver-card-10157-benefit-59 | naver-card-10157-benefit-60 | naver-card-10157-benefit-61 | naver-card-10157-benefit-62 | naver-card-10157-benefit-63 | naver-card-10157-benefit-64 | naver-card-10157-benefit-65 | naver-card-10157-benefit-66 | naver-card-10157-benefit-67 | naver-card-10157-benefit-68 | naver-card-10157-benefit-69 | naver-card-10157-benefit-70","false","fallback_from_existing_normalized_card","2026-06-11T13:04:13.065Z"
"naver-card-10102-tier-1-300000-main-cap","naver-card-10102","main_monthly_cap","naver-card-10102-tier-1-300000","10000","naver-card-10102-benefit-1 | naver-card-10102-benefit-2 | naver-card-10102-benefit-3 | naver-card-10102-benefit-4 | naver-card-10102-benefit-5 | naver-card-10102-benefit-6 | naver-card-10102-benefit-7 | naver-card-10102-benefit-8 | naver-card-10102-benefit-9 | naver-card-10102-benefit-10 | naver-card-10102-benefit-11 | naver-card-10102-benefit-12 | naver-card-10102-benefit-13 | naver-card-10102-benefit-14 | naver-card-10102-benefit-15 | naver-card-10102-benefit-16 | naver-card-10102-benefit-17 | naver-card-10102-benefit-18 | naver-card-10102-benefit-19 | naver-card-10102-benefit-20 | naver-card-10102-benefit-21 | naver-card-10102-benefit-22 | naver-card-10102-benefit-23 | naver-card-10102-benefit-24 | naver-card-10102-benefit-25 | naver-card-10102-benefit-26 | naver-card-10102-benefit-27 | naver-card-10102-benefit-28 | naver-card-10102-benefit-29 | naver-card-10102-benefit-30 | naver-card-10102-benefit-31 | naver-card-10102-benefit-32 | naver-card-10102-benefit-33 | naver-card-10102-benefit-34 | naver-card-10102-benefit-35 | naver-card-10102-benefit-36 | naver-card-10102-benefit-37 | naver-card-10102-benefit-38 | naver-card-10102-benefit-39 | naver-card-10102-benefit-40 | naver-card-10102-benefit-41 | naver-card-10102-benefit-42 | naver-card-10102-benefit-43 | naver-card-10102-benefit-44 | naver-card-10102-benefit-45 | naver-card-10102-benefit-46 | naver-card-10102-benefit-47 | naver-card-10102-benefit-48 | naver-card-10102-benefit-49 | naver-card-10102-benefit-50 | naver-card-10102-benefit-51 | naver-card-10102-benefit-52 | naver-card-10102-benefit-53 | naver-card-10102-benefit-54 | naver-card-10102-benefit-55 | naver-card-10102-benefit-56 | naver-card-10102-benefit-57 | naver-card-10102-benefit-58 | naver-card-10102-benefit-59","false","fallback_from_existing_normalized_card","2026-06-11T13:04:13.065Z"
"naver-card-10343-tier-1-500000-main-cap","naver-card-10343","main_monthly_cap","naver-card-10343-tier-1-500000","300000","naver-card-10343-benefit-1 | naver-card-10343-benefit-2 | naver-card-10343-benefit-3 | naver-card-10343-benefit-4 | naver-card-10343-benefit-5 | naver-card-10343-benefit-6 | naver-card-10343-benefit-7 | naver-card-10343-benefit-8 | naver-card-10343-benefit-9 | naver-card-10343-benefit-10 | naver-card-10343-benefit-11 | naver-card-10343-benefit-12 | naver-card-10343-benefit-13 | naver-card-10343-benefit-14 | naver-card-10343-benefit-15 | naver-card-10343-benefit-16 | naver-card-10343-benefit-17 | naver-card-10343-benefit-18 | naver-card-10343-benefit-19 | naver-card-10343-benefit-20 | naver-card-10343-benefit-21 | naver-card-10343-benefit-22 | naver-card-10343-benefit-23 | naver-card-10343-benefit-24 | naver-card-10343-benefit-25 | naver-card-10343-benefit-26 | naver-card-10343-benefit-27 | naver-card-10343-benefit-28 | naver-card-10343-benefit-29 | naver-card-10343-benefit-30 | naver-card-10343-benefit-31 | naver-card-10343-benefit-32 | naver-card-10343-benefit-33 | naver-card-10343-benefit-34 | naver-card-10343-benefit-35 | naver-card-10343-benefit-36 | naver-card-10343-benefit-37 | naver-card-10343-benefit-38 | naver-card-10343-benefit-39 | naver-card-10343-benefit-40 | naver-card-10343-benefit-41 | naver-card-10343-benefit-42 | naver-card-10343-benefit-43 | naver-card-10343-benefit-44 | naver-card-10343-benefit-45 | naver-card-10343-benefit-46 | naver-card-10343-benefit-47 | naver-card-10343-benefit-48 | naver-card-10343-benefit-49 | naver-card-10343-benefit-50 | naver-card-10343-benefit-51 | naver-card-10343-benefit-52 | naver-card-10343-benefit-53 | naver-card-10343-benefit-54 | naver-card-10343-benefit-55 | naver-card-10343-benefit-56 | naver-card-10343-benefit-57 | naver-card-10343-benefit-58","false","fallback_from_existing_normalized_card","2026-06-11T13:04:13.065Z"
"naver-card-3717-tier-1-500000-main-cap","naver-card-3717","main_monthly_cap","naver-card-3717-tier-1-500000","4000","naver-card-3717-benefit-1 | naver-card-3717-benefit-2 | naver-card-3717-benefit-3 | naver-card-3717-benefit-4 | naver-card-3717-benefit-5 | naver-card-3717-benefit-6 | naver-card-3717-benefit-7 | naver-card-3717-benefit-8 | naver-card-3717-benefit-9 | naver-card-3717-benefit-10 | naver-card-3717-benefit-11 | naver-card-3717-benefit-12 | naver-card-3717-benefit-13 | naver-card-3717-benefit-14 | naver-card-3717-benefit-15 | naver-card-3717-benefit-16 | naver-card-3717-benefit-17 | naver-card-3717-benefit-18 | naver-card-3717-benefit-19 | naver-card-3717-benefit-20 | naver-card-3717-benefit-21 | naver-card-3717-benefit-22 | naver-card-3717-benefit-23 | naver-card-3717-benefit-24 | naver-card-3717-benefit-25 | naver-card-3717-benefit-26 | naver-card-3717-benefit-27 | naver-card-3717-benefit-28 | naver-card-3717-benefit-29 | naver-card-3717-benefit-30 | naver-card-3717-benefit-31 | naver-card-3717-benefit-32 | naver-card-3717-benefit-33 | naver-card-3717-benefit-34 | naver-card-3717-benefit-35 | naver-card-3717-benefit-36 | naver-card-3717-benefit-37 | naver-card-3717-benefit-38 | naver-card-3717-benefit-39 | naver-card-3717-benefit-40 | naver-card-3717-benefit-41 | naver-card-3717-benefit-42 | naver-card-3717-benefit-43 | naver-card-3717-benefit-44 | naver-card-3717-benefit-45 | naver-card-3717-benefit-46 | naver-card-3717-benefit-47 | naver-card-3717-benefit-48 | naver-card-3717-benefit-49 | naver-card-3717-benefit-50 | naver-card-3717-benefit-51 | naver-card-3717-benefit-52 | naver-card-3717-benefit-53 | naver-card-3717-benefit-54 | naver-card-3717-benefit-55 | naver-card-3717-benefit-56 | naver-card-3717-benefit-57 | naver-card-3717-benefit-58 | naver-card-3717-benefit-59 | naver-card-3717-benefit-60 | naver-card-3717-benefit-61 | naver-card-3717-benefit-62 | naver-card-3717-benefit-63 | naver-card-3717-benefit-64 | naver-card-3717-benefit-65 | naver-card-3717-benefit-66 | naver-card-3717-benefit-67 | naver-card-3717-benefit-68 | naver-card-3717-benefit-69 | naver-card-3717-benefit-70 | naver-card-3717-benefit-71 | naver-card-3717-benefit-72 | naver-card-3717-benefit-73 | naver-card-3717-benefit-74 | naver-card-3717-benefit-75 | naver-card-3717-benefit-76 | naver-card-3717-benefit-77 | naver-card-3717-benefit-78 | naver-card-3717-benefit-79 | naver-card-3717-benefit-80 | naver-card-3717-benefit-81 | naver-card-3717-benefit-82 | naver-card-3717-benefit-83 | naver-card-3717-benefit-84 | naver-card-3717-benefit-85 | naver-card-3717-benefit-86 | naver-card-3717-benefit-87 | naver-card-3717-benefit-88 | naver-card-3717-benefit-89 | naver-card-3717-benefit-90 | naver-card-3717-benefit-91 | naver-card-3717-benefit-92 | naver-card-3717-benefit-93 | naver-card-3717-benefit-94 | naver-card-3717-benefit-95 | naver-card-3717-benefit-96 | naver-card-3717-benefit-97 | naver-card-3717-benefit-98 | naver-card-3717-benefit-99 | naver-card-3717-benefit-100 | naver-card-3717-benefit-101 | naver-card-3717-benefit-102 | naver-card-3717-benefit-103 | naver-card-3717-benefit-104 | naver-card-3717-benefit-105 | naver-card-3717-benefit-106 | naver-card-3717-benefit-107 | naver-card-3717-benefit-108 | naver-card-3717-benefit-109 | naver-card-3717-benefit-110 | naver-card-3717-benefit-111 | naver-card-3717-benefit-112 | naver-card-3717-benefit-113 | naver-card-3717-benefit-114 | naver-card-3717-benefit-115 | naver-card-3717-benefit-116 | naver-card-3717-benefit-117 | naver-card-3717-benefit-118 | naver-card-3717-benefit-119","false","fallback_from_existing_normalized_card","2026-06-11T13:04:13.065Z"
"naver-card-1451-tier-1-300000-main-cap","naver-card-1451","main_monthly_cap","naver-card-1451-tier-1-300000","5000","naver-card-1451-benefit-1 | naver-card-1451-benefit-2 | naver-card-1451-benefit-3 | naver-card-1451-benefit-4 | naver-card-1451-benefit-5 | naver-card-1451-benefit-6 | naver-card-1451-benefit-7 | naver-card-1451-benefit-8 | naver-card-1451-benefit-9 | naver-card-1451-benefit-10 | naver-card-1451-benefit-11 | naver-card-1451-benefit-12 | naver-card-1451-benefit-13 | naver-card-1451-benefit-14 | naver-card-1451-benefit-15 | naver-card-1451-benefit-16 | naver-card-1451-benefit-17 | naver-card-1451-benefit-18 | naver-card-1451-benefit-19 | naver-card-1451-benefit-20 | naver-card-1451-benefit-21 | naver-card-1451-benefit-22 | naver-card-1451-benefit-23 | naver-card-1451-benefit-24 | naver-card-1451-benefit-25 | naver-card-1451-benefit-26 | naver-card-1451-benefit-27 | naver-card-1451-benefit-28 | naver-card-1451-benefit-29 | naver-card-1451-benefit-30 | naver-card-1451-benefit-31 | naver-card-1451-benefit-32 | naver-card-1451-benefit-33 | naver-card-1451-benefit-34 | naver-card-1451-benefit-35 | naver-card-1451-benefit-36 | naver-card-1451-benefit-37 | naver-card-1451-benefit-38 | naver-card-1451-benefit-39 | naver-card-1451-benefit-40 | naver-card-1451-benefit-41 | naver-card-1451-benefit-42 | naver-card-1451-benefit-43 | naver-card-1451-benefit-44 | naver-card-1451-benefit-45 | naver-card-1451-benefit-46 | naver-card-1451-benefit-47 | naver-card-1451-benefit-48 | naver-card-1451-benefit-49 | naver-card-1451-benefit-50 | naver-card-1451-benefit-51 | naver-card-1451-benefit-52 | naver-card-1451-benefit-53 | naver-card-1451-benefit-54 | naver-card-1451-benefit-55 | naver-card-1451-benefit-56 | naver-card-1451-benefit-57 | naver-card-1451-benefit-58 | naver-card-1451-benefit-59 | naver-card-1451-benefit-60 | naver-card-1451-benefit-61 | naver-card-1451-benefit-62 | naver-card-1451-benefit-63 | naver-card-1451-benefit-64 | naver-card-1451-benefit-65 | naver-card-1451-benefit-66 | naver-card-1451-benefit-67 | naver-card-1451-benefit-68 | naver-card-1451-benefit-69 | naver-card-1451-benefit-70 | naver-card-1451-benefit-71 | naver-card-1451-benefit-72 | naver-card-1451-benefit-73 | naver-card-1451-benefit-74 | naver-card-1451-benefit-75 | naver-card-1451-benefit-76 | naver-card-1451-benefit-77 | naver-card-1451-benefit-78 | naver-card-1451-benefit-79 | naver-card-1451-benefit-80 | naver-card-1451-benefit-81 | naver-card-1451-benefit-82 | naver-card-1451-benefit-83 | naver-card-1451-benefit-84 | naver-card-1451-benefit-85 | naver-card-1451-benefit-86 | naver-card-1451-benefit-87 | naver-card-1451-benefit-88 | naver-card-1451-benefit-89 | naver-card-1451-benefit-90 | naver-card-1451-benefit-91 | naver-card-1451-benefit-92 | naver-card-1451-benefit-93 | naver-card-1451-benefit-94 | naver-card-1451-benefit-95 | naver-card-1451-benefit-96 | naver-card-1451-benefit-97 | naver-card-1451-benefit-98 | naver-card-1451-benefit-99 | naver-card-1451-benefit-100 | naver-card-1451-benefit-101 | naver-card-1451-benefit-102 | naver-card-1451-benefit-103 | naver-card-1451-benefit-104 | naver-card-1451-benefit-105 | naver-card-1451-benefit-106 | naver-card-1451-benefit-107 | naver-card-1451-benefit-108 | naver-card-1451-benefit-109 | naver-card-1451-benefit-110 | naver-card-1451-benefit-111 | naver-card-1451-benefit-112 | naver-card-1451-benefit-113 | naver-card-1451-benefit-114 | naver-card-1451-benefit-115 | naver-card-1451-benefit-116 | naver-card-1451-benefit-117 | naver-card-1451-benefit-118 | naver-card-1451-benefit-119 | naver-card-1451-benefit-120 | naver-card-1451-benefit-121 | naver-card-1451-benefit-122 | naver-card-1451-benefit-123 | naver-card-1451-benefit-124 | naver-card-1451-benefit-125 | naver-card-1451-benefit-126 | naver-card-1451-benefit-127 | naver-card-1451-benefit-128 | naver-card-1451-benefit-129 | naver-card-1451-benefit-130 | naver-card-1451-benefit-131 | naver-card-1451-benefit-132 | naver-card-1451-benefit-133 | naver-card-1451-benefit-134 | naver-card-1451-benefit-135 | naver-card-1451-benefit-136 | naver-card-1451-benefit-137 | naver-card-1451-benefit-138 | naver-card-1451-benefit-139 | naver-card-1451-benefit-140 | naver-card-1451-benefit-141 | naver-card-1451-benefit-142 | naver-card-1451-benefit-143 | naver-card-1451-benefit-144 | naver-card-1451-benefit-145 | naver-card-1451-benefit-146 | naver-card-1451-benefit-147 | naver-card-1451-benefit-148 | naver-card-1451-benefit-149 | naver-card-1451-benefit-150 | naver-card-1451-benefit-151","false","fallback_from_existing_normalized_card","2026-06-11T13:04:13.065Z"
"naver-card-10566-tier-1-800000-main-cap","naver-card-10566","main_monthly_cap","naver-card-10566-tier-1-800000","5000","naver-card-10566-benefit-1 | naver-card-10566-benefit-2 | naver-card-10566-benefit-3 | naver-card-10566-benefit-4 | naver-card-10566-benefit-5 | naver-card-10566-benefit-6 | naver-card-10566-benefit-7 | naver-card-10566-benefit-8 | naver-card-10566-benefit-9 | naver-card-10566-benefit-10 | naver-card-10566-benefit-11 | naver-card-10566-benefit-12 | naver-card-10566-benefit-13 | naver-card-10566-benefit-14 | naver-card-10566-benefit-15 | naver-card-10566-benefit-16 | naver-card-10566-benefit-17 | naver-card-10566-benefit-18 | naver-card-10566-benefit-19 | naver-card-10566-benefit-20 | naver-card-10566-benefit-21 | naver-card-10566-benefit-22 | naver-card-10566-benefit-23 | naver-card-10566-benefit-24 | naver-card-10566-benefit-25 | naver-card-10566-benefit-26","false","80만원 이상: 5천원 할인","2026-06-11T13:04:13.065Z"
"naver-card-10107-tier-1-400000-main-cap","naver-card-10107","main_monthly_cap","naver-card-10107-tier-1-400000","10000","naver-card-10107-benefit-1 | naver-card-10107-benefit-2 | naver-card-10107-benefit-3 | naver-card-10107-benefit-4 | naver-card-10107-benefit-5 | naver-card-10107-benefit-6 | naver-card-10107-benefit-7 | naver-card-10107-benefit-8 | naver-card-10107-benefit-9 | naver-card-10107-benefit-10 | naver-card-10107-benefit-11 | naver-card-10107-benefit-12 | naver-card-10107-benefit-13 | naver-card-10107-benefit-14","false","fallback_from_existing_normalized_card","2026-06-11T13:04:13.065Z"
"naver-card-10108-tier-1-400000-main-cap","naver-card-10108","main_monthly_cap","naver-card-10108-tier-1-400000","10000","naver-card-10108-benefit-1 | naver-card-10108-benefit-2 | naver-card-10108-benefit-3 | naver-card-10108-benefit-4 | naver-card-10108-benefit-5 | naver-card-10108-benefit-6 | naver-card-10108-benefit-7 | naver-card-10108-benefit-8 | naver-card-10108-benefit-9 | naver-card-10108-benefit-10 | naver-card-10108-benefit-11 | naver-card-10108-benefit-12 | naver-card-10108-benefit-13 | naver-card-10108-benefit-14 | naver-card-10108-benefit-15 | naver-card-10108-benefit-16 | naver-card-10108-benefit-17","false","fallback_from_existing_normalized_card","2026-06-11T13:04:13.065Z"
"naver-card-10106-tier-1-400000-main-cap","naver-card-10106","main_monthly_cap","naver-card-10106-tier-1-400000","10000","naver-card-10106-benefit-1 | naver-card-10106-benefit-2 | naver-card-10106-benefit-3 | naver-card-10106-benefit-4 | naver-card-10106-benefit-5 | naver-card-10106-benefit-6 | naver-card-10106-benefit-7 | naver-card-10106-benefit-8 | naver-card-10106-benefit-9 | naver-card-10106-benefit-10 | naver-card-10106-benefit-11 | naver-card-10106-benefit-12 | naver-card-10106-benefit-13 | naver-card-10106-benefit-14 | naver-card-10106-benefit-15 | naver-card-10106-benefit-16 | naver-card-10106-benefit-17","false","fallback_from_existing_normalized_card","2026-06-11T13:04:13.065Z"
"naver-card-10071-tier-1-400000-main-cap","naver-card-10071","main_monthly_cap","naver-card-10071-tier-1-400000","10000","naver-card-10071-benefit-1 | naver-card-10071-benefit-2 | naver-card-10071-benefit-3 | naver-card-10071-benefit-4 | naver-card-10071-benefit-5 | naver-card-10071-benefit-6 | naver-card-10071-benefit-7 | naver-card-10071-benefit-8 | naver-card-10071-benefit-9 | naver-card-10071-benefit-10 | naver-card-10071-benefit-11 | naver-card-10071-benefit-12 | naver-card-10071-benefit-13 | naver-card-10071-benefit-14 | naver-card-10071-benefit-15 | naver-card-10071-benefit-16 | naver-card-10071-benefit-17 | naver-card-10071-benefit-18 | naver-card-10071-benefit-19 | naver-card-10071-benefit-20 | naver-card-10071-benefit-21 | naver-card-10071-benefit-22 | naver-card-10071-benefit-23 | naver-card-10071-benefit-24 | naver-card-10071-benefit-25 | naver-card-10071-benefit-26 | naver-card-10071-benefit-27 | naver-card-10071-benefit-28 | naver-card-10071-benefit-29 | naver-card-10071-benefit-30 | naver-card-10071-benefit-31","false","fallback_from_existing_normalized_card","2026-06-11T13:04:13.065Z"
"naver-card-10310-tier-1-400000-main-cap","naver-card-10310","main_monthly_cap","naver-card-10310-tier-1-400000","20000","naver-card-10310-benefit-1 | naver-card-10310-benefit-2 | naver-card-10310-benefit-3 | naver-card-10310-benefit-4 | naver-card-10310-benefit-5 | naver-card-10310-benefit-6 | naver-card-10310-benefit-7 | naver-card-10310-benefit-8 | naver-card-10310-benefit-9 | naver-card-10310-benefit-10 | naver-card-10310-benefit-11 | naver-card-10310-benefit-12 | naver-card-10310-benefit-13 | naver-card-10310-benefit-14 | naver-card-10310-benefit-15 | naver-card-10310-benefit-16 | naver-card-10310-benefit-17 | naver-card-10310-benefit-18 | naver-card-10310-benefit-19","false","fallback_from_existing_normalized_card","2026-06-11T13:04:13.065Z"
"naver-card-2337-tier-1-300000-main-cap","naver-card-2337","main_monthly_cap","naver-card-2337-tier-1-300000","150000","naver-card-2337-benefit-1 | naver-card-2337-benefit-2 | naver-card-2337-benefit-3 | naver-card-2337-benefit-4 | naver-card-2337-benefit-5 | naver-card-2337-benefit-6 | naver-card-2337-benefit-7 | naver-card-2337-benefit-8 | naver-card-2337-benefit-9 | naver-card-2337-benefit-10 | naver-card-2337-benefit-11 | naver-card-2337-benefit-12 | naver-card-2337-benefit-13 | naver-card-2337-benefit-14 | naver-card-2337-benefit-15 | naver-card-2337-benefit-16 | naver-card-2337-benefit-17 | naver-card-2337-benefit-18 | naver-card-2337-benefit-19 | naver-card-2337-benefit-20 | naver-card-2337-benefit-21 | naver-card-2337-benefit-22 | naver-card-2337-benefit-23 | naver-card-2337-benefit-24 | naver-card-2337-benefit-25 | naver-card-2337-benefit-26 | naver-card-2337-benefit-27 | naver-card-2337-benefit-28 | naver-card-2337-benefit-29 | naver-card-2337-benefit-30 | naver-card-2337-benefit-31 | naver-card-2337-benefit-32 | naver-card-2337-benefit-33 | naver-card-2337-benefit-34 | naver-card-2337-benefit-35 | naver-card-2337-benefit-36 | naver-card-2337-benefit-37 | naver-card-2337-benefit-38 | naver-card-2337-benefit-39 | naver-card-2337-benefit-40 | naver-card-2337-benefit-41 | naver-card-2337-benefit-42 | naver-card-2337-benefit-43 | naver-card-2337-benefit-44 | naver-card-2337-benefit-45 | naver-card-2337-benefit-46 | naver-card-2337-benefit-47 | naver-card-2337-benefit-48 | naver-card-2337-benefit-49 | naver-card-2337-benefit-50","false","fallback_from_existing_normalized_card","2026-06-11T13:04:13.065Z"
"naver-card-1571-tier-1-500000-main-cap","naver-card-1571","main_monthly_cap","naver-card-1571-tier-1-500000","300000","naver-card-1571-benefit-1 | naver-card-1571-benefit-2 | naver-card-1571-benefit-3 | naver-card-1571-benefit-4 | naver-card-1571-benefit-5 | naver-card-1571-benefit-6 | naver-card-1571-benefit-7 | naver-card-1571-benefit-8 | naver-card-1571-benefit-9 | naver-card-1571-benefit-10 | naver-card-1571-benefit-11 | naver-card-1571-benefit-12 | naver-card-1571-benefit-13 | naver-card-1571-benefit-14 | naver-card-1571-benefit-15 | naver-card-1571-benefit-16 | naver-card-1571-benefit-17 | naver-card-1571-benefit-18 | naver-card-1571-benefit-19 | naver-card-1571-benefit-20 | naver-card-1571-benefit-21 | naver-card-1571-benefit-22 | naver-card-1571-benefit-23 | naver-card-1571-benefit-24 | naver-card-1571-benefit-25 | naver-card-1571-benefit-26 | naver-card-1571-benefit-27 | naver-card-1571-benefit-28 | naver-card-1571-benefit-29 | naver-card-1571-benefit-30 | naver-card-1571-benefit-31 | naver-card-1571-benefit-32 | naver-card-1571-benefit-33 | naver-card-1571-benefit-34 | naver-card-1571-benefit-35 | naver-card-1571-benefit-36 | naver-card-1571-benefit-37 | naver-card-1571-benefit-38 | naver-card-1571-benefit-39 | naver-card-1571-benefit-40 | naver-card-1571-benefit-41 | naver-card-1571-benefit-42 | naver-card-1571-benefit-43 | naver-card-1571-benefit-44 | naver-card-1571-benefit-45 | naver-card-1571-benefit-46 | naver-card-1571-benefit-47 | naver-card-1571-benefit-48 | naver-card-1571-benefit-49 | naver-card-1571-benefit-50 | naver-card-1571-benefit-51","false","fallback_from_existing_normalized_card","2026-06-11T13:04:13.065Z"
"naver-card-10355-tier-1-300000-main-cap","naver-card-10355","main_monthly_cap","naver-card-10355-tier-1-300000","300000","naver-card-10355-benefit-1 | naver-card-10355-benefit-2 | naver-card-10355-benefit-3 | naver-card-10355-benefit-4 | naver-card-10355-benefit-5 | naver-card-10355-benefit-6 | naver-card-10355-benefit-7 | naver-card-10355-benefit-8 | naver-card-10355-benefit-9 | naver-card-10355-benefit-10 | naver-card-10355-benefit-11 | naver-card-10355-benefit-12 | naver-card-10355-benefit-13 | naver-card-10355-benefit-14 | naver-card-10355-benefit-15 | naver-card-10355-benefit-16 | naver-card-10355-benefit-17 | naver-card-10355-benefit-18 | naver-card-10355-benefit-19 | naver-card-10355-benefit-20 | naver-card-10355-benefit-21 | naver-card-10355-benefit-22 | naver-card-10355-benefit-23 | naver-card-10355-benefit-24 | naver-card-10355-benefit-25 | naver-card-10355-benefit-26 | naver-card-10355-benefit-27 | naver-card-10355-benefit-28 | naver-card-10355-benefit-29 | naver-card-10355-benefit-30 | naver-card-10355-benefit-31 | naver-card-10355-benefit-32 | naver-card-10355-benefit-33 | naver-card-10355-benefit-34 | naver-card-10355-benefit-35 | naver-card-10355-benefit-36 | naver-card-10355-benefit-37 | naver-card-10355-benefit-38 | naver-card-10355-benefit-39 | naver-card-10355-benefit-40 | naver-card-10355-benefit-41 | naver-card-10355-benefit-42 | naver-card-10355-benefit-43 | naver-card-10355-benefit-44 | naver-card-10355-benefit-45 | naver-card-10355-benefit-46 | naver-card-10355-benefit-47 | naver-card-10355-benefit-48 | naver-card-10355-benefit-49 | naver-card-10355-benefit-50 | naver-card-10355-benefit-51 | naver-card-10355-benefit-52 | naver-card-10355-benefit-53 | naver-card-10355-benefit-54 | naver-card-10355-benefit-55 | naver-card-10355-benefit-56 | naver-card-10355-benefit-57 | naver-card-10355-benefit-58 | naver-card-10355-benefit-59 | naver-card-10355-benefit-60 | naver-card-10355-benefit-61 | naver-card-10355-benefit-62 | naver-card-10355-benefit-63 | naver-card-10355-benefit-64 | naver-card-10355-benefit-65 | naver-card-10355-benefit-66 | naver-card-10355-benefit-67 | naver-card-10355-benefit-68 | naver-card-10355-benefit-69 | naver-card-10355-benefit-70 | naver-card-10355-benefit-71 | naver-card-10355-benefit-72 | naver-card-10355-benefit-73 | naver-card-10355-benefit-74 | naver-card-10355-benefit-75 | naver-card-10355-benefit-76 | naver-card-10355-benefit-77 | naver-card-10355-benefit-78 | naver-card-10355-benefit-79 | naver-card-10355-benefit-80 | naver-card-10355-benefit-81 | naver-card-10355-benefit-82","false","fallback_from_existing_normalized_card","2026-06-11T13:04:13.065Z"
"naver-card-10029-tier-1-750000-main-cap","naver-card-10029","main_monthly_cap","naver-card-10029-tier-1-750000","20000","naver-card-10029-benefit-1 | naver-card-10029-benefit-2 | naver-card-10029-benefit-3 | naver-card-10029-benefit-4 | naver-card-10029-benefit-5 | naver-card-10029-benefit-6 | naver-card-10029-benefit-7 | naver-card-10029-benefit-8 | naver-card-10029-benefit-9 | naver-card-10029-benefit-10 | naver-card-10029-benefit-11 | naver-card-10029-benefit-12 | naver-card-10029-benefit-13 | naver-card-10029-benefit-14 | naver-card-10029-benefit-15 | naver-card-10029-benefit-16 | naver-card-10029-benefit-17 | naver-card-10029-benefit-18 | naver-card-10029-benefit-19 | naver-card-10029-benefit-20 | naver-card-10029-benefit-21 | naver-card-10029-benefit-22 | naver-card-10029-benefit-23 | naver-card-10029-benefit-24 | naver-card-10029-benefit-25 | naver-card-10029-benefit-26 | naver-card-10029-benefit-27 | naver-card-10029-benefit-28 | naver-card-10029-benefit-29 | naver-card-10029-benefit-30 | naver-card-10029-benefit-31 | naver-card-10029-benefit-32 | naver-card-10029-benefit-33 | naver-card-10029-benefit-34 | naver-card-10029-benefit-35 | naver-card-10029-benefit-36 | naver-card-10029-benefit-37 | naver-card-10029-benefit-38 | naver-card-10029-benefit-39 | naver-card-10029-benefit-40 | naver-card-10029-benefit-41 | naver-card-10029-benefit-42 | naver-card-10029-benefit-43 | naver-card-10029-benefit-44 | naver-card-10029-benefit-45 | naver-card-10029-benefit-46 | naver-card-10029-benefit-47 | naver-card-10029-benefit-48 | naver-card-10029-benefit-49 | naver-card-10029-benefit-50 | naver-card-10029-benefit-51 | naver-card-10029-benefit-52 | naver-card-10029-benefit-53 | naver-card-10029-benefit-54 | naver-card-10029-benefit-55 | naver-card-10029-benefit-56 | naver-card-10029-benefit-57 | naver-card-10029-benefit-58 | naver-card-10029-benefit-59 | naver-card-10029-benefit-60 | naver-card-10029-benefit-61 | naver-card-10029-benefit-62 | naver-card-10029-benefit-63 | naver-card-10029-benefit-64 | naver-card-10029-benefit-65 | naver-card-10029-benefit-66 | naver-card-10029-benefit-67 | naver-card-10029-benefit-68 | naver-card-10029-benefit-69 | naver-card-10029-benefit-70 | naver-card-10029-benefit-71 | naver-card-10029-benefit-72 | naver-card-10029-benefit-73 | naver-card-10029-benefit-74 | naver-card-10029-benefit-75 | naver-card-10029-benefit-76 | naver-card-10029-benefit-77 | naver-card-10029-benefit-78 | naver-card-10029-benefit-79 | naver-card-10029-benefit-80 | naver-card-10029-benefit-81 | naver-card-10029-benefit-82 | naver-card-10029-benefit-83 | naver-card-10029-benefit-84 | naver-card-10029-benefit-85 | naver-card-10029-benefit-86 | naver-card-10029-benefit-87 | naver-card-10029-benefit-88 | naver-card-10029-benefit-89 | naver-card-10029-benefit-90 | naver-card-10029-benefit-91 | naver-card-10029-benefit-92 | naver-card-10029-benefit-93 | naver-card-10029-benefit-94 | naver-card-10029-benefit-95 | naver-card-10029-benefit-96 | naver-card-10029-benefit-97 | naver-card-10029-benefit-98 | naver-card-10029-benefit-99 | naver-card-10029-benefit-100 | naver-card-10029-benefit-101 | naver-card-10029-benefit-102 | naver-card-10029-benefit-103 | naver-card-10029-benefit-104 | naver-card-10029-benefit-105 | naver-card-10029-benefit-106 | naver-card-10029-benefit-107 | naver-card-10029-benefit-108 | naver-card-10029-benefit-109 | naver-card-10029-benefit-110 | naver-card-10029-benefit-111 | naver-card-10029-benefit-112 | naver-card-10029-benefit-113","false","fallback_from_existing_normalized_card","2026-06-11T13:04:13.065Z"
"naver-card-10462-tier-1-400000-main-cap","naver-card-10462","main_monthly_cap","naver-card-10462-tier-1-400000","35000","naver-card-10462-benefit-1 | naver-card-10462-benefit-2 | naver-card-10462-benefit-3 | naver-card-10462-benefit-4 | naver-card-10462-benefit-5 | naver-card-10462-benefit-6 | naver-card-10462-benefit-7 | naver-card-10462-benefit-8 | naver-card-10462-benefit-9 | naver-card-10462-benefit-10 | naver-card-10462-benefit-11 | naver-card-10462-benefit-12 | naver-card-10462-benefit-13 | naver-card-10462-benefit-14 | naver-card-10462-benefit-15 | naver-card-10462-benefit-16 | naver-card-10462-benefit-17 | naver-card-10462-benefit-18 | naver-card-10462-benefit-19 | naver-card-10462-benefit-20 | naver-card-10462-benefit-21 | naver-card-10462-benefit-22 | naver-card-10462-benefit-23 | naver-card-10462-benefit-24 | naver-card-10462-benefit-25 | naver-card-10462-benefit-26 | naver-card-10462-benefit-27 | naver-card-10462-benefit-28 | naver-card-10462-benefit-29 | naver-card-10462-benefit-30 | naver-card-10462-benefit-31 | naver-card-10462-benefit-32 | naver-card-10462-benefit-33 | naver-card-10462-benefit-34","false","fallback_from_existing_normalized_card","2026-06-11T13:04:13.065Z"
"naver-card-10126-tier-1-500000-main-cap","naver-card-10126","main_monthly_cap","naver-card-10126-tier-1-500000","5000","naver-card-10126-benefit-1 | naver-card-10126-benefit-2 | naver-card-10126-benefit-3 | naver-card-10126-benefit-4 | naver-card-10126-benefit-5 | naver-card-10126-benefit-6 | naver-card-10126-benefit-7 | naver-card-10126-benefit-8 | naver-card-10126-benefit-9 | naver-card-10126-benefit-10 | naver-card-10126-benefit-11 | naver-card-10126-benefit-12 | naver-card-10126-benefit-13 | naver-card-10126-benefit-14 | naver-card-10126-benefit-15 | naver-card-10126-benefit-16 | naver-card-10126-benefit-17 | naver-card-10126-benefit-18 | naver-card-10126-benefit-19 | naver-card-10126-benefit-20 | naver-card-10126-benefit-21 | naver-card-10126-benefit-22 | naver-card-10126-benefit-23 | naver-card-10126-benefit-24 | naver-card-10126-benefit-25 | naver-card-10126-benefit-26 | naver-card-10126-benefit-27 | naver-card-10126-benefit-28 | naver-card-10126-benefit-29 | naver-card-10126-benefit-30 | naver-card-10126-benefit-31 | naver-card-10126-benefit-32 | naver-card-10126-benefit-33 | naver-card-10126-benefit-34","false","fallback_from_existing_normalized_card","2026-06-11T13:04:13.065Z"
"naver-card-10237-tier-1-500000-main-cap","naver-card-10237","main_monthly_cap","naver-card-10237-tier-1-500000","5000","naver-card-10237-benefit-1 | naver-card-10237-benefit-2 | naver-card-10237-benefit-3 | naver-card-10237-benefit-4 | naver-card-10237-benefit-5 | naver-card-10237-benefit-6 | naver-card-10237-benefit-7 | naver-card-10237-benefit-8 | naver-card-10237-benefit-9 | naver-card-10237-benefit-10 | naver-card-10237-benefit-11 | naver-card-10237-benefit-12 | naver-card-10237-benefit-13 | naver-card-10237-benefit-14 | naver-card-10237-benefit-15 | naver-card-10237-benefit-16 | naver-card-10237-benefit-17 | naver-card-10237-benefit-18 | naver-card-10237-benefit-19 | naver-card-10237-benefit-20 | naver-card-10237-benefit-21 | naver-card-10237-benefit-22 | naver-card-10237-benefit-23 | naver-card-10237-benefit-24 | naver-card-10237-benefit-25 | naver-card-10237-benefit-26 | naver-card-10237-benefit-27 | naver-card-10237-benefit-28 | naver-card-10237-benefit-29 | naver-card-10237-benefit-30 | naver-card-10237-benefit-31 | naver-card-10237-benefit-32 | naver-card-10237-benefit-33 | naver-card-10237-benefit-34 | naver-card-10237-benefit-35 | naver-card-10237-benefit-36 | naver-card-10237-benefit-37 | naver-card-10237-benefit-38 | naver-card-10237-benefit-39 | naver-card-10237-benefit-40 | naver-card-10237-benefit-41 | naver-card-10237-benefit-42 | naver-card-10237-benefit-43 | naver-card-10237-benefit-44 | naver-card-10237-benefit-45 | naver-card-10237-benefit-46 | naver-card-10237-benefit-47 | naver-card-10237-benefit-48 | naver-card-10237-benefit-49 | naver-card-10237-benefit-50 | naver-card-10237-benefit-51 | naver-card-10237-benefit-52 | naver-card-10237-benefit-53 | naver-card-10237-benefit-54 | naver-card-10237-benefit-55 | naver-card-10237-benefit-56 | naver-card-10237-benefit-57 | naver-card-10237-benefit-58 | naver-card-10237-benefit-59 | naver-card-10237-benefit-60","false","fallback_from_existing_normalized_card","2026-06-11T13:04:13.065Z"
"naver-card-10523-tier-1-300000-main-cap","naver-card-10523","main_monthly_cap","naver-card-10523-tier-1-300000","300000","naver-card-10523-benefit-1 | naver-card-10523-benefit-2 | naver-card-10523-benefit-3 | naver-card-10523-benefit-4 | naver-card-10523-benefit-5 | naver-card-10523-benefit-6 | naver-card-10523-benefit-7 | naver-card-10523-benefit-8 | naver-card-10523-benefit-9 | naver-card-10523-benefit-10 | naver-card-10523-benefit-11 | naver-card-10523-benefit-12 | naver-card-10523-benefit-13 | naver-card-10523-benefit-14 | naver-card-10523-benefit-15 | naver-card-10523-benefit-16 | naver-card-10523-benefit-17 | naver-card-10523-benefit-18 | naver-card-10523-benefit-19 | naver-card-10523-benefit-20 | naver-card-10523-benefit-21 | naver-card-10523-benefit-22 | naver-card-10523-benefit-23 | naver-card-10523-benefit-24 | naver-card-10523-benefit-25 | naver-card-10523-benefit-26 | naver-card-10523-benefit-27 | naver-card-10523-benefit-28 | naver-card-10523-benefit-29 | naver-card-10523-benefit-30 | naver-card-10523-benefit-31 | naver-card-10523-benefit-32 | naver-card-10523-benefit-33 | naver-card-10523-benefit-34 | naver-card-10523-benefit-35 | naver-card-10523-benefit-36 | naver-card-10523-benefit-37 | naver-card-10523-benefit-38 | naver-card-10523-benefit-39 | naver-card-10523-benefit-40 | naver-card-10523-benefit-41 | naver-card-10523-benefit-42 | naver-card-10523-benefit-43 | naver-card-10523-benefit-44 | naver-card-10523-benefit-45 | naver-card-10523-benefit-46 | naver-card-10523-benefit-47 | naver-card-10523-benefit-48 | naver-card-10523-benefit-49 | naver-card-10523-benefit-50 | naver-card-10523-benefit-51 | naver-card-10523-benefit-52 | naver-card-10523-benefit-53 | naver-card-10523-benefit-54 | naver-card-10523-benefit-55 | naver-card-10523-benefit-56 | naver-card-10523-benefit-57 | naver-card-10523-benefit-58 | naver-card-10523-benefit-59 | naver-card-10523-benefit-60 | naver-card-10523-benefit-61 | naver-card-10523-benefit-62 | naver-card-10523-benefit-63 | naver-card-10523-benefit-64 | naver-card-10523-benefit-65 | naver-card-10523-benefit-66 | naver-card-10523-benefit-67 | naver-card-10523-benefit-68 | naver-card-10523-benefit-69 | naver-card-10523-benefit-70 | naver-card-10523-benefit-71 | naver-card-10523-benefit-72 | naver-card-10523-benefit-73 | naver-card-10523-benefit-74 | naver-card-10523-benefit-75 | naver-card-10523-benefit-76 | naver-card-10523-benefit-77 | naver-card-10523-benefit-78 | naver-card-10523-benefit-79 | naver-card-10523-benefit-80 | naver-card-10523-benefit-81 | naver-card-10523-benefit-82 | naver-card-10523-benefit-83 | naver-card-10523-benefit-84 | naver-card-10523-benefit-85 | naver-card-10523-benefit-86 | naver-card-10523-benefit-87 | naver-card-10523-benefit-88 | naver-card-10523-benefit-89 | naver-card-10523-benefit-90 | naver-card-10523-benefit-91 | naver-card-10523-benefit-92 | naver-card-10523-benefit-93 | naver-card-10523-benefit-94 | naver-card-10523-benefit-95 | naver-card-10523-benefit-96 | naver-card-10523-benefit-97 | naver-card-10523-benefit-98 | naver-card-10523-benefit-99 | naver-card-10523-benefit-100 | naver-card-10523-benefit-101 | naver-card-10523-benefit-102 | naver-card-10523-benefit-103 | naver-card-10523-benefit-104 | naver-card-10523-benefit-105 | naver-card-10523-benefit-106","false","fallback_from_existing_normalized_card","2026-06-11T13:04:13.065Z"
"naver-card-2348-tier-1-300000-main-cap","naver-card-2348","main_monthly_cap","naver-card-2348-tier-1-300000","300000","naver-card-2348-benefit-1 | naver-card-2348-benefit-2 | naver-card-2348-benefit-3 | naver-card-2348-benefit-4 | naver-card-2348-benefit-5 | naver-card-2348-benefit-6 | naver-card-2348-benefit-7 | naver-card-2348-benefit-8 | naver-card-2348-benefit-9 | naver-card-2348-benefit-10 | naver-card-2348-benefit-11 | naver-card-2348-benefit-12 | naver-card-2348-benefit-13 | naver-card-2348-benefit-14 | naver-card-2348-benefit-15 | naver-card-2348-benefit-16 | naver-card-2348-benefit-17 | naver-card-2348-benefit-18 | naver-card-2348-benefit-19 | naver-card-2348-benefit-20 | naver-card-2348-benefit-21 | naver-card-2348-benefit-22 | naver-card-2348-benefit-23 | naver-card-2348-benefit-24 | naver-card-2348-benefit-25 | naver-card-2348-benefit-26 | naver-card-2348-benefit-27 | naver-card-2348-benefit-28 | naver-card-2348-benefit-29 | naver-card-2348-benefit-30 | naver-card-2348-benefit-31 | naver-card-2348-benefit-32 | naver-card-2348-benefit-33 | naver-card-2348-benefit-34 | naver-card-2348-benefit-35 | naver-card-2348-benefit-36 | naver-card-2348-benefit-37 | naver-card-2348-benefit-38 | naver-card-2348-benefit-39 | naver-card-2348-benefit-40 | naver-card-2348-benefit-41 | naver-card-2348-benefit-42 | naver-card-2348-benefit-43 | naver-card-2348-benefit-44 | naver-card-2348-benefit-45 | naver-card-2348-benefit-46 | naver-card-2348-benefit-47 | naver-card-2348-benefit-48 | naver-card-2348-benefit-49 | naver-card-2348-benefit-50 | naver-card-2348-benefit-51 | naver-card-2348-benefit-52 | naver-card-2348-benefit-53 | naver-card-2348-benefit-54 | naver-card-2348-benefit-55 | naver-card-2348-benefit-56 | naver-card-2348-benefit-57 | naver-card-2348-benefit-58 | naver-card-2348-benefit-59 | naver-card-2348-benefit-60 | naver-card-2348-benefit-61 | naver-card-2348-benefit-62 | naver-card-2348-benefit-63 | naver-card-2348-benefit-64 | naver-card-2348-benefit-65 | naver-card-2348-benefit-66 | naver-card-2348-benefit-67 | naver-card-2348-benefit-68 | naver-card-2348-benefit-69 | naver-card-2348-benefit-70 | naver-card-2348-benefit-71 | naver-card-2348-benefit-72 | naver-card-2348-benefit-73 | naver-card-2348-benefit-74 | naver-card-2348-benefit-75 | naver-card-2348-benefit-76","false","fallback_from_existing_normalized_card","2026-06-11T13:04:13.065Z"
"naver-card-10485-tier-1-400000-main-cap","naver-card-10485","main_monthly_cap","naver-card-10485-tier-1-400000","10000","naver-card-10485-benefit-1 | naver-card-10485-benefit-2 | naver-card-10485-benefit-3 | naver-card-10485-benefit-4 | naver-card-10485-benefit-5 | naver-card-10485-benefit-6 | naver-card-10485-benefit-7 | naver-card-10485-benefit-8 | naver-card-10485-benefit-9 | naver-card-10485-benefit-10 | naver-card-10485-benefit-11 | naver-card-10485-benefit-12 | naver-card-10485-benefit-13 | naver-card-10485-benefit-14 | naver-card-10485-benefit-15 | naver-card-10485-benefit-16 | naver-card-10485-benefit-17 | naver-card-10485-benefit-18 | naver-card-10485-benefit-19 | naver-card-10485-benefit-20 | naver-card-10485-benefit-21 | naver-card-10485-benefit-22 | naver-card-10485-benefit-23 | naver-card-10485-benefit-24 | naver-card-10485-benefit-25 | naver-card-10485-benefit-26 | naver-card-10485-benefit-27 | naver-card-10485-benefit-28 | naver-card-10485-benefit-29 | naver-card-10485-benefit-30 | naver-card-10485-benefit-31 | naver-card-10485-benefit-32 | naver-card-10485-benefit-33 | naver-card-10485-benefit-34 | naver-card-10485-benefit-35 | naver-card-10485-benefit-36 | naver-card-10485-benefit-37 | naver-card-10485-benefit-38 | naver-card-10485-benefit-39 | naver-card-10485-benefit-40 | naver-card-10485-benefit-41 | naver-card-10485-benefit-42 | naver-card-10485-benefit-43 | naver-card-10485-benefit-44 | naver-card-10485-benefit-45 | naver-card-10485-benefit-46 | naver-card-10485-benefit-47 | naver-card-10485-benefit-48 | naver-card-10485-benefit-49 | naver-card-10485-benefit-50 | naver-card-10485-benefit-51 | naver-card-10485-benefit-52 | naver-card-10485-benefit-53 | naver-card-10485-benefit-54 | naver-card-10485-benefit-55 | naver-card-10485-benefit-56 | naver-card-10485-benefit-57 | naver-card-10485-benefit-58 | naver-card-10485-benefit-59 | naver-card-10485-benefit-60 | naver-card-10485-benefit-61 | naver-card-10485-benefit-62 | naver-card-10485-benefit-63 | naver-card-10485-benefit-64 | naver-card-10485-benefit-65 | naver-card-10485-benefit-66 | naver-card-10485-benefit-67 | naver-card-10485-benefit-68 | naver-card-10485-benefit-69 | naver-card-10485-benefit-70 | naver-card-10485-benefit-71 | naver-card-10485-benefit-72 | naver-card-10485-benefit-73 | naver-card-10485-benefit-74 | naver-card-10485-benefit-75 | naver-card-10485-benefit-76 | naver-card-10485-benefit-77 | naver-card-10485-benefit-78 | naver-card-10485-benefit-79 | naver-card-10485-benefit-80 | naver-card-10485-benefit-81 | naver-card-10485-benefit-82 | naver-card-10485-benefit-83 | naver-card-10485-benefit-84 | naver-card-10485-benefit-85 | naver-card-10485-benefit-86 | naver-card-10485-benefit-87 | naver-card-10485-benefit-88 | naver-card-10485-benefit-89 | naver-card-10485-benefit-90 | naver-card-10485-benefit-91 | naver-card-10485-benefit-92 | naver-card-10485-benefit-93 | naver-card-10485-benefit-94 | naver-card-10485-benefit-95 | naver-card-10485-benefit-96 | naver-card-10485-benefit-97 | naver-card-10485-benefit-98 | naver-card-10485-benefit-99 | naver-card-10485-benefit-100 | naver-card-10485-benefit-101 | naver-card-10485-benefit-102 | naver-card-10485-benefit-103 | naver-card-10485-benefit-104 | naver-card-10485-benefit-105 | naver-card-10485-benefit-106 | naver-card-10485-benefit-107 | naver-card-10485-benefit-108 | naver-card-10485-benefit-109 | naver-card-10485-benefit-110 | naver-card-10485-benefit-111 | naver-card-10485-benefit-112 | naver-card-10485-benefit-113 | naver-card-10485-benefit-114 | naver-card-10485-benefit-115 | naver-card-10485-benefit-116 | naver-card-10485-benefit-117 | naver-card-10485-benefit-118 | naver-card-10485-benefit-119 | naver-card-10485-benefit-120 | naver-card-10485-benefit-121 | naver-card-10485-benefit-122 | naver-card-10485-benefit-123 | naver-card-10485-benefit-124 | naver-card-10485-benefit-125 | naver-card-10485-benefit-126 | naver-card-10485-benefit-127 | naver-card-10485-benefit-128 | naver-card-10485-benefit-129 | naver-card-10485-benefit-130 | naver-card-10485-benefit-131 | naver-card-10485-benefit-132 | naver-card-10485-benefit-133 | naver-card-10485-benefit-134 | naver-card-10485-benefit-135","false","fallback_from_existing_normalized_card","2026-06-11T13:04:13.065Z"
"naver-card-10490-tier-1-400000-main-cap","naver-card-10490","main_monthly_cap","naver-card-10490-tier-1-400000","10000","naver-card-10490-benefit-1 | naver-card-10490-benefit-2 | naver-card-10490-benefit-3 | naver-card-10490-benefit-4 | naver-card-10490-benefit-5 | naver-card-10490-benefit-6 | naver-card-10490-benefit-7 | naver-card-10490-benefit-8 | naver-card-10490-benefit-9 | naver-card-10490-benefit-10 | naver-card-10490-benefit-11 | naver-card-10490-benefit-12 | naver-card-10490-benefit-13 | naver-card-10490-benefit-14 | naver-card-10490-benefit-15 | naver-card-10490-benefit-16 | naver-card-10490-benefit-17 | naver-card-10490-benefit-18 | naver-card-10490-benefit-19 | naver-card-10490-benefit-20 | naver-card-10490-benefit-21 | naver-card-10490-benefit-22 | naver-card-10490-benefit-23 | naver-card-10490-benefit-24 | naver-card-10490-benefit-25 | naver-card-10490-benefit-26 | naver-card-10490-benefit-27 | naver-card-10490-benefit-28 | naver-card-10490-benefit-29 | naver-card-10490-benefit-30 | naver-card-10490-benefit-31 | naver-card-10490-benefit-32 | naver-card-10490-benefit-33 | naver-card-10490-benefit-34 | naver-card-10490-benefit-35 | naver-card-10490-benefit-36 | naver-card-10490-benefit-37 | naver-card-10490-benefit-38 | naver-card-10490-benefit-39 | naver-card-10490-benefit-40 | naver-card-10490-benefit-41 | naver-card-10490-benefit-42 | naver-card-10490-benefit-43 | naver-card-10490-benefit-44 | naver-card-10490-benefit-45 | naver-card-10490-benefit-46 | naver-card-10490-benefit-47 | naver-card-10490-benefit-48 | naver-card-10490-benefit-49 | naver-card-10490-benefit-50 | naver-card-10490-benefit-51 | naver-card-10490-benefit-52 | naver-card-10490-benefit-53 | naver-card-10490-benefit-54 | naver-card-10490-benefit-55 | naver-card-10490-benefit-56 | naver-card-10490-benefit-57 | naver-card-10490-benefit-58 | naver-card-10490-benefit-59 | naver-card-10490-benefit-60 | naver-card-10490-benefit-61 | naver-card-10490-benefit-62 | naver-card-10490-benefit-63 | naver-card-10490-benefit-64 | naver-card-10490-benefit-65 | naver-card-10490-benefit-66 | naver-card-10490-benefit-67 | naver-card-10490-benefit-68 | naver-card-10490-benefit-69 | naver-card-10490-benefit-70 | naver-card-10490-benefit-71 | naver-card-10490-benefit-72 | naver-card-10490-benefit-73 | naver-card-10490-benefit-74 | naver-card-10490-benefit-75 | naver-card-10490-benefit-76 | naver-card-10490-benefit-77 | naver-card-10490-benefit-78 | naver-card-10490-benefit-79 | naver-card-10490-benefit-80 | naver-card-10490-benefit-81 | naver-card-10490-benefit-82 | naver-card-10490-benefit-83 | naver-card-10490-benefit-84 | naver-card-10490-benefit-85 | naver-card-10490-benefit-86 | naver-card-10490-benefit-87 | naver-card-10490-benefit-88 | naver-card-10490-benefit-89 | naver-card-10490-benefit-90 | naver-card-10490-benefit-91 | naver-card-10490-benefit-92 | naver-card-10490-benefit-93 | naver-card-10490-benefit-94 | naver-card-10490-benefit-95 | naver-card-10490-benefit-96 | naver-card-10490-benefit-97 | naver-card-10490-benefit-98 | naver-card-10490-benefit-99 | naver-card-10490-benefit-100 | naver-card-10490-benefit-101 | naver-card-10490-benefit-102 | naver-card-10490-benefit-103 | naver-card-10490-benefit-104 | naver-card-10490-benefit-105 | naver-card-10490-benefit-106 | naver-card-10490-benefit-107 | naver-card-10490-benefit-108 | naver-card-10490-benefit-109 | naver-card-10490-benefit-110 | naver-card-10490-benefit-111 | naver-card-10490-benefit-112","false","fallback_from_existing_normalized_card","2026-06-11T13:04:13.065Z"
"naver-card-10402-tier-1-400000-main-cap","naver-card-10402","main_monthly_cap","naver-card-10402-tier-1-400000","1000","naver-card-10402-benefit-1 | naver-card-10402-benefit-2 | naver-card-10402-benefit-3 | naver-card-10402-benefit-4 | naver-card-10402-benefit-5 | naver-card-10402-benefit-6 | naver-card-10402-benefit-7 | naver-card-10402-benefit-8 | naver-card-10402-benefit-9 | naver-card-10402-benefit-10 | naver-card-10402-benefit-11 | naver-card-10402-benefit-12 | naver-card-10402-benefit-13 | naver-card-10402-benefit-14 | naver-card-10402-benefit-15 | naver-card-10402-benefit-16 | naver-card-10402-benefit-17 | naver-card-10402-benefit-18 | naver-card-10402-benefit-19 | naver-card-10402-benefit-20 | naver-card-10402-benefit-21 | naver-card-10402-benefit-22 | naver-card-10402-benefit-23 | naver-card-10402-benefit-24 | naver-card-10402-benefit-25 | naver-card-10402-benefit-26 | naver-card-10402-benefit-27 | naver-card-10402-benefit-28 | naver-card-10402-benefit-29 | naver-card-10402-benefit-30 | naver-card-10402-benefit-31 | naver-card-10402-benefit-32 | naver-card-10402-benefit-33 | naver-card-10402-benefit-34 | naver-card-10402-benefit-35 | naver-card-10402-benefit-36 | naver-card-10402-benefit-37 | naver-card-10402-benefit-38 | naver-card-10402-benefit-39 | naver-card-10402-benefit-40 | naver-card-10402-benefit-41 | naver-card-10402-benefit-42 | naver-card-10402-benefit-43 | naver-card-10402-benefit-44 | naver-card-10402-benefit-45 | naver-card-10402-benefit-46 | naver-card-10402-benefit-47 | naver-card-10402-benefit-48 | naver-card-10402-benefit-49 | naver-card-10402-benefit-50 | naver-card-10402-benefit-51 | naver-card-10402-benefit-52 | naver-card-10402-benefit-53 | naver-card-10402-benefit-54 | naver-card-10402-benefit-55 | naver-card-10402-benefit-56 | naver-card-10402-benefit-57 | naver-card-10402-benefit-58 | naver-card-10402-benefit-59 | naver-card-10402-benefit-60 | naver-card-10402-benefit-61 | naver-card-10402-benefit-62 | naver-card-10402-benefit-63 | naver-card-10402-benefit-64 | naver-card-10402-benefit-65 | naver-card-10402-benefit-66 | naver-card-10402-benefit-67 | naver-card-10402-benefit-68 | naver-card-10402-benefit-69 | naver-card-10402-benefit-70 | naver-card-10402-benefit-71 | naver-card-10402-benefit-72 | naver-card-10402-benefit-73 | naver-card-10402-benefit-74 | naver-card-10402-benefit-75 | naver-card-10402-benefit-76 | naver-card-10402-benefit-77 | naver-card-10402-benefit-78 | naver-card-10402-benefit-79 | naver-card-10402-benefit-80 | naver-card-10402-benefit-81 | naver-card-10402-benefit-82 | naver-card-10402-benefit-83 | naver-card-10402-benefit-84 | naver-card-10402-benefit-85 | naver-card-10402-benefit-86 | naver-card-10402-benefit-87 | naver-card-10402-benefit-88","false","fallback_from_existing_normalized_card","2026-06-11T13:04:13.065Z"
"naver-card-10327-tier-1-400000-main-cap","naver-card-10327","main_monthly_cap","naver-card-10327-tier-1-400000","10000","naver-card-10327-benefit-1 | naver-card-10327-benefit-2 | naver-card-10327-benefit-3 | naver-card-10327-benefit-4 | naver-card-10327-benefit-5 | naver-card-10327-benefit-6 | naver-card-10327-benefit-7 | naver-card-10327-benefit-8 | naver-card-10327-benefit-9 | naver-card-10327-benefit-10 | naver-card-10327-benefit-11 | naver-card-10327-benefit-12 | naver-card-10327-benefit-13 | naver-card-10327-benefit-14 | naver-card-10327-benefit-15 | naver-card-10327-benefit-16 | naver-card-10327-benefit-17 | naver-card-10327-benefit-18 | naver-card-10327-benefit-19 | naver-card-10327-benefit-20 | naver-card-10327-benefit-21 | naver-card-10327-benefit-22 | naver-card-10327-benefit-23 | naver-card-10327-benefit-24 | naver-card-10327-benefit-25 | naver-card-10327-benefit-26 | naver-card-10327-benefit-27 | naver-card-10327-benefit-28 | naver-card-10327-benefit-29 | naver-card-10327-benefit-30 | naver-card-10327-benefit-31 | naver-card-10327-benefit-32 | naver-card-10327-benefit-33 | naver-card-10327-benefit-34 | naver-card-10327-benefit-35 | naver-card-10327-benefit-36 | naver-card-10327-benefit-37 | naver-card-10327-benefit-38 | naver-card-10327-benefit-39 | naver-card-10327-benefit-40 | naver-card-10327-benefit-41 | naver-card-10327-benefit-42 | naver-card-10327-benefit-43 | naver-card-10327-benefit-44 | naver-card-10327-benefit-45 | naver-card-10327-benefit-46 | naver-card-10327-benefit-47 | naver-card-10327-benefit-48","false","fallback_from_existing_normalized_card","2026-06-11T13:04:13.065Z"
"naver-card-10409-tier-1-500000-main-cap","naver-card-10409","main_monthly_cap","naver-card-10409-tier-1-500000","90000","naver-card-10409-benefit-1 | naver-card-10409-benefit-2 | naver-card-10409-benefit-3 | naver-card-10409-benefit-4 | naver-card-10409-benefit-5 | naver-card-10409-benefit-6 | naver-card-10409-benefit-7 | naver-card-10409-benefit-8 | naver-card-10409-benefit-9 | naver-card-10409-benefit-10 | naver-card-10409-benefit-11 | naver-card-10409-benefit-12 | naver-card-10409-benefit-13 | naver-card-10409-benefit-14 | naver-card-10409-benefit-15 | naver-card-10409-benefit-16 | naver-card-10409-benefit-17 | naver-card-10409-benefit-18 | naver-card-10409-benefit-19 | naver-card-10409-benefit-20 | naver-card-10409-benefit-21 | naver-card-10409-benefit-22 | naver-card-10409-benefit-23 | naver-card-10409-benefit-24 | naver-card-10409-benefit-25 | naver-card-10409-benefit-26 | naver-card-10409-benefit-27 | naver-card-10409-benefit-28 | naver-card-10409-benefit-29 | naver-card-10409-benefit-30 | naver-card-10409-benefit-31 | naver-card-10409-benefit-32 | naver-card-10409-benefit-33 | naver-card-10409-benefit-34 | naver-card-10409-benefit-35 | naver-card-10409-benefit-36 | naver-card-10409-benefit-37 | naver-card-10409-benefit-38 | naver-card-10409-benefit-39 | naver-card-10409-benefit-40 | naver-card-10409-benefit-41 | naver-card-10409-benefit-42 | naver-card-10409-benefit-43 | naver-card-10409-benefit-44 | naver-card-10409-benefit-45 | naver-card-10409-benefit-46 | naver-card-10409-benefit-47 | naver-card-10409-benefit-48 | naver-card-10409-benefit-49 | naver-card-10409-benefit-50 | naver-card-10409-benefit-51 | naver-card-10409-benefit-52 | naver-card-10409-benefit-53 | naver-card-10409-benefit-54 | naver-card-10409-benefit-55 | naver-card-10409-benefit-56 | naver-card-10409-benefit-57 | naver-card-10409-benefit-58 | naver-card-10409-benefit-59 | naver-card-10409-benefit-60 | naver-card-10409-benefit-61 | naver-card-10409-benefit-62 | naver-card-10409-benefit-63 | naver-card-10409-benefit-64 | naver-card-10409-benefit-65 | naver-card-10409-benefit-66 | naver-card-10409-benefit-67 | naver-card-10409-benefit-68 | naver-card-10409-benefit-69 | naver-card-10409-benefit-70 | naver-card-10409-benefit-71 | naver-card-10409-benefit-72 | naver-card-10409-benefit-73 | naver-card-10409-benefit-74 | naver-card-10409-benefit-75 | naver-card-10409-benefit-76 | naver-card-10409-benefit-77 | naver-card-10409-benefit-78 | naver-card-10409-benefit-79 | naver-card-10409-benefit-80","false","fallback_from_existing_normalized_card","2026-06-11T13:04:13.065Z"
"naver-card-10444-tier-1-400000-main-cap","naver-card-10444","main_monthly_cap","naver-card-10444-tier-1-400000","30000","naver-card-10444-benefit-1 | naver-card-10444-benefit-2 | naver-card-10444-benefit-3 | naver-card-10444-benefit-4 | naver-card-10444-benefit-5 | naver-card-10444-benefit-6 | naver-card-10444-benefit-7 | naver-card-10444-benefit-8 | naver-card-10444-benefit-9 | naver-card-10444-benefit-10 | naver-card-10444-benefit-11 | naver-card-10444-benefit-12 | naver-card-10444-benefit-13 | naver-card-10444-benefit-14 | naver-card-10444-benefit-15 | naver-card-10444-benefit-16 | naver-card-10444-benefit-17 | naver-card-10444-benefit-18 | naver-card-10444-benefit-19 | naver-card-10444-benefit-20 | naver-card-10444-benefit-21 | naver-card-10444-benefit-22 | naver-card-10444-benefit-23 | naver-card-10444-benefit-24 | naver-card-10444-benefit-25 | naver-card-10444-benefit-26 | naver-card-10444-benefit-27 | naver-card-10444-benefit-28 | naver-card-10444-benefit-29 | naver-card-10444-benefit-30 | naver-card-10444-benefit-31 | naver-card-10444-benefit-32 | naver-card-10444-benefit-33 | naver-card-10444-benefit-34 | naver-card-10444-benefit-35 | naver-card-10444-benefit-36 | naver-card-10444-benefit-37 | naver-card-10444-benefit-38 | naver-card-10444-benefit-39 | naver-card-10444-benefit-40 | naver-card-10444-benefit-41 | naver-card-10444-benefit-42 | naver-card-10444-benefit-43 | naver-card-10444-benefit-44 | naver-card-10444-benefit-45 | naver-card-10444-benefit-46 | naver-card-10444-benefit-47 | naver-card-10444-benefit-48 | naver-card-10444-benefit-49 | naver-card-10444-benefit-50 | naver-card-10444-benefit-51 | naver-card-10444-benefit-52","false","fallback_from_existing_normalized_card","2026-06-11T13:04:13.065Z"
"naver-card-1292-tier-1-300000-main-cap","naver-card-1292","main_monthly_cap","naver-card-1292-tier-1-300000","300000","naver-card-1292-benefit-1 | naver-card-1292-benefit-2 | naver-card-1292-benefit-3 | naver-card-1292-benefit-4 | naver-card-1292-benefit-5 | naver-card-1292-benefit-6 | naver-card-1292-benefit-7 | naver-card-1292-benefit-8 | naver-card-1292-benefit-9 | naver-card-1292-benefit-10 | naver-card-1292-benefit-11 | naver-card-1292-benefit-12 | naver-card-1292-benefit-13 | naver-card-1292-benefit-14 | naver-card-1292-benefit-15 | naver-card-1292-benefit-16 | naver-card-1292-benefit-17 | naver-card-1292-benefit-18 | naver-card-1292-benefit-19 | naver-card-1292-benefit-20 | naver-card-1292-benefit-21 | naver-card-1292-benefit-22 | naver-card-1292-benefit-23 | naver-card-1292-benefit-24 | naver-card-1292-benefit-25 | naver-card-1292-benefit-26 | naver-card-1292-benefit-27 | naver-card-1292-benefit-28 | naver-card-1292-benefit-29 | naver-card-1292-benefit-30 | naver-card-1292-benefit-31 | naver-card-1292-benefit-32 | naver-card-1292-benefit-33 | naver-card-1292-benefit-34 | naver-card-1292-benefit-35 | naver-card-1292-benefit-36 | naver-card-1292-benefit-37 | naver-card-1292-benefit-38 | naver-card-1292-benefit-39 | naver-card-1292-benefit-40 | naver-card-1292-benefit-41 | naver-card-1292-benefit-42 | naver-card-1292-benefit-43","false","fallback_from_existing_normalized_card","2026-06-11T13:04:13.065Z"
"naver-card-10201-tier-1-300000-main-cap","naver-card-10201","main_monthly_cap","naver-card-10201-tier-1-300000","300000","naver-card-10201-benefit-1 | naver-card-10201-benefit-2 | naver-card-10201-benefit-3 | naver-card-10201-benefit-4 | naver-card-10201-benefit-5 | naver-card-10201-benefit-6 | naver-card-10201-benefit-7 | naver-card-10201-benefit-8 | naver-card-10201-benefit-9 | naver-card-10201-benefit-10 | naver-card-10201-benefit-11 | naver-card-10201-benefit-12 | naver-card-10201-benefit-13 | naver-card-10201-benefit-14 | naver-card-10201-benefit-15 | naver-card-10201-benefit-16 | naver-card-10201-benefit-17 | naver-card-10201-benefit-18 | naver-card-10201-benefit-19 | naver-card-10201-benefit-20 | naver-card-10201-benefit-21 | naver-card-10201-benefit-22 | naver-card-10201-benefit-23 | naver-card-10201-benefit-24 | naver-card-10201-benefit-25 | naver-card-10201-benefit-26 | naver-card-10201-benefit-27 | naver-card-10201-benefit-28 | naver-card-10201-benefit-29 | naver-card-10201-benefit-30 | naver-card-10201-benefit-31 | naver-card-10201-benefit-32 | naver-card-10201-benefit-33 | naver-card-10201-benefit-34 | naver-card-10201-benefit-35 | naver-card-10201-benefit-36 | naver-card-10201-benefit-37 | naver-card-10201-benefit-38 | naver-card-10201-benefit-39 | naver-card-10201-benefit-40 | naver-card-10201-benefit-41 | naver-card-10201-benefit-42 | naver-card-10201-benefit-43 | naver-card-10201-benefit-44 | naver-card-10201-benefit-45","false","fallback_from_existing_normalized_card","2026-06-11T13:04:13.065Z"
"naver-card-10345-tier-1-300000-main-cap","naver-card-10345","main_monthly_cap","naver-card-10345-tier-1-300000","50000","naver-card-10345-benefit-1 | naver-card-10345-benefit-2 | naver-card-10345-benefit-3 | naver-card-10345-benefit-4 | naver-card-10345-benefit-5 | naver-card-10345-benefit-6 | naver-card-10345-benefit-7 | naver-card-10345-benefit-8 | naver-card-10345-benefit-9 | naver-card-10345-benefit-10 | naver-card-10345-benefit-11 | naver-card-10345-benefit-12 | naver-card-10345-benefit-13 | naver-card-10345-benefit-14 | naver-card-10345-benefit-15 | naver-card-10345-benefit-16 | naver-card-10345-benefit-17 | naver-card-10345-benefit-18 | naver-card-10345-benefit-19 | naver-card-10345-benefit-20 | naver-card-10345-benefit-21 | naver-card-10345-benefit-22 | naver-card-10345-benefit-23 | naver-card-10345-benefit-24 | naver-card-10345-benefit-25 | naver-card-10345-benefit-26 | naver-card-10345-benefit-27 | naver-card-10345-benefit-28 | naver-card-10345-benefit-29 | naver-card-10345-benefit-30 | naver-card-10345-benefit-31 | naver-card-10345-benefit-32 | naver-card-10345-benefit-33 | naver-card-10345-benefit-34 | naver-card-10345-benefit-35 | naver-card-10345-benefit-36 | naver-card-10345-benefit-37 | naver-card-10345-benefit-38 | naver-card-10345-benefit-39","false","fallback_from_existing_normalized_card","2026-06-11T13:04:13.065Z"
"naver-card-10286-tier-1-500000-main-cap","naver-card-10286","main_monthly_cap","naver-card-10286-tier-1-500000","1000","naver-card-10286-benefit-1 | naver-card-10286-benefit-2 | naver-card-10286-benefit-3 | naver-card-10286-benefit-4 | naver-card-10286-benefit-5 | naver-card-10286-benefit-6 | naver-card-10286-benefit-7 | naver-card-10286-benefit-8 | naver-card-10286-benefit-9 | naver-card-10286-benefit-10 | naver-card-10286-benefit-11 | naver-card-10286-benefit-12 | naver-card-10286-benefit-13 | naver-card-10286-benefit-14 | naver-card-10286-benefit-15 | naver-card-10286-benefit-16 | naver-card-10286-benefit-17 | naver-card-10286-benefit-18 | naver-card-10286-benefit-19 | naver-card-10286-benefit-20 | naver-card-10286-benefit-21","false","fallback_from_existing_normalized_card","2026-06-11T13:04:13.065Z"
"naver-card-10045-tier-1-300000-main-cap","naver-card-10045","main_monthly_cap","naver-card-10045-tier-1-300000","300000","naver-card-10045-benefit-1 | naver-card-10045-benefit-2 | naver-card-10045-benefit-3 | naver-card-10045-benefit-4 | naver-card-10045-benefit-5 | naver-card-10045-benefit-6 | naver-card-10045-benefit-7 | naver-card-10045-benefit-8 | naver-card-10045-benefit-9 | naver-card-10045-benefit-10 | naver-card-10045-benefit-11 | naver-card-10045-benefit-12 | naver-card-10045-benefit-13 | naver-card-10045-benefit-14 | naver-card-10045-benefit-15 | naver-card-10045-benefit-16 | naver-card-10045-benefit-17 | naver-card-10045-benefit-18 | naver-card-10045-benefit-19 | naver-card-10045-benefit-20 | naver-card-10045-benefit-21 | naver-card-10045-benefit-22 | naver-card-10045-benefit-23 | naver-card-10045-benefit-24 | naver-card-10045-benefit-25 | naver-card-10045-benefit-26 | naver-card-10045-benefit-27 | naver-card-10045-benefit-28 | naver-card-10045-benefit-29 | naver-card-10045-benefit-30 | naver-card-10045-benefit-31 | naver-card-10045-benefit-32 | naver-card-10045-benefit-33 | naver-card-10045-benefit-34 | naver-card-10045-benefit-35 | naver-card-10045-benefit-36 | naver-card-10045-benefit-37 | naver-card-10045-benefit-38 | naver-card-10045-benefit-39 | naver-card-10045-benefit-40 | naver-card-10045-benefit-41 | naver-card-10045-benefit-42 | naver-card-10045-benefit-43 | naver-card-10045-benefit-44 | naver-card-10045-benefit-45 | naver-card-10045-benefit-46 | naver-card-10045-benefit-47 | naver-card-10045-benefit-48 | naver-card-10045-benefit-49","false","fallback_from_existing_normalized_card","2026-06-11T13:04:13.065Z"
"naver-card-10612-tier-1-500000-main-cap","naver-card-10612","main_monthly_cap","naver-card-10612-tier-1-500000","5000","naver-card-10612-benefit-1 | naver-card-10612-benefit-2 | naver-card-10612-benefit-3 | naver-card-10612-benefit-4 | naver-card-10612-benefit-5 | naver-card-10612-benefit-6 | naver-card-10612-benefit-7 | naver-card-10612-benefit-8 | naver-card-10612-benefit-9 | naver-card-10612-benefit-10 | naver-card-10612-benefit-11 | naver-card-10612-benefit-12 | naver-card-10612-benefit-13 | naver-card-10612-benefit-14 | naver-card-10612-benefit-15 | naver-card-10612-benefit-16 | naver-card-10612-benefit-17 | naver-card-10612-benefit-18 | naver-card-10612-benefit-19 | naver-card-10612-benefit-20 | naver-card-10612-benefit-21 | naver-card-10612-benefit-22 | naver-card-10612-benefit-23 | naver-card-10612-benefit-24 | naver-card-10612-benefit-25 | naver-card-10612-benefit-26 | naver-card-10612-benefit-27 | naver-card-10612-benefit-28","false","fallback_from_existing_normalized_card","2026-06-11T13:04:13.065Z"
"naver-card-10592-tier-1-400000-main-cap","naver-card-10592","main_monthly_cap","naver-card-10592-tier-1-400000","15000","naver-card-10592-benefit-1 | naver-card-10592-benefit-2 | naver-card-10592-benefit-3 | naver-card-10592-benefit-4 | naver-card-10592-benefit-5 | naver-card-10592-benefit-6 | naver-card-10592-benefit-7 | naver-card-10592-benefit-8 | naver-card-10592-benefit-9 | naver-card-10592-benefit-10 | naver-card-10592-benefit-11 | naver-card-10592-benefit-12 | naver-card-10592-benefit-13 | naver-card-10592-benefit-14 | naver-card-10592-benefit-15 | naver-card-10592-benefit-16 | naver-card-10592-benefit-17 | naver-card-10592-benefit-18 | naver-card-10592-benefit-19 | naver-card-10592-benefit-20 | naver-card-10592-benefit-21 | naver-card-10592-benefit-22 | naver-card-10592-benefit-23 | naver-card-10592-benefit-24 | naver-card-10592-benefit-25 | naver-card-10592-benefit-26 | naver-card-10592-benefit-27 | naver-card-10592-benefit-28 | naver-card-10592-benefit-29 | naver-card-10592-benefit-30 | naver-card-10592-benefit-31 | naver-card-10592-benefit-32 | naver-card-10592-benefit-33","false","fallback_from_existing_normalized_card","2026-06-11T13:04:13.065Z"
"naver-card-10536-tier-1-500000-main-cap","naver-card-10536","main_monthly_cap","naver-card-10536-tier-1-500000","1500","naver-card-10536-benefit-1 | naver-card-10536-benefit-2 | naver-card-10536-benefit-3 | naver-card-10536-benefit-4 | naver-card-10536-benefit-5 | naver-card-10536-benefit-6 | naver-card-10536-benefit-7 | naver-card-10536-benefit-8 | naver-card-10536-benefit-9 | naver-card-10536-benefit-10 | naver-card-10536-benefit-11 | naver-card-10536-benefit-12 | naver-card-10536-benefit-13 | naver-card-10536-benefit-14 | naver-card-10536-benefit-15 | naver-card-10536-benefit-16 | naver-card-10536-benefit-17 | naver-card-10536-benefit-18 | naver-card-10536-benefit-19 | naver-card-10536-benefit-20 | naver-card-10536-benefit-21 | naver-card-10536-benefit-22 | naver-card-10536-benefit-23 | naver-card-10536-benefit-24 | naver-card-10536-benefit-25 | naver-card-10536-benefit-26 | naver-card-10536-benefit-27 | naver-card-10536-benefit-28 | naver-card-10536-benefit-29 | naver-card-10536-benefit-30 | naver-card-10536-benefit-31 | naver-card-10536-benefit-32 | naver-card-10536-benefit-33 | naver-card-10536-benefit-34 | naver-card-10536-benefit-35 | naver-card-10536-benefit-36 | naver-card-10536-benefit-37 | naver-card-10536-benefit-38 | naver-card-10536-benefit-39 | naver-card-10536-benefit-40 | naver-card-10536-benefit-41 | naver-card-10536-benefit-42 | naver-card-10536-benefit-43 | naver-card-10536-benefit-44 | naver-card-10536-benefit-45 | naver-card-10536-benefit-46 | naver-card-10536-benefit-47","false","fallback_from_existing_normalized_card","2026-06-11T13:04:13.065Z"
"naver-card-10593-tier-1-0-main-cap","naver-card-10593","main_monthly_cap","naver-card-10593-tier-1-0","10000","naver-card-10593-benefit-1 | naver-card-10593-benefit-2 | naver-card-10593-benefit-3 | naver-card-10593-benefit-4 | naver-card-10593-benefit-5 | naver-card-10593-benefit-6 | naver-card-10593-benefit-7 | naver-card-10593-benefit-8 | naver-card-10593-benefit-9 | naver-card-10593-benefit-10 | naver-card-10593-benefit-11 | naver-card-10593-benefit-12 | naver-card-10593-benefit-13 | naver-card-10593-benefit-14 | naver-card-10593-benefit-15","false","fallback_from_existing_normalized_card","2026-06-11T13:04:13.065Z"
"naver-card-10512-tier-1-500000-main-cap","naver-card-10512","main_monthly_cap","naver-card-10512-tier-1-500000","4000","naver-card-10512-benefit-1 | naver-card-10512-benefit-2 | naver-card-10512-benefit-3 | naver-card-10512-benefit-4 | naver-card-10512-benefit-5 | naver-card-10512-benefit-6 | naver-card-10512-benefit-7 | naver-card-10512-benefit-8 | naver-card-10512-benefit-9 | naver-card-10512-benefit-10 | naver-card-10512-benefit-11 | naver-card-10512-benefit-12 | naver-card-10512-benefit-13 | naver-card-10512-benefit-14 | naver-card-10512-benefit-15 | naver-card-10512-benefit-16 | naver-card-10512-benefit-17 | naver-card-10512-benefit-18 | naver-card-10512-benefit-19 | naver-card-10512-benefit-20 | naver-card-10512-benefit-21 | naver-card-10512-benefit-22 | naver-card-10512-benefit-23 | naver-card-10512-benefit-24 | naver-card-10512-benefit-25 | naver-card-10512-benefit-26 | naver-card-10512-benefit-27 | naver-card-10512-benefit-28 | naver-card-10512-benefit-29 | naver-card-10512-benefit-30 | naver-card-10512-benefit-31 | naver-card-10512-benefit-32 | naver-card-10512-benefit-33 | naver-card-10512-benefit-34 | naver-card-10512-benefit-35 | naver-card-10512-benefit-36 | naver-card-10512-benefit-37 | naver-card-10512-benefit-38 | naver-card-10512-benefit-39 | naver-card-10512-benefit-40 | naver-card-10512-benefit-41 | naver-card-10512-benefit-42 | naver-card-10512-benefit-43 | naver-card-10512-benefit-44 | naver-card-10512-benefit-45 | naver-card-10512-benefit-46 | naver-card-10512-benefit-47 | naver-card-10512-benefit-48","false","fallback_from_existing_normalized_card","2026-06-11T13:04:13.065Z"
"naver-card-10403-tier-1-0-main-cap","naver-card-10403","main_monthly_cap","naver-card-10403-tier-1-0","12000","naver-card-10403-benefit-1 | naver-card-10403-benefit-2 | naver-card-10403-benefit-3 | naver-card-10403-benefit-4 | naver-card-10403-benefit-5 | naver-card-10403-benefit-6 | naver-card-10403-benefit-7 | naver-card-10403-benefit-8 | naver-card-10403-benefit-9 | naver-card-10403-benefit-10 | naver-card-10403-benefit-11 | naver-card-10403-benefit-12 | naver-card-10403-benefit-13 | naver-card-10403-benefit-14 | naver-card-10403-benefit-15 | naver-card-10403-benefit-16 | naver-card-10403-benefit-17 | naver-card-10403-benefit-18 | naver-card-10403-benefit-19 | naver-card-10403-benefit-20 | naver-card-10403-benefit-21 | naver-card-10403-benefit-22 | naver-card-10403-benefit-23 | naver-card-10403-benefit-24 | naver-card-10403-benefit-25 | naver-card-10403-benefit-26 | naver-card-10403-benefit-27 | naver-card-10403-benefit-28 | naver-card-10403-benefit-29 | naver-card-10403-benefit-30 | naver-card-10403-benefit-31 | naver-card-10403-benefit-32 | naver-card-10403-benefit-33 | naver-card-10403-benefit-34 | naver-card-10403-benefit-35 | naver-card-10403-benefit-36 | naver-card-10403-benefit-37 | naver-card-10403-benefit-38 | naver-card-10403-benefit-39 | naver-card-10403-benefit-40 | naver-card-10403-benefit-41 | naver-card-10403-benefit-42 | naver-card-10403-benefit-43 | naver-card-10403-benefit-44 | naver-card-10403-benefit-45 | naver-card-10403-benefit-46 | naver-card-10403-benefit-47 | naver-card-10403-benefit-48 | naver-card-10403-benefit-49 | naver-card-10403-benefit-50 | naver-card-10403-benefit-51 | naver-card-10403-benefit-52 | naver-card-10403-benefit-53 | naver-card-10403-benefit-54 | naver-card-10403-benefit-55 | naver-card-10403-benefit-56 | naver-card-10403-benefit-57 | naver-card-10403-benefit-58 | naver-card-10403-benefit-59 | naver-card-10403-benefit-60 | naver-card-10403-benefit-61 | naver-card-10403-benefit-62 | naver-card-10403-benefit-63 | naver-card-10403-benefit-64 | naver-card-10403-benefit-65","false","fallback_from_existing_normalized_card","2026-06-11T13:04:13.065Z"
"naver-card-10344-tier-1-300000-main-cap","naver-card-10344","main_monthly_cap","naver-card-10344-tier-1-300000","11000","naver-card-10344-benefit-1 | naver-card-10344-benefit-2 | naver-card-10344-benefit-3 | naver-card-10344-benefit-4 | naver-card-10344-benefit-5 | naver-card-10344-benefit-6 | naver-card-10344-benefit-7 | naver-card-10344-benefit-8 | naver-card-10344-benefit-9 | naver-card-10344-benefit-10 | naver-card-10344-benefit-11 | naver-card-10344-benefit-12 | naver-card-10344-benefit-13 | naver-card-10344-benefit-14 | naver-card-10344-benefit-15 | naver-card-10344-benefit-16 | naver-card-10344-benefit-17 | naver-card-10344-benefit-18 | naver-card-10344-benefit-19 | naver-card-10344-benefit-20 | naver-card-10344-benefit-21 | naver-card-10344-benefit-22 | naver-card-10344-benefit-23 | naver-card-10344-benefit-24 | naver-card-10344-benefit-25","false","fallback_from_existing_normalized_card","2026-06-11T13:04:13.065Z"
"naver-card-10492-tier-1-500000-main-cap","naver-card-10492","main_monthly_cap","naver-card-10492-tier-1-500000","36000","naver-card-10492-benefit-1 | naver-card-10492-benefit-2 | naver-card-10492-benefit-3 | naver-card-10492-benefit-4 | naver-card-10492-benefit-5 | naver-card-10492-benefit-6 | naver-card-10492-benefit-7 | naver-card-10492-benefit-8 | naver-card-10492-benefit-9 | naver-card-10492-benefit-10 | naver-card-10492-benefit-11 | naver-card-10492-benefit-12 | naver-card-10492-benefit-13 | naver-card-10492-benefit-14 | naver-card-10492-benefit-15 | naver-card-10492-benefit-16 | naver-card-10492-benefit-17 | naver-card-10492-benefit-18 | naver-card-10492-benefit-19 | naver-card-10492-benefit-20 | naver-card-10492-benefit-21 | naver-card-10492-benefit-22 | naver-card-10492-benefit-23 | naver-card-10492-benefit-24 | naver-card-10492-benefit-25 | naver-card-10492-benefit-26 | naver-card-10492-benefit-27 | naver-card-10492-benefit-28 | naver-card-10492-benefit-29 | naver-card-10492-benefit-30 | naver-card-10492-benefit-31 | naver-card-10492-benefit-32 | naver-card-10492-benefit-33 | naver-card-10492-benefit-34 | naver-card-10492-benefit-35 | naver-card-10492-benefit-36 | naver-card-10492-benefit-37 | naver-card-10492-benefit-38 | naver-card-10492-benefit-39 | naver-card-10492-benefit-40 | naver-card-10492-benefit-41 | naver-card-10492-benefit-42 | naver-card-10492-benefit-43 | naver-card-10492-benefit-44 | naver-card-10492-benefit-45 | naver-card-10492-benefit-46 | naver-card-10492-benefit-47 | naver-card-10492-benefit-48 | naver-card-10492-benefit-49 | naver-card-10492-benefit-50 | naver-card-10492-benefit-51 | naver-card-10492-benefit-52 | naver-card-10492-benefit-53 | naver-card-10492-benefit-54 | naver-card-10492-benefit-55 | naver-card-10492-benefit-56 | naver-card-10492-benefit-57 | naver-card-10492-benefit-58 | naver-card-10492-benefit-59 | naver-card-10492-benefit-60 | naver-card-10492-benefit-61 | naver-card-10492-benefit-62 | naver-card-10492-benefit-63 | naver-card-10492-benefit-64 | naver-card-10492-benefit-65 | naver-card-10492-benefit-66 | naver-card-10492-benefit-67 | naver-card-10492-benefit-68 | naver-card-10492-benefit-69 | naver-card-10492-benefit-70 | naver-card-10492-benefit-71 | naver-card-10492-benefit-72 | naver-card-10492-benefit-73 | naver-card-10492-benefit-74 | naver-card-10492-benefit-75 | naver-card-10492-benefit-76 | naver-card-10492-benefit-77 | naver-card-10492-benefit-78 | naver-card-10492-benefit-79 | naver-card-10492-benefit-80 | naver-card-10492-benefit-81 | naver-card-10492-benefit-82 | naver-card-10492-benefit-83 | naver-card-10492-benefit-84 | naver-card-10492-benefit-85 | naver-card-10492-benefit-86 | naver-card-10492-benefit-87 | naver-card-10492-benefit-88 | naver-card-10492-benefit-89 | naver-card-10492-benefit-90 | naver-card-10492-benefit-91 | naver-card-10492-benefit-92 | naver-card-10492-benefit-93 | naver-card-10492-benefit-94 | naver-card-10492-benefit-95 | naver-card-10492-benefit-96 | naver-card-10492-benefit-97 | naver-card-10492-benefit-98 | naver-card-10492-benefit-99","false","fallback_from_existing_normalized_card","2026-06-11T13:04:13.065Z"
"naver-card-10538-tier-1-500000-main-cap","naver-card-10538","main_monthly_cap","naver-card-10538-tier-1-500000","50000","naver-card-10538-benefit-1 | naver-card-10538-benefit-2 | naver-card-10538-benefit-3 | naver-card-10538-benefit-4 | naver-card-10538-benefit-5 | naver-card-10538-benefit-6 | naver-card-10538-benefit-7 | naver-card-10538-benefit-8 | naver-card-10538-benefit-9 | naver-card-10538-benefit-10 | naver-card-10538-benefit-11 | naver-card-10538-benefit-12 | naver-card-10538-benefit-13 | naver-card-10538-benefit-14 | naver-card-10538-benefit-15 | naver-card-10538-benefit-16 | naver-card-10538-benefit-17 | naver-card-10538-benefit-18 | naver-card-10538-benefit-19 | naver-card-10538-benefit-20 | naver-card-10538-benefit-21 | naver-card-10538-benefit-22 | naver-card-10538-benefit-23 | naver-card-10538-benefit-24 | naver-card-10538-benefit-25 | naver-card-10538-benefit-26 | naver-card-10538-benefit-27 | naver-card-10538-benefit-28 | naver-card-10538-benefit-29 | naver-card-10538-benefit-30 | naver-card-10538-benefit-31 | naver-card-10538-benefit-32 | naver-card-10538-benefit-33 | naver-card-10538-benefit-34 | naver-card-10538-benefit-35 | naver-card-10538-benefit-36 | naver-card-10538-benefit-37 | naver-card-10538-benefit-38 | naver-card-10538-benefit-39 | naver-card-10538-benefit-40 | naver-card-10538-benefit-41 | naver-card-10538-benefit-42 | naver-card-10538-benefit-43 | naver-card-10538-benefit-44 | naver-card-10538-benefit-45 | naver-card-10538-benefit-46 | naver-card-10538-benefit-47 | naver-card-10538-benefit-48 | naver-card-10538-benefit-49 | naver-card-10538-benefit-50 | naver-card-10538-benefit-51 | naver-card-10538-benefit-52 | naver-card-10538-benefit-53 | naver-card-10538-benefit-54 | naver-card-10538-benefit-55 | naver-card-10538-benefit-56 | naver-card-10538-benefit-57 | naver-card-10538-benefit-58 | naver-card-10538-benefit-59 | naver-card-10538-benefit-60 | naver-card-10538-benefit-61 | naver-card-10538-benefit-62","false","fallback_from_existing_normalized_card","2026-06-11T13:04:13.065Z"
"naver-card-10376-tier-1-400000-main-cap","naver-card-10376","main_monthly_cap","naver-card-10376-tier-1-400000","5000","naver-card-10376-benefit-1 | naver-card-10376-benefit-2 | naver-card-10376-benefit-3 | naver-card-10376-benefit-4 | naver-card-10376-benefit-5 | naver-card-10376-benefit-6 | naver-card-10376-benefit-7 | naver-card-10376-benefit-8 | naver-card-10376-benefit-9 | naver-card-10376-benefit-10 | naver-card-10376-benefit-11 | naver-card-10376-benefit-12 | naver-card-10376-benefit-13 | naver-card-10376-benefit-14 | naver-card-10376-benefit-15 | naver-card-10376-benefit-16 | naver-card-10376-benefit-17 | naver-card-10376-benefit-18 | naver-card-10376-benefit-19 | naver-card-10376-benefit-20 | naver-card-10376-benefit-21 | naver-card-10376-benefit-22 | naver-card-10376-benefit-23 | naver-card-10376-benefit-24 | naver-card-10376-benefit-25 | naver-card-10376-benefit-26 | naver-card-10376-benefit-27 | naver-card-10376-benefit-28 | naver-card-10376-benefit-29 | naver-card-10376-benefit-30 | naver-card-10376-benefit-31 | naver-card-10376-benefit-32 | naver-card-10376-benefit-33 | naver-card-10376-benefit-34 | naver-card-10376-benefit-35","false","fallback_from_existing_normalized_card","2026-06-11T13:04:13.065Z"
"naver-card-10580-tier-1-500000-main-cap","naver-card-10580","main_monthly_cap","naver-card-10580-tier-1-500000","100000","naver-card-10580-benefit-1 | naver-card-10580-benefit-2 | naver-card-10580-benefit-3 | naver-card-10580-benefit-4 | naver-card-10580-benefit-5 | naver-card-10580-benefit-6 | naver-card-10580-benefit-7 | naver-card-10580-benefit-8 | naver-card-10580-benefit-9 | naver-card-10580-benefit-10 | naver-card-10580-benefit-11 | naver-card-10580-benefit-12 | naver-card-10580-benefit-13 | naver-card-10580-benefit-14 | naver-card-10580-benefit-15 | naver-card-10580-benefit-16 | naver-card-10580-benefit-17 | naver-card-10580-benefit-18 | naver-card-10580-benefit-19 | naver-card-10580-benefit-20 | naver-card-10580-benefit-21 | naver-card-10580-benefit-22 | naver-card-10580-benefit-23 | naver-card-10580-benefit-24 | naver-card-10580-benefit-25 | naver-card-10580-benefit-26 | naver-card-10580-benefit-27 | naver-card-10580-benefit-28 | naver-card-10580-benefit-29 | naver-card-10580-benefit-30 | naver-card-10580-benefit-31 | naver-card-10580-benefit-32 | naver-card-10580-benefit-33 | naver-card-10580-benefit-34 | naver-card-10580-benefit-35 | naver-card-10580-benefit-36 | naver-card-10580-benefit-37 | naver-card-10580-benefit-38 | naver-card-10580-benefit-39 | naver-card-10580-benefit-40 | naver-card-10580-benefit-41 | naver-card-10580-benefit-42 | naver-card-10580-benefit-43 | naver-card-10580-benefit-44 | naver-card-10580-benefit-45 | naver-card-10580-benefit-46 | naver-card-10580-benefit-47 | naver-card-10580-benefit-48 | naver-card-10580-benefit-49 | naver-card-10580-benefit-50 | naver-card-10580-benefit-51 | naver-card-10580-benefit-52","false","fallback_from_existing_normalized_card","2026-06-11T13:04:13.065Z"
"naver-card-10348-tier-1-300000-main-cap","naver-card-10348","main_monthly_cap","naver-card-10348-tier-1-300000","7000","naver-card-10348-benefit-1 | naver-card-10348-benefit-2 | naver-card-10348-benefit-3 | naver-card-10348-benefit-4 | naver-card-10348-benefit-5 | naver-card-10348-benefit-6 | naver-card-10348-benefit-7 | naver-card-10348-benefit-8 | naver-card-10348-benefit-9 | naver-card-10348-benefit-10 | naver-card-10348-benefit-11 | naver-card-10348-benefit-12 | naver-card-10348-benefit-13 | naver-card-10348-benefit-14 | naver-card-10348-benefit-15 | naver-card-10348-benefit-16 | naver-card-10348-benefit-17 | naver-card-10348-benefit-18 | naver-card-10348-benefit-19 | naver-card-10348-benefit-20 | naver-card-10348-benefit-21 | naver-card-10348-benefit-22 | naver-card-10348-benefit-23 | naver-card-10348-benefit-24 | naver-card-10348-benefit-25 | naver-card-10348-benefit-26 | naver-card-10348-benefit-27 | naver-card-10348-benefit-28 | naver-card-10348-benefit-29 | naver-card-10348-benefit-30 | naver-card-10348-benefit-31 | naver-card-10348-benefit-32 | naver-card-10348-benefit-33 | naver-card-10348-benefit-34 | naver-card-10348-benefit-35 | naver-card-10348-benefit-36 | naver-card-10348-benefit-37 | naver-card-10348-benefit-38 | naver-card-10348-benefit-39 | naver-card-10348-benefit-40 | naver-card-10348-benefit-41 | naver-card-10348-benefit-42 | naver-card-10348-benefit-43 | naver-card-10348-benefit-44 | naver-card-10348-benefit-45 | naver-card-10348-benefit-46","false","fallback_from_existing_normalized_card","2026-06-11T13:04:13.065Z"
"naver-card-1692-tier-1-300000-main-cap","naver-card-1692","main_monthly_cap","naver-card-1692-tier-1-300000","10000","naver-card-1692-benefit-1 | naver-card-1692-benefit-2 | naver-card-1692-benefit-3 | naver-card-1692-benefit-4 | naver-card-1692-benefit-5 | naver-card-1692-benefit-6 | naver-card-1692-benefit-7 | naver-card-1692-benefit-8 | naver-card-1692-benefit-9 | naver-card-1692-benefit-10 | naver-card-1692-benefit-11 | naver-card-1692-benefit-12 | naver-card-1692-benefit-13 | naver-card-1692-benefit-14 | naver-card-1692-benefit-15 | naver-card-1692-benefit-16 | naver-card-1692-benefit-17 | naver-card-1692-benefit-18 | naver-card-1692-benefit-19 | naver-card-1692-benefit-20 | naver-card-1692-benefit-21 | naver-card-1692-benefit-22 | naver-card-1692-benefit-23 | naver-card-1692-benefit-24 | naver-card-1692-benefit-25 | naver-card-1692-benefit-26 | naver-card-1692-benefit-27 | naver-card-1692-benefit-28 | naver-card-1692-benefit-29 | naver-card-1692-benefit-30 | naver-card-1692-benefit-31 | naver-card-1692-benefit-32 | naver-card-1692-benefit-33","false","fallback_from_existing_normalized_card","2026-06-11T13:04:13.065Z"
"naver-card-10452-tier-1-500000-main-cap","naver-card-10452","main_monthly_cap","naver-card-10452-tier-1-500000","30000","naver-card-10452-benefit-1 | naver-card-10452-benefit-2 | naver-card-10452-benefit-3 | naver-card-10452-benefit-4 | naver-card-10452-benefit-5 | naver-card-10452-benefit-6 | naver-card-10452-benefit-7 | naver-card-10452-benefit-8 | naver-card-10452-benefit-9 | naver-card-10452-benefit-10 | naver-card-10452-benefit-11 | naver-card-10452-benefit-12 | naver-card-10452-benefit-13 | naver-card-10452-benefit-14 | naver-card-10452-benefit-15 | naver-card-10452-benefit-16 | naver-card-10452-benefit-17 | naver-card-10452-benefit-18 | naver-card-10452-benefit-19 | naver-card-10452-benefit-20 | naver-card-10452-benefit-21 | naver-card-10452-benefit-22 | naver-card-10452-benefit-23 | naver-card-10452-benefit-24 | naver-card-10452-benefit-25 | naver-card-10452-benefit-26 | naver-card-10452-benefit-27 | naver-card-10452-benefit-28 | naver-card-10452-benefit-29 | naver-card-10452-benefit-30 | naver-card-10452-benefit-31 | naver-card-10452-benefit-32 | naver-card-10452-benefit-33 | naver-card-10452-benefit-34 | naver-card-10452-benefit-35 | naver-card-10452-benefit-36 | naver-card-10452-benefit-37 | naver-card-10452-benefit-38 | naver-card-10452-benefit-39 | naver-card-10452-benefit-40 | naver-card-10452-benefit-41 | naver-card-10452-benefit-42 | naver-card-10452-benefit-43 | naver-card-10452-benefit-44 | naver-card-10452-benefit-45 | naver-card-10452-benefit-46 | naver-card-10452-benefit-47 | naver-card-10452-benefit-48 | naver-card-10452-benefit-49 | naver-card-10452-benefit-50 | naver-card-10452-benefit-51 | naver-card-10452-benefit-52 | naver-card-10452-benefit-53 | naver-card-10452-benefit-54 | naver-card-10452-benefit-55 | naver-card-10452-benefit-56 | naver-card-10452-benefit-57 | naver-card-10452-benefit-58 | naver-card-10452-benefit-59 | naver-card-10452-benefit-60 | naver-card-10452-benefit-61 | naver-card-10452-benefit-62 | naver-card-10452-benefit-63 | naver-card-10452-benefit-64 | naver-card-10452-benefit-65 | naver-card-10452-benefit-66 | naver-card-10452-benefit-67 | naver-card-10452-benefit-68 | naver-card-10452-benefit-69 | naver-card-10452-benefit-70 | naver-card-10452-benefit-71 | naver-card-10452-benefit-72 | naver-card-10452-benefit-73 | naver-card-10452-benefit-74 | naver-card-10452-benefit-75 | naver-card-10452-benefit-76 | naver-card-10452-benefit-77 | naver-card-10452-benefit-78 | naver-card-10452-benefit-79 | naver-card-10452-benefit-80 | naver-card-10452-benefit-81 | naver-card-10452-benefit-82 | naver-card-10452-benefit-83 | naver-card-10452-benefit-84 | naver-card-10452-benefit-85 | naver-card-10452-benefit-86 | naver-card-10452-benefit-87 | naver-card-10452-benefit-88 | naver-card-10452-benefit-89 | naver-card-10452-benefit-90 | naver-card-10452-benefit-91 | naver-card-10452-benefit-92 | naver-card-10452-benefit-93 | naver-card-10452-benefit-94 | naver-card-10452-benefit-95 | naver-card-10452-benefit-96 | naver-card-10452-benefit-97 | naver-card-10452-benefit-98 | naver-card-10452-benefit-99 | naver-card-10452-benefit-100 | naver-card-10452-benefit-101 | naver-card-10452-benefit-102 | naver-card-10452-benefit-103 | naver-card-10452-benefit-104 | naver-card-10452-benefit-105 | naver-card-10452-benefit-106 | naver-card-10452-benefit-107 | naver-card-10452-benefit-108 | naver-card-10452-benefit-109 | naver-card-10452-benefit-110 | naver-card-10452-benefit-111 | naver-card-10452-benefit-112 | naver-card-10452-benefit-113 | naver-card-10452-benefit-114 | naver-card-10452-benefit-115 | naver-card-10452-benefit-116","false","fallback_from_existing_normalized_card","2026-06-11T13:04:13.065Z"
"naver-card-10453-tier-1-500000-main-cap","naver-card-10453","main_monthly_cap","naver-card-10453-tier-1-500000","150000","naver-card-10453-benefit-1 | naver-card-10453-benefit-2 | naver-card-10453-benefit-3 | naver-card-10453-benefit-4 | naver-card-10453-benefit-5 | naver-card-10453-benefit-6 | naver-card-10453-benefit-7 | naver-card-10453-benefit-8 | naver-card-10453-benefit-9 | naver-card-10453-benefit-10 | naver-card-10453-benefit-11 | naver-card-10453-benefit-12 | naver-card-10453-benefit-13 | naver-card-10453-benefit-14 | naver-card-10453-benefit-15 | naver-card-10453-benefit-16 | naver-card-10453-benefit-17 | naver-card-10453-benefit-18 | naver-card-10453-benefit-19 | naver-card-10453-benefit-20 | naver-card-10453-benefit-21 | naver-card-10453-benefit-22 | naver-card-10453-benefit-23 | naver-card-10453-benefit-24 | naver-card-10453-benefit-25 | naver-card-10453-benefit-26 | naver-card-10453-benefit-27 | naver-card-10453-benefit-28 | naver-card-10453-benefit-29 | naver-card-10453-benefit-30 | naver-card-10453-benefit-31 | naver-card-10453-benefit-32 | naver-card-10453-benefit-33 | naver-card-10453-benefit-34 | naver-card-10453-benefit-35 | naver-card-10453-benefit-36 | naver-card-10453-benefit-37 | naver-card-10453-benefit-38 | naver-card-10453-benefit-39 | naver-card-10453-benefit-40 | naver-card-10453-benefit-41 | naver-card-10453-benefit-42 | naver-card-10453-benefit-43 | naver-card-10453-benefit-44 | naver-card-10453-benefit-45 | naver-card-10453-benefit-46 | naver-card-10453-benefit-47 | naver-card-10453-benefit-48 | naver-card-10453-benefit-49 | naver-card-10453-benefit-50 | naver-card-10453-benefit-51 | naver-card-10453-benefit-52 | naver-card-10453-benefit-53 | naver-card-10453-benefit-54 | naver-card-10453-benefit-55 | naver-card-10453-benefit-56 | naver-card-10453-benefit-57 | naver-card-10453-benefit-58 | naver-card-10453-benefit-59 | naver-card-10453-benefit-60 | naver-card-10453-benefit-61 | naver-card-10453-benefit-62 | naver-card-10453-benefit-63 | naver-card-10453-benefit-64 | naver-card-10453-benefit-65 | naver-card-10453-benefit-66 | naver-card-10453-benefit-67 | naver-card-10453-benefit-68 | naver-card-10453-benefit-69 | naver-card-10453-benefit-70 | naver-card-10453-benefit-71 | naver-card-10453-benefit-72 | naver-card-10453-benefit-73 | naver-card-10453-benefit-74 | naver-card-10453-benefit-75 | naver-card-10453-benefit-76 | naver-card-10453-benefit-77 | naver-card-10453-benefit-78 | naver-card-10453-benefit-79 | naver-card-10453-benefit-80 | naver-card-10453-benefit-81 | naver-card-10453-benefit-82 | naver-card-10453-benefit-83 | naver-card-10453-benefit-84 | naver-card-10453-benefit-85 | naver-card-10453-benefit-86 | naver-card-10453-benefit-87 | naver-card-10453-benefit-88 | naver-card-10453-benefit-89 | naver-card-10453-benefit-90 | naver-card-10453-benefit-91 | naver-card-10453-benefit-92 | naver-card-10453-benefit-93 | naver-card-10453-benefit-94 | naver-card-10453-benefit-95 | naver-card-10453-benefit-96 | naver-card-10453-benefit-97 | naver-card-10453-benefit-98 | naver-card-10453-benefit-99 | naver-card-10453-benefit-100 | naver-card-10453-benefit-101 | naver-card-10453-benefit-102 | naver-card-10453-benefit-103 | naver-card-10453-benefit-104 | naver-card-10453-benefit-105 | naver-card-10453-benefit-106 | naver-card-10453-benefit-107 | naver-card-10453-benefit-108 | naver-card-10453-benefit-109 | naver-card-10453-benefit-110 | naver-card-10453-benefit-111 | naver-card-10453-benefit-112 | naver-card-10453-benefit-113 | naver-card-10453-benefit-114 | naver-card-10453-benefit-115 | naver-card-10453-benefit-116 | naver-card-10453-benefit-117 | naver-card-10453-benefit-118","false","fallback_from_existing_normalized_card","2026-06-11T13:04:13.065Z"
"naver-card-10358-tier-1-400000-main-cap","naver-card-10358","main_monthly_cap","naver-card-10358-tier-1-400000","40000","naver-card-10358-benefit-1 | naver-card-10358-benefit-2 | naver-card-10358-benefit-3 | naver-card-10358-benefit-4 | naver-card-10358-benefit-5 | naver-card-10358-benefit-6 | naver-card-10358-benefit-7 | naver-card-10358-benefit-8 | naver-card-10358-benefit-9 | naver-card-10358-benefit-10 | naver-card-10358-benefit-11 | naver-card-10358-benefit-12 | naver-card-10358-benefit-13 | naver-card-10358-benefit-14 | naver-card-10358-benefit-15 | naver-card-10358-benefit-16 | naver-card-10358-benefit-17 | naver-card-10358-benefit-18 | naver-card-10358-benefit-19 | naver-card-10358-benefit-20 | naver-card-10358-benefit-21 | naver-card-10358-benefit-22 | naver-card-10358-benefit-23 | naver-card-10358-benefit-24 | naver-card-10358-benefit-25 | naver-card-10358-benefit-26 | naver-card-10358-benefit-27 | naver-card-10358-benefit-28 | naver-card-10358-benefit-29 | naver-card-10358-benefit-30 | naver-card-10358-benefit-31 | naver-card-10358-benefit-32 | naver-card-10358-benefit-33 | naver-card-10358-benefit-34 | naver-card-10358-benefit-35 | naver-card-10358-benefit-36 | naver-card-10358-benefit-37 | naver-card-10358-benefit-38 | naver-card-10358-benefit-39 | naver-card-10358-benefit-40 | naver-card-10358-benefit-41 | naver-card-10358-benefit-42 | naver-card-10358-benefit-43 | naver-card-10358-benefit-44 | naver-card-10358-benefit-45 | naver-card-10358-benefit-46 | naver-card-10358-benefit-47 | naver-card-10358-benefit-48 | naver-card-10358-benefit-49 | naver-card-10358-benefit-50 | naver-card-10358-benefit-51 | naver-card-10358-benefit-52 | naver-card-10358-benefit-53 | naver-card-10358-benefit-54 | naver-card-10358-benefit-55 | naver-card-10358-benefit-56 | naver-card-10358-benefit-57 | naver-card-10358-benefit-58 | naver-card-10358-benefit-59 | naver-card-10358-benefit-60 | naver-card-10358-benefit-61 | naver-card-10358-benefit-62 | naver-card-10358-benefit-63 | naver-card-10358-benefit-64 | naver-card-10358-benefit-65 | naver-card-10358-benefit-66 | naver-card-10358-benefit-67 | naver-card-10358-benefit-68 | naver-card-10358-benefit-69 | naver-card-10358-benefit-70 | naver-card-10358-benefit-71 | naver-card-10358-benefit-72","false","fallback_from_existing_normalized_card","2026-06-11T13:04:13.065Z"
"naver-card-10313-tier-1-500000-main-cap","naver-card-10313","main_monthly_cap","naver-card-10313-tier-1-500000","30000","naver-card-10313-benefit-1 | naver-card-10313-benefit-2 | naver-card-10313-benefit-3 | naver-card-10313-benefit-4 | naver-card-10313-benefit-5 | naver-card-10313-benefit-6 | naver-card-10313-benefit-7 | naver-card-10313-benefit-8 | naver-card-10313-benefit-9 | naver-card-10313-benefit-10 | naver-card-10313-benefit-11 | naver-card-10313-benefit-12 | naver-card-10313-benefit-13 | naver-card-10313-benefit-14 | naver-card-10313-benefit-15 | naver-card-10313-benefit-16 | naver-card-10313-benefit-17 | naver-card-10313-benefit-18 | naver-card-10313-benefit-19 | naver-card-10313-benefit-20 | naver-card-10313-benefit-21 | naver-card-10313-benefit-22 | naver-card-10313-benefit-23 | naver-card-10313-benefit-24 | naver-card-10313-benefit-25 | naver-card-10313-benefit-26 | naver-card-10313-benefit-27 | naver-card-10313-benefit-28 | naver-card-10313-benefit-29 | naver-card-10313-benefit-30 | naver-card-10313-benefit-31 | naver-card-10313-benefit-32 | naver-card-10313-benefit-33 | naver-card-10313-benefit-34 | naver-card-10313-benefit-35 | naver-card-10313-benefit-36 | naver-card-10313-benefit-37 | naver-card-10313-benefit-38 | naver-card-10313-benefit-39 | naver-card-10313-benefit-40 | naver-card-10313-benefit-41 | naver-card-10313-benefit-42 | naver-card-10313-benefit-43 | naver-card-10313-benefit-44 | naver-card-10313-benefit-45 | naver-card-10313-benefit-46 | naver-card-10313-benefit-47 | naver-card-10313-benefit-48 | naver-card-10313-benefit-49 | naver-card-10313-benefit-50 | naver-card-10313-benefit-51 | naver-card-10313-benefit-52 | naver-card-10313-benefit-53 | naver-card-10313-benefit-54 | naver-card-10313-benefit-55","false","fallback_from_existing_normalized_card","2026-06-11T13:04:13.065Z"
"naver-card-10187-tier-1-0-main-cap","naver-card-10187","main_monthly_cap","naver-card-10187-tier-1-0","100000","naver-card-10187-benefit-1 | naver-card-10187-benefit-2 | naver-card-10187-benefit-3 | naver-card-10187-benefit-4 | naver-card-10187-benefit-5 | naver-card-10187-benefit-6 | naver-card-10187-benefit-7 | naver-card-10187-benefit-8 | naver-card-10187-benefit-9 | naver-card-10187-benefit-10 | naver-card-10187-benefit-11 | naver-card-10187-benefit-12 | naver-card-10187-benefit-13 | naver-card-10187-benefit-14 | naver-card-10187-benefit-15","false","fallback_from_existing_normalized_card","2026-06-11T13:04:13.065Z"
"naver-card-10584-tier-1-400000-main-cap","naver-card-10584","main_monthly_cap","naver-card-10584-tier-1-400000","10000","naver-card-10584-benefit-1 | naver-card-10584-benefit-2 | naver-card-10584-benefit-3 | naver-card-10584-benefit-4 | naver-card-10584-benefit-5 | naver-card-10584-benefit-6 | naver-card-10584-benefit-7 | naver-card-10584-benefit-8 | naver-card-10584-benefit-9 | naver-card-10584-benefit-10 | naver-card-10584-benefit-11 | naver-card-10584-benefit-12 | naver-card-10584-benefit-13 | naver-card-10584-benefit-14 | naver-card-10584-benefit-15 | naver-card-10584-benefit-16 | naver-card-10584-benefit-17 | naver-card-10584-benefit-18 | naver-card-10584-benefit-19 | naver-card-10584-benefit-20 | naver-card-10584-benefit-21 | naver-card-10584-benefit-22 | naver-card-10584-benefit-23 | naver-card-10584-benefit-24 | naver-card-10584-benefit-25 | naver-card-10584-benefit-26 | naver-card-10584-benefit-27 | naver-card-10584-benefit-28 | naver-card-10584-benefit-29 | naver-card-10584-benefit-30 | naver-card-10584-benefit-31 | naver-card-10584-benefit-32 | naver-card-10584-benefit-33 | naver-card-10584-benefit-34 | naver-card-10584-benefit-35 | naver-card-10584-benefit-36 | naver-card-10584-benefit-37 | naver-card-10584-benefit-38 | naver-card-10584-benefit-39 | naver-card-10584-benefit-40 | naver-card-10584-benefit-41 | naver-card-10584-benefit-42 | naver-card-10584-benefit-43 | naver-card-10584-benefit-44 | naver-card-10584-benefit-45 | naver-card-10584-benefit-46 | naver-card-10584-benefit-47 | naver-card-10584-benefit-48 | naver-card-10584-benefit-49 | naver-card-10584-benefit-50 | naver-card-10584-benefit-51 | naver-card-10584-benefit-52 | naver-card-10584-benefit-53 | naver-card-10584-benefit-54 | naver-card-10584-benefit-55 | naver-card-10584-benefit-56 | naver-card-10584-benefit-57 | naver-card-10584-benefit-58 | naver-card-10584-benefit-59 | naver-card-10584-benefit-60 | naver-card-10584-benefit-61 | naver-card-10584-benefit-62 | naver-card-10584-benefit-63 | naver-card-10584-benefit-64 | naver-card-10584-benefit-65 | naver-card-10584-benefit-66 | naver-card-10584-benefit-67 | naver-card-10584-benefit-68 | naver-card-10584-benefit-69 | naver-card-10584-benefit-70 | naver-card-10584-benefit-71 | naver-card-10584-benefit-72 | naver-card-10584-benefit-73 | naver-card-10584-benefit-74 | naver-card-10584-benefit-75 | naver-card-10584-benefit-76 | naver-card-10584-benefit-77 | naver-card-10584-benefit-78 | naver-card-10584-benefit-79 | naver-card-10584-benefit-80 | naver-card-10584-benefit-81 | naver-card-10584-benefit-82 | naver-card-10584-benefit-83 | naver-card-10584-benefit-84 | naver-card-10584-benefit-85 | naver-card-10584-benefit-86 | naver-card-10584-benefit-87 | naver-card-10584-benefit-88 | naver-card-10584-benefit-89 | naver-card-10584-benefit-90 | naver-card-10584-benefit-91 | naver-card-10584-benefit-92 | naver-card-10584-benefit-93 | naver-card-10584-benefit-94 | naver-card-10584-benefit-95 | naver-card-10584-benefit-96 | naver-card-10584-benefit-97 | naver-card-10584-benefit-98 | naver-card-10584-benefit-99 | naver-card-10584-benefit-100 | naver-card-10584-benefit-101 | naver-card-10584-benefit-102 | naver-card-10584-benefit-103 | naver-card-10584-benefit-104 | naver-card-10584-benefit-105 | naver-card-10584-benefit-106 | naver-card-10584-benefit-107 | naver-card-10584-benefit-108 | naver-card-10584-benefit-109 | naver-card-10584-benefit-110 | naver-card-10584-benefit-111 | naver-card-10584-benefit-112 | naver-card-10584-benefit-113 | naver-card-10584-benefit-114 | naver-card-10584-benefit-115 | naver-card-10584-benefit-116 | naver-card-10584-benefit-117 | naver-card-10584-benefit-118 | naver-card-10584-benefit-119 | naver-card-10584-benefit-120 | naver-card-10584-benefit-121 | naver-card-10584-benefit-122 | naver-card-10584-benefit-123 | naver-card-10584-benefit-124 | naver-card-10584-benefit-125 | naver-card-10584-benefit-126 | naver-card-10584-benefit-127 | naver-card-10584-benefit-128 | naver-card-10584-benefit-129 | naver-card-10584-benefit-130 | naver-card-10584-benefit-131 | naver-card-10584-benefit-132 | naver-card-10584-benefit-133 | naver-card-10584-benefit-134 | naver-card-10584-benefit-135 | naver-card-10584-benefit-136 | naver-card-10584-benefit-137 | naver-card-10584-benefit-138 | naver-card-10584-benefit-139 | naver-card-10584-benefit-140 | naver-card-10584-benefit-141 | naver-card-10584-benefit-142 | naver-card-10584-benefit-143 | naver-card-10584-benefit-144 | naver-card-10584-benefit-145 | naver-card-10584-benefit-146 | naver-card-10584-benefit-147 | naver-card-10584-benefit-148 | naver-card-10584-benefit-149 | naver-card-10584-benefit-150 | naver-card-10584-benefit-151 | naver-card-10584-benefit-152 | naver-card-10584-benefit-153 | naver-card-10584-benefit-154 | naver-card-10584-benefit-155 | naver-card-10584-benefit-156 | naver-card-10584-benefit-157 | naver-card-10584-benefit-158 | naver-card-10584-benefit-159 | naver-card-10584-benefit-160 | naver-card-10584-benefit-161 | naver-card-10584-benefit-162 | naver-card-10584-benefit-163 | naver-card-10584-benefit-164 | naver-card-10584-benefit-165 | naver-card-10584-benefit-166 | naver-card-10584-benefit-167 | naver-card-10584-benefit-168 | naver-card-10584-benefit-169 | naver-card-10584-benefit-170 | naver-card-10584-benefit-171 | naver-card-10584-benefit-172 | naver-card-10584-benefit-173 | naver-card-10584-benefit-174 | naver-card-10584-benefit-175 | naver-card-10584-benefit-176 | naver-card-10584-benefit-177 | naver-card-10584-benefit-178 | naver-card-10584-benefit-179 | naver-card-10584-benefit-180 | naver-card-10584-benefit-181 | naver-card-10584-benefit-182 | naver-card-10584-benefit-183 | naver-card-10584-benefit-184 | naver-card-10584-benefit-185 | naver-card-10584-benefit-186","false","fallback_from_existing_normalized_card","2026-06-11T13:04:13.065Z"
"naver-card-10346-tier-1-0-main-cap","naver-card-10346","main_monthly_cap","naver-card-10346-tier-1-0","30000","naver-card-10346-benefit-1 | naver-card-10346-benefit-2 | naver-card-10346-benefit-3 | naver-card-10346-benefit-4 | naver-card-10346-benefit-5 | naver-card-10346-benefit-6 | naver-card-10346-benefit-7 | naver-card-10346-benefit-8 | naver-card-10346-benefit-9 | naver-card-10346-benefit-10 | naver-card-10346-benefit-11 | naver-card-10346-benefit-12 | naver-card-10346-benefit-13 | naver-card-10346-benefit-14 | naver-card-10346-benefit-15 | naver-card-10346-benefit-16 | naver-card-10346-benefit-17 | naver-card-10346-benefit-18 | naver-card-10346-benefit-19 | naver-card-10346-benefit-20 | naver-card-10346-benefit-21 | naver-card-10346-benefit-22 | naver-card-10346-benefit-23 | naver-card-10346-benefit-24 | naver-card-10346-benefit-25 | naver-card-10346-benefit-26 | naver-card-10346-benefit-27","false","fallback_from_existing_normalized_card","2026-06-11T13:04:13.065Z"
"naver-card-10479-tier-1-400000-main-cap","naver-card-10479","main_monthly_cap","naver-card-10479-tier-1-400000","30000","naver-card-10479-benefit-1 | naver-card-10479-benefit-2 | naver-card-10479-benefit-3 | naver-card-10479-benefit-4 | naver-card-10479-benefit-5 | naver-card-10479-benefit-6 | naver-card-10479-benefit-7 | naver-card-10479-benefit-8 | naver-card-10479-benefit-9 | naver-card-10479-benefit-10 | naver-card-10479-benefit-11 | naver-card-10479-benefit-12 | naver-card-10479-benefit-13 | naver-card-10479-benefit-14 | naver-card-10479-benefit-15 | naver-card-10479-benefit-16 | naver-card-10479-benefit-17 | naver-card-10479-benefit-18 | naver-card-10479-benefit-19 | naver-card-10479-benefit-20 | naver-card-10479-benefit-21","false","fallback_from_existing_normalized_card","2026-06-11T13:04:13.065Z"
"naver-card-10314-tier-1-500000-main-cap","naver-card-10314","main_monthly_cap","naver-card-10314-tier-1-500000","30000","naver-card-10314-benefit-1 | naver-card-10314-benefit-2 | naver-card-10314-benefit-3 | naver-card-10314-benefit-4 | naver-card-10314-benefit-5 | naver-card-10314-benefit-6 | naver-card-10314-benefit-7 | naver-card-10314-benefit-8 | naver-card-10314-benefit-9 | naver-card-10314-benefit-10 | naver-card-10314-benefit-11 | naver-card-10314-benefit-12 | naver-card-10314-benefit-13 | naver-card-10314-benefit-14 | naver-card-10314-benefit-15 | naver-card-10314-benefit-16 | naver-card-10314-benefit-17 | naver-card-10314-benefit-18 | naver-card-10314-benefit-19 | naver-card-10314-benefit-20 | naver-card-10314-benefit-21 | naver-card-10314-benefit-22 | naver-card-10314-benefit-23 | naver-card-10314-benefit-24 | naver-card-10314-benefit-25 | naver-card-10314-benefit-26 | naver-card-10314-benefit-27 | naver-card-10314-benefit-28 | naver-card-10314-benefit-29 | naver-card-10314-benefit-30 | naver-card-10314-benefit-31 | naver-card-10314-benefit-32 | naver-card-10314-benefit-33 | naver-card-10314-benefit-34 | naver-card-10314-benefit-35","false","fallback_from_existing_normalized_card","2026-06-11T13:04:13.065Z"
"naver-card-1322-tier-1-300000-main-cap","naver-card-1322","main_monthly_cap","naver-card-1322-tier-1-300000","300000","naver-card-1322-benefit-1 | naver-card-1322-benefit-2 | naver-card-1322-benefit-3 | naver-card-1322-benefit-4 | naver-card-1322-benefit-5 | naver-card-1322-benefit-6 | naver-card-1322-benefit-7 | naver-card-1322-benefit-8 | naver-card-1322-benefit-9 | naver-card-1322-benefit-10 | naver-card-1322-benefit-11 | naver-card-1322-benefit-12 | naver-card-1322-benefit-13 | naver-card-1322-benefit-14 | naver-card-1322-benefit-15 | naver-card-1322-benefit-16 | naver-card-1322-benefit-17 | naver-card-1322-benefit-18 | naver-card-1322-benefit-19 | naver-card-1322-benefit-20 | naver-card-1322-benefit-21 | naver-card-1322-benefit-22 | naver-card-1322-benefit-23 | naver-card-1322-benefit-24 | naver-card-1322-benefit-25 | naver-card-1322-benefit-26 | naver-card-1322-benefit-27 | naver-card-1322-benefit-28 | naver-card-1322-benefit-29 | naver-card-1322-benefit-30 | naver-card-1322-benefit-31 | naver-card-1322-benefit-32 | naver-card-1322-benefit-33 | naver-card-1322-benefit-34 | naver-card-1322-benefit-35 | naver-card-1322-benefit-36 | naver-card-1322-benefit-37 | naver-card-1322-benefit-38 | naver-card-1322-benefit-39 | naver-card-1322-benefit-40 | naver-card-1322-benefit-41 | naver-card-1322-benefit-42 | naver-card-1322-benefit-43 | naver-card-1322-benefit-44 | naver-card-1322-benefit-45 | naver-card-1322-benefit-46 | naver-card-1322-benefit-47 | naver-card-1322-benefit-48 | naver-card-1322-benefit-49 | naver-card-1322-benefit-50 | naver-card-1322-benefit-51 | naver-card-1322-benefit-52 | naver-card-1322-benefit-53 | naver-card-1322-benefit-54 | naver-card-1322-benefit-55 | naver-card-1322-benefit-56 | naver-card-1322-benefit-57 | naver-card-1322-benefit-58 | naver-card-1322-benefit-59 | naver-card-1322-benefit-60 | naver-card-1322-benefit-61 | naver-card-1322-benefit-62 | naver-card-1322-benefit-63 | naver-card-1322-benefit-64","false","fallback_from_existing_normalized_card","2026-06-11T13:04:13.065Z"
"naver-card-277-tier-1-300000-main-cap","naver-card-277","main_monthly_cap","naver-card-277-tier-1-300000","60000","naver-card-277-benefit-1 | naver-card-277-benefit-2 | naver-card-277-benefit-3 | naver-card-277-benefit-4 | naver-card-277-benefit-5 | naver-card-277-benefit-6 | naver-card-277-benefit-7 | naver-card-277-benefit-8 | naver-card-277-benefit-9 | naver-card-277-benefit-10 | naver-card-277-benefit-11 | naver-card-277-benefit-12 | naver-card-277-benefit-13 | naver-card-277-benefit-14 | naver-card-277-benefit-15 | naver-card-277-benefit-16 | naver-card-277-benefit-17 | naver-card-277-benefit-18 | naver-card-277-benefit-19 | naver-card-277-benefit-20 | naver-card-277-benefit-21 | naver-card-277-benefit-22 | naver-card-277-benefit-23 | naver-card-277-benefit-24 | naver-card-277-benefit-25 | naver-card-277-benefit-26 | naver-card-277-benefit-27 | naver-card-277-benefit-28 | naver-card-277-benefit-29 | naver-card-277-benefit-30 | naver-card-277-benefit-31 | naver-card-277-benefit-32 | naver-card-277-benefit-33 | naver-card-277-benefit-34 | naver-card-277-benefit-35 | naver-card-277-benefit-36 | naver-card-277-benefit-37 | naver-card-277-benefit-38 | naver-card-277-benefit-39 | naver-card-277-benefit-40 | naver-card-277-benefit-41 | naver-card-277-benefit-42 | naver-card-277-benefit-43 | naver-card-277-benefit-44 | naver-card-277-benefit-45 | naver-card-277-benefit-46 | naver-card-277-benefit-47 | naver-card-277-benefit-48 | naver-card-277-benefit-49 | naver-card-277-benefit-50 | naver-card-277-benefit-51 | naver-card-277-benefit-52 | naver-card-277-benefit-53 | naver-card-277-benefit-54 | naver-card-277-benefit-55 | naver-card-277-benefit-56 | naver-card-277-benefit-57 | naver-card-277-benefit-58 | naver-card-277-benefit-59 | naver-card-277-benefit-60 | naver-card-277-benefit-61 | naver-card-277-benefit-62 | naver-card-277-benefit-63 | naver-card-277-benefit-64 | naver-card-277-benefit-65 | naver-card-277-benefit-66 | naver-card-277-benefit-67 | naver-card-277-benefit-68 | naver-card-277-benefit-69","false","fallback_from_existing_normalized_card","2026-06-11T13:04:13.065Z"
"naver-card-2226-tier-1-300000-main-cap","naver-card-2226","main_monthly_cap","naver-card-2226-tier-1-300000","300000","naver-card-2226-benefit-1 | naver-card-2226-benefit-2 | naver-card-2226-benefit-3 | naver-card-2226-benefit-4 | naver-card-2226-benefit-5 | naver-card-2226-benefit-6 | naver-card-2226-benefit-7 | naver-card-2226-benefit-8 | naver-card-2226-benefit-9 | naver-card-2226-benefit-10 | naver-card-2226-benefit-11 | naver-card-2226-benefit-12 | naver-card-2226-benefit-13 | naver-card-2226-benefit-14 | naver-card-2226-benefit-15 | naver-card-2226-benefit-16 | naver-card-2226-benefit-17 | naver-card-2226-benefit-18 | naver-card-2226-benefit-19 | naver-card-2226-benefit-20 | naver-card-2226-benefit-21 | naver-card-2226-benefit-22 | naver-card-2226-benefit-23 | naver-card-2226-benefit-24 | naver-card-2226-benefit-25 | naver-card-2226-benefit-26","false","fallback_from_existing_normalized_card","2026-06-11T13:04:13.065Z"
"naver-card-2676-tier-1-400000-main-cap","naver-card-2676","main_monthly_cap","naver-card-2676-tier-1-400000","10000","naver-card-2676-benefit-1 | naver-card-2676-benefit-2 | naver-card-2676-benefit-3 | naver-card-2676-benefit-4 | naver-card-2676-benefit-5 | naver-card-2676-benefit-6 | naver-card-2676-benefit-7 | naver-card-2676-benefit-8 | naver-card-2676-benefit-9 | naver-card-2676-benefit-10 | naver-card-2676-benefit-11 | naver-card-2676-benefit-12 | naver-card-2676-benefit-13 | naver-card-2676-benefit-14 | naver-card-2676-benefit-15 | naver-card-2676-benefit-16","false","fallback_from_existing_normalized_card","2026-06-11T13:04:13.065Z"
"naver-card-10238-tier-1-300000-main-cap","naver-card-10238","main_monthly_cap","naver-card-10238-tier-1-300000","5000","naver-card-10238-benefit-1 | naver-card-10238-benefit-2 | naver-card-10238-benefit-3 | naver-card-10238-benefit-4 | naver-card-10238-benefit-5 | naver-card-10238-benefit-6 | naver-card-10238-benefit-7 | naver-card-10238-benefit-8 | naver-card-10238-benefit-9 | naver-card-10238-benefit-10 | naver-card-10238-benefit-11 | naver-card-10238-benefit-12 | naver-card-10238-benefit-13 | naver-card-10238-benefit-14 | naver-card-10238-benefit-15 | naver-card-10238-benefit-16 | naver-card-10238-benefit-17 | naver-card-10238-benefit-18 | naver-card-10238-benefit-19 | naver-card-10238-benefit-20 | naver-card-10238-benefit-21 | naver-card-10238-benefit-22 | naver-card-10238-benefit-23 | naver-card-10238-benefit-24 | naver-card-10238-benefit-25 | naver-card-10238-benefit-26 | naver-card-10238-benefit-27 | naver-card-10238-benefit-28 | naver-card-10238-benefit-29 | naver-card-10238-benefit-30 | naver-card-10238-benefit-31 | naver-card-10238-benefit-32 | naver-card-10238-benefit-33 | naver-card-10238-benefit-34 | naver-card-10238-benefit-35 | naver-card-10238-benefit-36 | naver-card-10238-benefit-37 | naver-card-10238-benefit-38 | naver-card-10238-benefit-39 | naver-card-10238-benefit-40 | naver-card-10238-benefit-41 | naver-card-10238-benefit-42 | naver-card-10238-benefit-43 | naver-card-10238-benefit-44 | naver-card-10238-benefit-45 | naver-card-10238-benefit-46 | naver-card-10238-benefit-47 | naver-card-10238-benefit-48 | naver-card-10238-benefit-49 | naver-card-10238-benefit-50 | naver-card-10238-benefit-51 | naver-card-10238-benefit-52 | naver-card-10238-benefit-53 | naver-card-10238-benefit-54 | naver-card-10238-benefit-55 | naver-card-10238-benefit-56 | naver-card-10238-benefit-57 | naver-card-10238-benefit-58 | naver-card-10238-benefit-59 | naver-card-10238-benefit-60 | naver-card-10238-benefit-61 | naver-card-10238-benefit-62 | naver-card-10238-benefit-63 | naver-card-10238-benefit-64 | naver-card-10238-benefit-65 | naver-card-10238-benefit-66 | naver-card-10238-benefit-67 | naver-card-10238-benefit-68 | naver-card-10238-benefit-69 | naver-card-10238-benefit-70 | naver-card-10238-benefit-71 | naver-card-10238-benefit-72 | naver-card-10238-benefit-73 | naver-card-10238-benefit-74 | naver-card-10238-benefit-75 | naver-card-10238-benefit-76 | naver-card-10238-benefit-77 | naver-card-10238-benefit-78 | naver-card-10238-benefit-79 | naver-card-10238-benefit-80 | naver-card-10238-benefit-81 | naver-card-10238-benefit-82 | naver-card-10238-benefit-83 | naver-card-10238-benefit-84 | naver-card-10238-benefit-85 | naver-card-10238-benefit-86 | naver-card-10238-benefit-87 | naver-card-10238-benefit-88 | naver-card-10238-benefit-89 | naver-card-10238-benefit-90 | naver-card-10238-benefit-91 | naver-card-10238-benefit-92 | naver-card-10238-benefit-93","false","fallback_from_existing_normalized_card","2026-06-11T13:04:13.065Z"
"naver-card-1465-tier-1-0-main-cap","naver-card-1465","main_monthly_cap","naver-card-1465-tier-1-0","1000","naver-card-1465-benefit-1 | naver-card-1465-benefit-2 | naver-card-1465-benefit-3 | naver-card-1465-benefit-4 | naver-card-1465-benefit-5 | naver-card-1465-benefit-6 | naver-card-1465-benefit-7 | naver-card-1465-benefit-8 | naver-card-1465-benefit-9 | naver-card-1465-benefit-10 | naver-card-1465-benefit-11 | naver-card-1465-benefit-12 | naver-card-1465-benefit-13 | naver-card-1465-benefit-14 | naver-card-1465-benefit-15 | naver-card-1465-benefit-16 | naver-card-1465-benefit-17 | naver-card-1465-benefit-18 | naver-card-1465-benefit-19 | naver-card-1465-benefit-20 | naver-card-1465-benefit-21 | naver-card-1465-benefit-22 | naver-card-1465-benefit-23 | naver-card-1465-benefit-24 | naver-card-1465-benefit-25 | naver-card-1465-benefit-26 | naver-card-1465-benefit-27 | naver-card-1465-benefit-28 | naver-card-1465-benefit-29 | naver-card-1465-benefit-30 | naver-card-1465-benefit-31 | naver-card-1465-benefit-32 | naver-card-1465-benefit-33 | naver-card-1465-benefit-34 | naver-card-1465-benefit-35 | naver-card-1465-benefit-36 | naver-card-1465-benefit-37 | naver-card-1465-benefit-38 | naver-card-1465-benefit-39 | naver-card-1465-benefit-40 | naver-card-1465-benefit-41 | naver-card-1465-benefit-42 | naver-card-1465-benefit-43 | naver-card-1465-benefit-44 | naver-card-1465-benefit-45 | naver-card-1465-benefit-46 | naver-card-1465-benefit-47 | naver-card-1465-benefit-48 | naver-card-1465-benefit-49 | naver-card-1465-benefit-50 | naver-card-1465-benefit-51 | naver-card-1465-benefit-52 | naver-card-1465-benefit-53 | naver-card-1465-benefit-54 | naver-card-1465-benefit-55 | naver-card-1465-benefit-56 | naver-card-1465-benefit-57 | naver-card-1465-benefit-58 | naver-card-1465-benefit-59 | naver-card-1465-benefit-60 | naver-card-1465-benefit-61 | naver-card-1465-benefit-62 | naver-card-1465-benefit-63 | naver-card-1465-benefit-64 | naver-card-1465-benefit-65 | naver-card-1465-benefit-66 | naver-card-1465-benefit-67 | naver-card-1465-benefit-68 | naver-card-1465-benefit-69 | naver-card-1465-benefit-70 | naver-card-1465-benefit-71 | naver-card-1465-benefit-72 | naver-card-1465-benefit-73 | naver-card-1465-benefit-74 | naver-card-1465-benefit-75 | naver-card-1465-benefit-76 | naver-card-1465-benefit-77 | naver-card-1465-benefit-78 | naver-card-1465-benefit-79 | naver-card-1465-benefit-80 | naver-card-1465-benefit-81 | naver-card-1465-benefit-82 | naver-card-1465-benefit-83 | naver-card-1465-benefit-84 | naver-card-1465-benefit-85 | naver-card-1465-benefit-86 | naver-card-1465-benefit-87 | naver-card-1465-benefit-88 | naver-card-1465-benefit-89 | naver-card-1465-benefit-90 | naver-card-1465-benefit-91 | naver-card-1465-benefit-92 | naver-card-1465-benefit-93 | naver-card-1465-benefit-94 | naver-card-1465-benefit-95 | naver-card-1465-benefit-96 | naver-card-1465-benefit-97 | naver-card-1465-benefit-98 | naver-card-1465-benefit-99 | naver-card-1465-benefit-100 | naver-card-1465-benefit-101 | naver-card-1465-benefit-102 | naver-card-1465-benefit-103 | naver-card-1465-benefit-104 | naver-card-1465-benefit-105 | naver-card-1465-benefit-106 | naver-card-1465-benefit-107 | naver-card-1465-benefit-108","false","fallback_from_existing_normalized_card","2026-06-11T13:04:13.065Z"
"naver-card-2418-tier-1-500000-main-cap","naver-card-2418","main_monthly_cap","naver-card-2418-tier-1-500000","1000","naver-card-2418-benefit-1 | naver-card-2418-benefit-2 | naver-card-2418-benefit-3 | naver-card-2418-benefit-4 | naver-card-2418-benefit-5 | naver-card-2418-benefit-6 | naver-card-2418-benefit-7 | naver-card-2418-benefit-8 | naver-card-2418-benefit-9 | naver-card-2418-benefit-10 | naver-card-2418-benefit-11 | naver-card-2418-benefit-12 | naver-card-2418-benefit-13 | naver-card-2418-benefit-14 | naver-card-2418-benefit-15 | naver-card-2418-benefit-16 | naver-card-2418-benefit-17 | naver-card-2418-benefit-18 | naver-card-2418-benefit-19 | naver-card-2418-benefit-20 | naver-card-2418-benefit-21 | naver-card-2418-benefit-22 | naver-card-2418-benefit-23 | naver-card-2418-benefit-24 | naver-card-2418-benefit-25 | naver-card-2418-benefit-26 | naver-card-2418-benefit-27 | naver-card-2418-benefit-28 | naver-card-2418-benefit-29 | naver-card-2418-benefit-30 | naver-card-2418-benefit-31 | naver-card-2418-benefit-32 | naver-card-2418-benefit-33 | naver-card-2418-benefit-34 | naver-card-2418-benefit-35 | naver-card-2418-benefit-36 | naver-card-2418-benefit-37 | naver-card-2418-benefit-38 | naver-card-2418-benefit-39 | naver-card-2418-benefit-40 | naver-card-2418-benefit-41 | naver-card-2418-benefit-42 | naver-card-2418-benefit-43 | naver-card-2418-benefit-44 | naver-card-2418-benefit-45 | naver-card-2418-benefit-46 | naver-card-2418-benefit-47 | naver-card-2418-benefit-48 | naver-card-2418-benefit-49 | naver-card-2418-benefit-50 | naver-card-2418-benefit-51 | naver-card-2418-benefit-52 | naver-card-2418-benefit-53 | naver-card-2418-benefit-54 | naver-card-2418-benefit-55 | naver-card-2418-benefit-56 | naver-card-2418-benefit-57 | naver-card-2418-benefit-58 | naver-card-2418-benefit-59 | naver-card-2418-benefit-60 | naver-card-2418-benefit-61","false","fallback_from_existing_normalized_card","2026-06-11T13:04:13.065Z"
"naver-card-10451-tier-1-500000-main-cap","naver-card-10451","main_monthly_cap","naver-card-10451-tier-1-500000","50000","naver-card-10451-benefit-1 | naver-card-10451-benefit-2 | naver-card-10451-benefit-3 | naver-card-10451-benefit-4 | naver-card-10451-benefit-5 | naver-card-10451-benefit-6 | naver-card-10451-benefit-7 | naver-card-10451-benefit-8 | naver-card-10451-benefit-9 | naver-card-10451-benefit-10 | naver-card-10451-benefit-11 | naver-card-10451-benefit-12 | naver-card-10451-benefit-13 | naver-card-10451-benefit-14 | naver-card-10451-benefit-15 | naver-card-10451-benefit-16 | naver-card-10451-benefit-17 | naver-card-10451-benefit-18 | naver-card-10451-benefit-19","false","fallback_from_existing_normalized_card","2026-06-11T13:04:13.065Z"
"naver-card-10268-tier-1-300000-main-cap","naver-card-10268","main_monthly_cap","naver-card-10268-tier-1-300000","30000","naver-card-10268-benefit-1 | naver-card-10268-benefit-2 | naver-card-10268-benefit-3 | naver-card-10268-benefit-4 | naver-card-10268-benefit-5 | naver-card-10268-benefit-6 | naver-card-10268-benefit-7 | naver-card-10268-benefit-8 | naver-card-10268-benefit-9 | naver-card-10268-benefit-10 | naver-card-10268-benefit-11 | naver-card-10268-benefit-12 | naver-card-10268-benefit-13 | naver-card-10268-benefit-14 | naver-card-10268-benefit-15 | naver-card-10268-benefit-16 | naver-card-10268-benefit-17 | naver-card-10268-benefit-18 | naver-card-10268-benefit-19 | naver-card-10268-benefit-20","false","fallback_from_existing_normalized_card","2026-06-11T13:04:13.065Z"
"naver-card-10463-tier-1-400000-main-cap","naver-card-10463","main_monthly_cap","naver-card-10463-tier-1-400000","35000","naver-card-10463-benefit-1 | naver-card-10463-benefit-2 | naver-card-10463-benefit-3 | naver-card-10463-benefit-4 | naver-card-10463-benefit-5 | naver-card-10463-benefit-6 | naver-card-10463-benefit-7 | naver-card-10463-benefit-8 | naver-card-10463-benefit-9 | naver-card-10463-benefit-10 | naver-card-10463-benefit-11 | naver-card-10463-benefit-12 | naver-card-10463-benefit-13 | naver-card-10463-benefit-14 | naver-card-10463-benefit-15 | naver-card-10463-benefit-16 | naver-card-10463-benefit-17 | naver-card-10463-benefit-18 | naver-card-10463-benefit-19 | naver-card-10463-benefit-20 | naver-card-10463-benefit-21 | naver-card-10463-benefit-22 | naver-card-10463-benefit-23 | naver-card-10463-benefit-24 | naver-card-10463-benefit-25 | naver-card-10463-benefit-26 | naver-card-10463-benefit-27 | naver-card-10463-benefit-28 | naver-card-10463-benefit-29 | naver-card-10463-benefit-30","false","fallback_from_existing_normalized_card","2026-06-11T13:04:13.065Z"
"naver-card-10236-tier-1-500000-main-cap","naver-card-10236","main_monthly_cap","naver-card-10236-tier-1-500000","10000","naver-card-10236-benefit-1 | naver-card-10236-benefit-2 | naver-card-10236-benefit-3 | naver-card-10236-benefit-4 | naver-card-10236-benefit-5 | naver-card-10236-benefit-6 | naver-card-10236-benefit-7 | naver-card-10236-benefit-8 | naver-card-10236-benefit-9 | naver-card-10236-benefit-10 | naver-card-10236-benefit-11 | naver-card-10236-benefit-12 | naver-card-10236-benefit-13 | naver-card-10236-benefit-14 | naver-card-10236-benefit-15 | naver-card-10236-benefit-16 | naver-card-10236-benefit-17 | naver-card-10236-benefit-18 | naver-card-10236-benefit-19 | naver-card-10236-benefit-20 | naver-card-10236-benefit-21 | naver-card-10236-benefit-22 | naver-card-10236-benefit-23 | naver-card-10236-benefit-24 | naver-card-10236-benefit-25 | naver-card-10236-benefit-26 | naver-card-10236-benefit-27 | naver-card-10236-benefit-28 | naver-card-10236-benefit-29 | naver-card-10236-benefit-30 | naver-card-10236-benefit-31 | naver-card-10236-benefit-32 | naver-card-10236-benefit-33 | naver-card-10236-benefit-34 | naver-card-10236-benefit-35 | naver-card-10236-benefit-36 | naver-card-10236-benefit-37 | naver-card-10236-benefit-38 | naver-card-10236-benefit-39 | naver-card-10236-benefit-40 | naver-card-10236-benefit-41 | naver-card-10236-benefit-42 | naver-card-10236-benefit-43 | naver-card-10236-benefit-44 | naver-card-10236-benefit-45 | naver-card-10236-benefit-46 | naver-card-10236-benefit-47 | naver-card-10236-benefit-48 | naver-card-10236-benefit-49 | naver-card-10236-benefit-50 | naver-card-10236-benefit-51 | naver-card-10236-benefit-52 | naver-card-10236-benefit-53 | naver-card-10236-benefit-54 | naver-card-10236-benefit-55 | naver-card-10236-benefit-56 | naver-card-10236-benefit-57 | naver-card-10236-benefit-58 | naver-card-10236-benefit-59 | naver-card-10236-benefit-60 | naver-card-10236-benefit-61 | naver-card-10236-benefit-62 | naver-card-10236-benefit-63 | naver-card-10236-benefit-64 | naver-card-10236-benefit-65 | naver-card-10236-benefit-66 | naver-card-10236-benefit-67 | naver-card-10236-benefit-68 | naver-card-10236-benefit-69 | naver-card-10236-benefit-70 | naver-card-10236-benefit-71","false","fallback_from_existing_normalized_card","2026-06-11T13:04:13.065Z"
"naver-card-10354-tier-1-200000-main-cap","naver-card-10354","main_monthly_cap","naver-card-10354-tier-1-200000","200000","naver-card-10354-benefit-1 | naver-card-10354-benefit-2 | naver-card-10354-benefit-3 | naver-card-10354-benefit-4 | naver-card-10354-benefit-5 | naver-card-10354-benefit-6 | naver-card-10354-benefit-7 | naver-card-10354-benefit-8 | naver-card-10354-benefit-9 | naver-card-10354-benefit-10 | naver-card-10354-benefit-11 | naver-card-10354-benefit-12 | naver-card-10354-benefit-13 | naver-card-10354-benefit-14 | naver-card-10354-benefit-15 | naver-card-10354-benefit-16 | naver-card-10354-benefit-17 | naver-card-10354-benefit-18 | naver-card-10354-benefit-19","false","fallback_from_existing_normalized_card","2026-06-11T13:04:13.065Z"
"naver-card-10321-tier-1-300000-main-cap","naver-card-10321","main_monthly_cap","naver-card-10321-tier-1-300000","1000","naver-card-10321-benefit-1 | naver-card-10321-benefit-2 | naver-card-10321-benefit-3 | naver-card-10321-benefit-4 | naver-card-10321-benefit-5 | naver-card-10321-benefit-6","false","fallback_from_existing_normalized_card","2026-06-11T13:04:13.065Z"
"naver-card-10540-tier-1-300000-main-cap","naver-card-10540","main_monthly_cap","naver-card-10540-tier-1-300000","5000","naver-card-10540-benefit-1 | naver-card-10540-benefit-2 | naver-card-10540-benefit-3 | naver-card-10540-benefit-4 | naver-card-10540-benefit-5 | naver-card-10540-benefit-6 | naver-card-10540-benefit-7 | naver-card-10540-benefit-8 | naver-card-10540-benefit-9","false","fallback_from_existing_normalized_card","2026-06-11T13:04:13.065Z"
"naver-card-10398-tier-1-300000-main-cap","naver-card-10398","main_monthly_cap","naver-card-10398-tier-1-300000","300000","naver-card-10398-benefit-1 | naver-card-10398-benefit-2 | naver-card-10398-benefit-3 | naver-card-10398-benefit-4 | naver-card-10398-benefit-5 | naver-card-10398-benefit-6 | naver-card-10398-benefit-7 | naver-card-10398-benefit-8 | naver-card-10398-benefit-9 | naver-card-10398-benefit-10 | naver-card-10398-benefit-11 | naver-card-10398-benefit-12 | naver-card-10398-benefit-13 | naver-card-10398-benefit-14 | naver-card-10398-benefit-15 | naver-card-10398-benefit-16 | naver-card-10398-benefit-17 | naver-card-10398-benefit-18 | naver-card-10398-benefit-19 | naver-card-10398-benefit-20 | naver-card-10398-benefit-21 | naver-card-10398-benefit-22","false","fallback_from_existing_normalized_card","2026-06-11T13:04:13.065Z"
"naver-card-10169-tier-1-150000-main-cap","naver-card-10169","main_monthly_cap","naver-card-10169-tier-1-150000","20000","naver-card-10169-benefit-1 | naver-card-10169-benefit-2 | naver-card-10169-benefit-3 | naver-card-10169-benefit-4 | naver-card-10169-benefit-5 | naver-card-10169-benefit-6 | naver-card-10169-benefit-7 | naver-card-10169-benefit-8","false","fallback_from_existing_normalized_card","2026-06-11T13:04:13.065Z"
"naver-card-10554-tier-1-300000-main-cap","naver-card-10554","main_monthly_cap","naver-card-10554-tier-1-300000","300000","naver-card-10554-benefit-1 | naver-card-10554-benefit-2 | naver-card-10554-benefit-3 | naver-card-10554-benefit-4 | naver-card-10554-benefit-5 | naver-card-10554-benefit-6 | naver-card-10554-benefit-7 | naver-card-10554-benefit-8 | naver-card-10554-benefit-9 | naver-card-10554-benefit-10 | naver-card-10554-benefit-11 | naver-card-10554-benefit-12 | naver-card-10554-benefit-13 | naver-card-10554-benefit-14 | naver-card-10554-benefit-15 | naver-card-10554-benefit-16 | naver-card-10554-benefit-17 | naver-card-10554-benefit-18 | naver-card-10554-benefit-19 | naver-card-10554-benefit-20 | naver-card-10554-benefit-21 | naver-card-10554-benefit-22 | naver-card-10554-benefit-23 | naver-card-10554-benefit-24 | naver-card-10554-benefit-25 | naver-card-10554-benefit-26","false","fallback_from_existing_normalized_card","2026-06-11T13:04:13.065Z"
"naver-card-10357-tier-1-300000-main-cap","naver-card-10357","main_monthly_cap","naver-card-10357-tier-1-300000","1000","naver-card-10357-benefit-1 | naver-card-10357-benefit-2 | naver-card-10357-benefit-3 | naver-card-10357-benefit-4 | naver-card-10357-benefit-5 | naver-card-10357-benefit-6 | naver-card-10357-benefit-7","false","fallback_from_existing_normalized_card","2026-06-11T13:04:13.065Z"
"naver-card-10440-tier-1-300000-main-cap","naver-card-10440","main_monthly_cap","naver-card-10440-tier-1-300000","15000","naver-card-10440-benefit-1 | naver-card-10440-benefit-2 | naver-card-10440-benefit-3 | naver-card-10440-benefit-4 | naver-card-10440-benefit-5 | naver-card-10440-benefit-6 | naver-card-10440-benefit-7 | naver-card-10440-benefit-8 | naver-card-10440-benefit-9 | naver-card-10440-benefit-10 | naver-card-10440-benefit-11 | naver-card-10440-benefit-12","false","fallback_from_existing_normalized_card","2026-06-11T13:04:13.065Z"
"naver-card-10596-tier-1-400000-main-cap","naver-card-10596","main_monthly_cap","naver-card-10596-tier-1-400000","35000","naver-card-10596-benefit-1 | naver-card-10596-benefit-2 | naver-card-10596-benefit-3 | naver-card-10596-benefit-4 | naver-card-10596-benefit-5 | naver-card-10596-benefit-6 | naver-card-10596-benefit-7 | naver-card-10596-benefit-8 | naver-card-10596-benefit-9 | naver-card-10596-benefit-10 | naver-card-10596-benefit-11 | naver-card-10596-benefit-12 | naver-card-10596-benefit-13 | naver-card-10596-benefit-14 | naver-card-10596-benefit-15 | naver-card-10596-benefit-16 | naver-card-10596-benefit-17 | naver-card-10596-benefit-18 | naver-card-10596-benefit-19 | naver-card-10596-benefit-20 | naver-card-10596-benefit-21 | naver-card-10596-benefit-22 | naver-card-10596-benefit-23 | naver-card-10596-benefit-24 | naver-card-10596-benefit-25 | naver-card-10596-benefit-26 | naver-card-10596-benefit-27 | naver-card-10596-benefit-28 | naver-card-10596-benefit-29 | naver-card-10596-benefit-30 | naver-card-10596-benefit-31 | naver-card-10596-benefit-32 | naver-card-10596-benefit-33 | naver-card-10596-benefit-34 | naver-card-10596-benefit-35","false","fallback_from_existing_normalized_card","2026-06-11T13:04:13.065Z"
"naver-card-10579-tier-1-300000-main-cap","naver-card-10579","main_monthly_cap","naver-card-10579-tier-1-300000","20000","naver-card-10579-benefit-1 | naver-card-10579-benefit-2 | naver-card-10579-benefit-3 | naver-card-10579-benefit-4 | naver-card-10579-benefit-5 | naver-card-10579-benefit-6 | naver-card-10579-benefit-7 | naver-card-10579-benefit-8 | naver-card-10579-benefit-9 | naver-card-10579-benefit-10 | naver-card-10579-benefit-11 | naver-card-10579-benefit-12 | naver-card-10579-benefit-13 | naver-card-10579-benefit-14 | naver-card-10579-benefit-15 | naver-card-10579-benefit-16 | naver-card-10579-benefit-17","false","fallback_from_existing_normalized_card","2026-06-11T13:04:13.065Z"
"naver-card-10480-tier-1-300000-main-cap","naver-card-10480","main_monthly_cap","naver-card-10480-tier-1-300000","240000","naver-card-10480-benefit-1 | naver-card-10480-benefit-2 | naver-card-10480-benefit-3 | naver-card-10480-benefit-4 | naver-card-10480-benefit-5 | naver-card-10480-benefit-6 | naver-card-10480-benefit-7 | naver-card-10480-benefit-8 | naver-card-10480-benefit-9 | naver-card-10480-benefit-10 | naver-card-10480-benefit-11 | naver-card-10480-benefit-12 | naver-card-10480-benefit-13 | naver-card-10480-benefit-14 | naver-card-10480-benefit-15 | naver-card-10480-benefit-16 | naver-card-10480-benefit-17 | naver-card-10480-benefit-18 | naver-card-10480-benefit-19 | naver-card-10480-benefit-20 | naver-card-10480-benefit-21 | naver-card-10480-benefit-22 | naver-card-10480-benefit-23 | naver-card-10480-benefit-24 | naver-card-10480-benefit-25 | naver-card-10480-benefit-26 | naver-card-10480-benefit-27 | naver-card-10480-benefit-28 | naver-card-10480-benefit-29 | naver-card-10480-benefit-30 | naver-card-10480-benefit-31 | naver-card-10480-benefit-32 | naver-card-10480-benefit-33","false","fallback_from_existing_normalized_card","2026-06-11T13:04:13.065Z"
"naver-card-247-tier-1-0-main-cap","naver-card-247","main_monthly_cap","naver-card-247-tier-1-0","5000","naver-card-247-benefit-1 | naver-card-247-benefit-2 | naver-card-247-benefit-3 | naver-card-247-benefit-4 | naver-card-247-benefit-5 | naver-card-247-benefit-6 | naver-card-247-benefit-7 | naver-card-247-benefit-8 | naver-card-247-benefit-9 | naver-card-247-benefit-10 | naver-card-247-benefit-11 | naver-card-247-benefit-12 | naver-card-247-benefit-13 | naver-card-247-benefit-14 | naver-card-247-benefit-15 | naver-card-247-benefit-16 | naver-card-247-benefit-17 | naver-card-247-benefit-18 | naver-card-247-benefit-19 | naver-card-247-benefit-20","false","fallback_from_existing_normalized_card","2026-06-11T13:04:13.065Z"
"naver-card-10284-tier-1-300000-main-cap","naver-card-10284","main_monthly_cap","naver-card-10284-tier-1-300000","15000","naver-card-10284-benefit-1 | naver-card-10284-benefit-2 | naver-card-10284-benefit-3 | naver-card-10284-benefit-4 | naver-card-10284-benefit-5 | naver-card-10284-benefit-6 | naver-card-10284-benefit-7 | naver-card-10284-benefit-8 | naver-card-10284-benefit-9 | naver-card-10284-benefit-10 | naver-card-10284-benefit-11 | naver-card-10284-benefit-12 | naver-card-10284-benefit-13 | naver-card-10284-benefit-14 | naver-card-10284-benefit-15 | naver-card-10284-benefit-16","false","fallback_from_existing_normalized_card","2026-06-11T13:04:13.065Z"
"naver-card-3959-tier-1-300000-main-cap","naver-card-3959","main_monthly_cap","naver-card-3959-tier-1-300000","300000","naver-card-3959-benefit-1 | naver-card-3959-benefit-2 | naver-card-3959-benefit-3 | naver-card-3959-benefit-4 | naver-card-3959-benefit-5 | naver-card-3959-benefit-6 | naver-card-3959-benefit-7 | naver-card-3959-benefit-8 | naver-card-3959-benefit-9 | naver-card-3959-benefit-10 | naver-card-3959-benefit-11 | naver-card-3959-benefit-12 | naver-card-3959-benefit-13 | naver-card-3959-benefit-14 | naver-card-3959-benefit-15 | naver-card-3959-benefit-16 | naver-card-3959-benefit-17 | naver-card-3959-benefit-18 | naver-card-3959-benefit-19 | naver-card-3959-benefit-20 | naver-card-3959-benefit-21 | naver-card-3959-benefit-22 | naver-card-3959-benefit-23 | naver-card-3959-benefit-24 | naver-card-3959-benefit-25 | naver-card-3959-benefit-26 | naver-card-3959-benefit-27 | naver-card-3959-benefit-28 | naver-card-3959-benefit-29 | naver-card-3959-benefit-30 | naver-card-3959-benefit-31 | naver-card-3959-benefit-32 | naver-card-3959-benefit-33 | naver-card-3959-benefit-34 | naver-card-3959-benefit-35 | naver-card-3959-benefit-36 | naver-card-3959-benefit-37 | naver-card-3959-benefit-38 | naver-card-3959-benefit-39 | naver-card-3959-benefit-40","false","fallback_from_existing_normalized_card","2026-06-11T13:04:13.065Z"
"naver-card-10454-tier-1-400000-main-cap","naver-card-10454","main_monthly_cap","naver-card-10454-tier-1-400000","20000","naver-card-10454-benefit-1 | naver-card-10454-benefit-2 | naver-card-10454-benefit-3 | naver-card-10454-benefit-4 | naver-card-10454-benefit-5 | naver-card-10454-benefit-6 | naver-card-10454-benefit-7 | naver-card-10454-benefit-8 | naver-card-10454-benefit-9 | naver-card-10454-benefit-10 | naver-card-10454-benefit-11 | naver-card-10454-benefit-12 | naver-card-10454-benefit-13 | naver-card-10454-benefit-14 | naver-card-10454-benefit-15 | naver-card-10454-benefit-16 | naver-card-10454-benefit-17 | naver-card-10454-benefit-18 | naver-card-10454-benefit-19 | naver-card-10454-benefit-20 | naver-card-10454-benefit-21 | naver-card-10454-benefit-22 | naver-card-10454-benefit-23 | naver-card-10454-benefit-24 | naver-card-10454-benefit-25 | naver-card-10454-benefit-26 | naver-card-10454-benefit-27 | naver-card-10454-benefit-28 | naver-card-10454-benefit-29","false","fallback_from_existing_normalized_card","2026-06-11T13:04:13.065Z"
"naver-card-10391-tier-1-500000-main-cap","naver-card-10391","main_monthly_cap","naver-card-10391-tier-1-500000","30000","naver-card-10391-benefit-1 | naver-card-10391-benefit-2 | naver-card-10391-benefit-3 | naver-card-10391-benefit-4 | naver-card-10391-benefit-5 | naver-card-10391-benefit-6 | naver-card-10391-benefit-7 | naver-card-10391-benefit-8 | naver-card-10391-benefit-9 | naver-card-10391-benefit-10 | naver-card-10391-benefit-11 | naver-card-10391-benefit-12 | naver-card-10391-benefit-13 | naver-card-10391-benefit-14 | naver-card-10391-benefit-15 | naver-card-10391-benefit-16 | naver-card-10391-benefit-17 | naver-card-10391-benefit-18 | naver-card-10391-benefit-19 | naver-card-10391-benefit-20 | naver-card-10391-benefit-21 | naver-card-10391-benefit-22 | naver-card-10391-benefit-23 | naver-card-10391-benefit-24 | naver-card-10391-benefit-25 | naver-card-10391-benefit-26 | naver-card-10391-benefit-27 | naver-card-10391-benefit-28 | naver-card-10391-benefit-29 | naver-card-10391-benefit-30 | naver-card-10391-benefit-31 | naver-card-10391-benefit-32 | naver-card-10391-benefit-33 | naver-card-10391-benefit-34 | naver-card-10391-benefit-35 | naver-card-10391-benefit-36 | naver-card-10391-benefit-37 | naver-card-10391-benefit-38 | naver-card-10391-benefit-39 | naver-card-10391-benefit-40 | naver-card-10391-benefit-41 | naver-card-10391-benefit-42 | naver-card-10391-benefit-43 | naver-card-10391-benefit-44 | naver-card-10391-benefit-45 | naver-card-10391-benefit-46 | naver-card-10391-benefit-47 | naver-card-10391-benefit-48 | naver-card-10391-benefit-49 | naver-card-10391-benefit-50 | naver-card-10391-benefit-51","false","fallback_from_existing_normalized_card","2026-06-11T13:04:13.065Z"
"naver-card-10267-tier-1-300000-main-cap","naver-card-10267","main_monthly_cap","naver-card-10267-tier-1-300000","5000","naver-card-10267-benefit-1 | naver-card-10267-benefit-2 | naver-card-10267-benefit-3 | naver-card-10267-benefit-4 | naver-card-10267-benefit-5 | naver-card-10267-benefit-6 | naver-card-10267-benefit-7 | naver-card-10267-benefit-8 | naver-card-10267-benefit-9 | naver-card-10267-benefit-10 | naver-card-10267-benefit-11 | naver-card-10267-benefit-12 | naver-card-10267-benefit-13 | naver-card-10267-benefit-14 | naver-card-10267-benefit-15 | naver-card-10267-benefit-16 | naver-card-10267-benefit-17 | naver-card-10267-benefit-18 | naver-card-10267-benefit-19 | naver-card-10267-benefit-20 | naver-card-10267-benefit-21 | naver-card-10267-benefit-22 | naver-card-10267-benefit-23 | naver-card-10267-benefit-24 | naver-card-10267-benefit-25 | naver-card-10267-benefit-26 | naver-card-10267-benefit-27 | naver-card-10267-benefit-28 | naver-card-10267-benefit-29 | naver-card-10267-benefit-30 | naver-card-10267-benefit-31 | naver-card-10267-benefit-32 | naver-card-10267-benefit-33 | naver-card-10267-benefit-34 | naver-card-10267-benefit-35","false","fallback_from_existing_normalized_card","2026-06-11T13:04:13.065Z"
"naver-card-10387-tier-1-500000-main-cap","naver-card-10387","main_monthly_cap","naver-card-10387-tier-1-500000","30000","naver-card-10387-benefit-1 | naver-card-10387-benefit-2 | naver-card-10387-benefit-3 | naver-card-10387-benefit-4 | naver-card-10387-benefit-5 | naver-card-10387-benefit-6 | naver-card-10387-benefit-7 | naver-card-10387-benefit-8 | naver-card-10387-benefit-9 | naver-card-10387-benefit-10 | naver-card-10387-benefit-11 | naver-card-10387-benefit-12 | naver-card-10387-benefit-13 | naver-card-10387-benefit-14 | naver-card-10387-benefit-15 | naver-card-10387-benefit-16 | naver-card-10387-benefit-17 | naver-card-10387-benefit-18 | naver-card-10387-benefit-19 | naver-card-10387-benefit-20 | naver-card-10387-benefit-21","false","fallback_from_existing_normalized_card","2026-06-11T13:04:13.065Z"
"naver-card-10388-tier-1-500000-main-cap","naver-card-10388","main_monthly_cap","naver-card-10388-tier-1-500000","30000","naver-card-10388-benefit-1 | naver-card-10388-benefit-2 | naver-card-10388-benefit-3 | naver-card-10388-benefit-4 | naver-card-10388-benefit-5 | naver-card-10388-benefit-6 | naver-card-10388-benefit-7 | naver-card-10388-benefit-8 | naver-card-10388-benefit-9 | naver-card-10388-benefit-10 | naver-card-10388-benefit-11 | naver-card-10388-benefit-12 | naver-card-10388-benefit-13 | naver-card-10388-benefit-14 | naver-card-10388-benefit-15 | naver-card-10388-benefit-16 | naver-card-10388-benefit-17 | naver-card-10388-benefit-18 | naver-card-10388-benefit-19 | naver-card-10388-benefit-20 | naver-card-10388-benefit-21 | naver-card-10388-benefit-22 | naver-card-10388-benefit-23","false","fallback_from_existing_normalized_card","2026-06-11T13:04:13.065Z"
"naver-card-10390-tier-1-500000-main-cap","naver-card-10390","main_monthly_cap","naver-card-10390-tier-1-500000","30000","naver-card-10390-benefit-1 | naver-card-10390-benefit-2 | naver-card-10390-benefit-3 | naver-card-10390-benefit-4 | naver-card-10390-benefit-5 | naver-card-10390-benefit-6 | naver-card-10390-benefit-7 | naver-card-10390-benefit-8 | naver-card-10390-benefit-9 | naver-card-10390-benefit-10 | naver-card-10390-benefit-11 | naver-card-10390-benefit-12 | naver-card-10390-benefit-13 | naver-card-10390-benefit-14 | naver-card-10390-benefit-15 | naver-card-10390-benefit-16 | naver-card-10390-benefit-17 | naver-card-10390-benefit-18 | naver-card-10390-benefit-19 | naver-card-10390-benefit-20 | naver-card-10390-benefit-21 | naver-card-10390-benefit-22","false","fallback_from_existing_normalized_card","2026-06-11T13:04:13.065Z"
"naver-card-10389-tier-1-500000-main-cap","naver-card-10389","main_monthly_cap","naver-card-10389-tier-1-500000","30000","naver-card-10389-benefit-1 | naver-card-10389-benefit-2 | naver-card-10389-benefit-3 | naver-card-10389-benefit-4 | naver-card-10389-benefit-5 | naver-card-10389-benefit-6 | naver-card-10389-benefit-7 | naver-card-10389-benefit-8 | naver-card-10389-benefit-9 | naver-card-10389-benefit-10 | naver-card-10389-benefit-11 | naver-card-10389-benefit-12 | naver-card-10389-benefit-13 | naver-card-10389-benefit-14 | naver-card-10389-benefit-15 | naver-card-10389-benefit-16 | naver-card-10389-benefit-17 | naver-card-10389-benefit-18 | naver-card-10389-benefit-19 | naver-card-10389-benefit-20 | naver-card-10389-benefit-21 | naver-card-10389-benefit-22","false","fallback_from_existing_normalized_card","2026-06-11T13:04:13.065Z"
"naver-card-10447-tier-1-400000-main-cap","naver-card-10447","main_monthly_cap","naver-card-10447-tier-1-400000","10000","naver-card-10447-benefit-1 | naver-card-10447-benefit-2 | naver-card-10447-benefit-3 | naver-card-10447-benefit-4 | naver-card-10447-benefit-5 | naver-card-10447-benefit-6 | naver-card-10447-benefit-7 | naver-card-10447-benefit-8 | naver-card-10447-benefit-9 | naver-card-10447-benefit-10 | naver-card-10447-benefit-11 | naver-card-10447-benefit-12 | naver-card-10447-benefit-13 | naver-card-10447-benefit-14 | naver-card-10447-benefit-15 | naver-card-10447-benefit-16 | naver-card-10447-benefit-17 | naver-card-10447-benefit-18 | naver-card-10447-benefit-19 | naver-card-10447-benefit-20 | naver-card-10447-benefit-21 | naver-card-10447-benefit-22 | naver-card-10447-benefit-23 | naver-card-10447-benefit-24 | naver-card-10447-benefit-25 | naver-card-10447-benefit-26 | naver-card-10447-benefit-27 | naver-card-10447-benefit-28 | naver-card-10447-benefit-29 | naver-card-10447-benefit-30 | naver-card-10447-benefit-31 | naver-card-10447-benefit-32 | naver-card-10447-benefit-33 | naver-card-10447-benefit-34 | naver-card-10447-benefit-35 | naver-card-10447-benefit-36 | naver-card-10447-benefit-37 | naver-card-10447-benefit-38 | naver-card-10447-benefit-39 | naver-card-10447-benefit-40 | naver-card-10447-benefit-41 | naver-card-10447-benefit-42 | naver-card-10447-benefit-43 | naver-card-10447-benefit-44 | naver-card-10447-benefit-45 | naver-card-10447-benefit-46 | naver-card-10447-benefit-47 | naver-card-10447-benefit-48 | naver-card-10447-benefit-49 | naver-card-10447-benefit-50 | naver-card-10447-benefit-51 | naver-card-10447-benefit-52 | naver-card-10447-benefit-53 | naver-card-10447-benefit-54 | naver-card-10447-benefit-55 | naver-card-10447-benefit-56 | naver-card-10447-benefit-57 | naver-card-10447-benefit-58","false","fallback_from_existing_normalized_card","2026-06-11T13:04:13.065Z"
"naver-card-10504-tier-1-300000-main-cap","naver-card-10504","main_monthly_cap","naver-card-10504-tier-1-300000","20000","naver-card-10504-benefit-1 | naver-card-10504-benefit-2 | naver-card-10504-benefit-3 | naver-card-10504-benefit-4 | naver-card-10504-benefit-5 | naver-card-10504-benefit-6 | naver-card-10504-benefit-7 | naver-card-10504-benefit-8 | naver-card-10504-benefit-9 | naver-card-10504-benefit-10 | naver-card-10504-benefit-11 | naver-card-10504-benefit-12 | naver-card-10504-benefit-13 | naver-card-10504-benefit-14 | naver-card-10504-benefit-15 | naver-card-10504-benefit-16 | naver-card-10504-benefit-17 | naver-card-10504-benefit-18 | naver-card-10504-benefit-19 | naver-card-10504-benefit-20 | naver-card-10504-benefit-21 | naver-card-10504-benefit-22 | naver-card-10504-benefit-23 | naver-card-10504-benefit-24 | naver-card-10504-benefit-25 | naver-card-10504-benefit-26 | naver-card-10504-benefit-27 | naver-card-10504-benefit-28 | naver-card-10504-benefit-29 | naver-card-10504-benefit-30 | naver-card-10504-benefit-31","false","fallback_from_existing_normalized_card","2026-06-11T13:04:13.065Z"
"naver-card-10514-tier-1-0-main-cap","naver-card-10514","main_monthly_cap","naver-card-10514-tier-1-0","20000","naver-card-10514-benefit-1 | naver-card-10514-benefit-2 | naver-card-10514-benefit-3 | naver-card-10514-benefit-4 | naver-card-10514-benefit-5 | naver-card-10514-benefit-6 | naver-card-10514-benefit-7 | naver-card-10514-benefit-8 | naver-card-10514-benefit-9 | naver-card-10514-benefit-10 | naver-card-10514-benefit-11 | naver-card-10514-benefit-12 | naver-card-10514-benefit-13 | naver-card-10514-benefit-14 | naver-card-10514-benefit-15 | naver-card-10514-benefit-16 | naver-card-10514-benefit-17 | naver-card-10514-benefit-18 | naver-card-10514-benefit-19 | naver-card-10514-benefit-20 | naver-card-10514-benefit-21 | naver-card-10514-benefit-22 | naver-card-10514-benefit-23 | naver-card-10514-benefit-24","false","fallback_from_existing_normalized_card","2026-06-11T13:04:13.065Z"
"naver-card-10509-tier-1-300000-main-cap","naver-card-10509","main_monthly_cap","naver-card-10509-tier-1-300000","20000","naver-card-10509-benefit-1 | naver-card-10509-benefit-2 | naver-card-10509-benefit-3 | naver-card-10509-benefit-4 | naver-card-10509-benefit-5 | naver-card-10509-benefit-6 | naver-card-10509-benefit-7 | naver-card-10509-benefit-8 | naver-card-10509-benefit-9 | naver-card-10509-benefit-10 | naver-card-10509-benefit-11 | naver-card-10509-benefit-12 | naver-card-10509-benefit-13 | naver-card-10509-benefit-14 | naver-card-10509-benefit-15 | naver-card-10509-benefit-16 | naver-card-10509-benefit-17 | naver-card-10509-benefit-18 | naver-card-10509-benefit-19 | naver-card-10509-benefit-20 | naver-card-10509-benefit-21 | naver-card-10509-benefit-22 | naver-card-10509-benefit-23 | naver-card-10509-benefit-24 | naver-card-10509-benefit-25 | naver-card-10509-benefit-26 | naver-card-10509-benefit-27 | naver-card-10509-benefit-28 | naver-card-10509-benefit-29 | naver-card-10509-benefit-30 | naver-card-10509-benefit-31 | naver-card-10509-benefit-32 | naver-card-10509-benefit-33 | naver-card-10509-benefit-34 | naver-card-10509-benefit-35 | naver-card-10509-benefit-36 | naver-card-10509-benefit-37 | naver-card-10509-benefit-38 | naver-card-10509-benefit-39 | naver-card-10509-benefit-40 | naver-card-10509-benefit-41 | naver-card-10509-benefit-42 | naver-card-10509-benefit-43 | naver-card-10509-benefit-44 | naver-card-10509-benefit-45 | naver-card-10509-benefit-46 | naver-card-10509-benefit-47 | naver-card-10509-benefit-48 | naver-card-10509-benefit-49 | naver-card-10509-benefit-50 | naver-card-10509-benefit-51 | naver-card-10509-benefit-52 | naver-card-10509-benefit-53 | naver-card-10509-benefit-54 | naver-card-10509-benefit-55 | naver-card-10509-benefit-56 | naver-card-10509-benefit-57 | naver-card-10509-benefit-58 | naver-card-10509-benefit-59 | naver-card-10509-benefit-60 | naver-card-10509-benefit-61 | naver-card-10509-benefit-62 | naver-card-10509-benefit-63 | naver-card-10509-benefit-64 | naver-card-10509-benefit-65 | naver-card-10509-benefit-66 | naver-card-10509-benefit-67 | naver-card-10509-benefit-68","false","fallback_from_existing_normalized_card","2026-06-11T13:04:13.065Z"
"naver-card-10130-tier-1-500000-main-cap","naver-card-10130","main_monthly_cap","naver-card-10130-tier-1-500000","10000","naver-card-10130-benefit-1 | naver-card-10130-benefit-2 | naver-card-10130-benefit-3 | naver-card-10130-benefit-4 | naver-card-10130-benefit-5 | naver-card-10130-benefit-6 | naver-card-10130-benefit-7 | naver-card-10130-benefit-8 | naver-card-10130-benefit-9 | naver-card-10130-benefit-10 | naver-card-10130-benefit-11 | naver-card-10130-benefit-12 | naver-card-10130-benefit-13 | naver-card-10130-benefit-14 | naver-card-10130-benefit-15 | naver-card-10130-benefit-16 | naver-card-10130-benefit-17 | naver-card-10130-benefit-18 | naver-card-10130-benefit-19 | naver-card-10130-benefit-20 | naver-card-10130-benefit-21 | naver-card-10130-benefit-22 | naver-card-10130-benefit-23 | naver-card-10130-benefit-24 | naver-card-10130-benefit-25 | naver-card-10130-benefit-26 | naver-card-10130-benefit-27 | naver-card-10130-benefit-28 | naver-card-10130-benefit-29 | naver-card-10130-benefit-30 | naver-card-10130-benefit-31 | naver-card-10130-benefit-32 | naver-card-10130-benefit-33 | naver-card-10130-benefit-34 | naver-card-10130-benefit-35 | naver-card-10130-benefit-36 | naver-card-10130-benefit-37","false","fallback_from_existing_normalized_card","2026-06-11T13:04:13.065Z"
"naver-card-10515-tier-1-0-main-cap","naver-card-10515","main_monthly_cap","naver-card-10515-tier-1-0","100000","naver-card-10515-benefit-1 | naver-card-10515-benefit-2 | naver-card-10515-benefit-3 | naver-card-10515-benefit-4 | naver-card-10515-benefit-5 | naver-card-10515-benefit-6 | naver-card-10515-benefit-7 | naver-card-10515-benefit-8 | naver-card-10515-benefit-9 | naver-card-10515-benefit-10 | naver-card-10515-benefit-11 | naver-card-10515-benefit-12 | naver-card-10515-benefit-13 | naver-card-10515-benefit-14 | naver-card-10515-benefit-15 | naver-card-10515-benefit-16 | naver-card-10515-benefit-17 | naver-card-10515-benefit-18 | naver-card-10515-benefit-19 | naver-card-10515-benefit-20 | naver-card-10515-benefit-21 | naver-card-10515-benefit-22 | naver-card-10515-benefit-23 | naver-card-10515-benefit-24 | naver-card-10515-benefit-25 | naver-card-10515-benefit-26 | naver-card-10515-benefit-27 | naver-card-10515-benefit-28 | naver-card-10515-benefit-29 | naver-card-10515-benefit-30","false","fallback_from_existing_normalized_card","2026-06-11T13:04:13.065Z"
"naver-card-10134-tier-1-500000-main-cap","naver-card-10134","main_monthly_cap","naver-card-10134-tier-1-500000","300000","naver-card-10134-benefit-1 | naver-card-10134-benefit-2 | naver-card-10134-benefit-3 | naver-card-10134-benefit-4 | naver-card-10134-benefit-5 | naver-card-10134-benefit-6 | naver-card-10134-benefit-7 | naver-card-10134-benefit-8 | naver-card-10134-benefit-9 | naver-card-10134-benefit-10 | naver-card-10134-benefit-11 | naver-card-10134-benefit-12 | naver-card-10134-benefit-13 | naver-card-10134-benefit-14 | naver-card-10134-benefit-15 | naver-card-10134-benefit-16 | naver-card-10134-benefit-17 | naver-card-10134-benefit-18 | naver-card-10134-benefit-19 | naver-card-10134-benefit-20 | naver-card-10134-benefit-21 | naver-card-10134-benefit-22 | naver-card-10134-benefit-23 | naver-card-10134-benefit-24 | naver-card-10134-benefit-25 | naver-card-10134-benefit-26 | naver-card-10134-benefit-27","false","fallback_from_existing_normalized_card","2026-06-11T13:04:13.065Z"
"naver-card-10359-tier-1-1000000-main-cap","naver-card-10359","main_monthly_cap","naver-card-10359-tier-1-1000000","10000","naver-card-10359-benefit-1 | naver-card-10359-benefit-2 | naver-card-10359-benefit-3 | naver-card-10359-benefit-4 | naver-card-10359-benefit-5 | naver-card-10359-benefit-6 | naver-card-10359-benefit-7 | naver-card-10359-benefit-8 | naver-card-10359-benefit-9 | naver-card-10359-benefit-10 | naver-card-10359-benefit-11 | naver-card-10359-benefit-12 | naver-card-10359-benefit-13 | naver-card-10359-benefit-14 | naver-card-10359-benefit-15 | naver-card-10359-benefit-16 | naver-card-10359-benefit-17 | naver-card-10359-benefit-18 | naver-card-10359-benefit-19 | naver-card-10359-benefit-20 | naver-card-10359-benefit-21 | naver-card-10359-benefit-22 | naver-card-10359-benefit-23 | naver-card-10359-benefit-24 | naver-card-10359-benefit-25 | naver-card-10359-benefit-26 | naver-card-10359-benefit-27 | naver-card-10359-benefit-28 | naver-card-10359-benefit-29 | naver-card-10359-benefit-30 | naver-card-10359-benefit-31 | naver-card-10359-benefit-32 | naver-card-10359-benefit-33 | naver-card-10359-benefit-34 | naver-card-10359-benefit-35 | naver-card-10359-benefit-36 | naver-card-10359-benefit-37 | naver-card-10359-benefit-38 | naver-card-10359-benefit-39 | naver-card-10359-benefit-40 | naver-card-10359-benefit-41 | naver-card-10359-benefit-42 | naver-card-10359-benefit-43 | naver-card-10359-benefit-44 | naver-card-10359-benefit-45 | naver-card-10359-benefit-46 | naver-card-10359-benefit-47 | naver-card-10359-benefit-48 | naver-card-10359-benefit-49 | naver-card-10359-benefit-50 | naver-card-10359-benefit-51 | naver-card-10359-benefit-52 | naver-card-10359-benefit-53 | naver-card-10359-benefit-54 | naver-card-10359-benefit-55 | naver-card-10359-benefit-56 | naver-card-10359-benefit-57 | naver-card-10359-benefit-58 | naver-card-10359-benefit-59 | naver-card-10359-benefit-60 | naver-card-10359-benefit-61 | naver-card-10359-benefit-62 | naver-card-10359-benefit-63 | naver-card-10359-benefit-64 | naver-card-10359-benefit-65 | naver-card-10359-benefit-66 | naver-card-10359-benefit-67 | naver-card-10359-benefit-68 | naver-card-10359-benefit-69 | naver-card-10359-benefit-70 | naver-card-10359-benefit-71 | naver-card-10359-benefit-72 | naver-card-10359-benefit-73 | naver-card-10359-benefit-74 | naver-card-10359-benefit-75 | naver-card-10359-benefit-76 | naver-card-10359-benefit-77 | naver-card-10359-benefit-78 | naver-card-10359-benefit-79 | naver-card-10359-benefit-80 | naver-card-10359-benefit-81 | naver-card-10359-benefit-82 | naver-card-10359-benefit-83 | naver-card-10359-benefit-84 | naver-card-10359-benefit-85 | naver-card-10359-benefit-86 | naver-card-10359-benefit-87 | naver-card-10359-benefit-88 | naver-card-10359-benefit-89 | naver-card-10359-benefit-90 | naver-card-10359-benefit-91 | naver-card-10359-benefit-92 | naver-card-10359-benefit-93 | naver-card-10359-benefit-94 | naver-card-10359-benefit-95 | naver-card-10359-benefit-96 | naver-card-10359-benefit-97 | naver-card-10359-benefit-98 | naver-card-10359-benefit-99 | naver-card-10359-benefit-100 | naver-card-10359-benefit-101 | naver-card-10359-benefit-102 | naver-card-10359-benefit-103 | naver-card-10359-benefit-104","false","fallback_from_existing_normalized_card","2026-06-11T13:04:13.065Z"
"naver-card-10317-tier-1-300000-main-cap","naver-card-10317","main_monthly_cap","naver-card-10317-tier-1-300000","30000","naver-card-10317-benefit-1 | naver-card-10317-benefit-2 | naver-card-10317-benefit-3 | naver-card-10317-benefit-4 | naver-card-10317-benefit-5 | naver-card-10317-benefit-6 | naver-card-10317-benefit-7 | naver-card-10317-benefit-8 | naver-card-10317-benefit-9 | naver-card-10317-benefit-10 | naver-card-10317-benefit-11 | naver-card-10317-benefit-12 | naver-card-10317-benefit-13 | naver-card-10317-benefit-14 | naver-card-10317-benefit-15 | naver-card-10317-benefit-16 | naver-card-10317-benefit-17 | naver-card-10317-benefit-18 | naver-card-10317-benefit-19 | naver-card-10317-benefit-20 | naver-card-10317-benefit-21 | naver-card-10317-benefit-22 | naver-card-10317-benefit-23 | naver-card-10317-benefit-24 | naver-card-10317-benefit-25 | naver-card-10317-benefit-26 | naver-card-10317-benefit-27 | naver-card-10317-benefit-28 | naver-card-10317-benefit-29 | naver-card-10317-benefit-30 | naver-card-10317-benefit-31 | naver-card-10317-benefit-32 | naver-card-10317-benefit-33 | naver-card-10317-benefit-34 | naver-card-10317-benefit-35 | naver-card-10317-benefit-36 | naver-card-10317-benefit-37 | naver-card-10317-benefit-38 | naver-card-10317-benefit-39 | naver-card-10317-benefit-40 | naver-card-10317-benefit-41 | naver-card-10317-benefit-42 | naver-card-10317-benefit-43 | naver-card-10317-benefit-44 | naver-card-10317-benefit-45 | naver-card-10317-benefit-46 | naver-card-10317-benefit-47 | naver-card-10317-benefit-48 | naver-card-10317-benefit-49","false","fallback_from_existing_normalized_card","2026-06-11T13:04:13.065Z"
"naver-card-10502-tier-1-300000-main-cap","naver-card-10502","main_monthly_cap","naver-card-10502-tier-1-300000","20000","naver-card-10502-benefit-1 | naver-card-10502-benefit-2 | naver-card-10502-benefit-3 | naver-card-10502-benefit-4 | naver-card-10502-benefit-5 | naver-card-10502-benefit-6 | naver-card-10502-benefit-7 | naver-card-10502-benefit-8 | naver-card-10502-benefit-9 | naver-card-10502-benefit-10 | naver-card-10502-benefit-11 | naver-card-10502-benefit-12 | naver-card-10502-benefit-13 | naver-card-10502-benefit-14 | naver-card-10502-benefit-15 | naver-card-10502-benefit-16 | naver-card-10502-benefit-17 | naver-card-10502-benefit-18 | naver-card-10502-benefit-19 | naver-card-10502-benefit-20 | naver-card-10502-benefit-21 | naver-card-10502-benefit-22 | naver-card-10502-benefit-23 | naver-card-10502-benefit-24 | naver-card-10502-benefit-25 | naver-card-10502-benefit-26 | naver-card-10502-benefit-27 | naver-card-10502-benefit-28 | naver-card-10502-benefit-29 | naver-card-10502-benefit-30","false","fallback_from_existing_normalized_card","2026-06-11T13:04:13.065Z"
"naver-card-10428-tier-1-300000-main-cap","naver-card-10428","main_monthly_cap","naver-card-10428-tier-1-300000","7000","naver-card-10428-benefit-1 | naver-card-10428-benefit-2 | naver-card-10428-benefit-3 | naver-card-10428-benefit-4 | naver-card-10428-benefit-5 | naver-card-10428-benefit-6 | naver-card-10428-benefit-7 | naver-card-10428-benefit-8 | naver-card-10428-benefit-9 | naver-card-10428-benefit-10 | naver-card-10428-benefit-11 | naver-card-10428-benefit-12 | naver-card-10428-benefit-13 | naver-card-10428-benefit-14 | naver-card-10428-benefit-15 | naver-card-10428-benefit-16 | naver-card-10428-benefit-17 | naver-card-10428-benefit-18 | naver-card-10428-benefit-19 | naver-card-10428-benefit-20 | naver-card-10428-benefit-21 | naver-card-10428-benefit-22 | naver-card-10428-benefit-23 | naver-card-10428-benefit-24 | naver-card-10428-benefit-25 | naver-card-10428-benefit-26 | naver-card-10428-benefit-27 | naver-card-10428-benefit-28 | naver-card-10428-benefit-29 | naver-card-10428-benefit-30 | naver-card-10428-benefit-31 | naver-card-10428-benefit-32 | naver-card-10428-benefit-33 | naver-card-10428-benefit-34 | naver-card-10428-benefit-35 | naver-card-10428-benefit-36 | naver-card-10428-benefit-37 | naver-card-10428-benefit-38 | naver-card-10428-benefit-39 | naver-card-10428-benefit-40 | naver-card-10428-benefit-41 | naver-card-10428-benefit-42 | naver-card-10428-benefit-43 | naver-card-10428-benefit-44 | naver-card-10428-benefit-45 | naver-card-10428-benefit-46 | naver-card-10428-benefit-47 | naver-card-10428-benefit-48 | naver-card-10428-benefit-49 | naver-card-10428-benefit-50 | naver-card-10428-benefit-51 | naver-card-10428-benefit-52 | naver-card-10428-benefit-53 | naver-card-10428-benefit-54 | naver-card-10428-benefit-55 | naver-card-10428-benefit-56 | naver-card-10428-benefit-57 | naver-card-10428-benefit-58 | naver-card-10428-benefit-59 | naver-card-10428-benefit-60 | naver-card-10428-benefit-61 | naver-card-10428-benefit-62 | naver-card-10428-benefit-63 | naver-card-10428-benefit-64 | naver-card-10428-benefit-65 | naver-card-10428-benefit-66 | naver-card-10428-benefit-67","false","이용금액 30만원 이상 70만원 미만: 7,000원 할인","2026-06-11T13:04:13.065Z"
"naver-card-10428-tier-2-700000-main-cap","naver-card-10428","main_monthly_cap","naver-card-10428-tier-2-700000","10000","naver-card-10428-benefit-1 | naver-card-10428-benefit-2 | naver-card-10428-benefit-3 | naver-card-10428-benefit-4 | naver-card-10428-benefit-5 | naver-card-10428-benefit-6 | naver-card-10428-benefit-7 | naver-card-10428-benefit-8 | naver-card-10428-benefit-9 | naver-card-10428-benefit-10 | naver-card-10428-benefit-11 | naver-card-10428-benefit-12 | naver-card-10428-benefit-13 | naver-card-10428-benefit-14 | naver-card-10428-benefit-15 | naver-card-10428-benefit-16 | naver-card-10428-benefit-17 | naver-card-10428-benefit-18 | naver-card-10428-benefit-19 | naver-card-10428-benefit-20 | naver-card-10428-benefit-21 | naver-card-10428-benefit-22 | naver-card-10428-benefit-23 | naver-card-10428-benefit-24 | naver-card-10428-benefit-25 | naver-card-10428-benefit-26 | naver-card-10428-benefit-27 | naver-card-10428-benefit-28 | naver-card-10428-benefit-29 | naver-card-10428-benefit-30 | naver-card-10428-benefit-31 | naver-card-10428-benefit-32 | naver-card-10428-benefit-33 | naver-card-10428-benefit-34 | naver-card-10428-benefit-35 | naver-card-10428-benefit-36 | naver-card-10428-benefit-37 | naver-card-10428-benefit-38 | naver-card-10428-benefit-39 | naver-card-10428-benefit-40 | naver-card-10428-benefit-41 | naver-card-10428-benefit-42 | naver-card-10428-benefit-43 | naver-card-10428-benefit-44 | naver-card-10428-benefit-45 | naver-card-10428-benefit-46 | naver-card-10428-benefit-47 | naver-card-10428-benefit-48 | naver-card-10428-benefit-49 | naver-card-10428-benefit-50 | naver-card-10428-benefit-51 | naver-card-10428-benefit-52 | naver-card-10428-benefit-53 | naver-card-10428-benefit-54 | naver-card-10428-benefit-55 | naver-card-10428-benefit-56 | naver-card-10428-benefit-57 | naver-card-10428-benefit-58 | naver-card-10428-benefit-59 | naver-card-10428-benefit-60 | naver-card-10428-benefit-61 | naver-card-10428-benefit-62 | naver-card-10428-benefit-63 | naver-card-10428-benefit-64 | naver-card-10428-benefit-65 | naver-card-10428-benefit-66 | naver-card-10428-benefit-67","false","이용금액 70만원 이상 150만원 미만: 10,000원 할인","2026-06-11T13:04:13.065Z"
"naver-card-10428-tier-3-1500000-main-cap","naver-card-10428","main_monthly_cap","naver-card-10428-tier-3-1500000","15000","naver-card-10428-benefit-1 | naver-card-10428-benefit-2 | naver-card-10428-benefit-3 | naver-card-10428-benefit-4 | naver-card-10428-benefit-5 | naver-card-10428-benefit-6 | naver-card-10428-benefit-7 | naver-card-10428-benefit-8 | naver-card-10428-benefit-9 | naver-card-10428-benefit-10 | naver-card-10428-benefit-11 | naver-card-10428-benefit-12 | naver-card-10428-benefit-13 | naver-card-10428-benefit-14 | naver-card-10428-benefit-15 | naver-card-10428-benefit-16 | naver-card-10428-benefit-17 | naver-card-10428-benefit-18 | naver-card-10428-benefit-19 | naver-card-10428-benefit-20 | naver-card-10428-benefit-21 | naver-card-10428-benefit-22 | naver-card-10428-benefit-23 | naver-card-10428-benefit-24 | naver-card-10428-benefit-25 | naver-card-10428-benefit-26 | naver-card-10428-benefit-27 | naver-card-10428-benefit-28 | naver-card-10428-benefit-29 | naver-card-10428-benefit-30 | naver-card-10428-benefit-31 | naver-card-10428-benefit-32 | naver-card-10428-benefit-33 | naver-card-10428-benefit-34 | naver-card-10428-benefit-35 | naver-card-10428-benefit-36 | naver-card-10428-benefit-37 | naver-card-10428-benefit-38 | naver-card-10428-benefit-39 | naver-card-10428-benefit-40 | naver-card-10428-benefit-41 | naver-card-10428-benefit-42 | naver-card-10428-benefit-43 | naver-card-10428-benefit-44 | naver-card-10428-benefit-45 | naver-card-10428-benefit-46 | naver-card-10428-benefit-47 | naver-card-10428-benefit-48 | naver-card-10428-benefit-49 | naver-card-10428-benefit-50 | naver-card-10428-benefit-51 | naver-card-10428-benefit-52 | naver-card-10428-benefit-53 | naver-card-10428-benefit-54 | naver-card-10428-benefit-55 | naver-card-10428-benefit-56 | naver-card-10428-benefit-57 | naver-card-10428-benefit-58 | naver-card-10428-benefit-59 | naver-card-10428-benefit-60 | naver-card-10428-benefit-61 | naver-card-10428-benefit-62 | naver-card-10428-benefit-63 | naver-card-10428-benefit-64 | naver-card-10428-benefit-65 | naver-card-10428-benefit-66 | naver-card-10428-benefit-67","false","이용금액 150만원 이상: 15,000원 할인","2026-06-11T13:04:13.065Z"
"naver-card-1360-tier-1-200000-main-cap","naver-card-1360","main_monthly_cap","naver-card-1360-tier-1-200000","200000","naver-card-1360-benefit-1 | naver-card-1360-benefit-2 | naver-card-1360-benefit-3 | naver-card-1360-benefit-4 | naver-card-1360-benefit-5 | naver-card-1360-benefit-6 | naver-card-1360-benefit-7 | naver-card-1360-benefit-8 | naver-card-1360-benefit-9 | naver-card-1360-benefit-10 | naver-card-1360-benefit-11 | naver-card-1360-benefit-12 | naver-card-1360-benefit-13 | naver-card-1360-benefit-14 | naver-card-1360-benefit-15 | naver-card-1360-benefit-16 | naver-card-1360-benefit-17 | naver-card-1360-benefit-18 | naver-card-1360-benefit-19 | naver-card-1360-benefit-20 | naver-card-1360-benefit-21 | naver-card-1360-benefit-22 | naver-card-1360-benefit-23 | naver-card-1360-benefit-24 | naver-card-1360-benefit-25 | naver-card-1360-benefit-26 | naver-card-1360-benefit-27 | naver-card-1360-benefit-28 | naver-card-1360-benefit-29 | naver-card-1360-benefit-30 | naver-card-1360-benefit-31 | naver-card-1360-benefit-32 | naver-card-1360-benefit-33 | naver-card-1360-benefit-34 | naver-card-1360-benefit-35 | naver-card-1360-benefit-36 | naver-card-1360-benefit-37 | naver-card-1360-benefit-38 | naver-card-1360-benefit-39 | naver-card-1360-benefit-40 | naver-card-1360-benefit-41 | naver-card-1360-benefit-42 | naver-card-1360-benefit-43 | naver-card-1360-benefit-44 | naver-card-1360-benefit-45 | naver-card-1360-benefit-46 | naver-card-1360-benefit-47 | naver-card-1360-benefit-48 | naver-card-1360-benefit-49 | naver-card-1360-benefit-50","false","fallback_from_existing_normalized_card","2026-06-11T13:04:13.065Z"
"naver-card-10503-tier-1-300000-main-cap","naver-card-10503","main_monthly_cap","naver-card-10503-tier-1-300000","20000","naver-card-10503-benefit-1 | naver-card-10503-benefit-2 | naver-card-10503-benefit-3 | naver-card-10503-benefit-4 | naver-card-10503-benefit-5 | naver-card-10503-benefit-6 | naver-card-10503-benefit-7 | naver-card-10503-benefit-8 | naver-card-10503-benefit-9 | naver-card-10503-benefit-10 | naver-card-10503-benefit-11 | naver-card-10503-benefit-12 | naver-card-10503-benefit-13 | naver-card-10503-benefit-14 | naver-card-10503-benefit-15 | naver-card-10503-benefit-16 | naver-card-10503-benefit-17 | naver-card-10503-benefit-18 | naver-card-10503-benefit-19 | naver-card-10503-benefit-20 | naver-card-10503-benefit-21 | naver-card-10503-benefit-22 | naver-card-10503-benefit-23 | naver-card-10503-benefit-24 | naver-card-10503-benefit-25 | naver-card-10503-benefit-26 | naver-card-10503-benefit-27 | naver-card-10503-benefit-28 | naver-card-10503-benefit-29 | naver-card-10503-benefit-30 | naver-card-10503-benefit-31","false","fallback_from_existing_normalized_card","2026-06-11T13:04:13.065Z"
"naver-card-1573-tier-1-300000-main-cap","naver-card-1573","main_monthly_cap","naver-card-1573-tier-1-300000","10000","naver-card-1573-benefit-1 | naver-card-1573-benefit-2 | naver-card-1573-benefit-3 | naver-card-1573-benefit-4 | naver-card-1573-benefit-5 | naver-card-1573-benefit-6 | naver-card-1573-benefit-7 | naver-card-1573-benefit-8 | naver-card-1573-benefit-9 | naver-card-1573-benefit-10 | naver-card-1573-benefit-11 | naver-card-1573-benefit-12 | naver-card-1573-benefit-13 | naver-card-1573-benefit-14 | naver-card-1573-benefit-15 | naver-card-1573-benefit-16 | naver-card-1573-benefit-17 | naver-card-1573-benefit-18 | naver-card-1573-benefit-19 | naver-card-1573-benefit-20 | naver-card-1573-benefit-21 | naver-card-1573-benefit-22 | naver-card-1573-benefit-23 | naver-card-1573-benefit-24 | naver-card-1573-benefit-25 | naver-card-1573-benefit-26 | naver-card-1573-benefit-27 | naver-card-1573-benefit-28 | naver-card-1573-benefit-29 | naver-card-1573-benefit-30 | naver-card-1573-benefit-31 | naver-card-1573-benefit-32 | naver-card-1573-benefit-33 | naver-card-1573-benefit-34 | naver-card-1573-benefit-35 | naver-card-1573-benefit-36 | naver-card-1573-benefit-37 | naver-card-1573-benefit-38 | naver-card-1573-benefit-39","false","fallback_from_existing_normalized_card","2026-06-11T13:04:13.065Z"
"naver-card-10291-tier-1-400000-main-cap","naver-card-10291","main_monthly_cap","naver-card-10291-tier-1-400000","10000","naver-card-10291-benefit-1 | naver-card-10291-benefit-2 | naver-card-10291-benefit-3 | naver-card-10291-benefit-4 | naver-card-10291-benefit-5 | naver-card-10291-benefit-6 | naver-card-10291-benefit-7 | naver-card-10291-benefit-8 | naver-card-10291-benefit-9 | naver-card-10291-benefit-10 | naver-card-10291-benefit-11 | naver-card-10291-benefit-12 | naver-card-10291-benefit-13 | naver-card-10291-benefit-14","false","fallback_from_existing_normalized_card","2026-06-11T13:04:13.065Z"
"naver-card-1715-tier-1-500000-main-cap","naver-card-1715","main_monthly_cap","naver-card-1715-tier-1-500000","20000","naver-card-1715-benefit-1 | naver-card-1715-benefit-2 | naver-card-1715-benefit-3 | naver-card-1715-benefit-4 | naver-card-1715-benefit-5 | naver-card-1715-benefit-6 | naver-card-1715-benefit-7 | naver-card-1715-benefit-8 | naver-card-1715-benefit-9 | naver-card-1715-benefit-10 | naver-card-1715-benefit-11 | naver-card-1715-benefit-12 | naver-card-1715-benefit-13 | naver-card-1715-benefit-14 | naver-card-1715-benefit-15 | naver-card-1715-benefit-16 | naver-card-1715-benefit-17 | naver-card-1715-benefit-18 | naver-card-1715-benefit-19 | naver-card-1715-benefit-20 | naver-card-1715-benefit-21 | naver-card-1715-benefit-22 | naver-card-1715-benefit-23 | naver-card-1715-benefit-24 | naver-card-1715-benefit-25 | naver-card-1715-benefit-26 | naver-card-1715-benefit-27 | naver-card-1715-benefit-28 | naver-card-1715-benefit-29 | naver-card-1715-benefit-30 | naver-card-1715-benefit-31 | naver-card-1715-benefit-32 | naver-card-1715-benefit-33 | naver-card-1715-benefit-34 | naver-card-1715-benefit-35 | naver-card-1715-benefit-36","false","fallback_from_existing_normalized_card","2026-06-11T13:04:13.065Z"
"naver-card-1889-tier-1-300000-main-cap","naver-card-1889","main_monthly_cap","naver-card-1889-tier-1-300000","10000","naver-card-1889-benefit-1 | naver-card-1889-benefit-2 | naver-card-1889-benefit-3 | naver-card-1889-benefit-4 | naver-card-1889-benefit-5 | naver-card-1889-benefit-6 | naver-card-1889-benefit-7 | naver-card-1889-benefit-8 | naver-card-1889-benefit-9 | naver-card-1889-benefit-10 | naver-card-1889-benefit-11 | naver-card-1889-benefit-12 | naver-card-1889-benefit-13 | naver-card-1889-benefit-14 | naver-card-1889-benefit-15 | naver-card-1889-benefit-16 | naver-card-1889-benefit-17 | naver-card-1889-benefit-18 | naver-card-1889-benefit-19 | naver-card-1889-benefit-20 | naver-card-1889-benefit-21 | naver-card-1889-benefit-22 | naver-card-1889-benefit-23 | naver-card-1889-benefit-24 | naver-card-1889-benefit-25 | naver-card-1889-benefit-26 | naver-card-1889-benefit-27 | naver-card-1889-benefit-28 | naver-card-1889-benefit-29 | naver-card-1889-benefit-30 | naver-card-1889-benefit-31 | naver-card-1889-benefit-32 | naver-card-1889-benefit-33 | naver-card-1889-benefit-34 | naver-card-1889-benefit-35 | naver-card-1889-benefit-36 | naver-card-1889-benefit-37 | naver-card-1889-benefit-38 | naver-card-1889-benefit-39 | naver-card-1889-benefit-40 | naver-card-1889-benefit-41 | naver-card-1889-benefit-42 | naver-card-1889-benefit-43 | naver-card-1889-benefit-44 | naver-card-1889-benefit-45 | naver-card-1889-benefit-46","false","fallback_from_existing_normalized_card","2026-06-11T13:04:13.065Z"
"naver-card-1340-tier-1-300000-main-cap","naver-card-1340","main_monthly_cap","naver-card-1340-tier-1-300000","10000","naver-card-1340-benefit-1 | naver-card-1340-benefit-2 | naver-card-1340-benefit-3 | naver-card-1340-benefit-4 | naver-card-1340-benefit-5 | naver-card-1340-benefit-6 | naver-card-1340-benefit-7 | naver-card-1340-benefit-8 | naver-card-1340-benefit-9 | naver-card-1340-benefit-10 | naver-card-1340-benefit-11 | naver-card-1340-benefit-12 | naver-card-1340-benefit-13 | naver-card-1340-benefit-14 | naver-card-1340-benefit-15 | naver-card-1340-benefit-16 | naver-card-1340-benefit-17 | naver-card-1340-benefit-18 | naver-card-1340-benefit-19 | naver-card-1340-benefit-20 | naver-card-1340-benefit-21 | naver-card-1340-benefit-22 | naver-card-1340-benefit-23 | naver-card-1340-benefit-24 | naver-card-1340-benefit-25 | naver-card-1340-benefit-26 | naver-card-1340-benefit-27 | naver-card-1340-benefit-28 | naver-card-1340-benefit-29 | naver-card-1340-benefit-30 | naver-card-1340-benefit-31 | naver-card-1340-benefit-32 | naver-card-1340-benefit-33 | naver-card-1340-benefit-34 | naver-card-1340-benefit-35 | naver-card-1340-benefit-36 | naver-card-1340-benefit-37 | naver-card-1340-benefit-38 | naver-card-1340-benefit-39 | naver-card-1340-benefit-40 | naver-card-1340-benefit-41 | naver-card-1340-benefit-42 | naver-card-1340-benefit-43 | naver-card-1340-benefit-44 | naver-card-1340-benefit-45 | naver-card-1340-benefit-46 | naver-card-1340-benefit-47 | naver-card-1340-benefit-48 | naver-card-1340-benefit-49 | naver-card-1340-benefit-50 | naver-card-1340-benefit-51 | naver-card-1340-benefit-52 | naver-card-1340-benefit-53 | naver-card-1340-benefit-54 | naver-card-1340-benefit-55 | naver-card-1340-benefit-56 | naver-card-1340-benefit-57 | naver-card-1340-benefit-58","false","fallback_from_existing_normalized_card","2026-06-11T13:04:13.065Z"
"naver-card-10232-tier-1-0-main-cap","naver-card-10232","main_monthly_cap","naver-card-10232-tier-1-0","20000","naver-card-10232-benefit-1 | naver-card-10232-benefit-2 | naver-card-10232-benefit-3 | naver-card-10232-benefit-4 | naver-card-10232-benefit-5 | naver-card-10232-benefit-6 | naver-card-10232-benefit-7 | naver-card-10232-benefit-8 | naver-card-10232-benefit-9 | naver-card-10232-benefit-10 | naver-card-10232-benefit-11 | naver-card-10232-benefit-12 | naver-card-10232-benefit-13 | naver-card-10232-benefit-14 | naver-card-10232-benefit-15 | naver-card-10232-benefit-16","false","fallback_from_existing_normalized_card","2026-06-11T13:04:13.065Z"
"naver-card-2345-tier-1-300000-main-cap","naver-card-2345","main_monthly_cap","naver-card-2345-tier-1-300000","300000","naver-card-2345-benefit-1 | naver-card-2345-benefit-2 | naver-card-2345-benefit-3 | naver-card-2345-benefit-4 | naver-card-2345-benefit-5 | naver-card-2345-benefit-6 | naver-card-2345-benefit-7 | naver-card-2345-benefit-8 | naver-card-2345-benefit-9 | naver-card-2345-benefit-10 | naver-card-2345-benefit-11 | naver-card-2345-benefit-12 | naver-card-2345-benefit-13 | naver-card-2345-benefit-14 | naver-card-2345-benefit-15 | naver-card-2345-benefit-16 | naver-card-2345-benefit-17 | naver-card-2345-benefit-18 | naver-card-2345-benefit-19 | naver-card-2345-benefit-20 | naver-card-2345-benefit-21 | naver-card-2345-benefit-22 | naver-card-2345-benefit-23 | naver-card-2345-benefit-24 | naver-card-2345-benefit-25 | naver-card-2345-benefit-26 | naver-card-2345-benefit-27 | naver-card-2345-benefit-28 | naver-card-2345-benefit-29 | naver-card-2345-benefit-30 | naver-card-2345-benefit-31 | naver-card-2345-benefit-32 | naver-card-2345-benefit-33 | naver-card-2345-benefit-34 | naver-card-2345-benefit-35 | naver-card-2345-benefit-36 | naver-card-2345-benefit-37 | naver-card-2345-benefit-38 | naver-card-2345-benefit-39 | naver-card-2345-benefit-40 | naver-card-2345-benefit-41 | naver-card-2345-benefit-42 | naver-card-2345-benefit-43 | naver-card-2345-benefit-44 | naver-card-2345-benefit-45 | naver-card-2345-benefit-46 | naver-card-2345-benefit-47 | naver-card-2345-benefit-48 | naver-card-2345-benefit-49 | naver-card-2345-benefit-50 | naver-card-2345-benefit-51 | naver-card-2345-benefit-52 | naver-card-2345-benefit-53 | naver-card-2345-benefit-54 | naver-card-2345-benefit-55 | naver-card-2345-benefit-56 | naver-card-2345-benefit-57 | naver-card-2345-benefit-58 | naver-card-2345-benefit-59 | naver-card-2345-benefit-60 | naver-card-2345-benefit-61 | naver-card-2345-benefit-62","false","fallback_from_existing_normalized_card","2026-06-11T13:04:13.065Z"
"naver-card-10614-tier-1-300000-main-cap","naver-card-10614","main_monthly_cap","naver-card-10614-tier-1-300000","300000","naver-card-10614-benefit-1 | naver-card-10614-benefit-2 | naver-card-10614-benefit-3 | naver-card-10614-benefit-4 | naver-card-10614-benefit-5 | naver-card-10614-benefit-6 | naver-card-10614-benefit-7 | naver-card-10614-benefit-8 | naver-card-10614-benefit-9 | naver-card-10614-benefit-10 | naver-card-10614-benefit-11 | naver-card-10614-benefit-12 | naver-card-10614-benefit-13 | naver-card-10614-benefit-14 | naver-card-10614-benefit-15 | naver-card-10614-benefit-16 | naver-card-10614-benefit-17 | naver-card-10614-benefit-18","false","fallback_from_existing_normalized_card","2026-06-11T13:04:13.065Z"
"naver-card-10524-tier-1-300000-main-cap","naver-card-10524","main_monthly_cap","naver-card-10524-tier-1-300000","23000","naver-card-10524-benefit-1 | naver-card-10524-benefit-2 | naver-card-10524-benefit-3 | naver-card-10524-benefit-4 | naver-card-10524-benefit-5 | naver-card-10524-benefit-6 | naver-card-10524-benefit-7 | naver-card-10524-benefit-8 | naver-card-10524-benefit-9 | naver-card-10524-benefit-10 | naver-card-10524-benefit-11 | naver-card-10524-benefit-12 | naver-card-10524-benefit-13 | naver-card-10524-benefit-14 | naver-card-10524-benefit-15 | naver-card-10524-benefit-16 | naver-card-10524-benefit-17","false","fallback_from_existing_normalized_card","2026-06-11T13:04:13.065Z"
"naver-card-10639-tier-1-700000-main-cap","naver-card-10639","main_monthly_cap","naver-card-10639-tier-1-700000","6000","naver-card-10639-benefit-1","false","fallback_from_existing_normalized_card","2026-06-11T13:04:13.065Z"
"naver-card-10501-tier-1-500000-main-cap","naver-card-10501","main_monthly_cap","naver-card-10501-tier-1-500000","20000","naver-card-10501-benefit-1 | naver-card-10501-benefit-2 | naver-card-10501-benefit-3 | naver-card-10501-benefit-4 | naver-card-10501-benefit-5 | naver-card-10501-benefit-6 | naver-card-10501-benefit-7 | naver-card-10501-benefit-8 | naver-card-10501-benefit-9 | naver-card-10501-benefit-10 | naver-card-10501-benefit-11 | naver-card-10501-benefit-12 | naver-card-10501-benefit-13 | naver-card-10501-benefit-14 | naver-card-10501-benefit-15 | naver-card-10501-benefit-16 | naver-card-10501-benefit-17 | naver-card-10501-benefit-18 | naver-card-10501-benefit-19 | naver-card-10501-benefit-20 | naver-card-10501-benefit-21 | naver-card-10501-benefit-22 | naver-card-10501-benefit-23 | naver-card-10501-benefit-24 | naver-card-10501-benefit-25 | naver-card-10501-benefit-26 | naver-card-10501-benefit-27 | naver-card-10501-benefit-28 | naver-card-10501-benefit-29 | naver-card-10501-benefit-30 | naver-card-10501-benefit-31 | naver-card-10501-benefit-32 | naver-card-10501-benefit-33 | naver-card-10501-benefit-34 | naver-card-10501-benefit-35 | naver-card-10501-benefit-36 | naver-card-10501-benefit-37 | naver-card-10501-benefit-38 | naver-card-10501-benefit-39 | naver-card-10501-benefit-40 | naver-card-10501-benefit-41 | naver-card-10501-benefit-42 | naver-card-10501-benefit-43 | naver-card-10501-benefit-44 | naver-card-10501-benefit-45 | naver-card-10501-benefit-46 | naver-card-10501-benefit-47 | naver-card-10501-benefit-48 | naver-card-10501-benefit-49 | naver-card-10501-benefit-50 | naver-card-10501-benefit-51 | naver-card-10501-benefit-52 | naver-card-10501-benefit-53 | naver-card-10501-benefit-54 | naver-card-10501-benefit-55 | naver-card-10501-benefit-56 | naver-card-10501-benefit-57 | naver-card-10501-benefit-58 | naver-card-10501-benefit-59 | naver-card-10501-benefit-60 | naver-card-10501-benefit-61 | naver-card-10501-benefit-62 | naver-card-10501-benefit-63 | naver-card-10501-benefit-64 | naver-card-10501-benefit-65 | naver-card-10501-benefit-66 | naver-card-10501-benefit-67 | naver-card-10501-benefit-68 | naver-card-10501-benefit-69 | naver-card-10501-benefit-70 | naver-card-10501-benefit-71 | naver-card-10501-benefit-72 | naver-card-10501-benefit-73 | naver-card-10501-benefit-74 | naver-card-10501-benefit-75 | naver-card-10501-benefit-76 | naver-card-10501-benefit-77 | naver-card-10501-benefit-78 | naver-card-10501-benefit-79 | naver-card-10501-benefit-80 | naver-card-10501-benefit-81 | naver-card-10501-benefit-82 | naver-card-10501-benefit-83 | naver-card-10501-benefit-84 | naver-card-10501-benefit-85 | naver-card-10501-benefit-86 | naver-card-10501-benefit-87 | naver-card-10501-benefit-88 | naver-card-10501-benefit-89 | naver-card-10501-benefit-90 | naver-card-10501-benefit-91 | naver-card-10501-benefit-92 | naver-card-10501-benefit-93 | naver-card-10501-benefit-94 | naver-card-10501-benefit-95 | naver-card-10501-benefit-96 | naver-card-10501-benefit-97 | naver-card-10501-benefit-98 | naver-card-10501-benefit-99 | naver-card-10501-benefit-100 | naver-card-10501-benefit-101 | naver-card-10501-benefit-102 | naver-card-10501-benefit-103 | naver-card-10501-benefit-104 | naver-card-10501-benefit-105 | naver-card-10501-benefit-106 | naver-card-10501-benefit-107 | naver-card-10501-benefit-108 | naver-card-10501-benefit-109 | naver-card-10501-benefit-110","false","fallback_from_existing_normalized_card","2026-06-11T13:04:13.065Z"
"naver-card-10299-tier-1-300000-main-cap","naver-card-10299","main_monthly_cap","naver-card-10299-tier-1-300000","300000","naver-card-10299-benefit-1 | naver-card-10299-benefit-2 | naver-card-10299-benefit-3 | naver-card-10299-benefit-4 | naver-card-10299-benefit-5 | naver-card-10299-benefit-6 | naver-card-10299-benefit-7 | naver-card-10299-benefit-8 | naver-card-10299-benefit-9 | naver-card-10299-benefit-10 | naver-card-10299-benefit-11 | naver-card-10299-benefit-12","false","fallback_from_existing_normalized_card","2026-06-11T13:04:13.065Z"
"naver-card-10597-tier-1-0-main-cap","naver-card-10597","main_monthly_cap","naver-card-10597-tier-1-0","50000","naver-card-10597-benefit-1 | naver-card-10597-benefit-2 | naver-card-10597-benefit-3 | naver-card-10597-benefit-4 | naver-card-10597-benefit-5 | naver-card-10597-benefit-6 | naver-card-10597-benefit-7 | naver-card-10597-benefit-8 | naver-card-10597-benefit-9 | naver-card-10597-benefit-10 | naver-card-10597-benefit-11 | naver-card-10597-benefit-12 | naver-card-10597-benefit-13 | naver-card-10597-benefit-14 | naver-card-10597-benefit-15 | naver-card-10597-benefit-16 | naver-card-10597-benefit-17 | naver-card-10597-benefit-18 | naver-card-10597-benefit-19 | naver-card-10597-benefit-20 | naver-card-10597-benefit-21 | naver-card-10597-benefit-22 | naver-card-10597-benefit-23 | naver-card-10597-benefit-24 | naver-card-10597-benefit-25 | naver-card-10597-benefit-26 | naver-card-10597-benefit-27 | naver-card-10597-benefit-28 | naver-card-10597-benefit-29 | naver-card-10597-benefit-30 | naver-card-10597-benefit-31 | naver-card-10597-benefit-32","false","fallback_from_existing_normalized_card","2026-06-11T13:04:13.065Z"
"naver-card-10516-tier-1-300000-main-cap","naver-card-10516","main_monthly_cap","naver-card-10516-tier-1-300000","20000","naver-card-10516-benefit-1 | naver-card-10516-benefit-2 | naver-card-10516-benefit-3 | naver-card-10516-benefit-4 | naver-card-10516-benefit-5 | naver-card-10516-benefit-6 | naver-card-10516-benefit-7 | naver-card-10516-benefit-8 | naver-card-10516-benefit-9 | naver-card-10516-benefit-10 | naver-card-10516-benefit-11 | naver-card-10516-benefit-12 | naver-card-10516-benefit-13 | naver-card-10516-benefit-14 | naver-card-10516-benefit-15 | naver-card-10516-benefit-16 | naver-card-10516-benefit-17 | naver-card-10516-benefit-18 | naver-card-10516-benefit-19 | naver-card-10516-benefit-20 | naver-card-10516-benefit-21 | naver-card-10516-benefit-22 | naver-card-10516-benefit-23 | naver-card-10516-benefit-24 | naver-card-10516-benefit-25 | naver-card-10516-benefit-26 | naver-card-10516-benefit-27 | naver-card-10516-benefit-28","false","fallback_from_existing_normalized_card","2026-06-11T13:04:13.065Z"
"naver-card-10320-tier-1-500000-main-cap","naver-card-10320","main_monthly_cap","naver-card-10320-tier-1-500000","100000","naver-card-10320-benefit-1 | naver-card-10320-benefit-2 | naver-card-10320-benefit-3 | naver-card-10320-benefit-4 | naver-card-10320-benefit-5 | naver-card-10320-benefit-6 | naver-card-10320-benefit-7 | naver-card-10320-benefit-8 | naver-card-10320-benefit-9 | naver-card-10320-benefit-10 | naver-card-10320-benefit-11 | naver-card-10320-benefit-12 | naver-card-10320-benefit-13 | naver-card-10320-benefit-14 | naver-card-10320-benefit-15 | naver-card-10320-benefit-16 | naver-card-10320-benefit-17 | naver-card-10320-benefit-18 | naver-card-10320-benefit-19 | naver-card-10320-benefit-20 | naver-card-10320-benefit-21 | naver-card-10320-benefit-22 | naver-card-10320-benefit-23 | naver-card-10320-benefit-24 | naver-card-10320-benefit-25 | naver-card-10320-benefit-26 | naver-card-10320-benefit-27 | naver-card-10320-benefit-28 | naver-card-10320-benefit-29 | naver-card-10320-benefit-30 | naver-card-10320-benefit-31 | naver-card-10320-benefit-32 | naver-card-10320-benefit-33 | naver-card-10320-benefit-34 | naver-card-10320-benefit-35 | naver-card-10320-benefit-36 | naver-card-10320-benefit-37 | naver-card-10320-benefit-38 | naver-card-10320-benefit-39 | naver-card-10320-benefit-40 | naver-card-10320-benefit-41 | naver-card-10320-benefit-42 | naver-card-10320-benefit-43 | naver-card-10320-benefit-44 | naver-card-10320-benefit-45","false","fallback_from_existing_normalized_card","2026-06-11T13:04:13.065Z"
"naver-card-10371-tier-1-500000-main-cap","naver-card-10371","main_monthly_cap","naver-card-10371-tier-1-500000","50000","naver-card-10371-benefit-1 | naver-card-10371-benefit-2 | naver-card-10371-benefit-3 | naver-card-10371-benefit-4 | naver-card-10371-benefit-5 | naver-card-10371-benefit-6 | naver-card-10371-benefit-7 | naver-card-10371-benefit-8 | naver-card-10371-benefit-9 | naver-card-10371-benefit-10 | naver-card-10371-benefit-11 | naver-card-10371-benefit-12 | naver-card-10371-benefit-13 | naver-card-10371-benefit-14 | naver-card-10371-benefit-15 | naver-card-10371-benefit-16 | naver-card-10371-benefit-17 | naver-card-10371-benefit-18 | naver-card-10371-benefit-19 | naver-card-10371-benefit-20 | naver-card-10371-benefit-21 | naver-card-10371-benefit-22 | naver-card-10371-benefit-23 | naver-card-10371-benefit-24 | naver-card-10371-benefit-25 | naver-card-10371-benefit-26 | naver-card-10371-benefit-27 | naver-card-10371-benefit-28 | naver-card-10371-benefit-29 | naver-card-10371-benefit-30 | naver-card-10371-benefit-31 | naver-card-10371-benefit-32 | naver-card-10371-benefit-33 | naver-card-10371-benefit-34 | naver-card-10371-benefit-35 | naver-card-10371-benefit-36 | naver-card-10371-benefit-37 | naver-card-10371-benefit-38 | naver-card-10371-benefit-39 | naver-card-10371-benefit-40 | naver-card-10371-benefit-41 | naver-card-10371-benefit-42 | naver-card-10371-benefit-43 | naver-card-10371-benefit-44 | naver-card-10371-benefit-45 | naver-card-10371-benefit-46 | naver-card-10371-benefit-47 | naver-card-10371-benefit-48 | naver-card-10371-benefit-49 | naver-card-10371-benefit-50 | naver-card-10371-benefit-51 | naver-card-10371-benefit-52 | naver-card-10371-benefit-53 | naver-card-10371-benefit-54 | naver-card-10371-benefit-55 | naver-card-10371-benefit-56","false","fallback_from_existing_normalized_card","2026-06-11T13:04:13.065Z"
"naver-card-10493-tier-1-400000-main-cap","naver-card-10493","main_monthly_cap","naver-card-10493-tier-1-400000","5000","naver-card-10493-benefit-1 | naver-card-10493-benefit-2 | naver-card-10493-benefit-3 | naver-card-10493-benefit-4 | naver-card-10493-benefit-5 | naver-card-10493-benefit-6 | naver-card-10493-benefit-7 | naver-card-10493-benefit-8 | naver-card-10493-benefit-9 | naver-card-10493-benefit-10 | naver-card-10493-benefit-11 | naver-card-10493-benefit-12 | naver-card-10493-benefit-13 | naver-card-10493-benefit-14 | naver-card-10493-benefit-15 | naver-card-10493-benefit-16 | naver-card-10493-benefit-17 | naver-card-10493-benefit-18 | naver-card-10493-benefit-19 | naver-card-10493-benefit-20 | naver-card-10493-benefit-21 | naver-card-10493-benefit-22 | naver-card-10493-benefit-23 | naver-card-10493-benefit-24 | naver-card-10493-benefit-25 | naver-card-10493-benefit-26 | naver-card-10493-benefit-27 | naver-card-10493-benefit-28 | naver-card-10493-benefit-29 | naver-card-10493-benefit-30 | naver-card-10493-benefit-31 | naver-card-10493-benefit-32 | naver-card-10493-benefit-33 | naver-card-10493-benefit-34 | naver-card-10493-benefit-35 | naver-card-10493-benefit-36 | naver-card-10493-benefit-37 | naver-card-10493-benefit-38 | naver-card-10493-benefit-39 | naver-card-10493-benefit-40 | naver-card-10493-benefit-41 | naver-card-10493-benefit-42 | naver-card-10493-benefit-43 | naver-card-10493-benefit-44 | naver-card-10493-benefit-45 | naver-card-10493-benefit-46 | naver-card-10493-benefit-47 | naver-card-10493-benefit-48 | naver-card-10493-benefit-49 | naver-card-10493-benefit-50 | naver-card-10493-benefit-51 | naver-card-10493-benefit-52 | naver-card-10493-benefit-53 | naver-card-10493-benefit-54 | naver-card-10493-benefit-55 | naver-card-10493-benefit-56 | naver-card-10493-benefit-57 | naver-card-10493-benefit-58 | naver-card-10493-benefit-59 | naver-card-10493-benefit-60 | naver-card-10493-benefit-61 | naver-card-10493-benefit-62 | naver-card-10493-benefit-63 | naver-card-10493-benefit-64 | naver-card-10493-benefit-65 | naver-card-10493-benefit-66 | naver-card-10493-benefit-67 | naver-card-10493-benefit-68 | naver-card-10493-benefit-69 | naver-card-10493-benefit-70 | naver-card-10493-benefit-71 | naver-card-10493-benefit-72 | naver-card-10493-benefit-73 | naver-card-10493-benefit-74 | naver-card-10493-benefit-75 | naver-card-10493-benefit-76 | naver-card-10493-benefit-77 | naver-card-10493-benefit-78","false","fallback_from_existing_normalized_card","2026-06-11T13:04:13.065Z"
"naver-card-10373-tier-1-500000-main-cap","naver-card-10373","main_monthly_cap","naver-card-10373-tier-1-500000","200000","naver-card-10373-benefit-1 | naver-card-10373-benefit-2 | naver-card-10373-benefit-3 | naver-card-10373-benefit-4 | naver-card-10373-benefit-5 | naver-card-10373-benefit-6 | naver-card-10373-benefit-7 | naver-card-10373-benefit-8 | naver-card-10373-benefit-9 | naver-card-10373-benefit-10 | naver-card-10373-benefit-11 | naver-card-10373-benefit-12 | naver-card-10373-benefit-13 | naver-card-10373-benefit-14 | naver-card-10373-benefit-15 | naver-card-10373-benefit-16 | naver-card-10373-benefit-17 | naver-card-10373-benefit-18 | naver-card-10373-benefit-19 | naver-card-10373-benefit-20 | naver-card-10373-benefit-21 | naver-card-10373-benefit-22 | naver-card-10373-benefit-23 | naver-card-10373-benefit-24 | naver-card-10373-benefit-25 | naver-card-10373-benefit-26 | naver-card-10373-benefit-27 | naver-card-10373-benefit-28 | naver-card-10373-benefit-29 | naver-card-10373-benefit-30 | naver-card-10373-benefit-31 | naver-card-10373-benefit-32 | naver-card-10373-benefit-33 | naver-card-10373-benefit-34 | naver-card-10373-benefit-35 | naver-card-10373-benefit-36 | naver-card-10373-benefit-37 | naver-card-10373-benefit-38 | naver-card-10373-benefit-39 | naver-card-10373-benefit-40 | naver-card-10373-benefit-41 | naver-card-10373-benefit-42 | naver-card-10373-benefit-43 | naver-card-10373-benefit-44 | naver-card-10373-benefit-45 | naver-card-10373-benefit-46 | naver-card-10373-benefit-47 | naver-card-10373-benefit-48 | naver-card-10373-benefit-49 | naver-card-10373-benefit-50 | naver-card-10373-benefit-51 | naver-card-10373-benefit-52 | naver-card-10373-benefit-53 | naver-card-10373-benefit-54 | naver-card-10373-benefit-55 | naver-card-10373-benefit-56 | naver-card-10373-benefit-57 | naver-card-10373-benefit-58 | naver-card-10373-benefit-59 | naver-card-10373-benefit-60 | naver-card-10373-benefit-61 | naver-card-10373-benefit-62 | naver-card-10373-benefit-63 | naver-card-10373-benefit-64 | naver-card-10373-benefit-65 | naver-card-10373-benefit-66 | naver-card-10373-benefit-67","false","fallback_from_existing_normalized_card","2026-06-11T13:04:13.065Z"
"naver-card-10035-tier-1-300000-main-cap","naver-card-10035","main_monthly_cap","naver-card-10035-tier-1-300000","300000","naver-card-10035-benefit-1 | naver-card-10035-benefit-2 | naver-card-10035-benefit-3 | naver-card-10035-benefit-4 | naver-card-10035-benefit-5 | naver-card-10035-benefit-6 | naver-card-10035-benefit-7 | naver-card-10035-benefit-8 | naver-card-10035-benefit-9 | naver-card-10035-benefit-10 | naver-card-10035-benefit-11 | naver-card-10035-benefit-12 | naver-card-10035-benefit-13 | naver-card-10035-benefit-14 | naver-card-10035-benefit-15 | naver-card-10035-benefit-16 | naver-card-10035-benefit-17 | naver-card-10035-benefit-18 | naver-card-10035-benefit-19 | naver-card-10035-benefit-20 | naver-card-10035-benefit-21 | naver-card-10035-benefit-22 | naver-card-10035-benefit-23 | naver-card-10035-benefit-24 | naver-card-10035-benefit-25 | naver-card-10035-benefit-26 | naver-card-10035-benefit-27 | naver-card-10035-benefit-28 | naver-card-10035-benefit-29 | naver-card-10035-benefit-30 | naver-card-10035-benefit-31 | naver-card-10035-benefit-32 | naver-card-10035-benefit-33 | naver-card-10035-benefit-34 | naver-card-10035-benefit-35 | naver-card-10035-benefit-36","false","fallback_from_existing_normalized_card","2026-06-11T13:04:13.065Z"
"naver-card-710-tier-1-200000-main-cap","naver-card-710","main_monthly_cap","naver-card-710-tier-1-200000","5000","naver-card-710-benefit-1 | naver-card-710-benefit-2 | naver-card-710-benefit-3 | naver-card-710-benefit-4 | naver-card-710-benefit-5 | naver-card-710-benefit-6 | naver-card-710-benefit-7 | naver-card-710-benefit-8 | naver-card-710-benefit-9 | naver-card-710-benefit-10 | naver-card-710-benefit-11 | naver-card-710-benefit-12 | naver-card-710-benefit-13 | naver-card-710-benefit-14 | naver-card-710-benefit-15 | naver-card-710-benefit-16 | naver-card-710-benefit-17 | naver-card-710-benefit-18 | naver-card-710-benefit-19 | naver-card-710-benefit-20 | naver-card-710-benefit-21 | naver-card-710-benefit-22 | naver-card-710-benefit-23 | naver-card-710-benefit-24 | naver-card-710-benefit-25 | naver-card-710-benefit-26 | naver-card-710-benefit-27 | naver-card-710-benefit-28 | naver-card-710-benefit-29 | naver-card-710-benefit-30 | naver-card-710-benefit-31 | naver-card-710-benefit-32 | naver-card-710-benefit-33 | naver-card-710-benefit-34 | naver-card-710-benefit-35 | naver-card-710-benefit-36 | naver-card-710-benefit-37 | naver-card-710-benefit-38 | naver-card-710-benefit-39 | naver-card-710-benefit-40 | naver-card-710-benefit-41 | naver-card-710-benefit-42 | naver-card-710-benefit-43 | naver-card-710-benefit-44 | naver-card-710-benefit-45 | naver-card-710-benefit-46 | naver-card-710-benefit-47","false","fallback_from_existing_normalized_card","2026-06-11T13:04:13.065Z"
"naver-card-10414-tier-1-500000-main-cap","naver-card-10414","main_monthly_cap","naver-card-10414-tier-1-500000","300000","naver-card-10414-benefit-1 | naver-card-10414-benefit-2 | naver-card-10414-benefit-3 | naver-card-10414-benefit-4 | naver-card-10414-benefit-5 | naver-card-10414-benefit-6 | naver-card-10414-benefit-7 | naver-card-10414-benefit-8 | naver-card-10414-benefit-9 | naver-card-10414-benefit-10 | naver-card-10414-benefit-11 | naver-card-10414-benefit-12 | naver-card-10414-benefit-13 | naver-card-10414-benefit-14 | naver-card-10414-benefit-15 | naver-card-10414-benefit-16 | naver-card-10414-benefit-17 | naver-card-10414-benefit-18 | naver-card-10414-benefit-19 | naver-card-10414-benefit-20 | naver-card-10414-benefit-21 | naver-card-10414-benefit-22 | naver-card-10414-benefit-23 | naver-card-10414-benefit-24 | naver-card-10414-benefit-25 | naver-card-10414-benefit-26 | naver-card-10414-benefit-27 | naver-card-10414-benefit-28 | naver-card-10414-benefit-29 | naver-card-10414-benefit-30 | naver-card-10414-benefit-31 | naver-card-10414-benefit-32 | naver-card-10414-benefit-33 | naver-card-10414-benefit-34 | naver-card-10414-benefit-35 | naver-card-10414-benefit-36 | naver-card-10414-benefit-37 | naver-card-10414-benefit-38 | naver-card-10414-benefit-39 | naver-card-10414-benefit-40 | naver-card-10414-benefit-41 | naver-card-10414-benefit-42 | naver-card-10414-benefit-43 | naver-card-10414-benefit-44 | naver-card-10414-benefit-45 | naver-card-10414-benefit-46 | naver-card-10414-benefit-47 | naver-card-10414-benefit-48 | naver-card-10414-benefit-49 | naver-card-10414-benefit-50 | naver-card-10414-benefit-51 | naver-card-10414-benefit-52 | naver-card-10414-benefit-53 | naver-card-10414-benefit-54 | naver-card-10414-benefit-55 | naver-card-10414-benefit-56 | naver-card-10414-benefit-57 | naver-card-10414-benefit-58 | naver-card-10414-benefit-59 | naver-card-10414-benefit-60 | naver-card-10414-benefit-61 | naver-card-10414-benefit-62 | naver-card-10414-benefit-63 | naver-card-10414-benefit-64 | naver-card-10414-benefit-65 | naver-card-10414-benefit-66 | naver-card-10414-benefit-67 | naver-card-10414-benefit-68 | naver-card-10414-benefit-69 | naver-card-10414-benefit-70 | naver-card-10414-benefit-71 | naver-card-10414-benefit-72 | naver-card-10414-benefit-73 | naver-card-10414-benefit-74 | naver-card-10414-benefit-75 | naver-card-10414-benefit-76 | naver-card-10414-benefit-77 | naver-card-10414-benefit-78 | naver-card-10414-benefit-79 | naver-card-10414-benefit-80 | naver-card-10414-benefit-81 | naver-card-10414-benefit-82 | naver-card-10414-benefit-83 | naver-card-10414-benefit-84 | naver-card-10414-benefit-85 | naver-card-10414-benefit-86 | naver-card-10414-benefit-87 | naver-card-10414-benefit-88 | naver-card-10414-benefit-89 | naver-card-10414-benefit-90 | naver-card-10414-benefit-91 | naver-card-10414-benefit-92 | naver-card-10414-benefit-93 | naver-card-10414-benefit-94 | naver-card-10414-benefit-95 | naver-card-10414-benefit-96 | naver-card-10414-benefit-97 | naver-card-10414-benefit-98 | naver-card-10414-benefit-99 | naver-card-10414-benefit-100 | naver-card-10414-benefit-101 | naver-card-10414-benefit-102 | naver-card-10414-benefit-103 | naver-card-10414-benefit-104 | naver-card-10414-benefit-105 | naver-card-10414-benefit-106 | naver-card-10414-benefit-107 | naver-card-10414-benefit-108 | naver-card-10414-benefit-109 | naver-card-10414-benefit-110 | naver-card-10414-benefit-111 | naver-card-10414-benefit-112 | naver-card-10414-benefit-113","false","fallback_from_existing_normalized_card","2026-06-11T13:04:13.065Z"
"naver-card-10642-tier-1-300000-main-cap","naver-card-10642","main_monthly_cap","naver-card-10642-tier-1-300000","300000","naver-card-10642-benefit-1 | naver-card-10642-benefit-2 | naver-card-10642-benefit-3 | naver-card-10642-benefit-4 | naver-card-10642-benefit-5 | naver-card-10642-benefit-6 | naver-card-10642-benefit-7 | naver-card-10642-benefit-8","false","fallback_from_existing_normalized_card","2026-06-11T13:04:13.065Z"
"naver-card-10488-tier-1-400000-main-cap","naver-card-10488","main_monthly_cap","naver-card-10488-tier-1-400000","20000","naver-card-10488-benefit-1 | naver-card-10488-benefit-2 | naver-card-10488-benefit-3 | naver-card-10488-benefit-4 | naver-card-10488-benefit-5 | naver-card-10488-benefit-6 | naver-card-10488-benefit-7 | naver-card-10488-benefit-8 | naver-card-10488-benefit-9 | naver-card-10488-benefit-10 | naver-card-10488-benefit-11 | naver-card-10488-benefit-12 | naver-card-10488-benefit-13 | naver-card-10488-benefit-14 | naver-card-10488-benefit-15 | naver-card-10488-benefit-16 | naver-card-10488-benefit-17 | naver-card-10488-benefit-18 | naver-card-10488-benefit-19 | naver-card-10488-benefit-20 | naver-card-10488-benefit-21 | naver-card-10488-benefit-22 | naver-card-10488-benefit-23 | naver-card-10488-benefit-24 | naver-card-10488-benefit-25 | naver-card-10488-benefit-26 | naver-card-10488-benefit-27 | naver-card-10488-benefit-28 | naver-card-10488-benefit-29 | naver-card-10488-benefit-30 | naver-card-10488-benefit-31 | naver-card-10488-benefit-32 | naver-card-10488-benefit-33 | naver-card-10488-benefit-34 | naver-card-10488-benefit-35 | naver-card-10488-benefit-36 | naver-card-10488-benefit-37 | naver-card-10488-benefit-38 | naver-card-10488-benefit-39 | naver-card-10488-benefit-40 | naver-card-10488-benefit-41 | naver-card-10488-benefit-42 | naver-card-10488-benefit-43 | naver-card-10488-benefit-44 | naver-card-10488-benefit-45 | naver-card-10488-benefit-46 | naver-card-10488-benefit-47 | naver-card-10488-benefit-48 | naver-card-10488-benefit-49 | naver-card-10488-benefit-50 | naver-card-10488-benefit-51 | naver-card-10488-benefit-52 | naver-card-10488-benefit-53 | naver-card-10488-benefit-54 | naver-card-10488-benefit-55 | naver-card-10488-benefit-56 | naver-card-10488-benefit-57 | naver-card-10488-benefit-58 | naver-card-10488-benefit-59 | naver-card-10488-benefit-60 | naver-card-10488-benefit-61 | naver-card-10488-benefit-62 | naver-card-10488-benefit-63 | naver-card-10488-benefit-64 | naver-card-10488-benefit-65 | naver-card-10488-benefit-66 | naver-card-10488-benefit-67 | naver-card-10488-benefit-68 | naver-card-10488-benefit-69 | naver-card-10488-benefit-70","false","fallback_from_existing_normalized_card","2026-06-11T13:04:13.065Z"
"naver-card-3076-tier-1-200000-main-cap","naver-card-3076","main_monthly_cap","naver-card-3076-tier-1-200000","5000","naver-card-3076-benefit-1 | naver-card-3076-benefit-2 | naver-card-3076-benefit-3 | naver-card-3076-benefit-4 | naver-card-3076-benefit-5 | naver-card-3076-benefit-6 | naver-card-3076-benefit-7 | naver-card-3076-benefit-8 | naver-card-3076-benefit-9 | naver-card-3076-benefit-10 | naver-card-3076-benefit-11 | naver-card-3076-benefit-12 | naver-card-3076-benefit-13 | naver-card-3076-benefit-14 | naver-card-3076-benefit-15 | naver-card-3076-benefit-16 | naver-card-3076-benefit-17 | naver-card-3076-benefit-18 | naver-card-3076-benefit-19 | naver-card-3076-benefit-20 | naver-card-3076-benefit-21 | naver-card-3076-benefit-22 | naver-card-3076-benefit-23 | naver-card-3076-benefit-24 | naver-card-3076-benefit-25 | naver-card-3076-benefit-26 | naver-card-3076-benefit-27 | naver-card-3076-benefit-28 | naver-card-3076-benefit-29 | naver-card-3076-benefit-30 | naver-card-3076-benefit-31 | naver-card-3076-benefit-32 | naver-card-3076-benefit-33 | naver-card-3076-benefit-34 | naver-card-3076-benefit-35 | naver-card-3076-benefit-36 | naver-card-3076-benefit-37 | naver-card-3076-benefit-38 | naver-card-3076-benefit-39 | naver-card-3076-benefit-40 | naver-card-3076-benefit-41 | naver-card-3076-benefit-42 | naver-card-3076-benefit-43 | naver-card-3076-benefit-44 | naver-card-3076-benefit-45 | naver-card-3076-benefit-46 | naver-card-3076-benefit-47 | naver-card-3076-benefit-48","false","fallback_from_existing_normalized_card","2026-06-11T13:04:13.065Z"
"naver-card-10412-tier-1-500000-main-cap","naver-card-10412","main_monthly_cap","naver-card-10412-tier-1-500000","300000","naver-card-10412-benefit-1 | naver-card-10412-benefit-2 | naver-card-10412-benefit-3 | naver-card-10412-benefit-4 | naver-card-10412-benefit-5 | naver-card-10412-benefit-6 | naver-card-10412-benefit-7 | naver-card-10412-benefit-8 | naver-card-10412-benefit-9 | naver-card-10412-benefit-10 | naver-card-10412-benefit-11 | naver-card-10412-benefit-12 | naver-card-10412-benefit-13 | naver-card-10412-benefit-14 | naver-card-10412-benefit-15 | naver-card-10412-benefit-16 | naver-card-10412-benefit-17 | naver-card-10412-benefit-18 | naver-card-10412-benefit-19 | naver-card-10412-benefit-20 | naver-card-10412-benefit-21 | naver-card-10412-benefit-22 | naver-card-10412-benefit-23 | naver-card-10412-benefit-24 | naver-card-10412-benefit-25 | naver-card-10412-benefit-26 | naver-card-10412-benefit-27 | naver-card-10412-benefit-28 | naver-card-10412-benefit-29 | naver-card-10412-benefit-30 | naver-card-10412-benefit-31 | naver-card-10412-benefit-32 | naver-card-10412-benefit-33 | naver-card-10412-benefit-34 | naver-card-10412-benefit-35 | naver-card-10412-benefit-36 | naver-card-10412-benefit-37 | naver-card-10412-benefit-38 | naver-card-10412-benefit-39 | naver-card-10412-benefit-40 | naver-card-10412-benefit-41 | naver-card-10412-benefit-42 | naver-card-10412-benefit-43 | naver-card-10412-benefit-44 | naver-card-10412-benefit-45 | naver-card-10412-benefit-46 | naver-card-10412-benefit-47 | naver-card-10412-benefit-48 | naver-card-10412-benefit-49 | naver-card-10412-benefit-50 | naver-card-10412-benefit-51 | naver-card-10412-benefit-52 | naver-card-10412-benefit-53 | naver-card-10412-benefit-54 | naver-card-10412-benefit-55 | naver-card-10412-benefit-56 | naver-card-10412-benefit-57 | naver-card-10412-benefit-58 | naver-card-10412-benefit-59 | naver-card-10412-benefit-60 | naver-card-10412-benefit-61 | naver-card-10412-benefit-62 | naver-card-10412-benefit-63 | naver-card-10412-benefit-64 | naver-card-10412-benefit-65 | naver-card-10412-benefit-66 | naver-card-10412-benefit-67 | naver-card-10412-benefit-68 | naver-card-10412-benefit-69 | naver-card-10412-benefit-70 | naver-card-10412-benefit-71 | naver-card-10412-benefit-72 | naver-card-10412-benefit-73 | naver-card-10412-benefit-74 | naver-card-10412-benefit-75 | naver-card-10412-benefit-76 | naver-card-10412-benefit-77 | naver-card-10412-benefit-78 | naver-card-10412-benefit-79 | naver-card-10412-benefit-80 | naver-card-10412-benefit-81 | naver-card-10412-benefit-82 | naver-card-10412-benefit-83 | naver-card-10412-benefit-84 | naver-card-10412-benefit-85 | naver-card-10412-benefit-86 | naver-card-10412-benefit-87 | naver-card-10412-benefit-88 | naver-card-10412-benefit-89 | naver-card-10412-benefit-90 | naver-card-10412-benefit-91 | naver-card-10412-benefit-92 | naver-card-10412-benefit-93 | naver-card-10412-benefit-94 | naver-card-10412-benefit-95 | naver-card-10412-benefit-96 | naver-card-10412-benefit-97 | naver-card-10412-benefit-98 | naver-card-10412-benefit-99 | naver-card-10412-benefit-100 | naver-card-10412-benefit-101 | naver-card-10412-benefit-102 | naver-card-10412-benefit-103 | naver-card-10412-benefit-104 | naver-card-10412-benefit-105 | naver-card-10412-benefit-106 | naver-card-10412-benefit-107 | naver-card-10412-benefit-108 | naver-card-10412-benefit-109 | naver-card-10412-benefit-110 | naver-card-10412-benefit-111 | naver-card-10412-benefit-112 | naver-card-10412-benefit-113 | naver-card-10412-benefit-114 | naver-card-10412-benefit-115 | naver-card-10412-benefit-116 | naver-card-10412-benefit-117 | naver-card-10412-benefit-118","false","fallback_from_existing_normalized_card","2026-06-11T13:04:13.065Z"
"naver-card-10448-tier-1-500000-main-cap","naver-card-10448","main_monthly_cap","naver-card-10448-tier-1-500000","300000","naver-card-10448-benefit-1 | naver-card-10448-benefit-2 | naver-card-10448-benefit-3 | naver-card-10448-benefit-4 | naver-card-10448-benefit-5 | naver-card-10448-benefit-6 | naver-card-10448-benefit-7 | naver-card-10448-benefit-8 | naver-card-10448-benefit-9 | naver-card-10448-benefit-10 | naver-card-10448-benefit-11 | naver-card-10448-benefit-12 | naver-card-10448-benefit-13 | naver-card-10448-benefit-14 | naver-card-10448-benefit-15 | naver-card-10448-benefit-16 | naver-card-10448-benefit-17 | naver-card-10448-benefit-18 | naver-card-10448-benefit-19 | naver-card-10448-benefit-20 | naver-card-10448-benefit-21 | naver-card-10448-benefit-22 | naver-card-10448-benefit-23 | naver-card-10448-benefit-24 | naver-card-10448-benefit-25 | naver-card-10448-benefit-26 | naver-card-10448-benefit-27 | naver-card-10448-benefit-28 | naver-card-10448-benefit-29 | naver-card-10448-benefit-30 | naver-card-10448-benefit-31 | naver-card-10448-benefit-32 | naver-card-10448-benefit-33 | naver-card-10448-benefit-34 | naver-card-10448-benefit-35 | naver-card-10448-benefit-36 | naver-card-10448-benefit-37 | naver-card-10448-benefit-38 | naver-card-10448-benefit-39 | naver-card-10448-benefit-40 | naver-card-10448-benefit-41 | naver-card-10448-benefit-42 | naver-card-10448-benefit-43 | naver-card-10448-benefit-44 | naver-card-10448-benefit-45 | naver-card-10448-benefit-46 | naver-card-10448-benefit-47 | naver-card-10448-benefit-48 | naver-card-10448-benefit-49 | naver-card-10448-benefit-50 | naver-card-10448-benefit-51 | naver-card-10448-benefit-52 | naver-card-10448-benefit-53 | naver-card-10448-benefit-54 | naver-card-10448-benefit-55 | naver-card-10448-benefit-56 | naver-card-10448-benefit-57 | naver-card-10448-benefit-58 | naver-card-10448-benefit-59 | naver-card-10448-benefit-60 | naver-card-10448-benefit-61 | naver-card-10448-benefit-62 | naver-card-10448-benefit-63 | naver-card-10448-benefit-64 | naver-card-10448-benefit-65 | naver-card-10448-benefit-66 | naver-card-10448-benefit-67 | naver-card-10448-benefit-68 | naver-card-10448-benefit-69 | naver-card-10448-benefit-70 | naver-card-10448-benefit-71 | naver-card-10448-benefit-72 | naver-card-10448-benefit-73 | naver-card-10448-benefit-74 | naver-card-10448-benefit-75 | naver-card-10448-benefit-76 | naver-card-10448-benefit-77 | naver-card-10448-benefit-78 | naver-card-10448-benefit-79 | naver-card-10448-benefit-80 | naver-card-10448-benefit-81 | naver-card-10448-benefit-82 | naver-card-10448-benefit-83 | naver-card-10448-benefit-84 | naver-card-10448-benefit-85 | naver-card-10448-benefit-86 | naver-card-10448-benefit-87 | naver-card-10448-benefit-88 | naver-card-10448-benefit-89 | naver-card-10448-benefit-90 | naver-card-10448-benefit-91 | naver-card-10448-benefit-92 | naver-card-10448-benefit-93 | naver-card-10448-benefit-94 | naver-card-10448-benefit-95 | naver-card-10448-benefit-96 | naver-card-10448-benefit-97 | naver-card-10448-benefit-98 | naver-card-10448-benefit-99 | naver-card-10448-benefit-100 | naver-card-10448-benefit-101 | naver-card-10448-benefit-102 | naver-card-10448-benefit-103","false","fallback_from_existing_normalized_card","2026-06-11T13:04:13.065Z"
"naver-card-10449-tier-1-500000-main-cap","naver-card-10449","main_monthly_cap","naver-card-10449-tier-1-500000","300000","naver-card-10449-benefit-1 | naver-card-10449-benefit-2 | naver-card-10449-benefit-3 | naver-card-10449-benefit-4 | naver-card-10449-benefit-5 | naver-card-10449-benefit-6 | naver-card-10449-benefit-7 | naver-card-10449-benefit-8 | naver-card-10449-benefit-9 | naver-card-10449-benefit-10 | naver-card-10449-benefit-11 | naver-card-10449-benefit-12 | naver-card-10449-benefit-13 | naver-card-10449-benefit-14 | naver-card-10449-benefit-15 | naver-card-10449-benefit-16 | naver-card-10449-benefit-17 | naver-card-10449-benefit-18 | naver-card-10449-benefit-19 | naver-card-10449-benefit-20 | naver-card-10449-benefit-21 | naver-card-10449-benefit-22 | naver-card-10449-benefit-23 | naver-card-10449-benefit-24 | naver-card-10449-benefit-25 | naver-card-10449-benefit-26 | naver-card-10449-benefit-27 | naver-card-10449-benefit-28 | naver-card-10449-benefit-29 | naver-card-10449-benefit-30 | naver-card-10449-benefit-31 | naver-card-10449-benefit-32 | naver-card-10449-benefit-33 | naver-card-10449-benefit-34 | naver-card-10449-benefit-35 | naver-card-10449-benefit-36 | naver-card-10449-benefit-37 | naver-card-10449-benefit-38 | naver-card-10449-benefit-39 | naver-card-10449-benefit-40 | naver-card-10449-benefit-41 | naver-card-10449-benefit-42 | naver-card-10449-benefit-43 | naver-card-10449-benefit-44 | naver-card-10449-benefit-45 | naver-card-10449-benefit-46 | naver-card-10449-benefit-47 | naver-card-10449-benefit-48 | naver-card-10449-benefit-49 | naver-card-10449-benefit-50 | naver-card-10449-benefit-51 | naver-card-10449-benefit-52 | naver-card-10449-benefit-53 | naver-card-10449-benefit-54 | naver-card-10449-benefit-55 | naver-card-10449-benefit-56 | naver-card-10449-benefit-57 | naver-card-10449-benefit-58 | naver-card-10449-benefit-59 | naver-card-10449-benefit-60 | naver-card-10449-benefit-61 | naver-card-10449-benefit-62 | naver-card-10449-benefit-63 | naver-card-10449-benefit-64 | naver-card-10449-benefit-65 | naver-card-10449-benefit-66 | naver-card-10449-benefit-67 | naver-card-10449-benefit-68 | naver-card-10449-benefit-69 | naver-card-10449-benefit-70 | naver-card-10449-benefit-71 | naver-card-10449-benefit-72 | naver-card-10449-benefit-73 | naver-card-10449-benefit-74 | naver-card-10449-benefit-75 | naver-card-10449-benefit-76 | naver-card-10449-benefit-77 | naver-card-10449-benefit-78 | naver-card-10449-benefit-79 | naver-card-10449-benefit-80 | naver-card-10449-benefit-81 | naver-card-10449-benefit-82 | naver-card-10449-benefit-83 | naver-card-10449-benefit-84 | naver-card-10449-benefit-85 | naver-card-10449-benefit-86 | naver-card-10449-benefit-87 | naver-card-10449-benefit-88 | naver-card-10449-benefit-89 | naver-card-10449-benefit-90 | naver-card-10449-benefit-91 | naver-card-10449-benefit-92 | naver-card-10449-benefit-93 | naver-card-10449-benefit-94 | naver-card-10449-benefit-95 | naver-card-10449-benefit-96 | naver-card-10449-benefit-97 | naver-card-10449-benefit-98 | naver-card-10449-benefit-99 | naver-card-10449-benefit-100 | naver-card-10449-benefit-101 | naver-card-10449-benefit-102 | naver-card-10449-benefit-103 | naver-card-10449-benefit-104 | naver-card-10449-benefit-105 | naver-card-10449-benefit-106 | naver-card-10449-benefit-107 | naver-card-10449-benefit-108 | naver-card-10449-benefit-109","false","fallback_from_existing_normalized_card","2026-06-11T13:04:13.065Z"
"naver-card-10058-tier-1-0-main-cap","naver-card-10058","main_monthly_cap","naver-card-10058-tier-1-0","50000","naver-card-10058-benefit-1 | naver-card-10058-benefit-2 | naver-card-10058-benefit-3 | naver-card-10058-benefit-4 | naver-card-10058-benefit-5 | naver-card-10058-benefit-6 | naver-card-10058-benefit-7 | naver-card-10058-benefit-8","false","fallback_from_existing_normalized_card","2026-06-11T13:04:13.065Z"
"naver-card-10585-tier-1-400000-main-cap","naver-card-10585","main_monthly_cap","naver-card-10585-tier-1-400000","3000","naver-card-10585-benefit-1 | naver-card-10585-benefit-2 | naver-card-10585-benefit-3 | naver-card-10585-benefit-4 | naver-card-10585-benefit-5 | naver-card-10585-benefit-6 | naver-card-10585-benefit-7 | naver-card-10585-benefit-8 | naver-card-10585-benefit-9 | naver-card-10585-benefit-10 | naver-card-10585-benefit-11 | naver-card-10585-benefit-12 | naver-card-10585-benefit-13 | naver-card-10585-benefit-14 | naver-card-10585-benefit-15 | naver-card-10585-benefit-16 | naver-card-10585-benefit-17 | naver-card-10585-benefit-18 | naver-card-10585-benefit-19 | naver-card-10585-benefit-20 | naver-card-10585-benefit-21 | naver-card-10585-benefit-22 | naver-card-10585-benefit-23 | naver-card-10585-benefit-24 | naver-card-10585-benefit-25 | naver-card-10585-benefit-26 | naver-card-10585-benefit-27 | naver-card-10585-benefit-28 | naver-card-10585-benefit-29 | naver-card-10585-benefit-30 | naver-card-10585-benefit-31 | naver-card-10585-benefit-32 | naver-card-10585-benefit-33 | naver-card-10585-benefit-34 | naver-card-10585-benefit-35 | naver-card-10585-benefit-36 | naver-card-10585-benefit-37 | naver-card-10585-benefit-38 | naver-card-10585-benefit-39 | naver-card-10585-benefit-40 | naver-card-10585-benefit-41 | naver-card-10585-benefit-42 | naver-card-10585-benefit-43 | naver-card-10585-benefit-44 | naver-card-10585-benefit-45 | naver-card-10585-benefit-46 | naver-card-10585-benefit-47 | naver-card-10585-benefit-48 | naver-card-10585-benefit-49 | naver-card-10585-benefit-50 | naver-card-10585-benefit-51 | naver-card-10585-benefit-52 | naver-card-10585-benefit-53 | naver-card-10585-benefit-54 | naver-card-10585-benefit-55 | naver-card-10585-benefit-56 | naver-card-10585-benefit-57 | naver-card-10585-benefit-58 | naver-card-10585-benefit-59 | naver-card-10585-benefit-60 | naver-card-10585-benefit-61 | naver-card-10585-benefit-62 | naver-card-10585-benefit-63 | naver-card-10585-benefit-64 | naver-card-10585-benefit-65 | naver-card-10585-benefit-66 | naver-card-10585-benefit-67 | naver-card-10585-benefit-68 | naver-card-10585-benefit-69 | naver-card-10585-benefit-70 | naver-card-10585-benefit-71 | naver-card-10585-benefit-72 | naver-card-10585-benefit-73 | naver-card-10585-benefit-74 | naver-card-10585-benefit-75 | naver-card-10585-benefit-76 | naver-card-10585-benefit-77 | naver-card-10585-benefit-78 | naver-card-10585-benefit-79","false","fallback_from_existing_normalized_card","2026-06-11T13:04:13.065Z"
"naver-card-2612-tier-1-500000-main-cap","naver-card-2612","main_monthly_cap","naver-card-2612-tier-1-500000","10000","naver-card-2612-benefit-1 | naver-card-2612-benefit-2 | naver-card-2612-benefit-3 | naver-card-2612-benefit-4 | naver-card-2612-benefit-5 | naver-card-2612-benefit-6 | naver-card-2612-benefit-7 | naver-card-2612-benefit-8 | naver-card-2612-benefit-9 | naver-card-2612-benefit-10 | naver-card-2612-benefit-11 | naver-card-2612-benefit-12 | naver-card-2612-benefit-13 | naver-card-2612-benefit-14 | naver-card-2612-benefit-15 | naver-card-2612-benefit-16 | naver-card-2612-benefit-17 | naver-card-2612-benefit-18 | naver-card-2612-benefit-19 | naver-card-2612-benefit-20 | naver-card-2612-benefit-21 | naver-card-2612-benefit-22 | naver-card-2612-benefit-23 | naver-card-2612-benefit-24 | naver-card-2612-benefit-25 | naver-card-2612-benefit-26 | naver-card-2612-benefit-27 | naver-card-2612-benefit-28 | naver-card-2612-benefit-29 | naver-card-2612-benefit-30 | naver-card-2612-benefit-31 | naver-card-2612-benefit-32 | naver-card-2612-benefit-33 | naver-card-2612-benefit-34 | naver-card-2612-benefit-35 | naver-card-2612-benefit-36 | naver-card-2612-benefit-37 | naver-card-2612-benefit-38 | naver-card-2612-benefit-39 | naver-card-2612-benefit-40 | naver-card-2612-benefit-41 | naver-card-2612-benefit-42 | naver-card-2612-benefit-43 | naver-card-2612-benefit-44 | naver-card-2612-benefit-45 | naver-card-2612-benefit-46 | naver-card-2612-benefit-47 | naver-card-2612-benefit-48 | naver-card-2612-benefit-49 | naver-card-2612-benefit-50 | naver-card-2612-benefit-51 | naver-card-2612-benefit-52 | naver-card-2612-benefit-53 | naver-card-2612-benefit-54 | naver-card-2612-benefit-55 | naver-card-2612-benefit-56 | naver-card-2612-benefit-57 | naver-card-2612-benefit-58 | naver-card-2612-benefit-59 | naver-card-2612-benefit-60 | naver-card-2612-benefit-61 | naver-card-2612-benefit-62 | naver-card-2612-benefit-63 | naver-card-2612-benefit-64 | naver-card-2612-benefit-65 | naver-card-2612-benefit-66 | naver-card-2612-benefit-67 | naver-card-2612-benefit-68 | naver-card-2612-benefit-69 | naver-card-2612-benefit-70 | naver-card-2612-benefit-71 | naver-card-2612-benefit-72 | naver-card-2612-benefit-73 | naver-card-2612-benefit-74 | naver-card-2612-benefit-75 | naver-card-2612-benefit-76 | naver-card-2612-benefit-77 | naver-card-2612-benefit-78 | naver-card-2612-benefit-79 | naver-card-2612-benefit-80 | naver-card-2612-benefit-81 | naver-card-2612-benefit-82 | naver-card-2612-benefit-83 | naver-card-2612-benefit-84 | naver-card-2612-benefit-85 | naver-card-2612-benefit-86 | naver-card-2612-benefit-87 | naver-card-2612-benefit-88 | naver-card-2612-benefit-89 | naver-card-2612-benefit-90 | naver-card-2612-benefit-91 | naver-card-2612-benefit-92 | naver-card-2612-benefit-93 | naver-card-2612-benefit-94 | naver-card-2612-benefit-95 | naver-card-2612-benefit-96 | naver-card-2612-benefit-97 | naver-card-2612-benefit-98 | naver-card-2612-benefit-99 | naver-card-2612-benefit-100 | naver-card-2612-benefit-101 | naver-card-2612-benefit-102 | naver-card-2612-benefit-103 | naver-card-2612-benefit-104 | naver-card-2612-benefit-105 | naver-card-2612-benefit-106 | naver-card-2612-benefit-107 | naver-card-2612-benefit-108 | naver-card-2612-benefit-109 | naver-card-2612-benefit-110 | naver-card-2612-benefit-111 | naver-card-2612-benefit-112 | naver-card-2612-benefit-113 | naver-card-2612-benefit-114 | naver-card-2612-benefit-115 | naver-card-2612-benefit-116 | naver-card-2612-benefit-117 | naver-card-2612-benefit-118 | naver-card-2612-benefit-119 | naver-card-2612-benefit-120 | naver-card-2612-benefit-121 | naver-card-2612-benefit-122 | naver-card-2612-benefit-123 | naver-card-2612-benefit-124 | naver-card-2612-benefit-125 | naver-card-2612-benefit-126 | naver-card-2612-benefit-127 | naver-card-2612-benefit-128","false","fallback_from_existing_normalized_card","2026-06-11T13:04:13.065Z"
"naver-card-10545-tier-1-500000-main-cap","naver-card-10545","main_monthly_cap","naver-card-10545-tier-1-500000","247000","naver-card-10545-benefit-1 | naver-card-10545-benefit-2 | naver-card-10545-benefit-3 | naver-card-10545-benefit-4 | naver-card-10545-benefit-5 | naver-card-10545-benefit-6 | naver-card-10545-benefit-7 | naver-card-10545-benefit-8 | naver-card-10545-benefit-9 | naver-card-10545-benefit-10 | naver-card-10545-benefit-11 | naver-card-10545-benefit-12 | naver-card-10545-benefit-13 | naver-card-10545-benefit-14 | naver-card-10545-benefit-15 | naver-card-10545-benefit-16 | naver-card-10545-benefit-17 | naver-card-10545-benefit-18 | naver-card-10545-benefit-19 | naver-card-10545-benefit-20 | naver-card-10545-benefit-21 | naver-card-10545-benefit-22 | naver-card-10545-benefit-23 | naver-card-10545-benefit-24 | naver-card-10545-benefit-25 | naver-card-10545-benefit-26 | naver-card-10545-benefit-27 | naver-card-10545-benefit-28 | naver-card-10545-benefit-29 | naver-card-10545-benefit-30 | naver-card-10545-benefit-31 | naver-card-10545-benefit-32 | naver-card-10545-benefit-33 | naver-card-10545-benefit-34","false","fallback_from_existing_normalized_card","2026-06-11T13:04:13.065Z"
"naver-card-10475-tier-1-400000-main-cap","naver-card-10475","main_monthly_cap","naver-card-10475-tier-1-400000","2500","naver-card-10475-benefit-1 | naver-card-10475-benefit-2 | naver-card-10475-benefit-3 | naver-card-10475-benefit-4 | naver-card-10475-benefit-5 | naver-card-10475-benefit-6 | naver-card-10475-benefit-7 | naver-card-10475-benefit-8 | naver-card-10475-benefit-9 | naver-card-10475-benefit-10 | naver-card-10475-benefit-11 | naver-card-10475-benefit-12 | naver-card-10475-benefit-13 | naver-card-10475-benefit-14 | naver-card-10475-benefit-15 | naver-card-10475-benefit-16 | naver-card-10475-benefit-17","false","fallback_from_existing_normalized_card","2026-06-11T13:04:13.065Z"
"naver-card-10422-tier-1-500000-main-cap","naver-card-10422","main_monthly_cap","naver-card-10422-tier-1-500000","10000","naver-card-10422-benefit-1 | naver-card-10422-benefit-2 | naver-card-10422-benefit-3 | naver-card-10422-benefit-4 | naver-card-10422-benefit-5 | naver-card-10422-benefit-6 | naver-card-10422-benefit-7 | naver-card-10422-benefit-8 | naver-card-10422-benefit-9 | naver-card-10422-benefit-10 | naver-card-10422-benefit-11 | naver-card-10422-benefit-12 | naver-card-10422-benefit-13 | naver-card-10422-benefit-14 | naver-card-10422-benefit-15 | naver-card-10422-benefit-16 | naver-card-10422-benefit-17 | naver-card-10422-benefit-18 | naver-card-10422-benefit-19 | naver-card-10422-benefit-20 | naver-card-10422-benefit-21 | naver-card-10422-benefit-22 | naver-card-10422-benefit-23 | naver-card-10422-benefit-24 | naver-card-10422-benefit-25 | naver-card-10422-benefit-26 | naver-card-10422-benefit-27 | naver-card-10422-benefit-28 | naver-card-10422-benefit-29 | naver-card-10422-benefit-30 | naver-card-10422-benefit-31 | naver-card-10422-benefit-32 | naver-card-10422-benefit-33 | naver-card-10422-benefit-34 | naver-card-10422-benefit-35 | naver-card-10422-benefit-36 | naver-card-10422-benefit-37 | naver-card-10422-benefit-38 | naver-card-10422-benefit-39 | naver-card-10422-benefit-40 | naver-card-10422-benefit-41 | naver-card-10422-benefit-42 | naver-card-10422-benefit-43 | naver-card-10422-benefit-44 | naver-card-10422-benefit-45 | naver-card-10422-benefit-46 | naver-card-10422-benefit-47 | naver-card-10422-benefit-48 | naver-card-10422-benefit-49 | naver-card-10422-benefit-50 | naver-card-10422-benefit-51 | naver-card-10422-benefit-52 | naver-card-10422-benefit-53 | naver-card-10422-benefit-54 | naver-card-10422-benefit-55 | naver-card-10422-benefit-56 | naver-card-10422-benefit-57 | naver-card-10422-benefit-58 | naver-card-10422-benefit-59 | naver-card-10422-benefit-60 | naver-card-10422-benefit-61 | naver-card-10422-benefit-62 | naver-card-10422-benefit-63 | naver-card-10422-benefit-64 | naver-card-10422-benefit-65 | naver-card-10422-benefit-66 | naver-card-10422-benefit-67 | naver-card-10422-benefit-68 | naver-card-10422-benefit-69 | naver-card-10422-benefit-70 | naver-card-10422-benefit-71 | naver-card-10422-benefit-72 | naver-card-10422-benefit-73 | naver-card-10422-benefit-74 | naver-card-10422-benefit-75 | naver-card-10422-benefit-76 | naver-card-10422-benefit-77 | naver-card-10422-benefit-78 | naver-card-10422-benefit-79 | naver-card-10422-benefit-80 | naver-card-10422-benefit-81 | naver-card-10422-benefit-82 | naver-card-10422-benefit-83 | naver-card-10422-benefit-84 | naver-card-10422-benefit-85 | naver-card-10422-benefit-86 | naver-card-10422-benefit-87 | naver-card-10422-benefit-88 | naver-card-10422-benefit-89 | naver-card-10422-benefit-90 | naver-card-10422-benefit-91 | naver-card-10422-benefit-92 | naver-card-10422-benefit-93 | naver-card-10422-benefit-94 | naver-card-10422-benefit-95 | naver-card-10422-benefit-96 | naver-card-10422-benefit-97 | naver-card-10422-benefit-98 | naver-card-10422-benefit-99 | naver-card-10422-benefit-100 | naver-card-10422-benefit-101 | naver-card-10422-benefit-102 | naver-card-10422-benefit-103","false","fallback_from_existing_normalized_card","2026-06-11T13:04:13.065Z"
"naver-card-10481-tier-1-400000-main-cap","naver-card-10481","main_monthly_cap","naver-card-10481-tier-1-400000","2500","naver-card-10481-benefit-1 | naver-card-10481-benefit-2 | naver-card-10481-benefit-3 | naver-card-10481-benefit-4 | naver-card-10481-benefit-5 | naver-card-10481-benefit-6 | naver-card-10481-benefit-7 | naver-card-10481-benefit-8 | naver-card-10481-benefit-9 | naver-card-10481-benefit-10 | naver-card-10481-benefit-11 | naver-card-10481-benefit-12 | naver-card-10481-benefit-13 | naver-card-10481-benefit-14 | naver-card-10481-benefit-15 | naver-card-10481-benefit-16 | naver-card-10481-benefit-17 | naver-card-10481-benefit-18 | naver-card-10481-benefit-19 | naver-card-10481-benefit-20 | naver-card-10481-benefit-21 | naver-card-10481-benefit-22 | naver-card-10481-benefit-23 | naver-card-10481-benefit-24 | naver-card-10481-benefit-25 | naver-card-10481-benefit-26 | naver-card-10481-benefit-27 | naver-card-10481-benefit-28 | naver-card-10481-benefit-29 | naver-card-10481-benefit-30 | naver-card-10481-benefit-31 | naver-card-10481-benefit-32 | naver-card-10481-benefit-33 | naver-card-10481-benefit-34 | naver-card-10481-benefit-35 | naver-card-10481-benefit-36 | naver-card-10481-benefit-37 | naver-card-10481-benefit-38 | naver-card-10481-benefit-39 | naver-card-10481-benefit-40 | naver-card-10481-benefit-41 | naver-card-10481-benefit-42 | naver-card-10481-benefit-43 | naver-card-10481-benefit-44 | naver-card-10481-benefit-45 | naver-card-10481-benefit-46 | naver-card-10481-benefit-47 | naver-card-10481-benefit-48 | naver-card-10481-benefit-49 | naver-card-10481-benefit-50 | naver-card-10481-benefit-51 | naver-card-10481-benefit-52 | naver-card-10481-benefit-53 | naver-card-10481-benefit-54 | naver-card-10481-benefit-55 | naver-card-10481-benefit-56 | naver-card-10481-benefit-57 | naver-card-10481-benefit-58 | naver-card-10481-benefit-59 | naver-card-10481-benefit-60 | naver-card-10481-benefit-61 | naver-card-10481-benefit-62 | naver-card-10481-benefit-63 | naver-card-10481-benefit-64 | naver-card-10481-benefit-65 | naver-card-10481-benefit-66 | naver-card-10481-benefit-67 | naver-card-10481-benefit-68 | naver-card-10481-benefit-69 | naver-card-10481-benefit-70 | naver-card-10481-benefit-71 | naver-card-10481-benefit-72 | naver-card-10481-benefit-73 | naver-card-10481-benefit-74 | naver-card-10481-benefit-75 | naver-card-10481-benefit-76 | naver-card-10481-benefit-77 | naver-card-10481-benefit-78 | naver-card-10481-benefit-79 | naver-card-10481-benefit-80 | naver-card-10481-benefit-81 | naver-card-10481-benefit-82 | naver-card-10481-benefit-83 | naver-card-10481-benefit-84 | naver-card-10481-benefit-85 | naver-card-10481-benefit-86 | naver-card-10481-benefit-87 | naver-card-10481-benefit-88 | naver-card-10481-benefit-89","false","fallback_from_existing_normalized_card","2026-06-11T13:04:13.065Z"
"naver-card-835-tier-1-300000-main-cap","naver-card-835","main_monthly_cap","naver-card-835-tier-1-300000","300000","naver-card-835-benefit-1 | naver-card-835-benefit-2 | naver-card-835-benefit-3 | naver-card-835-benefit-4 | naver-card-835-benefit-5 | naver-card-835-benefit-6 | naver-card-835-benefit-7 | naver-card-835-benefit-8 | naver-card-835-benefit-9 | naver-card-835-benefit-10 | naver-card-835-benefit-11 | naver-card-835-benefit-12 | naver-card-835-benefit-13 | naver-card-835-benefit-14 | naver-card-835-benefit-15 | naver-card-835-benefit-16 | naver-card-835-benefit-17 | naver-card-835-benefit-18","false","fallback_from_existing_normalized_card","2026-06-11T13:04:13.065Z"
"naver-card-10386-tier-1-400000-main-cap","naver-card-10386","main_monthly_cap","naver-card-10386-tier-1-400000","3500","naver-card-10386-benefit-1 | naver-card-10386-benefit-2 | naver-card-10386-benefit-3 | naver-card-10386-benefit-4 | naver-card-10386-benefit-5 | naver-card-10386-benefit-6 | naver-card-10386-benefit-7 | naver-card-10386-benefit-8 | naver-card-10386-benefit-9 | naver-card-10386-benefit-10 | naver-card-10386-benefit-11 | naver-card-10386-benefit-12 | naver-card-10386-benefit-13 | naver-card-10386-benefit-14 | naver-card-10386-benefit-15 | naver-card-10386-benefit-16 | naver-card-10386-benefit-17 | naver-card-10386-benefit-18 | naver-card-10386-benefit-19 | naver-card-10386-benefit-20 | naver-card-10386-benefit-21 | naver-card-10386-benefit-22 | naver-card-10386-benefit-23 | naver-card-10386-benefit-24 | naver-card-10386-benefit-25 | naver-card-10386-benefit-26 | naver-card-10386-benefit-27 | naver-card-10386-benefit-28 | naver-card-10386-benefit-29 | naver-card-10386-benefit-30 | naver-card-10386-benefit-31 | naver-card-10386-benefit-32 | naver-card-10386-benefit-33 | naver-card-10386-benefit-34 | naver-card-10386-benefit-35 | naver-card-10386-benefit-36 | naver-card-10386-benefit-37 | naver-card-10386-benefit-38 | naver-card-10386-benefit-39 | naver-card-10386-benefit-40 | naver-card-10386-benefit-41 | naver-card-10386-benefit-42 | naver-card-10386-benefit-43 | naver-card-10386-benefit-44 | naver-card-10386-benefit-45 | naver-card-10386-benefit-46 | naver-card-10386-benefit-47 | naver-card-10386-benefit-48 | naver-card-10386-benefit-49 | naver-card-10386-benefit-50 | naver-card-10386-benefit-51 | naver-card-10386-benefit-52 | naver-card-10386-benefit-53 | naver-card-10386-benefit-54 | naver-card-10386-benefit-55 | naver-card-10386-benefit-56 | naver-card-10386-benefit-57 | naver-card-10386-benefit-58 | naver-card-10386-benefit-59 | naver-card-10386-benefit-60 | naver-card-10386-benefit-61 | naver-card-10386-benefit-62 | naver-card-10386-benefit-63 | naver-card-10386-benefit-64 | naver-card-10386-benefit-65 | naver-card-10386-benefit-66 | naver-card-10386-benefit-67 | naver-card-10386-benefit-68 | naver-card-10386-benefit-69 | naver-card-10386-benefit-70 | naver-card-10386-benefit-71 | naver-card-10386-benefit-72 | naver-card-10386-benefit-73 | naver-card-10386-benefit-74 | naver-card-10386-benefit-75 | naver-card-10386-benefit-76 | naver-card-10386-benefit-77 | naver-card-10386-benefit-78 | naver-card-10386-benefit-79 | naver-card-10386-benefit-80 | naver-card-10386-benefit-81 | naver-card-10386-benefit-82 | naver-card-10386-benefit-83 | naver-card-10386-benefit-84 | naver-card-10386-benefit-85 | naver-card-10386-benefit-86 | naver-card-10386-benefit-87 | naver-card-10386-benefit-88 | naver-card-10386-benefit-89 | naver-card-10386-benefit-90 | naver-card-10386-benefit-91 | naver-card-10386-benefit-92","false","fallback_from_existing_normalized_card","2026-06-11T13:04:13.065Z"
"naver-card-10489-tier-1-300000-main-cap","naver-card-10489","main_monthly_cap","naver-card-10489-tier-1-300000","120000","naver-card-10489-benefit-1 | naver-card-10489-benefit-2 | naver-card-10489-benefit-3 | naver-card-10489-benefit-4 | naver-card-10489-benefit-5 | naver-card-10489-benefit-6 | naver-card-10489-benefit-7 | naver-card-10489-benefit-8 | naver-card-10489-benefit-9 | naver-card-10489-benefit-10 | naver-card-10489-benefit-11 | naver-card-10489-benefit-12 | naver-card-10489-benefit-13 | naver-card-10489-benefit-14","false","fallback_from_existing_normalized_card","2026-06-11T13:04:13.065Z"
"naver-card-10543-tier-1-0-main-cap","naver-card-10543","main_monthly_cap","naver-card-10543-tier-1-0","300000","naver-card-10543-benefit-1 | naver-card-10543-benefit-2 | naver-card-10543-benefit-3 | naver-card-10543-benefit-4 | naver-card-10543-benefit-5 | naver-card-10543-benefit-6 | naver-card-10543-benefit-7 | naver-card-10543-benefit-8 | naver-card-10543-benefit-9 | naver-card-10543-benefit-10 | naver-card-10543-benefit-11 | naver-card-10543-benefit-12 | naver-card-10543-benefit-13 | naver-card-10543-benefit-14 | naver-card-10543-benefit-15 | naver-card-10543-benefit-16 | naver-card-10543-benefit-17 | naver-card-10543-benefit-18 | naver-card-10543-benefit-19 | naver-card-10543-benefit-20 | naver-card-10543-benefit-21 | naver-card-10543-benefit-22 | naver-card-10543-benefit-23 | naver-card-10543-benefit-24 | naver-card-10543-benefit-25 | naver-card-10543-benefit-26 | naver-card-10543-benefit-27 | naver-card-10543-benefit-28 | naver-card-10543-benefit-29 | naver-card-10543-benefit-30 | naver-card-10543-benefit-31","false","fallback_from_existing_normalized_card","2026-06-11T13:04:13.065Z"
"naver-card-10541-tier-1-0-main-cap","naver-card-10541","main_monthly_cap","naver-card-10541-tier-1-0","300000","naver-card-10541-benefit-1 | naver-card-10541-benefit-2 | naver-card-10541-benefit-3 | naver-card-10541-benefit-4 | naver-card-10541-benefit-5 | naver-card-10541-benefit-6 | naver-card-10541-benefit-7 | naver-card-10541-benefit-8 | naver-card-10541-benefit-9 | naver-card-10541-benefit-10 | naver-card-10541-benefit-11 | naver-card-10541-benefit-12 | naver-card-10541-benefit-13 | naver-card-10541-benefit-14 | naver-card-10541-benefit-15 | naver-card-10541-benefit-16 | naver-card-10541-benefit-17 | naver-card-10541-benefit-18 | naver-card-10541-benefit-19 | naver-card-10541-benefit-20 | naver-card-10541-benefit-21 | naver-card-10541-benefit-22 | naver-card-10541-benefit-23 | naver-card-10541-benefit-24 | naver-card-10541-benefit-25","false","fallback_from_existing_normalized_card","2026-06-11T13:04:13.065Z"
"naver-card-10542-tier-1-0-main-cap","naver-card-10542","main_monthly_cap","naver-card-10542-tier-1-0","300000","naver-card-10542-benefit-1 | naver-card-10542-benefit-2 | naver-card-10542-benefit-3 | naver-card-10542-benefit-4 | naver-card-10542-benefit-5 | naver-card-10542-benefit-6 | naver-card-10542-benefit-7 | naver-card-10542-benefit-8 | naver-card-10542-benefit-9 | naver-card-10542-benefit-10 | naver-card-10542-benefit-11 | naver-card-10542-benefit-12 | naver-card-10542-benefit-13 | naver-card-10542-benefit-14 | naver-card-10542-benefit-15 | naver-card-10542-benefit-16 | naver-card-10542-benefit-17 | naver-card-10542-benefit-18 | naver-card-10542-benefit-19 | naver-card-10542-benefit-20 | naver-card-10542-benefit-21 | naver-card-10542-benefit-22 | naver-card-10542-benefit-23 | naver-card-10542-benefit-24","false","fallback_from_existing_normalized_card","2026-06-11T13:04:13.065Z"
"naver-card-10574-tier-1-400000-main-cap","naver-card-10574","main_monthly_cap","naver-card-10574-tier-1-400000","40000","naver-card-10574-benefit-1 | naver-card-10574-benefit-2 | naver-card-10574-benefit-3 | naver-card-10574-benefit-4 | naver-card-10574-benefit-5 | naver-card-10574-benefit-6 | naver-card-10574-benefit-7 | naver-card-10574-benefit-8 | naver-card-10574-benefit-9 | naver-card-10574-benefit-10 | naver-card-10574-benefit-11 | naver-card-10574-benefit-12 | naver-card-10574-benefit-13 | naver-card-10574-benefit-14 | naver-card-10574-benefit-15 | naver-card-10574-benefit-16 | naver-card-10574-benefit-17 | naver-card-10574-benefit-18 | naver-card-10574-benefit-19 | naver-card-10574-benefit-20 | naver-card-10574-benefit-21 | naver-card-10574-benefit-22 | naver-card-10574-benefit-23 | naver-card-10574-benefit-24 | naver-card-10574-benefit-25 | naver-card-10574-benefit-26","false","fallback_from_existing_normalized_card","2026-06-11T13:04:13.065Z"
"naver-card-10423-tier-1-500000-main-cap","naver-card-10423","main_monthly_cap","naver-card-10423-tier-1-500000","10000","naver-card-10423-benefit-1 | naver-card-10423-benefit-2 | naver-card-10423-benefit-3 | naver-card-10423-benefit-4 | naver-card-10423-benefit-5 | naver-card-10423-benefit-6 | naver-card-10423-benefit-7 | naver-card-10423-benefit-8 | naver-card-10423-benefit-9 | naver-card-10423-benefit-10 | naver-card-10423-benefit-11 | naver-card-10423-benefit-12 | naver-card-10423-benefit-13 | naver-card-10423-benefit-14 | naver-card-10423-benefit-15 | naver-card-10423-benefit-16 | naver-card-10423-benefit-17 | naver-card-10423-benefit-18 | naver-card-10423-benefit-19 | naver-card-10423-benefit-20 | naver-card-10423-benefit-21 | naver-card-10423-benefit-22 | naver-card-10423-benefit-23 | naver-card-10423-benefit-24 | naver-card-10423-benefit-25 | naver-card-10423-benefit-26 | naver-card-10423-benefit-27 | naver-card-10423-benefit-28 | naver-card-10423-benefit-29 | naver-card-10423-benefit-30 | naver-card-10423-benefit-31 | naver-card-10423-benefit-32 | naver-card-10423-benefit-33 | naver-card-10423-benefit-34 | naver-card-10423-benefit-35 | naver-card-10423-benefit-36 | naver-card-10423-benefit-37 | naver-card-10423-benefit-38 | naver-card-10423-benefit-39 | naver-card-10423-benefit-40 | naver-card-10423-benefit-41 | naver-card-10423-benefit-42 | naver-card-10423-benefit-43 | naver-card-10423-benefit-44 | naver-card-10423-benefit-45 | naver-card-10423-benefit-46 | naver-card-10423-benefit-47 | naver-card-10423-benefit-48 | naver-card-10423-benefit-49 | naver-card-10423-benefit-50 | naver-card-10423-benefit-51 | naver-card-10423-benefit-52 | naver-card-10423-benefit-53 | naver-card-10423-benefit-54 | naver-card-10423-benefit-55 | naver-card-10423-benefit-56 | naver-card-10423-benefit-57 | naver-card-10423-benefit-58 | naver-card-10423-benefit-59 | naver-card-10423-benefit-60 | naver-card-10423-benefit-61 | naver-card-10423-benefit-62 | naver-card-10423-benefit-63 | naver-card-10423-benefit-64 | naver-card-10423-benefit-65 | naver-card-10423-benefit-66 | naver-card-10423-benefit-67 | naver-card-10423-benefit-68 | naver-card-10423-benefit-69 | naver-card-10423-benefit-70 | naver-card-10423-benefit-71 | naver-card-10423-benefit-72 | naver-card-10423-benefit-73 | naver-card-10423-benefit-74 | naver-card-10423-benefit-75 | naver-card-10423-benefit-76 | naver-card-10423-benefit-77 | naver-card-10423-benefit-78 | naver-card-10423-benefit-79 | naver-card-10423-benefit-80 | naver-card-10423-benefit-81 | naver-card-10423-benefit-82 | naver-card-10423-benefit-83 | naver-card-10423-benefit-84 | naver-card-10423-benefit-85 | naver-card-10423-benefit-86 | naver-card-10423-benefit-87 | naver-card-10423-benefit-88 | naver-card-10423-benefit-89 | naver-card-10423-benefit-90 | naver-card-10423-benefit-91 | naver-card-10423-benefit-92 | naver-card-10423-benefit-93 | naver-card-10423-benefit-94 | naver-card-10423-benefit-95 | naver-card-10423-benefit-96 | naver-card-10423-benefit-97 | naver-card-10423-benefit-98 | naver-card-10423-benefit-99 | naver-card-10423-benefit-100 | naver-card-10423-benefit-101 | naver-card-10423-benefit-102 | naver-card-10423-benefit-103 | naver-card-10423-benefit-104","false","fallback_from_existing_normalized_card","2026-06-11T13:04:13.065Z"
"naver-card-10570-tier-1-500000-main-cap","naver-card-10570","main_monthly_cap","naver-card-10570-tier-1-500000","30000","naver-card-10570-benefit-1 | naver-card-10570-benefit-2 | naver-card-10570-benefit-3 | naver-card-10570-benefit-4 | naver-card-10570-benefit-5 | naver-card-10570-benefit-6 | naver-card-10570-benefit-7 | naver-card-10570-benefit-8 | naver-card-10570-benefit-9 | naver-card-10570-benefit-10 | naver-card-10570-benefit-11 | naver-card-10570-benefit-12 | naver-card-10570-benefit-13 | naver-card-10570-benefit-14 | naver-card-10570-benefit-15 | naver-card-10570-benefit-16 | naver-card-10570-benefit-17 | naver-card-10570-benefit-18 | naver-card-10570-benefit-19 | naver-card-10570-benefit-20 | naver-card-10570-benefit-21 | naver-card-10570-benefit-22 | naver-card-10570-benefit-23 | naver-card-10570-benefit-24 | naver-card-10570-benefit-25 | naver-card-10570-benefit-26 | naver-card-10570-benefit-27 | naver-card-10570-benefit-28 | naver-card-10570-benefit-29 | naver-card-10570-benefit-30 | naver-card-10570-benefit-31 | naver-card-10570-benefit-32 | naver-card-10570-benefit-33 | naver-card-10570-benefit-34 | naver-card-10570-benefit-35 | naver-card-10570-benefit-36 | naver-card-10570-benefit-37 | naver-card-10570-benefit-38 | naver-card-10570-benefit-39 | naver-card-10570-benefit-40 | naver-card-10570-benefit-41 | naver-card-10570-benefit-42 | naver-card-10570-benefit-43 | naver-card-10570-benefit-44 | naver-card-10570-benefit-45 | naver-card-10570-benefit-46 | naver-card-10570-benefit-47 | naver-card-10570-benefit-48 | naver-card-10570-benefit-49 | naver-card-10570-benefit-50 | naver-card-10570-benefit-51 | naver-card-10570-benefit-52 | naver-card-10570-benefit-53 | naver-card-10570-benefit-54 | naver-card-10570-benefit-55 | naver-card-10570-benefit-56 | naver-card-10570-benefit-57 | naver-card-10570-benefit-58 | naver-card-10570-benefit-59 | naver-card-10570-benefit-60 | naver-card-10570-benefit-61","false","fallback_from_existing_normalized_card","2026-06-11T13:04:13.065Z"
"naver-card-10569-tier-1-500000-main-cap","naver-card-10569","main_monthly_cap","naver-card-10569-tier-1-500000","30000","naver-card-10569-benefit-1 | naver-card-10569-benefit-2 | naver-card-10569-benefit-3 | naver-card-10569-benefit-4 | naver-card-10569-benefit-5 | naver-card-10569-benefit-6 | naver-card-10569-benefit-7 | naver-card-10569-benefit-8 | naver-card-10569-benefit-9 | naver-card-10569-benefit-10 | naver-card-10569-benefit-11 | naver-card-10569-benefit-12 | naver-card-10569-benefit-13 | naver-card-10569-benefit-14 | naver-card-10569-benefit-15 | naver-card-10569-benefit-16 | naver-card-10569-benefit-17 | naver-card-10569-benefit-18 | naver-card-10569-benefit-19 | naver-card-10569-benefit-20 | naver-card-10569-benefit-21 | naver-card-10569-benefit-22 | naver-card-10569-benefit-23 | naver-card-10569-benefit-24 | naver-card-10569-benefit-25 | naver-card-10569-benefit-26 | naver-card-10569-benefit-27 | naver-card-10569-benefit-28 | naver-card-10569-benefit-29 | naver-card-10569-benefit-30 | naver-card-10569-benefit-31 | naver-card-10569-benefit-32 | naver-card-10569-benefit-33 | naver-card-10569-benefit-34 | naver-card-10569-benefit-35 | naver-card-10569-benefit-36 | naver-card-10569-benefit-37 | naver-card-10569-benefit-38 | naver-card-10569-benefit-39 | naver-card-10569-benefit-40 | naver-card-10569-benefit-41 | naver-card-10569-benefit-42 | naver-card-10569-benefit-43 | naver-card-10569-benefit-44 | naver-card-10569-benefit-45 | naver-card-10569-benefit-46 | naver-card-10569-benefit-47 | naver-card-10569-benefit-48 | naver-card-10569-benefit-49 | naver-card-10569-benefit-50 | naver-card-10569-benefit-51 | naver-card-10569-benefit-52 | naver-card-10569-benefit-53 | naver-card-10569-benefit-54 | naver-card-10569-benefit-55 | naver-card-10569-benefit-56 | naver-card-10569-benefit-57 | naver-card-10569-benefit-58 | naver-card-10569-benefit-59 | naver-card-10569-benefit-60 | naver-card-10569-benefit-61 | naver-card-10569-benefit-62 | naver-card-10569-benefit-63 | naver-card-10569-benefit-64 | naver-card-10569-benefit-65 | naver-card-10569-benefit-66 | naver-card-10569-benefit-67 | naver-card-10569-benefit-68 | naver-card-10569-benefit-69 | naver-card-10569-benefit-70 | naver-card-10569-benefit-71 | naver-card-10569-benefit-72 | naver-card-10569-benefit-73 | naver-card-10569-benefit-74 | naver-card-10569-benefit-75 | naver-card-10569-benefit-76 | naver-card-10569-benefit-77 | naver-card-10569-benefit-78 | naver-card-10569-benefit-79 | naver-card-10569-benefit-80 | naver-card-10569-benefit-81 | naver-card-10569-benefit-82 | naver-card-10569-benefit-83 | naver-card-10569-benefit-84 | naver-card-10569-benefit-85 | naver-card-10569-benefit-86 | naver-card-10569-benefit-87 | naver-card-10569-benefit-88 | naver-card-10569-benefit-89 | naver-card-10569-benefit-90 | naver-card-10569-benefit-91 | naver-card-10569-benefit-92 | naver-card-10569-benefit-93 | naver-card-10569-benefit-94 | naver-card-10569-benefit-95 | naver-card-10569-benefit-96 | naver-card-10569-benefit-97 | naver-card-10569-benefit-98 | naver-card-10569-benefit-99 | naver-card-10569-benefit-100 | naver-card-10569-benefit-101 | naver-card-10569-benefit-102 | naver-card-10569-benefit-103 | naver-card-10569-benefit-104 | naver-card-10569-benefit-105 | naver-card-10569-benefit-106 | naver-card-10569-benefit-107 | naver-card-10569-benefit-108 | naver-card-10569-benefit-109 | naver-card-10569-benefit-110 | naver-card-10569-benefit-111 | naver-card-10569-benefit-112 | naver-card-10569-benefit-113 | naver-card-10569-benefit-114 | naver-card-10569-benefit-115 | naver-card-10569-benefit-116 | naver-card-10569-benefit-117 | naver-card-10569-benefit-118 | naver-card-10569-benefit-119 | naver-card-10569-benefit-120 | naver-card-10569-benefit-121 | naver-card-10569-benefit-122 | naver-card-10569-benefit-123 | naver-card-10569-benefit-124 | naver-card-10569-benefit-125 | naver-card-10569-benefit-126 | naver-card-10569-benefit-127 | naver-card-10569-benefit-128 | naver-card-10569-benefit-129 | naver-card-10569-benefit-130 | naver-card-10569-benefit-131 | naver-card-10569-benefit-132 | naver-card-10569-benefit-133 | naver-card-10569-benefit-134 | naver-card-10569-benefit-135 | naver-card-10569-benefit-136 | naver-card-10569-benefit-137 | naver-card-10569-benefit-138 | naver-card-10569-benefit-139 | naver-card-10569-benefit-140 | naver-card-10569-benefit-141 | naver-card-10569-benefit-142 | naver-card-10569-benefit-143 | naver-card-10569-benefit-144 | naver-card-10569-benefit-145 | naver-card-10569-benefit-146 | naver-card-10569-benefit-147 | naver-card-10569-benefit-148 | naver-card-10569-benefit-149 | naver-card-10569-benefit-150 | naver-card-10569-benefit-151 | naver-card-10569-benefit-152 | naver-card-10569-benefit-153 | naver-card-10569-benefit-154 | naver-card-10569-benefit-155 | naver-card-10569-benefit-156 | naver-card-10569-benefit-157 | naver-card-10569-benefit-158 | naver-card-10569-benefit-159 | naver-card-10569-benefit-160 | naver-card-10569-benefit-161 | naver-card-10569-benefit-162 | naver-card-10569-benefit-163 | naver-card-10569-benefit-164 | naver-card-10569-benefit-165 | naver-card-10569-benefit-166 | naver-card-10569-benefit-167 | naver-card-10569-benefit-168 | naver-card-10569-benefit-169 | naver-card-10569-benefit-170 | naver-card-10569-benefit-171 | naver-card-10569-benefit-172 | naver-card-10569-benefit-173 | naver-card-10569-benefit-174 | naver-card-10569-benefit-175 | naver-card-10569-benefit-176 | naver-card-10569-benefit-177 | naver-card-10569-benefit-178 | naver-card-10569-benefit-179 | naver-card-10569-benefit-180 | naver-card-10569-benefit-181 | naver-card-10569-benefit-182 | naver-card-10569-benefit-183 | naver-card-10569-benefit-184 | naver-card-10569-benefit-185 | naver-card-10569-benefit-186 | naver-card-10569-benefit-187 | naver-card-10569-benefit-188 | naver-card-10569-benefit-189 | naver-card-10569-benefit-190 | naver-card-10569-benefit-191 | naver-card-10569-benefit-192 | naver-card-10569-benefit-193 | naver-card-10569-benefit-194 | naver-card-10569-benefit-195 | naver-card-10569-benefit-196 | naver-card-10569-benefit-197 | naver-card-10569-benefit-198 | naver-card-10569-benefit-199 | naver-card-10569-benefit-200 | naver-card-10569-benefit-201 | naver-card-10569-benefit-202 | naver-card-10569-benefit-203 | naver-card-10569-benefit-204 | naver-card-10569-benefit-205 | naver-card-10569-benefit-206 | naver-card-10569-benefit-207 | naver-card-10569-benefit-208 | naver-card-10569-benefit-209 | naver-card-10569-benefit-210 | naver-card-10569-benefit-211 | naver-card-10569-benefit-212 | naver-card-10569-benefit-213 | naver-card-10569-benefit-214 | naver-card-10569-benefit-215 | naver-card-10569-benefit-216 | naver-card-10569-benefit-217 | naver-card-10569-benefit-218 | naver-card-10569-benefit-219 | naver-card-10569-benefit-220 | naver-card-10569-benefit-221 | naver-card-10569-benefit-222 | naver-card-10569-benefit-223 | naver-card-10569-benefit-224 | naver-card-10569-benefit-225 | naver-card-10569-benefit-226 | naver-card-10569-benefit-227 | naver-card-10569-benefit-228 | naver-card-10569-benefit-229 | naver-card-10569-benefit-230 | naver-card-10569-benefit-231 | naver-card-10569-benefit-232 | naver-card-10569-benefit-233 | naver-card-10569-benefit-234 | naver-card-10569-benefit-235 | naver-card-10569-benefit-236 | naver-card-10569-benefit-237 | naver-card-10569-benefit-238 | naver-card-10569-benefit-239 | naver-card-10569-benefit-240 | naver-card-10569-benefit-241 | naver-card-10569-benefit-242 | naver-card-10569-benefit-243 | naver-card-10569-benefit-244 | naver-card-10569-benefit-245 | naver-card-10569-benefit-246 | naver-card-10569-benefit-247 | naver-card-10569-benefit-248 | naver-card-10569-benefit-249 | naver-card-10569-benefit-250 | naver-card-10569-benefit-251 | naver-card-10569-benefit-252 | naver-card-10569-benefit-253 | naver-card-10569-benefit-254 | naver-card-10569-benefit-255 | naver-card-10569-benefit-256 | naver-card-10569-benefit-257 | naver-card-10569-benefit-258 | naver-card-10569-benefit-259 | naver-card-10569-benefit-260 | naver-card-10569-benefit-261 | naver-card-10569-benefit-262 | naver-card-10569-benefit-263 | naver-card-10569-benefit-264 | naver-card-10569-benefit-265 | naver-card-10569-benefit-266 | naver-card-10569-benefit-267 | naver-card-10569-benefit-268 | naver-card-10569-benefit-269 | naver-card-10569-benefit-270 | naver-card-10569-benefit-271 | naver-card-10569-benefit-272 | naver-card-10569-benefit-273 | naver-card-10569-benefit-274 | naver-card-10569-benefit-275 | naver-card-10569-benefit-276 | naver-card-10569-benefit-277 | naver-card-10569-benefit-278 | naver-card-10569-benefit-279 | naver-card-10569-benefit-280 | naver-card-10569-benefit-281 | naver-card-10569-benefit-282 | naver-card-10569-benefit-283 | naver-card-10569-benefit-284 | naver-card-10569-benefit-285 | naver-card-10569-benefit-286 | naver-card-10569-benefit-287 | naver-card-10569-benefit-288 | naver-card-10569-benefit-289 | naver-card-10569-benefit-290 | naver-card-10569-benefit-291 | naver-card-10569-benefit-292 | naver-card-10569-benefit-293 | naver-card-10569-benefit-294 | naver-card-10569-benefit-295 | naver-card-10569-benefit-296 | naver-card-10569-benefit-297 | naver-card-10569-benefit-298 | naver-card-10569-benefit-299 | naver-card-10569-benefit-300 | naver-card-10569-benefit-301 | naver-card-10569-benefit-302 | naver-card-10569-benefit-303 | naver-card-10569-benefit-304 | naver-card-10569-benefit-305 | naver-card-10569-benefit-306 | naver-card-10569-benefit-307 | naver-card-10569-benefit-308 | naver-card-10569-benefit-309 | naver-card-10569-benefit-310 | naver-card-10569-benefit-311 | naver-card-10569-benefit-312 | naver-card-10569-benefit-313 | naver-card-10569-benefit-314 | naver-card-10569-benefit-315 | naver-card-10569-benefit-316 | naver-card-10569-benefit-317 | naver-card-10569-benefit-318 | naver-card-10569-benefit-319 | naver-card-10569-benefit-320 | naver-card-10569-benefit-321 | naver-card-10569-benefit-322 | naver-card-10569-benefit-323 | naver-card-10569-benefit-324 | naver-card-10569-benefit-325","false","fallback_from_existing_normalized_card","2026-06-11T13:04:13.065Z"
"naver-card-10619-tier-1-400000-main-cap","naver-card-10619","main_monthly_cap","naver-card-10619-tier-1-400000","5000","naver-card-10619-benefit-1 | naver-card-10619-benefit-2 | naver-card-10619-benefit-3 | naver-card-10619-benefit-4 | naver-card-10619-benefit-5 | naver-card-10619-benefit-6 | naver-card-10619-benefit-7 | naver-card-10619-benefit-8 | naver-card-10619-benefit-9 | naver-card-10619-benefit-10 | naver-card-10619-benefit-11 | naver-card-10619-benefit-12 | naver-card-10619-benefit-13 | naver-card-10619-benefit-14 | naver-card-10619-benefit-15 | naver-card-10619-benefit-16 | naver-card-10619-benefit-17 | naver-card-10619-benefit-18 | naver-card-10619-benefit-19 | naver-card-10619-benefit-20 | naver-card-10619-benefit-21 | naver-card-10619-benefit-22 | naver-card-10619-benefit-23 | naver-card-10619-benefit-24 | naver-card-10619-benefit-25 | naver-card-10619-benefit-26 | naver-card-10619-benefit-27 | naver-card-10619-benefit-28 | naver-card-10619-benefit-29 | naver-card-10619-benefit-30 | naver-card-10619-benefit-31 | naver-card-10619-benefit-32 | naver-card-10619-benefit-33 | naver-card-10619-benefit-34 | naver-card-10619-benefit-35 | naver-card-10619-benefit-36 | naver-card-10619-benefit-37 | naver-card-10619-benefit-38 | naver-card-10619-benefit-39 | naver-card-10619-benefit-40 | naver-card-10619-benefit-41 | naver-card-10619-benefit-42 | naver-card-10619-benefit-43 | naver-card-10619-benefit-44 | naver-card-10619-benefit-45 | naver-card-10619-benefit-46 | naver-card-10619-benefit-47 | naver-card-10619-benefit-48 | naver-card-10619-benefit-49 | naver-card-10619-benefit-50 | naver-card-10619-benefit-51 | naver-card-10619-benefit-52 | naver-card-10619-benefit-53 | naver-card-10619-benefit-54 | naver-card-10619-benefit-55 | naver-card-10619-benefit-56 | naver-card-10619-benefit-57 | naver-card-10619-benefit-58 | naver-card-10619-benefit-59 | naver-card-10619-benefit-60 | naver-card-10619-benefit-61 | naver-card-10619-benefit-62 | naver-card-10619-benefit-63 | naver-card-10619-benefit-64 | naver-card-10619-benefit-65 | naver-card-10619-benefit-66 | naver-card-10619-benefit-67 | naver-card-10619-benefit-68 | naver-card-10619-benefit-69 | naver-card-10619-benefit-70 | naver-card-10619-benefit-71 | naver-card-10619-benefit-72 | naver-card-10619-benefit-73 | naver-card-10619-benefit-74 | naver-card-10619-benefit-75 | naver-card-10619-benefit-76 | naver-card-10619-benefit-77 | naver-card-10619-benefit-78 | naver-card-10619-benefit-79 | naver-card-10619-benefit-80 | naver-card-10619-benefit-81 | naver-card-10619-benefit-82 | naver-card-10619-benefit-83 | naver-card-10619-benefit-84 | naver-card-10619-benefit-85 | naver-card-10619-benefit-86 | naver-card-10619-benefit-87 | naver-card-10619-benefit-88 | naver-card-10619-benefit-89 | naver-card-10619-benefit-90 | naver-card-10619-benefit-91 | naver-card-10619-benefit-92 | naver-card-10619-benefit-93 | naver-card-10619-benefit-94 | naver-card-10619-benefit-95 | naver-card-10619-benefit-96 | naver-card-10619-benefit-97 | naver-card-10619-benefit-98 | naver-card-10619-benefit-99 | naver-card-10619-benefit-100 | naver-card-10619-benefit-101 | naver-card-10619-benefit-102 | naver-card-10619-benefit-103 | naver-card-10619-benefit-104 | naver-card-10619-benefit-105 | naver-card-10619-benefit-106 | naver-card-10619-benefit-107 | naver-card-10619-benefit-108 | naver-card-10619-benefit-109 | naver-card-10619-benefit-110 | naver-card-10619-benefit-111 | naver-card-10619-benefit-112 | naver-card-10619-benefit-113 | naver-card-10619-benefit-114 | naver-card-10619-benefit-115 | naver-card-10619-benefit-116 | naver-card-10619-benefit-117 | naver-card-10619-benefit-118 | naver-card-10619-benefit-119 | naver-card-10619-benefit-120 | naver-card-10619-benefit-121 | naver-card-10619-benefit-122 | naver-card-10619-benefit-123 | naver-card-10619-benefit-124 | naver-card-10619-benefit-125 | naver-card-10619-benefit-126","false","fallback_from_existing_normalized_card","2026-06-11T13:04:13.065Z"
"naver-card-2533-tier-1-300000-main-cap","naver-card-2533","main_monthly_cap","naver-card-2533-tier-1-300000","300000","naver-card-2533-benefit-1 | naver-card-2533-benefit-2 | naver-card-2533-benefit-3 | naver-card-2533-benefit-4 | naver-card-2533-benefit-5 | naver-card-2533-benefit-6 | naver-card-2533-benefit-7 | naver-card-2533-benefit-8 | naver-card-2533-benefit-9 | naver-card-2533-benefit-10 | naver-card-2533-benefit-11 | naver-card-2533-benefit-12 | naver-card-2533-benefit-13 | naver-card-2533-benefit-14 | naver-card-2533-benefit-15 | naver-card-2533-benefit-16 | naver-card-2533-benefit-17 | naver-card-2533-benefit-18 | naver-card-2533-benefit-19 | naver-card-2533-benefit-20 | naver-card-2533-benefit-21 | naver-card-2533-benefit-22 | naver-card-2533-benefit-23 | naver-card-2533-benefit-24 | naver-card-2533-benefit-25 | naver-card-2533-benefit-26 | naver-card-2533-benefit-27 | naver-card-2533-benefit-28 | naver-card-2533-benefit-29 | naver-card-2533-benefit-30 | naver-card-2533-benefit-31 | naver-card-2533-benefit-32 | naver-card-2533-benefit-33 | naver-card-2533-benefit-34 | naver-card-2533-benefit-35 | naver-card-2533-benefit-36 | naver-card-2533-benefit-37 | naver-card-2533-benefit-38 | naver-card-2533-benefit-39 | naver-card-2533-benefit-40 | naver-card-2533-benefit-41 | naver-card-2533-benefit-42 | naver-card-2533-benefit-43 | naver-card-2533-benefit-44 | naver-card-2533-benefit-45 | naver-card-2533-benefit-46 | naver-card-2533-benefit-47 | naver-card-2533-benefit-48 | naver-card-2533-benefit-49 | naver-card-2533-benefit-50 | naver-card-2533-benefit-51 | naver-card-2533-benefit-52 | naver-card-2533-benefit-53 | naver-card-2533-benefit-54 | naver-card-2533-benefit-55 | naver-card-2533-benefit-56 | naver-card-2533-benefit-57 | naver-card-2533-benefit-58 | naver-card-2533-benefit-59 | naver-card-2533-benefit-60 | naver-card-2533-benefit-61 | naver-card-2533-benefit-62 | naver-card-2533-benefit-63 | naver-card-2533-benefit-64 | naver-card-2533-benefit-65 | naver-card-2533-benefit-66 | naver-card-2533-benefit-67 | naver-card-2533-benefit-68 | naver-card-2533-benefit-69 | naver-card-2533-benefit-70 | naver-card-2533-benefit-71 | naver-card-2533-benefit-72 | naver-card-2533-benefit-73 | naver-card-2533-benefit-74 | naver-card-2533-benefit-75 | naver-card-2533-benefit-76 | naver-card-2533-benefit-77 | naver-card-2533-benefit-78 | naver-card-2533-benefit-79 | naver-card-2533-benefit-80 | naver-card-2533-benefit-81 | naver-card-2533-benefit-82 | naver-card-2533-benefit-83 | naver-card-2533-benefit-84 | naver-card-2533-benefit-85 | naver-card-2533-benefit-86 | naver-card-2533-benefit-87 | naver-card-2533-benefit-88 | naver-card-2533-benefit-89 | naver-card-2533-benefit-90 | naver-card-2533-benefit-91 | naver-card-2533-benefit-92 | naver-card-2533-benefit-93 | naver-card-2533-benefit-94 | naver-card-2533-benefit-95 | naver-card-2533-benefit-96 | naver-card-2533-benefit-97 | naver-card-2533-benefit-98 | naver-card-2533-benefit-99 | naver-card-2533-benefit-100 | naver-card-2533-benefit-101 | naver-card-2533-benefit-102 | naver-card-2533-benefit-103 | naver-card-2533-benefit-104 | naver-card-2533-benefit-105 | naver-card-2533-benefit-106 | naver-card-2533-benefit-107","false","fallback_from_existing_normalized_card","2026-06-11T13:04:13.065Z"
"naver-card-1591-tier-1-500000-main-cap","naver-card-1591","main_monthly_cap","naver-card-1591-tier-1-500000","50000","naver-card-1591-benefit-1 | naver-card-1591-benefit-2 | naver-card-1591-benefit-3 | naver-card-1591-benefit-4 | naver-card-1591-benefit-5 | naver-card-1591-benefit-6 | naver-card-1591-benefit-7 | naver-card-1591-benefit-8 | naver-card-1591-benefit-9 | naver-card-1591-benefit-10 | naver-card-1591-benefit-11 | naver-card-1591-benefit-12 | naver-card-1591-benefit-13 | naver-card-1591-benefit-14 | naver-card-1591-benefit-15 | naver-card-1591-benefit-16 | naver-card-1591-benefit-17 | naver-card-1591-benefit-18 | naver-card-1591-benefit-19 | naver-card-1591-benefit-20 | naver-card-1591-benefit-21 | naver-card-1591-benefit-22 | naver-card-1591-benefit-23 | naver-card-1591-benefit-24 | naver-card-1591-benefit-25 | naver-card-1591-benefit-26 | naver-card-1591-benefit-27 | naver-card-1591-benefit-28 | naver-card-1591-benefit-29 | naver-card-1591-benefit-30 | naver-card-1591-benefit-31 | naver-card-1591-benefit-32 | naver-card-1591-benefit-33 | naver-card-1591-benefit-34 | naver-card-1591-benefit-35 | naver-card-1591-benefit-36 | naver-card-1591-benefit-37 | naver-card-1591-benefit-38 | naver-card-1591-benefit-39 | naver-card-1591-benefit-40 | naver-card-1591-benefit-41 | naver-card-1591-benefit-42 | naver-card-1591-benefit-43 | naver-card-1591-benefit-44 | naver-card-1591-benefit-45 | naver-card-1591-benefit-46 | naver-card-1591-benefit-47 | naver-card-1591-benefit-48 | naver-card-1591-benefit-49 | naver-card-1591-benefit-50 | naver-card-1591-benefit-51 | naver-card-1591-benefit-52 | naver-card-1591-benefit-53 | naver-card-1591-benefit-54 | naver-card-1591-benefit-55 | naver-card-1591-benefit-56 | naver-card-1591-benefit-57 | naver-card-1591-benefit-58 | naver-card-1591-benefit-59 | naver-card-1591-benefit-60 | naver-card-1591-benefit-61 | naver-card-1591-benefit-62 | naver-card-1591-benefit-63 | naver-card-1591-benefit-64 | naver-card-1591-benefit-65 | naver-card-1591-benefit-66 | naver-card-1591-benefit-67 | naver-card-1591-benefit-68 | naver-card-1591-benefit-69 | naver-card-1591-benefit-70 | naver-card-1591-benefit-71 | naver-card-1591-benefit-72 | naver-card-1591-benefit-73 | naver-card-1591-benefit-74 | naver-card-1591-benefit-75 | naver-card-1591-benefit-76 | naver-card-1591-benefit-77 | naver-card-1591-benefit-78 | naver-card-1591-benefit-79 | naver-card-1591-benefit-80 | naver-card-1591-benefit-81 | naver-card-1591-benefit-82 | naver-card-1591-benefit-83 | naver-card-1591-benefit-84 | naver-card-1591-benefit-85 | naver-card-1591-benefit-86 | naver-card-1591-benefit-87 | naver-card-1591-benefit-88 | naver-card-1591-benefit-89 | naver-card-1591-benefit-90 | naver-card-1591-benefit-91 | naver-card-1591-benefit-92 | naver-card-1591-benefit-93 | naver-card-1591-benefit-94 | naver-card-1591-benefit-95 | naver-card-1591-benefit-96 | naver-card-1591-benefit-97 | naver-card-1591-benefit-98 | naver-card-1591-benefit-99 | naver-card-1591-benefit-100 | naver-card-1591-benefit-101 | naver-card-1591-benefit-102 | naver-card-1591-benefit-103 | naver-card-1591-benefit-104 | naver-card-1591-benefit-105 | naver-card-1591-benefit-106 | naver-card-1591-benefit-107 | naver-card-1591-benefit-108 | naver-card-1591-benefit-109 | naver-card-1591-benefit-110 | naver-card-1591-benefit-111 | naver-card-1591-benefit-112 | naver-card-1591-benefit-113 | naver-card-1591-benefit-114 | naver-card-1591-benefit-115 | naver-card-1591-benefit-116 | naver-card-1591-benefit-117 | naver-card-1591-benefit-118 | naver-card-1591-benefit-119 | naver-card-1591-benefit-120 | naver-card-1591-benefit-121 | naver-card-1591-benefit-122 | naver-card-1591-benefit-123 | naver-card-1591-benefit-124 | naver-card-1591-benefit-125 | naver-card-1591-benefit-126 | naver-card-1591-benefit-127 | naver-card-1591-benefit-128 | naver-card-1591-benefit-129 | naver-card-1591-benefit-130 | naver-card-1591-benefit-131 | naver-card-1591-benefit-132 | naver-card-1591-benefit-133 | naver-card-1591-benefit-134","false","fallback_from_existing_normalized_card","2026-06-11T13:04:13.065Z"
"naver-card-10609-tier-1-400000-main-cap","naver-card-10609","main_monthly_cap","naver-card-10609-tier-1-400000","30000","naver-card-10609-benefit-1 | naver-card-10609-benefit-2 | naver-card-10609-benefit-3 | naver-card-10609-benefit-4 | naver-card-10609-benefit-5 | naver-card-10609-benefit-6 | naver-card-10609-benefit-7 | naver-card-10609-benefit-8 | naver-card-10609-benefit-9 | naver-card-10609-benefit-10 | naver-card-10609-benefit-11 | naver-card-10609-benefit-12 | naver-card-10609-benefit-13 | naver-card-10609-benefit-14 | naver-card-10609-benefit-15 | naver-card-10609-benefit-16 | naver-card-10609-benefit-17 | naver-card-10609-benefit-18 | naver-card-10609-benefit-19 | naver-card-10609-benefit-20 | naver-card-10609-benefit-21 | naver-card-10609-benefit-22 | naver-card-10609-benefit-23 | naver-card-10609-benefit-24 | naver-card-10609-benefit-25 | naver-card-10609-benefit-26 | naver-card-10609-benefit-27 | naver-card-10609-benefit-28 | naver-card-10609-benefit-29 | naver-card-10609-benefit-30 | naver-card-10609-benefit-31 | naver-card-10609-benefit-32 | naver-card-10609-benefit-33 | naver-card-10609-benefit-34 | naver-card-10609-benefit-35 | naver-card-10609-benefit-36 | naver-card-10609-benefit-37 | naver-card-10609-benefit-38 | naver-card-10609-benefit-39 | naver-card-10609-benefit-40 | naver-card-10609-benefit-41 | naver-card-10609-benefit-42 | naver-card-10609-benefit-43 | naver-card-10609-benefit-44 | naver-card-10609-benefit-45 | naver-card-10609-benefit-46 | naver-card-10609-benefit-47 | naver-card-10609-benefit-48 | naver-card-10609-benefit-49 | naver-card-10609-benefit-50 | naver-card-10609-benefit-51 | naver-card-10609-benefit-52 | naver-card-10609-benefit-53 | naver-card-10609-benefit-54 | naver-card-10609-benefit-55 | naver-card-10609-benefit-56 | naver-card-10609-benefit-57 | naver-card-10609-benefit-58 | naver-card-10609-benefit-59 | naver-card-10609-benefit-60 | naver-card-10609-benefit-61 | naver-card-10609-benefit-62 | naver-card-10609-benefit-63 | naver-card-10609-benefit-64 | naver-card-10609-benefit-65 | naver-card-10609-benefit-66 | naver-card-10609-benefit-67 | naver-card-10609-benefit-68 | naver-card-10609-benefit-69 | naver-card-10609-benefit-70 | naver-card-10609-benefit-71 | naver-card-10609-benefit-72 | naver-card-10609-benefit-73 | naver-card-10609-benefit-74 | naver-card-10609-benefit-75 | naver-card-10609-benefit-76 | naver-card-10609-benefit-77 | naver-card-10609-benefit-78 | naver-card-10609-benefit-79 | naver-card-10609-benefit-80 | naver-card-10609-benefit-81 | naver-card-10609-benefit-82 | naver-card-10609-benefit-83 | naver-card-10609-benefit-84 | naver-card-10609-benefit-85 | naver-card-10609-benefit-86 | naver-card-10609-benefit-87 | naver-card-10609-benefit-88 | naver-card-10609-benefit-89 | naver-card-10609-benefit-90 | naver-card-10609-benefit-91 | naver-card-10609-benefit-92 | naver-card-10609-benefit-93 | naver-card-10609-benefit-94 | naver-card-10609-benefit-95 | naver-card-10609-benefit-96 | naver-card-10609-benefit-97 | naver-card-10609-benefit-98 | naver-card-10609-benefit-99 | naver-card-10609-benefit-100 | naver-card-10609-benefit-101 | naver-card-10609-benefit-102 | naver-card-10609-benefit-103 | naver-card-10609-benefit-104 | naver-card-10609-benefit-105 | naver-card-10609-benefit-106 | naver-card-10609-benefit-107 | naver-card-10609-benefit-108 | naver-card-10609-benefit-109 | naver-card-10609-benefit-110 | naver-card-10609-benefit-111 | naver-card-10609-benefit-112 | naver-card-10609-benefit-113 | naver-card-10609-benefit-114","false","fallback_from_existing_normalized_card","2026-06-11T13:04:13.065Z"
"naver-card-10416-tier-1-300000-main-cap","naver-card-10416","main_monthly_cap","naver-card-10416-tier-1-300000","300000","naver-card-10416-benefit-1 | naver-card-10416-benefit-2 | naver-card-10416-benefit-3 | naver-card-10416-benefit-4 | naver-card-10416-benefit-5 | naver-card-10416-benefit-6 | naver-card-10416-benefit-7 | naver-card-10416-benefit-8 | naver-card-10416-benefit-9 | naver-card-10416-benefit-10 | naver-card-10416-benefit-11 | naver-card-10416-benefit-12 | naver-card-10416-benefit-13 | naver-card-10416-benefit-14 | naver-card-10416-benefit-15 | naver-card-10416-benefit-16 | naver-card-10416-benefit-17 | naver-card-10416-benefit-18 | naver-card-10416-benefit-19 | naver-card-10416-benefit-20 | naver-card-10416-benefit-21 | naver-card-10416-benefit-22 | naver-card-10416-benefit-23 | naver-card-10416-benefit-24 | naver-card-10416-benefit-25 | naver-card-10416-benefit-26 | naver-card-10416-benefit-27 | naver-card-10416-benefit-28 | naver-card-10416-benefit-29 | naver-card-10416-benefit-30 | naver-card-10416-benefit-31 | naver-card-10416-benefit-32 | naver-card-10416-benefit-33 | naver-card-10416-benefit-34 | naver-card-10416-benefit-35 | naver-card-10416-benefit-36 | naver-card-10416-benefit-37 | naver-card-10416-benefit-38 | naver-card-10416-benefit-39 | naver-card-10416-benefit-40 | naver-card-10416-benefit-41 | naver-card-10416-benefit-42 | naver-card-10416-benefit-43 | naver-card-10416-benefit-44 | naver-card-10416-benefit-45 | naver-card-10416-benefit-46 | naver-card-10416-benefit-47 | naver-card-10416-benefit-48 | naver-card-10416-benefit-49 | naver-card-10416-benefit-50 | naver-card-10416-benefit-51 | naver-card-10416-benefit-52 | naver-card-10416-benefit-53 | naver-card-10416-benefit-54 | naver-card-10416-benefit-55 | naver-card-10416-benefit-56 | naver-card-10416-benefit-57 | naver-card-10416-benefit-58 | naver-card-10416-benefit-59 | naver-card-10416-benefit-60 | naver-card-10416-benefit-61 | naver-card-10416-benefit-62","false","fallback_from_existing_normalized_card","2026-06-11T13:04:13.065Z"
"naver-card-1570-tier-1-300000-main-cap","naver-card-1570","main_monthly_cap","naver-card-1570-tier-1-300000","300000","naver-card-1570-benefit-1 | naver-card-1570-benefit-2 | naver-card-1570-benefit-3 | naver-card-1570-benefit-4 | naver-card-1570-benefit-5 | naver-card-1570-benefit-6 | naver-card-1570-benefit-7 | naver-card-1570-benefit-8 | naver-card-1570-benefit-9 | naver-card-1570-benefit-10 | naver-card-1570-benefit-11 | naver-card-1570-benefit-12 | naver-card-1570-benefit-13 | naver-card-1570-benefit-14 | naver-card-1570-benefit-15 | naver-card-1570-benefit-16 | naver-card-1570-benefit-17 | naver-card-1570-benefit-18 | naver-card-1570-benefit-19 | naver-card-1570-benefit-20 | naver-card-1570-benefit-21 | naver-card-1570-benefit-22 | naver-card-1570-benefit-23 | naver-card-1570-benefit-24 | naver-card-1570-benefit-25 | naver-card-1570-benefit-26 | naver-card-1570-benefit-27 | naver-card-1570-benefit-28 | naver-card-1570-benefit-29 | naver-card-1570-benefit-30 | naver-card-1570-benefit-31 | naver-card-1570-benefit-32 | naver-card-1570-benefit-33 | naver-card-1570-benefit-34 | naver-card-1570-benefit-35 | naver-card-1570-benefit-36 | naver-card-1570-benefit-37 | naver-card-1570-benefit-38 | naver-card-1570-benefit-39 | naver-card-1570-benefit-40 | naver-card-1570-benefit-41 | naver-card-1570-benefit-42 | naver-card-1570-benefit-43 | naver-card-1570-benefit-44 | naver-card-1570-benefit-45 | naver-card-1570-benefit-46 | naver-card-1570-benefit-47 | naver-card-1570-benefit-48 | naver-card-1570-benefit-49 | naver-card-1570-benefit-50 | naver-card-1570-benefit-51 | naver-card-1570-benefit-52 | naver-card-1570-benefit-53 | naver-card-1570-benefit-54 | naver-card-1570-benefit-55 | naver-card-1570-benefit-56 | naver-card-1570-benefit-57 | naver-card-1570-benefit-58 | naver-card-1570-benefit-59","false","fallback_from_existing_normalized_card","2026-06-11T13:04:13.065Z"
"naver-card-3756-tier-1-400000-main-cap","naver-card-3756","main_monthly_cap","naver-card-3756-tier-1-400000","10000","naver-card-3756-benefit-1 | naver-card-3756-benefit-2 | naver-card-3756-benefit-3 | naver-card-3756-benefit-4 | naver-card-3756-benefit-5 | naver-card-3756-benefit-6 | naver-card-3756-benefit-7 | naver-card-3756-benefit-8 | naver-card-3756-benefit-9 | naver-card-3756-benefit-10 | naver-card-3756-benefit-11 | naver-card-3756-benefit-12 | naver-card-3756-benefit-13 | naver-card-3756-benefit-14 | naver-card-3756-benefit-15 | naver-card-3756-benefit-16 | naver-card-3756-benefit-17 | naver-card-3756-benefit-18 | naver-card-3756-benefit-19 | naver-card-3756-benefit-20 | naver-card-3756-benefit-21 | naver-card-3756-benefit-22 | naver-card-3756-benefit-23 | naver-card-3756-benefit-24 | naver-card-3756-benefit-25 | naver-card-3756-benefit-26 | naver-card-3756-benefit-27 | naver-card-3756-benefit-28 | naver-card-3756-benefit-29 | naver-card-3756-benefit-30 | naver-card-3756-benefit-31 | naver-card-3756-benefit-32 | naver-card-3756-benefit-33 | naver-card-3756-benefit-34 | naver-card-3756-benefit-35 | naver-card-3756-benefit-36 | naver-card-3756-benefit-37","false","fallback_from_existing_normalized_card","2026-06-11T13:04:13.065Z"
"naver-card-10080-tier-1-300000-main-cap","naver-card-10080","main_monthly_cap","naver-card-10080-tier-1-300000","10000","naver-card-10080-benefit-1 | naver-card-10080-benefit-2 | naver-card-10080-benefit-3 | naver-card-10080-benefit-4 | naver-card-10080-benefit-5 | naver-card-10080-benefit-6 | naver-card-10080-benefit-7 | naver-card-10080-benefit-8 | naver-card-10080-benefit-9 | naver-card-10080-benefit-10 | naver-card-10080-benefit-11 | naver-card-10080-benefit-12 | naver-card-10080-benefit-13 | naver-card-10080-benefit-14 | naver-card-10080-benefit-15 | naver-card-10080-benefit-16 | naver-card-10080-benefit-17 | naver-card-10080-benefit-18 | naver-card-10080-benefit-19 | naver-card-10080-benefit-20","false","fallback_from_existing_normalized_card","2026-06-11T13:04:13.065Z"
"naver-card-10151-tier-1-400000-main-cap","naver-card-10151","main_monthly_cap","naver-card-10151-tier-1-400000","6000","naver-card-10151-benefit-1 | naver-card-10151-benefit-2 | naver-card-10151-benefit-3 | naver-card-10151-benefit-4 | naver-card-10151-benefit-5 | naver-card-10151-benefit-6 | naver-card-10151-benefit-7 | naver-card-10151-benefit-8 | naver-card-10151-benefit-9 | naver-card-10151-benefit-10 | naver-card-10151-benefit-11 | naver-card-10151-benefit-12 | naver-card-10151-benefit-13 | naver-card-10151-benefit-14 | naver-card-10151-benefit-15 | naver-card-10151-benefit-16 | naver-card-10151-benefit-17 | naver-card-10151-benefit-18 | naver-card-10151-benefit-19 | naver-card-10151-benefit-20 | naver-card-10151-benefit-21 | naver-card-10151-benefit-22 | naver-card-10151-benefit-23 | naver-card-10151-benefit-24 | naver-card-10151-benefit-25 | naver-card-10151-benefit-26 | naver-card-10151-benefit-27 | naver-card-10151-benefit-28","false","fallback_from_existing_normalized_card","2026-06-11T13:04:13.065Z"
"naver-card-10207-tier-1-400000-main-cap","naver-card-10207","main_monthly_cap","naver-card-10207-tier-1-400000","15000","naver-card-10207-benefit-1 | naver-card-10207-benefit-2 | naver-card-10207-benefit-3 | naver-card-10207-benefit-4 | naver-card-10207-benefit-5 | naver-card-10207-benefit-6 | naver-card-10207-benefit-7 | naver-card-10207-benefit-8","false","fallback_from_existing_normalized_card","2026-06-11T13:04:13.065Z"
"naver-card-10507-tier-1-300000-main-cap","naver-card-10507","main_monthly_cap","naver-card-10507-tier-1-300000","7000","naver-card-10507-benefit-1 | naver-card-10507-benefit-2 | naver-card-10507-benefit-3 | naver-card-10507-benefit-4 | naver-card-10507-benefit-5 | naver-card-10507-benefit-6 | naver-card-10507-benefit-7 | naver-card-10507-benefit-8 | naver-card-10507-benefit-9 | naver-card-10507-benefit-10 | naver-card-10507-benefit-11 | naver-card-10507-benefit-12 | naver-card-10507-benefit-13","false","fallback_from_existing_normalized_card","2026-06-11T13:04:13.065Z"
"naver-card-10500-tier-1-300000-main-cap","naver-card-10500","main_monthly_cap","naver-card-10500-tier-1-300000","10000","naver-card-10500-benefit-1 | naver-card-10500-benefit-2 | naver-card-10500-benefit-3 | naver-card-10500-benefit-4 | naver-card-10500-benefit-5 | naver-card-10500-benefit-6 | naver-card-10500-benefit-7 | naver-card-10500-benefit-8 | naver-card-10500-benefit-9 | naver-card-10500-benefit-10 | naver-card-10500-benefit-11 | naver-card-10500-benefit-12 | naver-card-10500-benefit-13 | naver-card-10500-benefit-14 | naver-card-10500-benefit-15","false","fallback_from_existing_normalized_card","2026-06-11T13:04:13.065Z"
"naver-card-10513-tier-1-400000-main-cap","naver-card-10513","main_monthly_cap","naver-card-10513-tier-1-400000","10000","naver-card-10513-benefit-1 | naver-card-10513-benefit-2 | naver-card-10513-benefit-3 | naver-card-10513-benefit-4 | naver-card-10513-benefit-5 | naver-card-10513-benefit-6 | naver-card-10513-benefit-7 | naver-card-10513-benefit-8 | naver-card-10513-benefit-9 | naver-card-10513-benefit-10 | naver-card-10513-benefit-11 | naver-card-10513-benefit-12 | naver-card-10513-benefit-13 | naver-card-10513-benefit-14 | naver-card-10513-benefit-15 | naver-card-10513-benefit-16 | naver-card-10513-benefit-17 | naver-card-10513-benefit-18 | naver-card-10513-benefit-19 | naver-card-10513-benefit-20 | naver-card-10513-benefit-21 | naver-card-10513-benefit-22 | naver-card-10513-benefit-23 | naver-card-10513-benefit-24 | naver-card-10513-benefit-25 | naver-card-10513-benefit-26","false","fallback_from_existing_normalized_card","2026-06-11T13:04:13.065Z"
"naver-card-10617-tier-1-0-main-cap","naver-card-10617","main_monthly_cap","naver-card-10617-tier-1-0","300000","naver-card-10617-benefit-1 | naver-card-10617-benefit-2 | naver-card-10617-benefit-3 | naver-card-10617-benefit-4 | naver-card-10617-benefit-5 | naver-card-10617-benefit-6 | naver-card-10617-benefit-7 | naver-card-10617-benefit-8 | naver-card-10617-benefit-9 | naver-card-10617-benefit-10 | naver-card-10617-benefit-11 | naver-card-10617-benefit-12 | naver-card-10617-benefit-13 | naver-card-10617-benefit-14 | naver-card-10617-benefit-15 | naver-card-10617-benefit-16 | naver-card-10617-benefit-17 | naver-card-10617-benefit-18 | naver-card-10617-benefit-19 | naver-card-10617-benefit-20 | naver-card-10617-benefit-21 | naver-card-10617-benefit-22 | naver-card-10617-benefit-23 | naver-card-10617-benefit-24 | naver-card-10617-benefit-25 | naver-card-10617-benefit-26 | naver-card-10617-benefit-27 | naver-card-10617-benefit-28 | naver-card-10617-benefit-29 | naver-card-10617-benefit-30 | naver-card-10617-benefit-31 | naver-card-10617-benefit-32 | naver-card-10617-benefit-33 | naver-card-10617-benefit-34 | naver-card-10617-benefit-35 | naver-card-10617-benefit-36 | naver-card-10617-benefit-37 | naver-card-10617-benefit-38 | naver-card-10617-benefit-39","false","fallback_from_existing_normalized_card","2026-06-11T13:04:13.065Z"
"naver-card-10506-tier-1-300000-main-cap","naver-card-10506","main_monthly_cap","naver-card-10506-tier-1-300000","10000","naver-card-10506-benefit-1 | naver-card-10506-benefit-2 | naver-card-10506-benefit-3 | naver-card-10506-benefit-4 | naver-card-10506-benefit-5 | naver-card-10506-benefit-6 | naver-card-10506-benefit-7 | naver-card-10506-benefit-8 | naver-card-10506-benefit-9 | naver-card-10506-benefit-10","false","fallback_from_existing_normalized_card","2026-06-11T13:04:13.065Z"
"naver-card-10535-tier-1-1500000-main-cap","naver-card-10535","main_monthly_cap","naver-card-10535-tier-1-1500000","300000","naver-card-10535-benefit-1 | naver-card-10535-benefit-2 | naver-card-10535-benefit-3 | naver-card-10535-benefit-4 | naver-card-10535-benefit-5 | naver-card-10535-benefit-6 | naver-card-10535-benefit-7 | naver-card-10535-benefit-8 | naver-card-10535-benefit-9 | naver-card-10535-benefit-10","false","fallback_from_existing_normalized_card","2026-06-11T13:04:13.065Z"
"naver-card-10128-tier-1-300000-main-cap","naver-card-10128","main_monthly_cap","naver-card-10128-tier-1-300000","300000","naver-card-10128-benefit-1 | naver-card-10128-benefit-2 | naver-card-10128-benefit-3 | naver-card-10128-benefit-4 | naver-card-10128-benefit-5 | naver-card-10128-benefit-6 | naver-card-10128-benefit-7 | naver-card-10128-benefit-8 | naver-card-10128-benefit-9 | naver-card-10128-benefit-10 | naver-card-10128-benefit-11 | naver-card-10128-benefit-12 | naver-card-10128-benefit-13 | naver-card-10128-benefit-14 | naver-card-10128-benefit-15 | naver-card-10128-benefit-16 | naver-card-10128-benefit-17 | naver-card-10128-benefit-18 | naver-card-10128-benefit-19 | naver-card-10128-benefit-20 | naver-card-10128-benefit-21 | naver-card-10128-benefit-22 | naver-card-10128-benefit-23 | naver-card-10128-benefit-24 | naver-card-10128-benefit-25 | naver-card-10128-benefit-26 | naver-card-10128-benefit-27 | naver-card-10128-benefit-28 | naver-card-10128-benefit-29 | naver-card-10128-benefit-30 | naver-card-10128-benefit-31","false","fallback_from_existing_normalized_card","2026-06-11T13:04:13.065Z"
"naver-card-10491-tier-1-0-main-cap","naver-card-10491","main_monthly_cap","naver-card-10491-tier-1-0","30000","naver-card-10491-benefit-1 | naver-card-10491-benefit-2 | naver-card-10491-benefit-3 | naver-card-10491-benefit-4 | naver-card-10491-benefit-5 | naver-card-10491-benefit-6 | naver-card-10491-benefit-7 | naver-card-10491-benefit-8 | naver-card-10491-benefit-9 | naver-card-10491-benefit-10 | naver-card-10491-benefit-11 | naver-card-10491-benefit-12 | naver-card-10491-benefit-13 | naver-card-10491-benefit-14 | naver-card-10491-benefit-15 | naver-card-10491-benefit-16 | naver-card-10491-benefit-17 | naver-card-10491-benefit-18 | naver-card-10491-benefit-19 | naver-card-10491-benefit-20 | naver-card-10491-benefit-21 | naver-card-10491-benefit-22 | naver-card-10491-benefit-23 | naver-card-10491-benefit-24 | naver-card-10491-benefit-25 | naver-card-10491-benefit-26 | naver-card-10491-benefit-27 | naver-card-10491-benefit-28 | naver-card-10491-benefit-29 | naver-card-10491-benefit-30 | naver-card-10491-benefit-31 | naver-card-10491-benefit-32 | naver-card-10491-benefit-33 | naver-card-10491-benefit-34 | naver-card-10491-benefit-35 | naver-card-10491-benefit-36 | naver-card-10491-benefit-37","false","fallback_from_existing_normalized_card","2026-06-11T13:04:13.065Z"
"naver-card-10576-tier-1-0-main-cap","naver-card-10576","main_monthly_cap","naver-card-10576-tier-1-0","200000","naver-card-10576-benefit-1 | naver-card-10576-benefit-2 | naver-card-10576-benefit-3 | naver-card-10576-benefit-4 | naver-card-10576-benefit-5 | naver-card-10576-benefit-6 | naver-card-10576-benefit-7 | naver-card-10576-benefit-8 | naver-card-10576-benefit-9 | naver-card-10576-benefit-10 | naver-card-10576-benefit-11 | naver-card-10576-benefit-12 | naver-card-10576-benefit-13 | naver-card-10576-benefit-14 | naver-card-10576-benefit-15 | naver-card-10576-benefit-16 | naver-card-10576-benefit-17 | naver-card-10576-benefit-18 | naver-card-10576-benefit-19 | naver-card-10576-benefit-20 | naver-card-10576-benefit-21 | naver-card-10576-benefit-22 | naver-card-10576-benefit-23 | naver-card-10576-benefit-24 | naver-card-10576-benefit-25 | naver-card-10576-benefit-26 | naver-card-10576-benefit-27 | naver-card-10576-benefit-28 | naver-card-10576-benefit-29 | naver-card-10576-benefit-30 | naver-card-10576-benefit-31","false","fallback_from_existing_normalized_card","2026-06-11T13:04:13.065Z"
"naver-card-10369-tier-1-0-main-cap","naver-card-10369","main_monthly_cap","naver-card-10369-tier-1-0","30000","naver-card-10369-benefit-1 | naver-card-10369-benefit-2 | naver-card-10369-benefit-3 | naver-card-10369-benefit-4 | naver-card-10369-benefit-5 | naver-card-10369-benefit-6 | naver-card-10369-benefit-7 | naver-card-10369-benefit-8 | naver-card-10369-benefit-9 | naver-card-10369-benefit-10 | naver-card-10369-benefit-11 | naver-card-10369-benefit-12 | naver-card-10369-benefit-13 | naver-card-10369-benefit-14 | naver-card-10369-benefit-15 | naver-card-10369-benefit-16 | naver-card-10369-benefit-17 | naver-card-10369-benefit-18 | naver-card-10369-benefit-19 | naver-card-10369-benefit-20 | naver-card-10369-benefit-21 | naver-card-10369-benefit-22 | naver-card-10369-benefit-23 | naver-card-10369-benefit-24 | naver-card-10369-benefit-25 | naver-card-10369-benefit-26","false","fallback_from_existing_normalized_card","2026-06-11T13:04:13.065Z"
"naver-card-1400-tier-1-300000-main-cap","naver-card-1400","main_monthly_cap","naver-card-1400-tier-1-300000","300000","naver-card-1400-benefit-1 | naver-card-1400-benefit-2 | naver-card-1400-benefit-3 | naver-card-1400-benefit-4 | naver-card-1400-benefit-5 | naver-card-1400-benefit-6 | naver-card-1400-benefit-7 | naver-card-1400-benefit-8 | naver-card-1400-benefit-9 | naver-card-1400-benefit-10 | naver-card-1400-benefit-11 | naver-card-1400-benefit-12 | naver-card-1400-benefit-13 | naver-card-1400-benefit-14 | naver-card-1400-benefit-15 | naver-card-1400-benefit-16 | naver-card-1400-benefit-17 | naver-card-1400-benefit-18 | naver-card-1400-benefit-19 | naver-card-1400-benefit-20 | naver-card-1400-benefit-21 | naver-card-1400-benefit-22 | naver-card-1400-benefit-23 | naver-card-1400-benefit-24 | naver-card-1400-benefit-25 | naver-card-1400-benefit-26 | naver-card-1400-benefit-27 | naver-card-1400-benefit-28 | naver-card-1400-benefit-29 | naver-card-1400-benefit-30 | naver-card-1400-benefit-31 | naver-card-1400-benefit-32","false","fallback_from_existing_normalized_card","2026-06-11T13:04:13.065Z"
"naver-card-10219-tier-1-500000-main-cap","naver-card-10219","main_monthly_cap","naver-card-10219-tier-1-500000","100000","naver-card-10219-benefit-1 | naver-card-10219-benefit-2 | naver-card-10219-benefit-3 | naver-card-10219-benefit-4 | naver-card-10219-benefit-5 | naver-card-10219-benefit-6 | naver-card-10219-benefit-7 | naver-card-10219-benefit-8 | naver-card-10219-benefit-9 | naver-card-10219-benefit-10 | naver-card-10219-benefit-11 | naver-card-10219-benefit-12 | naver-card-10219-benefit-13 | naver-card-10219-benefit-14 | naver-card-10219-benefit-15 | naver-card-10219-benefit-16 | naver-card-10219-benefit-17 | naver-card-10219-benefit-18 | naver-card-10219-benefit-19 | naver-card-10219-benefit-20 | naver-card-10219-benefit-21 | naver-card-10219-benefit-22 | naver-card-10219-benefit-23 | naver-card-10219-benefit-24 | naver-card-10219-benefit-25 | naver-card-10219-benefit-26 | naver-card-10219-benefit-27 | naver-card-10219-benefit-28 | naver-card-10219-benefit-29 | naver-card-10219-benefit-30 | naver-card-10219-benefit-31 | naver-card-10219-benefit-32 | naver-card-10219-benefit-33 | naver-card-10219-benefit-34 | naver-card-10219-benefit-35 | naver-card-10219-benefit-36","false","fallback_from_existing_normalized_card","2026-06-11T13:04:13.065Z"
"naver-card-1614-tier-1-300000-main-cap","naver-card-1614","main_monthly_cap","naver-card-1614-tier-1-300000","5000","naver-card-1614-benefit-1 | naver-card-1614-benefit-2 | naver-card-1614-benefit-3 | naver-card-1614-benefit-4 | naver-card-1614-benefit-5 | naver-card-1614-benefit-6 | naver-card-1614-benefit-7 | naver-card-1614-benefit-8 | naver-card-1614-benefit-9 | naver-card-1614-benefit-10 | naver-card-1614-benefit-11 | naver-card-1614-benefit-12 | naver-card-1614-benefit-13 | naver-card-1614-benefit-14 | naver-card-1614-benefit-15 | naver-card-1614-benefit-16 | naver-card-1614-benefit-17 | naver-card-1614-benefit-18 | naver-card-1614-benefit-19 | naver-card-1614-benefit-20 | naver-card-1614-benefit-21","false","30만원 이상~80만원 미만 : 커피전문점 3,000원 / 대중교통,편의점,잡화,배달앱 2,000원 총 할인한도 5,000원","2026-06-11T13:04:13.065Z"
"naver-card-10573-tier-1-400000-main-cap","naver-card-10573","main_monthly_cap","naver-card-10573-tier-1-400000","100000","naver-card-10573-benefit-1 | naver-card-10573-benefit-2 | naver-card-10573-benefit-3 | naver-card-10573-benefit-4 | naver-card-10573-benefit-5 | naver-card-10573-benefit-6 | naver-card-10573-benefit-7 | naver-card-10573-benefit-8 | naver-card-10573-benefit-9 | naver-card-10573-benefit-10 | naver-card-10573-benefit-11","false","fallback_from_existing_normalized_card","2026-06-11T13:04:13.065Z"
"naver-card-10441-tier-1-300000-main-cap","naver-card-10441","main_monthly_cap","naver-card-10441-tier-1-300000","17000","naver-card-10441-benefit-1 | naver-card-10441-benefit-2 | naver-card-10441-benefit-3 | naver-card-10441-benefit-4 | naver-card-10441-benefit-5 | naver-card-10441-benefit-6 | naver-card-10441-benefit-7 | naver-card-10441-benefit-8","false","fallback_from_existing_normalized_card","2026-06-11T13:04:13.065Z"
"naver-card-10350-tier-1-400000-main-cap","naver-card-10350","main_monthly_cap","naver-card-10350-tier-1-400000","10000","naver-card-10350-benefit-1 | naver-card-10350-benefit-2 | naver-card-10350-benefit-3 | naver-card-10350-benefit-4 | naver-card-10350-benefit-5 | naver-card-10350-benefit-6 | naver-card-10350-benefit-7 | naver-card-10350-benefit-8 | naver-card-10350-benefit-9 | naver-card-10350-benefit-10 | naver-card-10350-benefit-11 | naver-card-10350-benefit-12 | naver-card-10350-benefit-13 | naver-card-10350-benefit-14 | naver-card-10350-benefit-15 | naver-card-10350-benefit-16 | naver-card-10350-benefit-17","false","fallback_from_existing_normalized_card","2026-06-11T13:04:13.065Z"
"naver-card-10528-tier-1-100000-main-cap","naver-card-10528","main_monthly_cap","naver-card-10528-tier-1-100000","100000","naver-card-10528-benefit-1 | naver-card-10528-benefit-2 | naver-card-10528-benefit-3 | naver-card-10528-benefit-4 | naver-card-10528-benefit-5 | naver-card-10528-benefit-6 | naver-card-10528-benefit-7 | naver-card-10528-benefit-8 | naver-card-10528-benefit-9 | naver-card-10528-benefit-10 | naver-card-10528-benefit-11 | naver-card-10528-benefit-12 | naver-card-10528-benefit-13 | naver-card-10528-benefit-14 | naver-card-10528-benefit-15 | naver-card-10528-benefit-16 | naver-card-10528-benefit-17 | naver-card-10528-benefit-18 | naver-card-10528-benefit-19 | naver-card-10528-benefit-20 | naver-card-10528-benefit-21 | naver-card-10528-benefit-22 | naver-card-10528-benefit-23 | naver-card-10528-benefit-24 | naver-card-10528-benefit-25 | naver-card-10528-benefit-26 | naver-card-10528-benefit-27 | naver-card-10528-benefit-28 | naver-card-10528-benefit-29 | naver-card-10528-benefit-30 | naver-card-10528-benefit-31 | naver-card-10528-benefit-32 | naver-card-10528-benefit-33 | naver-card-10528-benefit-34 | naver-card-10528-benefit-35 | naver-card-10528-benefit-36 | naver-card-10528-benefit-37 | naver-card-10528-benefit-38 | naver-card-10528-benefit-39 | naver-card-10528-benefit-40 | naver-card-10528-benefit-41 | naver-card-10528-benefit-42 | naver-card-10528-benefit-43 | naver-card-10528-benefit-44","false","fallback_from_existing_normalized_card","2026-06-11T13:04:13.065Z"
"naver-card-2487-tier-1-400000-main-cap","naver-card-2487","main_monthly_cap","naver-card-2487-tier-1-400000","15000","naver-card-2487-benefit-1 | naver-card-2487-benefit-2 | naver-card-2487-benefit-3 | naver-card-2487-benefit-4 | naver-card-2487-benefit-5 | naver-card-2487-benefit-6 | naver-card-2487-benefit-7 | naver-card-2487-benefit-8 | naver-card-2487-benefit-9 | naver-card-2487-benefit-10 | naver-card-2487-benefit-11 | naver-card-2487-benefit-12 | naver-card-2487-benefit-13 | naver-card-2487-benefit-14 | naver-card-2487-benefit-15 | naver-card-2487-benefit-16 | naver-card-2487-benefit-17 | naver-card-2487-benefit-18 | naver-card-2487-benefit-19 | naver-card-2487-benefit-20 | naver-card-2487-benefit-21 | naver-card-2487-benefit-22 | naver-card-2487-benefit-23","false","fallback_from_existing_normalized_card","2026-06-11T13:04:13.065Z"
"naver-card-10562-tier-1-300000-main-cap","naver-card-10562","main_monthly_cap","naver-card-10562-tier-1-300000","300000","naver-card-10562-benefit-1 | naver-card-10562-benefit-2 | naver-card-10562-benefit-3 | naver-card-10562-benefit-4 | naver-card-10562-benefit-5 | naver-card-10562-benefit-6 | naver-card-10562-benefit-7 | naver-card-10562-benefit-8 | naver-card-10562-benefit-9 | naver-card-10562-benefit-10 | naver-card-10562-benefit-11 | naver-card-10562-benefit-12 | naver-card-10562-benefit-13 | naver-card-10562-benefit-14 | naver-card-10562-benefit-15 | naver-card-10562-benefit-16 | naver-card-10562-benefit-17 | naver-card-10562-benefit-18 | naver-card-10562-benefit-19 | naver-card-10562-benefit-20 | naver-card-10562-benefit-21 | naver-card-10562-benefit-22 | naver-card-10562-benefit-23 | naver-card-10562-benefit-24 | naver-card-10562-benefit-25 | naver-card-10562-benefit-26 | naver-card-10562-benefit-27 | naver-card-10562-benefit-28 | naver-card-10562-benefit-29 | naver-card-10562-benefit-30 | naver-card-10562-benefit-31 | naver-card-10562-benefit-32 | naver-card-10562-benefit-33 | naver-card-10562-benefit-34 | naver-card-10562-benefit-35 | naver-card-10562-benefit-36 | naver-card-10562-benefit-37 | naver-card-10562-benefit-38","false","fallback_from_existing_normalized_card","2026-06-11T13:04:13.065Z"
"naver-card-10189-tier-1-500000-main-cap","naver-card-10189","main_monthly_cap","naver-card-10189-tier-1-500000","1000","naver-card-10189-benefit-1 | naver-card-10189-benefit-2 | naver-card-10189-benefit-3 | naver-card-10189-benefit-4 | naver-card-10189-benefit-5 | naver-card-10189-benefit-6 | naver-card-10189-benefit-7 | naver-card-10189-benefit-8 | naver-card-10189-benefit-9 | naver-card-10189-benefit-10 | naver-card-10189-benefit-11 | naver-card-10189-benefit-12 | naver-card-10189-benefit-13 | naver-card-10189-benefit-14 | naver-card-10189-benefit-15 | naver-card-10189-benefit-16 | naver-card-10189-benefit-17 | naver-card-10189-benefit-18 | naver-card-10189-benefit-19 | naver-card-10189-benefit-20 | naver-card-10189-benefit-21","false","fallback_from_existing_normalized_card","2026-06-11T13:04:13.065Z"
"naver-card-10362-tier-1-500000-main-cap","naver-card-10362","main_monthly_cap","naver-card-10362-tier-1-500000","1000","naver-card-10362-benefit-1 | naver-card-10362-benefit-2 | naver-card-10362-benefit-3 | naver-card-10362-benefit-4 | naver-card-10362-benefit-5 | naver-card-10362-benefit-6 | naver-card-10362-benefit-7 | naver-card-10362-benefit-8 | naver-card-10362-benefit-9 | naver-card-10362-benefit-10 | naver-card-10362-benefit-11 | naver-card-10362-benefit-12 | naver-card-10362-benefit-13 | naver-card-10362-benefit-14 | naver-card-10362-benefit-15 | naver-card-10362-benefit-16 | naver-card-10362-benefit-17 | naver-card-10362-benefit-18 | naver-card-10362-benefit-19 | naver-card-10362-benefit-20 | naver-card-10362-benefit-21 | naver-card-10362-benefit-22 | naver-card-10362-benefit-23 | naver-card-10362-benefit-24 | naver-card-10362-benefit-25 | naver-card-10362-benefit-26 | naver-card-10362-benefit-27 | naver-card-10362-benefit-28 | naver-card-10362-benefit-29 | naver-card-10362-benefit-30 | naver-card-10362-benefit-31 | naver-card-10362-benefit-32 | naver-card-10362-benefit-33 | naver-card-10362-benefit-34 | naver-card-10362-benefit-35 | naver-card-10362-benefit-36 | naver-card-10362-benefit-37 | naver-card-10362-benefit-38 | naver-card-10362-benefit-39 | naver-card-10362-benefit-40 | naver-card-10362-benefit-41 | naver-card-10362-benefit-42 | naver-card-10362-benefit-43 | naver-card-10362-benefit-44 | naver-card-10362-benefit-45 | naver-card-10362-benefit-46 | naver-card-10362-benefit-47 | naver-card-10362-benefit-48 | naver-card-10362-benefit-49 | naver-card-10362-benefit-50 | naver-card-10362-benefit-51 | naver-card-10362-benefit-52 | naver-card-10362-benefit-53 | naver-card-10362-benefit-54 | naver-card-10362-benefit-55 | naver-card-10362-benefit-56 | naver-card-10362-benefit-57 | naver-card-10362-benefit-58 | naver-card-10362-benefit-59 | naver-card-10362-benefit-60 | naver-card-10362-benefit-61 | naver-card-10362-benefit-62 | naver-card-10362-benefit-63 | naver-card-10362-benefit-64 | naver-card-10362-benefit-65 | naver-card-10362-benefit-66 | naver-card-10362-benefit-67 | naver-card-10362-benefit-68 | naver-card-10362-benefit-69","false","fallback_from_existing_normalized_card","2026-06-11T13:04:13.065Z"
"naver-card-10608-tier-1-300000-main-cap","naver-card-10608","main_monthly_cap","naver-card-10608-tier-1-300000","300000","naver-card-10608-benefit-1 | naver-card-10608-benefit-2 | naver-card-10608-benefit-3 | naver-card-10608-benefit-4 | naver-card-10608-benefit-5 | naver-card-10608-benefit-6 | naver-card-10608-benefit-7 | naver-card-10608-benefit-8 | naver-card-10608-benefit-9 | naver-card-10608-benefit-10 | naver-card-10608-benefit-11 | naver-card-10608-benefit-12 | naver-card-10608-benefit-13 | naver-card-10608-benefit-14 | naver-card-10608-benefit-15 | naver-card-10608-benefit-16 | naver-card-10608-benefit-17 | naver-card-10608-benefit-18 | naver-card-10608-benefit-19 | naver-card-10608-benefit-20 | naver-card-10608-benefit-21 | naver-card-10608-benefit-22 | naver-card-10608-benefit-23 | naver-card-10608-benefit-24 | naver-card-10608-benefit-25 | naver-card-10608-benefit-26 | naver-card-10608-benefit-27 | naver-card-10608-benefit-28 | naver-card-10608-benefit-29 | naver-card-10608-benefit-30 | naver-card-10608-benefit-31 | naver-card-10608-benefit-32","false","fallback_from_existing_normalized_card","2026-06-11T13:04:13.065Z"
"naver-card-1243-tier-1-400000-main-cap","naver-card-1243","main_monthly_cap","naver-card-1243-tier-1-400000","14000","naver-card-1243-benefit-1 | naver-card-1243-benefit-2 | naver-card-1243-benefit-3 | naver-card-1243-benefit-4 | naver-card-1243-benefit-5 | naver-card-1243-benefit-6 | naver-card-1243-benefit-7 | naver-card-1243-benefit-8 | naver-card-1243-benefit-9 | naver-card-1243-benefit-10 | naver-card-1243-benefit-11 | naver-card-1243-benefit-12 | naver-card-1243-benefit-13 | naver-card-1243-benefit-14 | naver-card-1243-benefit-15 | naver-card-1243-benefit-16 | naver-card-1243-benefit-17 | naver-card-1243-benefit-18 | naver-card-1243-benefit-19 | naver-card-1243-benefit-20 | naver-card-1243-benefit-21 | naver-card-1243-benefit-22 | naver-card-1243-benefit-23 | naver-card-1243-benefit-24 | naver-card-1243-benefit-25","false","fallback_from_existing_normalized_card","2026-06-11T13:04:13.065Z"
"naver-card-10361-tier-1-500000-main-cap","naver-card-10361","main_monthly_cap","naver-card-10361-tier-1-500000","1000","naver-card-10361-benefit-1 | naver-card-10361-benefit-2 | naver-card-10361-benefit-3 | naver-card-10361-benefit-4 | naver-card-10361-benefit-5 | naver-card-10361-benefit-6 | naver-card-10361-benefit-7 | naver-card-10361-benefit-8 | naver-card-10361-benefit-9 | naver-card-10361-benefit-10 | naver-card-10361-benefit-11 | naver-card-10361-benefit-12 | naver-card-10361-benefit-13 | naver-card-10361-benefit-14 | naver-card-10361-benefit-15 | naver-card-10361-benefit-16 | naver-card-10361-benefit-17 | naver-card-10361-benefit-18 | naver-card-10361-benefit-19 | naver-card-10361-benefit-20 | naver-card-10361-benefit-21 | naver-card-10361-benefit-22 | naver-card-10361-benefit-23 | naver-card-10361-benefit-24 | naver-card-10361-benefit-25 | naver-card-10361-benefit-26 | naver-card-10361-benefit-27 | naver-card-10361-benefit-28 | naver-card-10361-benefit-29 | naver-card-10361-benefit-30 | naver-card-10361-benefit-31 | naver-card-10361-benefit-32 | naver-card-10361-benefit-33 | naver-card-10361-benefit-34 | naver-card-10361-benefit-35 | naver-card-10361-benefit-36 | naver-card-10361-benefit-37 | naver-card-10361-benefit-38 | naver-card-10361-benefit-39 | naver-card-10361-benefit-40 | naver-card-10361-benefit-41 | naver-card-10361-benefit-42 | naver-card-10361-benefit-43 | naver-card-10361-benefit-44 | naver-card-10361-benefit-45 | naver-card-10361-benefit-46 | naver-card-10361-benefit-47 | naver-card-10361-benefit-48 | naver-card-10361-benefit-49 | naver-card-10361-benefit-50 | naver-card-10361-benefit-51 | naver-card-10361-benefit-52 | naver-card-10361-benefit-53 | naver-card-10361-benefit-54 | naver-card-10361-benefit-55 | naver-card-10361-benefit-56 | naver-card-10361-benefit-57 | naver-card-10361-benefit-58 | naver-card-10361-benefit-59 | naver-card-10361-benefit-60 | naver-card-10361-benefit-61 | naver-card-10361-benefit-62 | naver-card-10361-benefit-63 | naver-card-10361-benefit-64 | naver-card-10361-benefit-65 | naver-card-10361-benefit-66 | naver-card-10361-benefit-67 | naver-card-10361-benefit-68 | naver-card-10361-benefit-69 | naver-card-10361-benefit-70 | naver-card-10361-benefit-71 | naver-card-10361-benefit-72 | naver-card-10361-benefit-73 | naver-card-10361-benefit-74 | naver-card-10361-benefit-75 | naver-card-10361-benefit-76 | naver-card-10361-benefit-77 | naver-card-10361-benefit-78 | naver-card-10361-benefit-79 | naver-card-10361-benefit-80 | naver-card-10361-benefit-81 | naver-card-10361-benefit-82 | naver-card-10361-benefit-83","false","fallback_from_existing_normalized_card","2026-06-11T13:04:13.065Z"
"naver-card-10363-tier-1-500000-main-cap","naver-card-10363","main_monthly_cap","naver-card-10363-tier-1-500000","1000","naver-card-10363-benefit-1 | naver-card-10363-benefit-2 | naver-card-10363-benefit-3 | naver-card-10363-benefit-4 | naver-card-10363-benefit-5 | naver-card-10363-benefit-6 | naver-card-10363-benefit-7 | naver-card-10363-benefit-8 | naver-card-10363-benefit-9 | naver-card-10363-benefit-10 | naver-card-10363-benefit-11 | naver-card-10363-benefit-12 | naver-card-10363-benefit-13 | naver-card-10363-benefit-14 | naver-card-10363-benefit-15 | naver-card-10363-benefit-16 | naver-card-10363-benefit-17 | naver-card-10363-benefit-18 | naver-card-10363-benefit-19 | naver-card-10363-benefit-20 | naver-card-10363-benefit-21 | naver-card-10363-benefit-22 | naver-card-10363-benefit-23 | naver-card-10363-benefit-24 | naver-card-10363-benefit-25 | naver-card-10363-benefit-26 | naver-card-10363-benefit-27 | naver-card-10363-benefit-28 | naver-card-10363-benefit-29 | naver-card-10363-benefit-30 | naver-card-10363-benefit-31 | naver-card-10363-benefit-32 | naver-card-10363-benefit-33 | naver-card-10363-benefit-34 | naver-card-10363-benefit-35 | naver-card-10363-benefit-36 | naver-card-10363-benefit-37 | naver-card-10363-benefit-38 | naver-card-10363-benefit-39 | naver-card-10363-benefit-40 | naver-card-10363-benefit-41 | naver-card-10363-benefit-42 | naver-card-10363-benefit-43 | naver-card-10363-benefit-44 | naver-card-10363-benefit-45 | naver-card-10363-benefit-46 | naver-card-10363-benefit-47 | naver-card-10363-benefit-48 | naver-card-10363-benefit-49 | naver-card-10363-benefit-50 | naver-card-10363-benefit-51 | naver-card-10363-benefit-52 | naver-card-10363-benefit-53 | naver-card-10363-benefit-54 | naver-card-10363-benefit-55 | naver-card-10363-benefit-56 | naver-card-10363-benefit-57 | naver-card-10363-benefit-58 | naver-card-10363-benefit-59 | naver-card-10363-benefit-60","false","fallback_from_existing_normalized_card","2026-06-11T13:04:13.065Z"
"naver-card-10186-tier-1-400000-main-cap","naver-card-10186","main_monthly_cap","naver-card-10186-tier-1-400000","7000","naver-card-10186-benefit-1 | naver-card-10186-benefit-2 | naver-card-10186-benefit-3 | naver-card-10186-benefit-4 | naver-card-10186-benefit-5 | naver-card-10186-benefit-6 | naver-card-10186-benefit-7 | naver-card-10186-benefit-8 | naver-card-10186-benefit-9 | naver-card-10186-benefit-10 | naver-card-10186-benefit-11 | naver-card-10186-benefit-12 | naver-card-10186-benefit-13 | naver-card-10186-benefit-14 | naver-card-10186-benefit-15 | naver-card-10186-benefit-16 | naver-card-10186-benefit-17 | naver-card-10186-benefit-18 | naver-card-10186-benefit-19","false","fallback_from_existing_normalized_card","2026-06-11T13:04:13.065Z"
"naver-card-10297-tier-1-300000-main-cap","naver-card-10297","main_monthly_cap","naver-card-10297-tier-1-300000","5000","naver-card-10297-benefit-1 | naver-card-10297-benefit-2 | naver-card-10297-benefit-3 | naver-card-10297-benefit-4 | naver-card-10297-benefit-5 | naver-card-10297-benefit-6 | naver-card-10297-benefit-7 | naver-card-10297-benefit-8 | naver-card-10297-benefit-9 | naver-card-10297-benefit-10 | naver-card-10297-benefit-11 | naver-card-10297-benefit-12 | naver-card-10297-benefit-13 | naver-card-10297-benefit-14 | naver-card-10297-benefit-15 | naver-card-10297-benefit-16 | naver-card-10297-benefit-17 | naver-card-10297-benefit-18 | naver-card-10297-benefit-19 | naver-card-10297-benefit-20 | naver-card-10297-benefit-21 | naver-card-10297-benefit-22 | naver-card-10297-benefit-23 | naver-card-10297-benefit-24 | naver-card-10297-benefit-25 | naver-card-10297-benefit-26","false","fallback_from_existing_normalized_card","2026-06-11T13:04:13.065Z"
"naver-card-2349-tier-1-500000-main-cap","naver-card-2349","main_monthly_cap","naver-card-2349-tier-1-500000","1000","naver-card-2349-benefit-1 | naver-card-2349-benefit-2 | naver-card-2349-benefit-3 | naver-card-2349-benefit-4 | naver-card-2349-benefit-5 | naver-card-2349-benefit-6 | naver-card-2349-benefit-7 | naver-card-2349-benefit-8 | naver-card-2349-benefit-9 | naver-card-2349-benefit-10 | naver-card-2349-benefit-11 | naver-card-2349-benefit-12 | naver-card-2349-benefit-13 | naver-card-2349-benefit-14 | naver-card-2349-benefit-15 | naver-card-2349-benefit-16 | naver-card-2349-benefit-17 | naver-card-2349-benefit-18 | naver-card-2349-benefit-19 | naver-card-2349-benefit-20 | naver-card-2349-benefit-21 | naver-card-2349-benefit-22 | naver-card-2349-benefit-23 | naver-card-2349-benefit-24 | naver-card-2349-benefit-25 | naver-card-2349-benefit-26 | naver-card-2349-benefit-27","false","fallback_from_existing_normalized_card","2026-06-11T13:04:13.065Z"
"naver-card-652-tier-1-0-main-cap","naver-card-652","main_monthly_cap","naver-card-652-tier-1-0","30000","naver-card-652-benefit-1 | naver-card-652-benefit-2 | naver-card-652-benefit-3 | naver-card-652-benefit-4 | naver-card-652-benefit-5 | naver-card-652-benefit-6 | naver-card-652-benefit-7 | naver-card-652-benefit-8 | naver-card-652-benefit-9 | naver-card-652-benefit-10 | naver-card-652-benefit-11 | naver-card-652-benefit-12 | naver-card-652-benefit-13 | naver-card-652-benefit-14 | naver-card-652-benefit-15 | naver-card-652-benefit-16 | naver-card-652-benefit-17 | naver-card-652-benefit-18 | naver-card-652-benefit-19 | naver-card-652-benefit-20 | naver-card-652-benefit-21 | naver-card-652-benefit-22 | naver-card-652-benefit-23 | naver-card-652-benefit-24 | naver-card-652-benefit-25 | naver-card-652-benefit-26 | naver-card-652-benefit-27 | naver-card-652-benefit-28 | naver-card-652-benefit-29 | naver-card-652-benefit-30 | naver-card-652-benefit-31 | naver-card-652-benefit-32 | naver-card-652-benefit-33 | naver-card-652-benefit-34 | naver-card-652-benefit-35 | naver-card-652-benefit-36 | naver-card-652-benefit-37 | naver-card-652-benefit-38 | naver-card-652-benefit-39","false","fallback_from_existing_normalized_card","2026-06-11T13:04:13.065Z"
"naver-card-10160-tier-1-400000-main-cap","naver-card-10160","main_monthly_cap","naver-card-10160-tier-1-400000","10000","naver-card-10160-benefit-1 | naver-card-10160-benefit-2 | naver-card-10160-benefit-3 | naver-card-10160-benefit-4 | naver-card-10160-benefit-5 | naver-card-10160-benefit-6 | naver-card-10160-benefit-7 | naver-card-10160-benefit-8 | naver-card-10160-benefit-9","false","전월실적 40만원 이상 80만원 미만: 1만원 할인","2026-06-11T13:04:13.065Z"
"naver-card-10160-tier-2-800000-main-cap","naver-card-10160","main_monthly_cap","naver-card-10160-tier-2-800000","15000","naver-card-10160-benefit-1 | naver-card-10160-benefit-2 | naver-card-10160-benefit-3 | naver-card-10160-benefit-4 | naver-card-10160-benefit-5 | naver-card-10160-benefit-6 | naver-card-10160-benefit-7 | naver-card-10160-benefit-8 | naver-card-10160-benefit-9","false","전월실적 80만원 이상 150만원 미만: 1만5천원 할인","2026-06-11T13:04:13.065Z"
"naver-card-10160-tier-3-1500000-main-cap","naver-card-10160","main_monthly_cap","naver-card-10160-tier-3-1500000","20000","naver-card-10160-benefit-1 | naver-card-10160-benefit-2 | naver-card-10160-benefit-3 | naver-card-10160-benefit-4 | naver-card-10160-benefit-5 | naver-card-10160-benefit-6 | naver-card-10160-benefit-7 | naver-card-10160-benefit-8 | naver-card-10160-benefit-9","false","전월실적 150만원 이상 : 2만원 할인","2026-06-11T13:04:13.065Z"
"naver-card-3996-tier-1-300000-main-cap","naver-card-3996","main_monthly_cap","naver-card-3996-tier-1-300000","5000","naver-card-3996-benefit-1 | naver-card-3996-benefit-2 | naver-card-3996-benefit-3 | naver-card-3996-benefit-4 | naver-card-3996-benefit-5 | naver-card-3996-benefit-6 | naver-card-3996-benefit-7 | naver-card-3996-benefit-8 | naver-card-3996-benefit-9 | naver-card-3996-benefit-10 | naver-card-3996-benefit-11 | naver-card-3996-benefit-12 | naver-card-3996-benefit-13 | naver-card-3996-benefit-14 | naver-card-3996-benefit-15 | naver-card-3996-benefit-16 | naver-card-3996-benefit-17 | naver-card-3996-benefit-18 | naver-card-3996-benefit-19 | naver-card-3996-benefit-20 | naver-card-3996-benefit-21 | naver-card-3996-benefit-22 | naver-card-3996-benefit-23 | naver-card-3996-benefit-24 | naver-card-3996-benefit-25 | naver-card-3996-benefit-26 | naver-card-3996-benefit-27 | naver-card-3996-benefit-28 | naver-card-3996-benefit-29 | naver-card-3996-benefit-30 | naver-card-3996-benefit-31 | naver-card-3996-benefit-32 | naver-card-3996-benefit-33","false","fallback_from_existing_normalized_card","2026-06-11T13:04:13.065Z"
"naver-card-10625-tier-1-500000-main-cap","naver-card-10625","main_monthly_cap","naver-card-10625-tier-1-500000","20000","naver-card-10625-benefit-1 | naver-card-10625-benefit-2 | naver-card-10625-benefit-3 | naver-card-10625-benefit-4 | naver-card-10625-benefit-5 | naver-card-10625-benefit-6 | naver-card-10625-benefit-7 | naver-card-10625-benefit-8 | naver-card-10625-benefit-9 | naver-card-10625-benefit-10","false","fallback_from_existing_normalized_card","2026-06-11T13:04:13.065Z"
"naver-card-10607-tier-1-300000-main-cap","naver-card-10607","main_monthly_cap","naver-card-10607-tier-1-300000","10000","naver-card-10607-benefit-1 | naver-card-10607-benefit-2 | naver-card-10607-benefit-3 | naver-card-10607-benefit-4 | naver-card-10607-benefit-5 | naver-card-10607-benefit-6","false","fallback_from_existing_normalized_card","2026-06-11T13:04:13.065Z"
"naver-card-10636-tier-1-300000-main-cap","naver-card-10636","main_monthly_cap","naver-card-10636-tier-1-300000","300000","naver-card-10636-benefit-1 | naver-card-10636-benefit-2 | naver-card-10636-benefit-3 | naver-card-10636-benefit-4 | naver-card-10636-benefit-5 | naver-card-10636-benefit-6 | naver-card-10636-benefit-7 | naver-card-10636-benefit-8 | naver-card-10636-benefit-9 | naver-card-10636-benefit-10 | naver-card-10636-benefit-11 | naver-card-10636-benefit-12 | naver-card-10636-benefit-13 | naver-card-10636-benefit-14 | naver-card-10636-benefit-15 | naver-card-10636-benefit-16 | naver-card-10636-benefit-17 | naver-card-10636-benefit-18 | naver-card-10636-benefit-19 | naver-card-10636-benefit-20 | naver-card-10636-benefit-21 | naver-card-10636-benefit-22 | naver-card-10636-benefit-23 | naver-card-10636-benefit-24 | naver-card-10636-benefit-25 | naver-card-10636-benefit-26 | naver-card-10636-benefit-27","false","fallback_from_existing_normalized_card","2026-06-11T13:04:13.065Z"
"naver-card-10637-tier-1-500000-main-cap","naver-card-10637","main_monthly_cap","naver-card-10637-tier-1-500000","33000","naver-card-10637-benefit-1 | naver-card-10637-benefit-2 | naver-card-10637-benefit-3 | naver-card-10637-benefit-4 | naver-card-10637-benefit-5 | naver-card-10637-benefit-6 | naver-card-10637-benefit-7 | naver-card-10637-benefit-8 | naver-card-10637-benefit-9 | naver-card-10637-benefit-10 | naver-card-10637-benefit-11 | naver-card-10637-benefit-12 | naver-card-10637-benefit-13 | naver-card-10637-benefit-14 | naver-card-10637-benefit-15 | naver-card-10637-benefit-16 | naver-card-10637-benefit-17 | naver-card-10637-benefit-18 | naver-card-10637-benefit-19 | naver-card-10637-benefit-20 | naver-card-10637-benefit-21 | naver-card-10637-benefit-22 | naver-card-10637-benefit-23 | naver-card-10637-benefit-24 | naver-card-10637-benefit-25 | naver-card-10637-benefit-26 | naver-card-10637-benefit-27 | naver-card-10637-benefit-28 | naver-card-10637-benefit-29","false","fallback_from_existing_normalized_card","2026-06-11T13:04:13.065Z"
"naver-card-3777-tier-1-400000-main-cap","naver-card-3777","main_monthly_cap","naver-card-3777-tier-1-400000","23000","naver-card-3777-benefit-1 | naver-card-3777-benefit-2 | naver-card-3777-benefit-3 | naver-card-3777-benefit-4 | naver-card-3777-benefit-5 | naver-card-3777-benefit-6 | naver-card-3777-benefit-7 | naver-card-3777-benefit-8 | naver-card-3777-benefit-9 | naver-card-3777-benefit-10 | naver-card-3777-benefit-11 | naver-card-3777-benefit-12 | naver-card-3777-benefit-13 | naver-card-3777-benefit-14 | naver-card-3777-benefit-15 | naver-card-3777-benefit-16 | naver-card-3777-benefit-17 | naver-card-3777-benefit-18 | naver-card-3777-benefit-19 | naver-card-3777-benefit-20 | naver-card-3777-benefit-21 | naver-card-3777-benefit-22 | naver-card-3777-benefit-23 | naver-card-3777-benefit-24 | naver-card-3777-benefit-25 | naver-card-3777-benefit-26 | naver-card-3777-benefit-27 | naver-card-3777-benefit-28 | naver-card-3777-benefit-29 | naver-card-3777-benefit-30 | naver-card-3777-benefit-31 | naver-card-3777-benefit-32","false","fallback_from_existing_normalized_card","2026-06-11T13:04:13.065Z"
"naver-card-3776-tier-1-400000-main-cap","naver-card-3776","main_monthly_cap","naver-card-3776-tier-1-400000","12000","naver-card-3776-benefit-1 | naver-card-3776-benefit-2 | naver-card-3776-benefit-3 | naver-card-3776-benefit-4 | naver-card-3776-benefit-5 | naver-card-3776-benefit-6 | naver-card-3776-benefit-7 | naver-card-3776-benefit-8 | naver-card-3776-benefit-9 | naver-card-3776-benefit-10 | naver-card-3776-benefit-11 | naver-card-3776-benefit-12 | naver-card-3776-benefit-13 | naver-card-3776-benefit-14 | naver-card-3776-benefit-15 | naver-card-3776-benefit-16 | naver-card-3776-benefit-17 | naver-card-3776-benefit-18 | naver-card-3776-benefit-19 | naver-card-3776-benefit-20 | naver-card-3776-benefit-21 | naver-card-3776-benefit-22 | naver-card-3776-benefit-23 | naver-card-3776-benefit-24 | naver-card-3776-benefit-25 | naver-card-3776-benefit-26 | naver-card-3776-benefit-27 | naver-card-3776-benefit-28 | naver-card-3776-benefit-29 | naver-card-3776-benefit-30 | naver-card-3776-benefit-31 | naver-card-3776-benefit-32 | naver-card-3776-benefit-33 | naver-card-3776-benefit-34 | naver-card-3776-benefit-35 | naver-card-3776-benefit-36 | naver-card-3776-benefit-37 | naver-card-3776-benefit-38 | naver-card-3776-benefit-39 | naver-card-3776-benefit-40 | naver-card-3776-benefit-41 | naver-card-3776-benefit-42","false","fallback_from_existing_normalized_card","2026-06-11T13:04:13.065Z"
"naver-card-10442-tier-1-300000-main-cap","naver-card-10442","main_monthly_cap","naver-card-10442-tier-1-300000","300000","naver-card-10442-benefit-1 | naver-card-10442-benefit-2 | naver-card-10442-benefit-3 | naver-card-10442-benefit-4 | naver-card-10442-benefit-5 | naver-card-10442-benefit-6 | naver-card-10442-benefit-7 | naver-card-10442-benefit-8 | naver-card-10442-benefit-9 | naver-card-10442-benefit-10 | naver-card-10442-benefit-11 | naver-card-10442-benefit-12 | naver-card-10442-benefit-13 | naver-card-10442-benefit-14 | naver-card-10442-benefit-15 | naver-card-10442-benefit-16 | naver-card-10442-benefit-17 | naver-card-10442-benefit-18 | naver-card-10442-benefit-19 | naver-card-10442-benefit-20","false","fallback_from_existing_normalized_card","2026-06-11T13:04:13.065Z"
"naver-card-2206-tier-1-300000-main-cap","naver-card-2206","main_monthly_cap","naver-card-2206-tier-1-300000","10000","naver-card-2206-benefit-1 | naver-card-2206-benefit-2 | naver-card-2206-benefit-3 | naver-card-2206-benefit-4 | naver-card-2206-benefit-5 | naver-card-2206-benefit-6 | naver-card-2206-benefit-7 | naver-card-2206-benefit-8 | naver-card-2206-benefit-9 | naver-card-2206-benefit-10 | naver-card-2206-benefit-11 | naver-card-2206-benefit-12 | naver-card-2206-benefit-13 | naver-card-2206-benefit-14 | naver-card-2206-benefit-15 | naver-card-2206-benefit-16 | naver-card-2206-benefit-17 | naver-card-2206-benefit-18 | naver-card-2206-benefit-19 | naver-card-2206-benefit-20 | naver-card-2206-benefit-21 | naver-card-2206-benefit-22 | naver-card-2206-benefit-23 | naver-card-2206-benefit-24 | naver-card-2206-benefit-25 | naver-card-2206-benefit-26 | naver-card-2206-benefit-27 | naver-card-2206-benefit-28 | naver-card-2206-benefit-29 | naver-card-2206-benefit-30 | naver-card-2206-benefit-31 | naver-card-2206-benefit-32 | naver-card-2206-benefit-33 | naver-card-2206-benefit-34 | naver-card-2206-benefit-35 | naver-card-2206-benefit-36 | naver-card-2206-benefit-37 | naver-card-2206-benefit-38 | naver-card-2206-benefit-39 | naver-card-2206-benefit-40 | naver-card-2206-benefit-41 | naver-card-2206-benefit-42 | naver-card-2206-benefit-43 | naver-card-2206-benefit-44 | naver-card-2206-benefit-45 | naver-card-2206-benefit-46 | naver-card-2206-benefit-47 | naver-card-2206-benefit-48 | naver-card-2206-benefit-49 | naver-card-2206-benefit-50 | naver-card-2206-benefit-51 | naver-card-2206-benefit-52 | naver-card-2206-benefit-53 | naver-card-2206-benefit-54 | naver-card-2206-benefit-55 | naver-card-2206-benefit-56 | naver-card-2206-benefit-57 | naver-card-2206-benefit-58 | naver-card-2206-benefit-59 | naver-card-2206-benefit-60 | naver-card-2206-benefit-61 | naver-card-2206-benefit-62 | naver-card-2206-benefit-63 | naver-card-2206-benefit-64 | naver-card-2206-benefit-65 | naver-card-2206-benefit-66 | naver-card-2206-benefit-67 | naver-card-2206-benefit-68 | naver-card-2206-benefit-69 | naver-card-2206-benefit-70 | naver-card-2206-benefit-71 | naver-card-2206-benefit-72 | naver-card-2206-benefit-73 | naver-card-2206-benefit-74 | naver-card-2206-benefit-75 | naver-card-2206-benefit-76 | naver-card-2206-benefit-77 | naver-card-2206-benefit-78 | naver-card-2206-benefit-79 | naver-card-2206-benefit-80 | naver-card-2206-benefit-81 | naver-card-2206-benefit-82 | naver-card-2206-benefit-83 | naver-card-2206-benefit-84 | naver-card-2206-benefit-85 | naver-card-2206-benefit-86 | naver-card-2206-benefit-87 | naver-card-2206-benefit-88 | naver-card-2206-benefit-89 | naver-card-2206-benefit-90 | naver-card-2206-benefit-91 | naver-card-2206-benefit-92 | naver-card-2206-benefit-93 | naver-card-2206-benefit-94 | naver-card-2206-benefit-95 | naver-card-2206-benefit-96 | naver-card-2206-benefit-97 | naver-card-2206-benefit-98 | naver-card-2206-benefit-99 | naver-card-2206-benefit-100 | naver-card-2206-benefit-101 | naver-card-2206-benefit-102 | naver-card-2206-benefit-103 | naver-card-2206-benefit-104 | naver-card-2206-benefit-105 | naver-card-2206-benefit-106 | naver-card-2206-benefit-107 | naver-card-2206-benefit-108 | naver-card-2206-benefit-109 | naver-card-2206-benefit-110 | naver-card-2206-benefit-111 | naver-card-2206-benefit-112 | naver-card-2206-benefit-113 | naver-card-2206-benefit-114 | naver-card-2206-benefit-115 | naver-card-2206-benefit-116 | naver-card-2206-benefit-117 | naver-card-2206-benefit-118 | naver-card-2206-benefit-119 | naver-card-2206-benefit-120 | naver-card-2206-benefit-121","false","30만원이상~50만원미만: 6천원(On-Line)/4천원(Off-Line), 총 할인한도 1만원","2026-06-11T13:04:13.065Z"
"naver-card-2206-tier-2-500000-main-cap","naver-card-2206","main_monthly_cap","naver-card-2206-tier-2-500000","15000","naver-card-2206-benefit-1 | naver-card-2206-benefit-2 | naver-card-2206-benefit-3 | naver-card-2206-benefit-4 | naver-card-2206-benefit-5 | naver-card-2206-benefit-6 | naver-card-2206-benefit-7 | naver-card-2206-benefit-8 | naver-card-2206-benefit-9 | naver-card-2206-benefit-10 | naver-card-2206-benefit-11 | naver-card-2206-benefit-12 | naver-card-2206-benefit-13 | naver-card-2206-benefit-14 | naver-card-2206-benefit-15 | naver-card-2206-benefit-16 | naver-card-2206-benefit-17 | naver-card-2206-benefit-18 | naver-card-2206-benefit-19 | naver-card-2206-benefit-20 | naver-card-2206-benefit-21 | naver-card-2206-benefit-22 | naver-card-2206-benefit-23 | naver-card-2206-benefit-24 | naver-card-2206-benefit-25 | naver-card-2206-benefit-26 | naver-card-2206-benefit-27 | naver-card-2206-benefit-28 | naver-card-2206-benefit-29 | naver-card-2206-benefit-30 | naver-card-2206-benefit-31 | naver-card-2206-benefit-32 | naver-card-2206-benefit-33 | naver-card-2206-benefit-34 | naver-card-2206-benefit-35 | naver-card-2206-benefit-36 | naver-card-2206-benefit-37 | naver-card-2206-benefit-38 | naver-card-2206-benefit-39 | naver-card-2206-benefit-40 | naver-card-2206-benefit-41 | naver-card-2206-benefit-42 | naver-card-2206-benefit-43 | naver-card-2206-benefit-44 | naver-card-2206-benefit-45 | naver-card-2206-benefit-46 | naver-card-2206-benefit-47 | naver-card-2206-benefit-48 | naver-card-2206-benefit-49 | naver-card-2206-benefit-50 | naver-card-2206-benefit-51 | naver-card-2206-benefit-52 | naver-card-2206-benefit-53 | naver-card-2206-benefit-54 | naver-card-2206-benefit-55 | naver-card-2206-benefit-56 | naver-card-2206-benefit-57 | naver-card-2206-benefit-58 | naver-card-2206-benefit-59 | naver-card-2206-benefit-60 | naver-card-2206-benefit-61 | naver-card-2206-benefit-62 | naver-card-2206-benefit-63 | naver-card-2206-benefit-64 | naver-card-2206-benefit-65 | naver-card-2206-benefit-66 | naver-card-2206-benefit-67 | naver-card-2206-benefit-68 | naver-card-2206-benefit-69 | naver-card-2206-benefit-70 | naver-card-2206-benefit-71 | naver-card-2206-benefit-72 | naver-card-2206-benefit-73 | naver-card-2206-benefit-74 | naver-card-2206-benefit-75 | naver-card-2206-benefit-76 | naver-card-2206-benefit-77 | naver-card-2206-benefit-78 | naver-card-2206-benefit-79 | naver-card-2206-benefit-80 | naver-card-2206-benefit-81 | naver-card-2206-benefit-82 | naver-card-2206-benefit-83 | naver-card-2206-benefit-84 | naver-card-2206-benefit-85 | naver-card-2206-benefit-86 | naver-card-2206-benefit-87 | naver-card-2206-benefit-88 | naver-card-2206-benefit-89 | naver-card-2206-benefit-90 | naver-card-2206-benefit-91 | naver-card-2206-benefit-92 | naver-card-2206-benefit-93 | naver-card-2206-benefit-94 | naver-card-2206-benefit-95 | naver-card-2206-benefit-96 | naver-card-2206-benefit-97 | naver-card-2206-benefit-98 | naver-card-2206-benefit-99 | naver-card-2206-benefit-100 | naver-card-2206-benefit-101 | naver-card-2206-benefit-102 | naver-card-2206-benefit-103 | naver-card-2206-benefit-104 | naver-card-2206-benefit-105 | naver-card-2206-benefit-106 | naver-card-2206-benefit-107 | naver-card-2206-benefit-108 | naver-card-2206-benefit-109 | naver-card-2206-benefit-110 | naver-card-2206-benefit-111 | naver-card-2206-benefit-112 | naver-card-2206-benefit-113 | naver-card-2206-benefit-114 | naver-card-2206-benefit-115 | naver-card-2206-benefit-116 | naver-card-2206-benefit-117 | naver-card-2206-benefit-118 | naver-card-2206-benefit-119 | naver-card-2206-benefit-120 | naver-card-2206-benefit-121","false","50만원이상~70만원미만: 9천원(On-Line)/6천원(Off-Line), 총 할인한도 1만 5천원","2026-06-11T13:04:13.065Z"
"naver-card-2206-tier-3-700000-main-cap","naver-card-2206","main_monthly_cap","naver-card-2206-tier-3-700000","25000","naver-card-2206-benefit-1 | naver-card-2206-benefit-2 | naver-card-2206-benefit-3 | naver-card-2206-benefit-4 | naver-card-2206-benefit-5 | naver-card-2206-benefit-6 | naver-card-2206-benefit-7 | naver-card-2206-benefit-8 | naver-card-2206-benefit-9 | naver-card-2206-benefit-10 | naver-card-2206-benefit-11 | naver-card-2206-benefit-12 | naver-card-2206-benefit-13 | naver-card-2206-benefit-14 | naver-card-2206-benefit-15 | naver-card-2206-benefit-16 | naver-card-2206-benefit-17 | naver-card-2206-benefit-18 | naver-card-2206-benefit-19 | naver-card-2206-benefit-20 | naver-card-2206-benefit-21 | naver-card-2206-benefit-22 | naver-card-2206-benefit-23 | naver-card-2206-benefit-24 | naver-card-2206-benefit-25 | naver-card-2206-benefit-26 | naver-card-2206-benefit-27 | naver-card-2206-benefit-28 | naver-card-2206-benefit-29 | naver-card-2206-benefit-30 | naver-card-2206-benefit-31 | naver-card-2206-benefit-32 | naver-card-2206-benefit-33 | naver-card-2206-benefit-34 | naver-card-2206-benefit-35 | naver-card-2206-benefit-36 | naver-card-2206-benefit-37 | naver-card-2206-benefit-38 | naver-card-2206-benefit-39 | naver-card-2206-benefit-40 | naver-card-2206-benefit-41 | naver-card-2206-benefit-42 | naver-card-2206-benefit-43 | naver-card-2206-benefit-44 | naver-card-2206-benefit-45 | naver-card-2206-benefit-46 | naver-card-2206-benefit-47 | naver-card-2206-benefit-48 | naver-card-2206-benefit-49 | naver-card-2206-benefit-50 | naver-card-2206-benefit-51 | naver-card-2206-benefit-52 | naver-card-2206-benefit-53 | naver-card-2206-benefit-54 | naver-card-2206-benefit-55 | naver-card-2206-benefit-56 | naver-card-2206-benefit-57 | naver-card-2206-benefit-58 | naver-card-2206-benefit-59 | naver-card-2206-benefit-60 | naver-card-2206-benefit-61 | naver-card-2206-benefit-62 | naver-card-2206-benefit-63 | naver-card-2206-benefit-64 | naver-card-2206-benefit-65 | naver-card-2206-benefit-66 | naver-card-2206-benefit-67 | naver-card-2206-benefit-68 | naver-card-2206-benefit-69 | naver-card-2206-benefit-70 | naver-card-2206-benefit-71 | naver-card-2206-benefit-72 | naver-card-2206-benefit-73 | naver-card-2206-benefit-74 | naver-card-2206-benefit-75 | naver-card-2206-benefit-76 | naver-card-2206-benefit-77 | naver-card-2206-benefit-78 | naver-card-2206-benefit-79 | naver-card-2206-benefit-80 | naver-card-2206-benefit-81 | naver-card-2206-benefit-82 | naver-card-2206-benefit-83 | naver-card-2206-benefit-84 | naver-card-2206-benefit-85 | naver-card-2206-benefit-86 | naver-card-2206-benefit-87 | naver-card-2206-benefit-88 | naver-card-2206-benefit-89 | naver-card-2206-benefit-90 | naver-card-2206-benefit-91 | naver-card-2206-benefit-92 | naver-card-2206-benefit-93 | naver-card-2206-benefit-94 | naver-card-2206-benefit-95 | naver-card-2206-benefit-96 | naver-card-2206-benefit-97 | naver-card-2206-benefit-98 | naver-card-2206-benefit-99 | naver-card-2206-benefit-100 | naver-card-2206-benefit-101 | naver-card-2206-benefit-102 | naver-card-2206-benefit-103 | naver-card-2206-benefit-104 | naver-card-2206-benefit-105 | naver-card-2206-benefit-106 | naver-card-2206-benefit-107 | naver-card-2206-benefit-108 | naver-card-2206-benefit-109 | naver-card-2206-benefit-110 | naver-card-2206-benefit-111 | naver-card-2206-benefit-112 | naver-card-2206-benefit-113 | naver-card-2206-benefit-114 | naver-card-2206-benefit-115 | naver-card-2206-benefit-116 | naver-card-2206-benefit-117 | naver-card-2206-benefit-118 | naver-card-2206-benefit-119 | naver-card-2206-benefit-120 | naver-card-2206-benefit-121","false","70만원이상~120만원미만: 1만 5천원(On-Line)/1만원(Off-Line), 총 할인한도 2만 5천원","2026-06-11T13:04:13.065Z"
"naver-card-2206-tier-4-1200000-main-cap","naver-card-2206","main_monthly_cap","naver-card-2206-tier-4-1200000","40000","naver-card-2206-benefit-1 | naver-card-2206-benefit-2 | naver-card-2206-benefit-3 | naver-card-2206-benefit-4 | naver-card-2206-benefit-5 | naver-card-2206-benefit-6 | naver-card-2206-benefit-7 | naver-card-2206-benefit-8 | naver-card-2206-benefit-9 | naver-card-2206-benefit-10 | naver-card-2206-benefit-11 | naver-card-2206-benefit-12 | naver-card-2206-benefit-13 | naver-card-2206-benefit-14 | naver-card-2206-benefit-15 | naver-card-2206-benefit-16 | naver-card-2206-benefit-17 | naver-card-2206-benefit-18 | naver-card-2206-benefit-19 | naver-card-2206-benefit-20 | naver-card-2206-benefit-21 | naver-card-2206-benefit-22 | naver-card-2206-benefit-23 | naver-card-2206-benefit-24 | naver-card-2206-benefit-25 | naver-card-2206-benefit-26 | naver-card-2206-benefit-27 | naver-card-2206-benefit-28 | naver-card-2206-benefit-29 | naver-card-2206-benefit-30 | naver-card-2206-benefit-31 | naver-card-2206-benefit-32 | naver-card-2206-benefit-33 | naver-card-2206-benefit-34 | naver-card-2206-benefit-35 | naver-card-2206-benefit-36 | naver-card-2206-benefit-37 | naver-card-2206-benefit-38 | naver-card-2206-benefit-39 | naver-card-2206-benefit-40 | naver-card-2206-benefit-41 | naver-card-2206-benefit-42 | naver-card-2206-benefit-43 | naver-card-2206-benefit-44 | naver-card-2206-benefit-45 | naver-card-2206-benefit-46 | naver-card-2206-benefit-47 | naver-card-2206-benefit-48 | naver-card-2206-benefit-49 | naver-card-2206-benefit-50 | naver-card-2206-benefit-51 | naver-card-2206-benefit-52 | naver-card-2206-benefit-53 | naver-card-2206-benefit-54 | naver-card-2206-benefit-55 | naver-card-2206-benefit-56 | naver-card-2206-benefit-57 | naver-card-2206-benefit-58 | naver-card-2206-benefit-59 | naver-card-2206-benefit-60 | naver-card-2206-benefit-61 | naver-card-2206-benefit-62 | naver-card-2206-benefit-63 | naver-card-2206-benefit-64 | naver-card-2206-benefit-65 | naver-card-2206-benefit-66 | naver-card-2206-benefit-67 | naver-card-2206-benefit-68 | naver-card-2206-benefit-69 | naver-card-2206-benefit-70 | naver-card-2206-benefit-71 | naver-card-2206-benefit-72 | naver-card-2206-benefit-73 | naver-card-2206-benefit-74 | naver-card-2206-benefit-75 | naver-card-2206-benefit-76 | naver-card-2206-benefit-77 | naver-card-2206-benefit-78 | naver-card-2206-benefit-79 | naver-card-2206-benefit-80 | naver-card-2206-benefit-81 | naver-card-2206-benefit-82 | naver-card-2206-benefit-83 | naver-card-2206-benefit-84 | naver-card-2206-benefit-85 | naver-card-2206-benefit-86 | naver-card-2206-benefit-87 | naver-card-2206-benefit-88 | naver-card-2206-benefit-89 | naver-card-2206-benefit-90 | naver-card-2206-benefit-91 | naver-card-2206-benefit-92 | naver-card-2206-benefit-93 | naver-card-2206-benefit-94 | naver-card-2206-benefit-95 | naver-card-2206-benefit-96 | naver-card-2206-benefit-97 | naver-card-2206-benefit-98 | naver-card-2206-benefit-99 | naver-card-2206-benefit-100 | naver-card-2206-benefit-101 | naver-card-2206-benefit-102 | naver-card-2206-benefit-103 | naver-card-2206-benefit-104 | naver-card-2206-benefit-105 | naver-card-2206-benefit-106 | naver-card-2206-benefit-107 | naver-card-2206-benefit-108 | naver-card-2206-benefit-109 | naver-card-2206-benefit-110 | naver-card-2206-benefit-111 | naver-card-2206-benefit-112 | naver-card-2206-benefit-113 | naver-card-2206-benefit-114 | naver-card-2206-benefit-115 | naver-card-2206-benefit-116 | naver-card-2206-benefit-117 | naver-card-2206-benefit-118 | naver-card-2206-benefit-119 | naver-card-2206-benefit-120 | naver-card-2206-benefit-121","false","120만원이상: 2만 5천원(On-Line)/1만 5천원(Off-Line), 총 할인한도 4만원","2026-06-11T13:04:13.065Z"
"naver-card-10464-tier-1-500000-main-cap","naver-card-10464","main_monthly_cap","naver-card-10464-tier-1-500000","20000","naver-card-10464-benefit-1 | naver-card-10464-benefit-2 | naver-card-10464-benefit-3 | naver-card-10464-benefit-4 | naver-card-10464-benefit-5 | naver-card-10464-benefit-6 | naver-card-10464-benefit-7 | naver-card-10464-benefit-8 | naver-card-10464-benefit-9 | naver-card-10464-benefit-10 | naver-card-10464-benefit-11 | naver-card-10464-benefit-12 | naver-card-10464-benefit-13 | naver-card-10464-benefit-14 | naver-card-10464-benefit-15 | naver-card-10464-benefit-16 | naver-card-10464-benefit-17 | naver-card-10464-benefit-18 | naver-card-10464-benefit-19 | naver-card-10464-benefit-20 | naver-card-10464-benefit-21 | naver-card-10464-benefit-22 | naver-card-10464-benefit-23 | naver-card-10464-benefit-24 | naver-card-10464-benefit-25 | naver-card-10464-benefit-26 | naver-card-10464-benefit-27 | naver-card-10464-benefit-28 | naver-card-10464-benefit-29 | naver-card-10464-benefit-30 | naver-card-10464-benefit-31 | naver-card-10464-benefit-32 | naver-card-10464-benefit-33 | naver-card-10464-benefit-34 | naver-card-10464-benefit-35 | naver-card-10464-benefit-36 | naver-card-10464-benefit-37 | naver-card-10464-benefit-38 | naver-card-10464-benefit-39 | naver-card-10464-benefit-40 | naver-card-10464-benefit-41 | naver-card-10464-benefit-42 | naver-card-10464-benefit-43 | naver-card-10464-benefit-44 | naver-card-10464-benefit-45 | naver-card-10464-benefit-46 | naver-card-10464-benefit-47 | naver-card-10464-benefit-48 | naver-card-10464-benefit-49 | naver-card-10464-benefit-50 | naver-card-10464-benefit-51 | naver-card-10464-benefit-52 | naver-card-10464-benefit-53 | naver-card-10464-benefit-54 | naver-card-10464-benefit-55 | naver-card-10464-benefit-56 | naver-card-10464-benefit-57 | naver-card-10464-benefit-58 | naver-card-10464-benefit-59 | naver-card-10464-benefit-60 | naver-card-10464-benefit-61 | naver-card-10464-benefit-62 | naver-card-10464-benefit-63 | naver-card-10464-benefit-64 | naver-card-10464-benefit-65 | naver-card-10464-benefit-66 | naver-card-10464-benefit-67 | naver-card-10464-benefit-68 | naver-card-10464-benefit-69 | naver-card-10464-benefit-70","false","fallback_from_existing_normalized_card","2026-06-11T13:04:13.065Z"
"naver-card-10308-tier-1-400000-main-cap","naver-card-10308","main_monthly_cap","naver-card-10308-tier-1-400000","20000","naver-card-10308-benefit-1 | naver-card-10308-benefit-2 | naver-card-10308-benefit-3 | naver-card-10308-benefit-4 | naver-card-10308-benefit-5 | naver-card-10308-benefit-6 | naver-card-10308-benefit-7 | naver-card-10308-benefit-8 | naver-card-10308-benefit-9 | naver-card-10308-benefit-10 | naver-card-10308-benefit-11 | naver-card-10308-benefit-12 | naver-card-10308-benefit-13 | naver-card-10308-benefit-14 | naver-card-10308-benefit-15 | naver-card-10308-benefit-16 | naver-card-10308-benefit-17 | naver-card-10308-benefit-18 | naver-card-10308-benefit-19 | naver-card-10308-benefit-20 | naver-card-10308-benefit-21 | naver-card-10308-benefit-22 | naver-card-10308-benefit-23 | naver-card-10308-benefit-24 | naver-card-10308-benefit-25 | naver-card-10308-benefit-26 | naver-card-10308-benefit-27 | naver-card-10308-benefit-28 | naver-card-10308-benefit-29 | naver-card-10308-benefit-30 | naver-card-10308-benefit-31 | naver-card-10308-benefit-32 | naver-card-10308-benefit-33 | naver-card-10308-benefit-34 | naver-card-10308-benefit-35 | naver-card-10308-benefit-36 | naver-card-10308-benefit-37 | naver-card-10308-benefit-38 | naver-card-10308-benefit-39 | naver-card-10308-benefit-40 | naver-card-10308-benefit-41 | naver-card-10308-benefit-42 | naver-card-10308-benefit-43 | naver-card-10308-benefit-44 | naver-card-10308-benefit-45 | naver-card-10308-benefit-46 | naver-card-10308-benefit-47 | naver-card-10308-benefit-48 | naver-card-10308-benefit-49 | naver-card-10308-benefit-50 | naver-card-10308-benefit-51 | naver-card-10308-benefit-52 | naver-card-10308-benefit-53 | naver-card-10308-benefit-54","false","fallback_from_existing_normalized_card","2026-06-11T13:04:13.065Z"
"naver-card-10421-tier-1-500000-main-cap","naver-card-10421","main_monthly_cap","naver-card-10421-tier-1-500000","70000","naver-card-10421-benefit-1 | naver-card-10421-benefit-2 | naver-card-10421-benefit-3 | naver-card-10421-benefit-4 | naver-card-10421-benefit-5 | naver-card-10421-benefit-6 | naver-card-10421-benefit-7 | naver-card-10421-benefit-8 | naver-card-10421-benefit-9 | naver-card-10421-benefit-10 | naver-card-10421-benefit-11 | naver-card-10421-benefit-12 | naver-card-10421-benefit-13 | naver-card-10421-benefit-14 | naver-card-10421-benefit-15 | naver-card-10421-benefit-16 | naver-card-10421-benefit-17 | naver-card-10421-benefit-18 | naver-card-10421-benefit-19 | naver-card-10421-benefit-20 | naver-card-10421-benefit-21 | naver-card-10421-benefit-22 | naver-card-10421-benefit-23 | naver-card-10421-benefit-24 | naver-card-10421-benefit-25 | naver-card-10421-benefit-26 | naver-card-10421-benefit-27 | naver-card-10421-benefit-28 | naver-card-10421-benefit-29 | naver-card-10421-benefit-30 | naver-card-10421-benefit-31 | naver-card-10421-benefit-32 | naver-card-10421-benefit-33 | naver-card-10421-benefit-34 | naver-card-10421-benefit-35 | naver-card-10421-benefit-36 | naver-card-10421-benefit-37 | naver-card-10421-benefit-38 | naver-card-10421-benefit-39 | naver-card-10421-benefit-40 | naver-card-10421-benefit-41 | naver-card-10421-benefit-42 | naver-card-10421-benefit-43 | naver-card-10421-benefit-44 | naver-card-10421-benefit-45 | naver-card-10421-benefit-46 | naver-card-10421-benefit-47 | naver-card-10421-benefit-48 | naver-card-10421-benefit-49 | naver-card-10421-benefit-50 | naver-card-10421-benefit-51 | naver-card-10421-benefit-52 | naver-card-10421-benefit-53 | naver-card-10421-benefit-54 | naver-card-10421-benefit-55 | naver-card-10421-benefit-56 | naver-card-10421-benefit-57 | naver-card-10421-benefit-58 | naver-card-10421-benefit-59 | naver-card-10421-benefit-60 | naver-card-10421-benefit-61 | naver-card-10421-benefit-62 | naver-card-10421-benefit-63 | naver-card-10421-benefit-64 | naver-card-10421-benefit-65 | naver-card-10421-benefit-66","false","fallback_from_existing_normalized_card","2026-06-11T13:04:13.065Z"
"naver-card-10429-tier-1-300000-main-cap","naver-card-10429","main_monthly_cap","naver-card-10429-tier-1-300000","200000","naver-card-10429-benefit-1 | naver-card-10429-benefit-2 | naver-card-10429-benefit-3 | naver-card-10429-benefit-4 | naver-card-10429-benefit-5 | naver-card-10429-benefit-6 | naver-card-10429-benefit-7 | naver-card-10429-benefit-8 | naver-card-10429-benefit-9 | naver-card-10429-benefit-10 | naver-card-10429-benefit-11 | naver-card-10429-benefit-12 | naver-card-10429-benefit-13 | naver-card-10429-benefit-14 | naver-card-10429-benefit-15 | naver-card-10429-benefit-16 | naver-card-10429-benefit-17 | naver-card-10429-benefit-18 | naver-card-10429-benefit-19 | naver-card-10429-benefit-20 | naver-card-10429-benefit-21 | naver-card-10429-benefit-22 | naver-card-10429-benefit-23 | naver-card-10429-benefit-24 | naver-card-10429-benefit-25 | naver-card-10429-benefit-26 | naver-card-10429-benefit-27 | naver-card-10429-benefit-28 | naver-card-10429-benefit-29 | naver-card-10429-benefit-30 | naver-card-10429-benefit-31 | naver-card-10429-benefit-32 | naver-card-10429-benefit-33 | naver-card-10429-benefit-34 | naver-card-10429-benefit-35 | naver-card-10429-benefit-36 | naver-card-10429-benefit-37 | naver-card-10429-benefit-38 | naver-card-10429-benefit-39 | naver-card-10429-benefit-40 | naver-card-10429-benefit-41 | naver-card-10429-benefit-42 | naver-card-10429-benefit-43 | naver-card-10429-benefit-44 | naver-card-10429-benefit-45 | naver-card-10429-benefit-46 | naver-card-10429-benefit-47 | naver-card-10429-benefit-48 | naver-card-10429-benefit-49 | naver-card-10429-benefit-50 | naver-card-10429-benefit-51 | naver-card-10429-benefit-52 | naver-card-10429-benefit-53 | naver-card-10429-benefit-54 | naver-card-10429-benefit-55 | naver-card-10429-benefit-56 | naver-card-10429-benefit-57 | naver-card-10429-benefit-58 | naver-card-10429-benefit-59 | naver-card-10429-benefit-60 | naver-card-10429-benefit-61 | naver-card-10429-benefit-62 | naver-card-10429-benefit-63 | naver-card-10429-benefit-64 | naver-card-10429-benefit-65 | naver-card-10429-benefit-66 | naver-card-10429-benefit-67 | naver-card-10429-benefit-68 | naver-card-10429-benefit-69 | naver-card-10429-benefit-70 | naver-card-10429-benefit-71 | naver-card-10429-benefit-72 | naver-card-10429-benefit-73 | naver-card-10429-benefit-74 | naver-card-10429-benefit-75 | naver-card-10429-benefit-76 | naver-card-10429-benefit-77 | naver-card-10429-benefit-78 | naver-card-10429-benefit-79 | naver-card-10429-benefit-80 | naver-card-10429-benefit-81 | naver-card-10429-benefit-82 | naver-card-10429-benefit-83 | naver-card-10429-benefit-84 | naver-card-10429-benefit-85 | naver-card-10429-benefit-86 | naver-card-10429-benefit-87 | naver-card-10429-benefit-88 | naver-card-10429-benefit-89 | naver-card-10429-benefit-90 | naver-card-10429-benefit-91 | naver-card-10429-benefit-92 | naver-card-10429-benefit-93 | naver-card-10429-benefit-94 | naver-card-10429-benefit-95 | naver-card-10429-benefit-96 | naver-card-10429-benefit-97 | naver-card-10429-benefit-98 | naver-card-10429-benefit-99 | naver-card-10429-benefit-100","false","fallback_from_existing_normalized_card","2026-06-11T13:04:13.065Z"
"naver-card-10294-tier-1-500000-main-cap","naver-card-10294","main_monthly_cap","naver-card-10294-tier-1-500000","2000","naver-card-10294-benefit-1 | naver-card-10294-benefit-2 | naver-card-10294-benefit-3 | naver-card-10294-benefit-4 | naver-card-10294-benefit-5 | naver-card-10294-benefit-6 | naver-card-10294-benefit-7 | naver-card-10294-benefit-8 | naver-card-10294-benefit-9 | naver-card-10294-benefit-10 | naver-card-10294-benefit-11 | naver-card-10294-benefit-12 | naver-card-10294-benefit-13 | naver-card-10294-benefit-14 | naver-card-10294-benefit-15 | naver-card-10294-benefit-16 | naver-card-10294-benefit-17 | naver-card-10294-benefit-18 | naver-card-10294-benefit-19 | naver-card-10294-benefit-20 | naver-card-10294-benefit-21 | naver-card-10294-benefit-22 | naver-card-10294-benefit-23 | naver-card-10294-benefit-24 | naver-card-10294-benefit-25 | naver-card-10294-benefit-26 | naver-card-10294-benefit-27 | naver-card-10294-benefit-28 | naver-card-10294-benefit-29 | naver-card-10294-benefit-30 | naver-card-10294-benefit-31 | naver-card-10294-benefit-32 | naver-card-10294-benefit-33 | naver-card-10294-benefit-34 | naver-card-10294-benefit-35 | naver-card-10294-benefit-36 | naver-card-10294-benefit-37 | naver-card-10294-benefit-38 | naver-card-10294-benefit-39 | naver-card-10294-benefit-40 | naver-card-10294-benefit-41 | naver-card-10294-benefit-42 | naver-card-10294-benefit-43 | naver-card-10294-benefit-44 | naver-card-10294-benefit-45 | naver-card-10294-benefit-46 | naver-card-10294-benefit-47 | naver-card-10294-benefit-48 | naver-card-10294-benefit-49 | naver-card-10294-benefit-50 | naver-card-10294-benefit-51 | naver-card-10294-benefit-52 | naver-card-10294-benefit-53 | naver-card-10294-benefit-54 | naver-card-10294-benefit-55 | naver-card-10294-benefit-56 | naver-card-10294-benefit-57 | naver-card-10294-benefit-58 | naver-card-10294-benefit-59 | naver-card-10294-benefit-60 | naver-card-10294-benefit-61 | naver-card-10294-benefit-62 | naver-card-10294-benefit-63 | naver-card-10294-benefit-64 | naver-card-10294-benefit-65 | naver-card-10294-benefit-66 | naver-card-10294-benefit-67 | naver-card-10294-benefit-68 | naver-card-10294-benefit-69 | naver-card-10294-benefit-70 | naver-card-10294-benefit-71 | naver-card-10294-benefit-72 | naver-card-10294-benefit-73 | naver-card-10294-benefit-74 | naver-card-10294-benefit-75 | naver-card-10294-benefit-76 | naver-card-10294-benefit-77 | naver-card-10294-benefit-78 | naver-card-10294-benefit-79 | naver-card-10294-benefit-80 | naver-card-10294-benefit-81 | naver-card-10294-benefit-82 | naver-card-10294-benefit-83 | naver-card-10294-benefit-84 | naver-card-10294-benefit-85 | naver-card-10294-benefit-86 | naver-card-10294-benefit-87 | naver-card-10294-benefit-88 | naver-card-10294-benefit-89 | naver-card-10294-benefit-90 | naver-card-10294-benefit-91 | naver-card-10294-benefit-92 | naver-card-10294-benefit-93 | naver-card-10294-benefit-94 | naver-card-10294-benefit-95 | naver-card-10294-benefit-96 | naver-card-10294-benefit-97 | naver-card-10294-benefit-98 | naver-card-10294-benefit-99 | naver-card-10294-benefit-100 | naver-card-10294-benefit-101 | naver-card-10294-benefit-102 | naver-card-10294-benefit-103 | naver-card-10294-benefit-104 | naver-card-10294-benefit-105 | naver-card-10294-benefit-106 | naver-card-10294-benefit-107 | naver-card-10294-benefit-108 | naver-card-10294-benefit-109 | naver-card-10294-benefit-110 | naver-card-10294-benefit-111 | naver-card-10294-benefit-112 | naver-card-10294-benefit-113 | naver-card-10294-benefit-114 | naver-card-10294-benefit-115 | naver-card-10294-benefit-116 | naver-card-10294-benefit-117 | naver-card-10294-benefit-118 | naver-card-10294-benefit-119 | naver-card-10294-benefit-120 | naver-card-10294-benefit-121 | naver-card-10294-benefit-122 | naver-card-10294-benefit-123 | naver-card-10294-benefit-124 | naver-card-10294-benefit-125 | naver-card-10294-benefit-126 | naver-card-10294-benefit-127 | naver-card-10294-benefit-128 | naver-card-10294-benefit-129 | naver-card-10294-benefit-130 | naver-card-10294-benefit-131 | naver-card-10294-benefit-132 | naver-card-10294-benefit-133 | naver-card-10294-benefit-134 | naver-card-10294-benefit-135 | naver-card-10294-benefit-136 | naver-card-10294-benefit-137 | naver-card-10294-benefit-138 | naver-card-10294-benefit-139 | naver-card-10294-benefit-140 | naver-card-10294-benefit-141","false","fallback_from_existing_normalized_card","2026-06-11T13:04:13.065Z"
"naver-card-10517-tier-1-300000-main-cap","naver-card-10517","main_monthly_cap","naver-card-10517-tier-1-300000","30000","naver-card-10517-benefit-1 | naver-card-10517-benefit-2 | naver-card-10517-benefit-3 | naver-card-10517-benefit-4 | naver-card-10517-benefit-5 | naver-card-10517-benefit-6 | naver-card-10517-benefit-7 | naver-card-10517-benefit-8 | naver-card-10517-benefit-9 | naver-card-10517-benefit-10 | naver-card-10517-benefit-11 | naver-card-10517-benefit-12 | naver-card-10517-benefit-13 | naver-card-10517-benefit-14 | naver-card-10517-benefit-15 | naver-card-10517-benefit-16 | naver-card-10517-benefit-17 | naver-card-10517-benefit-18 | naver-card-10517-benefit-19 | naver-card-10517-benefit-20 | naver-card-10517-benefit-21 | naver-card-10517-benefit-22 | naver-card-10517-benefit-23 | naver-card-10517-benefit-24 | naver-card-10517-benefit-25 | naver-card-10517-benefit-26 | naver-card-10517-benefit-27 | naver-card-10517-benefit-28 | naver-card-10517-benefit-29 | naver-card-10517-benefit-30 | naver-card-10517-benefit-31 | naver-card-10517-benefit-32 | naver-card-10517-benefit-33 | naver-card-10517-benefit-34 | naver-card-10517-benefit-35 | naver-card-10517-benefit-36 | naver-card-10517-benefit-37 | naver-card-10517-benefit-38 | naver-card-10517-benefit-39 | naver-card-10517-benefit-40 | naver-card-10517-benefit-41 | naver-card-10517-benefit-42 | naver-card-10517-benefit-43 | naver-card-10517-benefit-44 | naver-card-10517-benefit-45 | naver-card-10517-benefit-46 | naver-card-10517-benefit-47 | naver-card-10517-benefit-48 | naver-card-10517-benefit-49 | naver-card-10517-benefit-50 | naver-card-10517-benefit-51 | naver-card-10517-benefit-52","false","fallback_from_existing_normalized_card","2026-06-11T13:04:13.065Z"
"naver-card-10372-tier-1-500000-main-cap","naver-card-10372","main_monthly_cap","naver-card-10372-tier-1-500000","20000","naver-card-10372-benefit-1 | naver-card-10372-benefit-2 | naver-card-10372-benefit-3 | naver-card-10372-benefit-4 | naver-card-10372-benefit-5 | naver-card-10372-benefit-6 | naver-card-10372-benefit-7 | naver-card-10372-benefit-8 | naver-card-10372-benefit-9 | naver-card-10372-benefit-10 | naver-card-10372-benefit-11 | naver-card-10372-benefit-12 | naver-card-10372-benefit-13 | naver-card-10372-benefit-14 | naver-card-10372-benefit-15 | naver-card-10372-benefit-16 | naver-card-10372-benefit-17 | naver-card-10372-benefit-18 | naver-card-10372-benefit-19 | naver-card-10372-benefit-20 | naver-card-10372-benefit-21 | naver-card-10372-benefit-22 | naver-card-10372-benefit-23 | naver-card-10372-benefit-24 | naver-card-10372-benefit-25 | naver-card-10372-benefit-26 | naver-card-10372-benefit-27 | naver-card-10372-benefit-28 | naver-card-10372-benefit-29 | naver-card-10372-benefit-30 | naver-card-10372-benefit-31 | naver-card-10372-benefit-32 | naver-card-10372-benefit-33 | naver-card-10372-benefit-34 | naver-card-10372-benefit-35 | naver-card-10372-benefit-36 | naver-card-10372-benefit-37 | naver-card-10372-benefit-38 | naver-card-10372-benefit-39 | naver-card-10372-benefit-40 | naver-card-10372-benefit-41 | naver-card-10372-benefit-42 | naver-card-10372-benefit-43 | naver-card-10372-benefit-44 | naver-card-10372-benefit-45 | naver-card-10372-benefit-46 | naver-card-10372-benefit-47 | naver-card-10372-benefit-48 | naver-card-10372-benefit-49 | naver-card-10372-benefit-50 | naver-card-10372-benefit-51 | naver-card-10372-benefit-52 | naver-card-10372-benefit-53 | naver-card-10372-benefit-54 | naver-card-10372-benefit-55 | naver-card-10372-benefit-56 | naver-card-10372-benefit-57 | naver-card-10372-benefit-58 | naver-card-10372-benefit-59 | naver-card-10372-benefit-60","false","fallback_from_existing_normalized_card","2026-06-11T13:04:13.065Z"
"naver-card-10264-tier-1-300000-main-cap","naver-card-10264","main_monthly_cap","naver-card-10264-tier-1-300000","5000","naver-card-10264-benefit-1 | naver-card-10264-benefit-2 | naver-card-10264-benefit-3 | naver-card-10264-benefit-4 | naver-card-10264-benefit-5 | naver-card-10264-benefit-6 | naver-card-10264-benefit-7 | naver-card-10264-benefit-8 | naver-card-10264-benefit-9 | naver-card-10264-benefit-10 | naver-card-10264-benefit-11 | naver-card-10264-benefit-12 | naver-card-10264-benefit-13 | naver-card-10264-benefit-14 | naver-card-10264-benefit-15 | naver-card-10264-benefit-16 | naver-card-10264-benefit-17 | naver-card-10264-benefit-18 | naver-card-10264-benefit-19 | naver-card-10264-benefit-20 | naver-card-10264-benefit-21 | naver-card-10264-benefit-22 | naver-card-10264-benefit-23 | naver-card-10264-benefit-24 | naver-card-10264-benefit-25 | naver-card-10264-benefit-26 | naver-card-10264-benefit-27 | naver-card-10264-benefit-28 | naver-card-10264-benefit-29 | naver-card-10264-benefit-30 | naver-card-10264-benefit-31 | naver-card-10264-benefit-32 | naver-card-10264-benefit-33 | naver-card-10264-benefit-34 | naver-card-10264-benefit-35 | naver-card-10264-benefit-36 | naver-card-10264-benefit-37 | naver-card-10264-benefit-38 | naver-card-10264-benefit-39 | naver-card-10264-benefit-40 | naver-card-10264-benefit-41 | naver-card-10264-benefit-42 | naver-card-10264-benefit-43 | naver-card-10264-benefit-44 | naver-card-10264-benefit-45 | naver-card-10264-benefit-46 | naver-card-10264-benefit-47 | naver-card-10264-benefit-48","false","fallback_from_existing_normalized_card","2026-06-11T13:04:13.065Z"
"naver-card-10624-tier-1-400000-main-cap","naver-card-10624","main_monthly_cap","naver-card-10624-tier-1-400000","20000","naver-card-10624-benefit-1 | naver-card-10624-benefit-2 | naver-card-10624-benefit-3 | naver-card-10624-benefit-4 | naver-card-10624-benefit-5 | naver-card-10624-benefit-6 | naver-card-10624-benefit-7 | naver-card-10624-benefit-8 | naver-card-10624-benefit-9","false","fallback_from_existing_normalized_card","2026-06-11T13:04:13.065Z"
"naver-card-10556-tier-1-300000-main-cap","naver-card-10556","main_monthly_cap","naver-card-10556-tier-1-300000","17000","naver-card-10556-benefit-1 | naver-card-10556-benefit-2 | naver-card-10556-benefit-3 | naver-card-10556-benefit-4 | naver-card-10556-benefit-5 | naver-card-10556-benefit-6 | naver-card-10556-benefit-7 | naver-card-10556-benefit-8","false","fallback_from_existing_normalized_card","2026-06-11T13:04:13.065Z"
"naver-card-2757-tier-1-300000-main-cap","naver-card-2757","main_monthly_cap","naver-card-2757-tier-1-300000","10000","naver-card-2757-benefit-1 | naver-card-2757-benefit-2 | naver-card-2757-benefit-3 | naver-card-2757-benefit-4 | naver-card-2757-benefit-5 | naver-card-2757-benefit-6","false","fallback_from_existing_normalized_card","2026-06-11T13:04:13.065Z"
"naver-card-10527-tier-1-400000-main-cap","naver-card-10527","main_monthly_cap","naver-card-10527-tier-1-400000","100000","naver-card-10527-benefit-1 | naver-card-10527-benefit-2 | naver-card-10527-benefit-3 | naver-card-10527-benefit-4 | naver-card-10527-benefit-5 | naver-card-10527-benefit-6 | naver-card-10527-benefit-7 | naver-card-10527-benefit-8 | naver-card-10527-benefit-9 | naver-card-10527-benefit-10 | naver-card-10527-benefit-11 | naver-card-10527-benefit-12 | naver-card-10527-benefit-13 | naver-card-10527-benefit-14 | naver-card-10527-benefit-15 | naver-card-10527-benefit-16 | naver-card-10527-benefit-17 | naver-card-10527-benefit-18 | naver-card-10527-benefit-19 | naver-card-10527-benefit-20 | naver-card-10527-benefit-21 | naver-card-10527-benefit-22 | naver-card-10527-benefit-23 | naver-card-10527-benefit-24 | naver-card-10527-benefit-25 | naver-card-10527-benefit-26 | naver-card-10527-benefit-27 | naver-card-10527-benefit-28 | naver-card-10527-benefit-29 | naver-card-10527-benefit-30 | naver-card-10527-benefit-31 | naver-card-10527-benefit-32 | naver-card-10527-benefit-33 | naver-card-10527-benefit-34 | naver-card-10527-benefit-35 | naver-card-10527-benefit-36 | naver-card-10527-benefit-37 | naver-card-10527-benefit-38 | naver-card-10527-benefit-39 | naver-card-10527-benefit-40 | naver-card-10527-benefit-41 | naver-card-10527-benefit-42 | naver-card-10527-benefit-43 | naver-card-10527-benefit-44 | naver-card-10527-benefit-45 | naver-card-10527-benefit-46 | naver-card-10527-benefit-47 | naver-card-10527-benefit-48 | naver-card-10527-benefit-49 | naver-card-10527-benefit-50 | naver-card-10527-benefit-51 | naver-card-10527-benefit-52 | naver-card-10527-benefit-53 | naver-card-10527-benefit-54 | naver-card-10527-benefit-55 | naver-card-10527-benefit-56 | naver-card-10527-benefit-57 | naver-card-10527-benefit-58 | naver-card-10527-benefit-59 | naver-card-10527-benefit-60 | naver-card-10527-benefit-61 | naver-card-10527-benefit-62 | naver-card-10527-benefit-63 | naver-card-10527-benefit-64 | naver-card-10527-benefit-65 | naver-card-10527-benefit-66 | naver-card-10527-benefit-67 | naver-card-10527-benefit-68 | naver-card-10527-benefit-69 | naver-card-10527-benefit-70 | naver-card-10527-benefit-71 | naver-card-10527-benefit-72 | naver-card-10527-benefit-73 | naver-card-10527-benefit-74 | naver-card-10527-benefit-75 | naver-card-10527-benefit-76 | naver-card-10527-benefit-77 | naver-card-10527-benefit-78 | naver-card-10527-benefit-79 | naver-card-10527-benefit-80 | naver-card-10527-benefit-81 | naver-card-10527-benefit-82 | naver-card-10527-benefit-83 | naver-card-10527-benefit-84 | naver-card-10527-benefit-85 | naver-card-10527-benefit-86 | naver-card-10527-benefit-87 | naver-card-10527-benefit-88 | naver-card-10527-benefit-89 | naver-card-10527-benefit-90 | naver-card-10527-benefit-91 | naver-card-10527-benefit-92 | naver-card-10527-benefit-93 | naver-card-10527-benefit-94 | naver-card-10527-benefit-95 | naver-card-10527-benefit-96 | naver-card-10527-benefit-97 | naver-card-10527-benefit-98 | naver-card-10527-benefit-99 | naver-card-10527-benefit-100 | naver-card-10527-benefit-101 | naver-card-10527-benefit-102 | naver-card-10527-benefit-103 | naver-card-10527-benefit-104 | naver-card-10527-benefit-105 | naver-card-10527-benefit-106 | naver-card-10527-benefit-107 | naver-card-10527-benefit-108 | naver-card-10527-benefit-109 | naver-card-10527-benefit-110 | naver-card-10527-benefit-111 | naver-card-10527-benefit-112 | naver-card-10527-benefit-113 | naver-card-10527-benefit-114 | naver-card-10527-benefit-115 | naver-card-10527-benefit-116 | naver-card-10527-benefit-117 | naver-card-10527-benefit-118 | naver-card-10527-benefit-119 | naver-card-10527-benefit-120 | naver-card-10527-benefit-121 | naver-card-10527-benefit-122 | naver-card-10527-benefit-123 | naver-card-10527-benefit-124 | naver-card-10527-benefit-125 | naver-card-10527-benefit-126 | naver-card-10527-benefit-127 | naver-card-10527-benefit-128 | naver-card-10527-benefit-129 | naver-card-10527-benefit-130 | naver-card-10527-benefit-131 | naver-card-10527-benefit-132 | naver-card-10527-benefit-133 | naver-card-10527-benefit-134 | naver-card-10527-benefit-135 | naver-card-10527-benefit-136 | naver-card-10527-benefit-137 | naver-card-10527-benefit-138 | naver-card-10527-benefit-139 | naver-card-10527-benefit-140 | naver-card-10527-benefit-141 | naver-card-10527-benefit-142 | naver-card-10527-benefit-143 | naver-card-10527-benefit-144 | naver-card-10527-benefit-145 | naver-card-10527-benefit-146 | naver-card-10527-benefit-147 | naver-card-10527-benefit-148 | naver-card-10527-benefit-149 | naver-card-10527-benefit-150 | naver-card-10527-benefit-151 | naver-card-10527-benefit-152 | naver-card-10527-benefit-153 | naver-card-10527-benefit-154 | naver-card-10527-benefit-155 | naver-card-10527-benefit-156 | naver-card-10527-benefit-157 | naver-card-10527-benefit-158 | naver-card-10527-benefit-159 | naver-card-10527-benefit-160 | naver-card-10527-benefit-161 | naver-card-10527-benefit-162 | naver-card-10527-benefit-163 | naver-card-10527-benefit-164 | naver-card-10527-benefit-165 | naver-card-10527-benefit-166 | naver-card-10527-benefit-167 | naver-card-10527-benefit-168 | naver-card-10527-benefit-169 | naver-card-10527-benefit-170 | naver-card-10527-benefit-171 | naver-card-10527-benefit-172","false","fallback_from_existing_normalized_card","2026-06-11T13:04:13.065Z"
"naver-card-10634-tier-1-300000-main-cap","naver-card-10634","main_monthly_cap","naver-card-10634-tier-1-300000","1000","naver-card-10634-benefit-1 | naver-card-10634-benefit-2 | naver-card-10634-benefit-3 | naver-card-10634-benefit-4 | naver-card-10634-benefit-5 | naver-card-10634-benefit-6 | naver-card-10634-benefit-7 | naver-card-10634-benefit-8 | naver-card-10634-benefit-9 | naver-card-10634-benefit-10 | naver-card-10634-benefit-11 | naver-card-10634-benefit-12 | naver-card-10634-benefit-13 | naver-card-10634-benefit-14 | naver-card-10634-benefit-15 | naver-card-10634-benefit-16 | naver-card-10634-benefit-17 | naver-card-10634-benefit-18 | naver-card-10634-benefit-19 | naver-card-10634-benefit-20 | naver-card-10634-benefit-21 | naver-card-10634-benefit-22 | naver-card-10634-benefit-23 | naver-card-10634-benefit-24 | naver-card-10634-benefit-25 | naver-card-10634-benefit-26 | naver-card-10634-benefit-27 | naver-card-10634-benefit-28 | naver-card-10634-benefit-29 | naver-card-10634-benefit-30 | naver-card-10634-benefit-31 | naver-card-10634-benefit-32 | naver-card-10634-benefit-33 | naver-card-10634-benefit-34 | naver-card-10634-benefit-35 | naver-card-10634-benefit-36 | naver-card-10634-benefit-37 | naver-card-10634-benefit-38 | naver-card-10634-benefit-39 | naver-card-10634-benefit-40 | naver-card-10634-benefit-41 | naver-card-10634-benefit-42 | naver-card-10634-benefit-43 | naver-card-10634-benefit-44 | naver-card-10634-benefit-45 | naver-card-10634-benefit-46 | naver-card-10634-benefit-47 | naver-card-10634-benefit-48 | naver-card-10634-benefit-49 | naver-card-10634-benefit-50 | naver-card-10634-benefit-51 | naver-card-10634-benefit-52 | naver-card-10634-benefit-53 | naver-card-10634-benefit-54 | naver-card-10634-benefit-55 | naver-card-10634-benefit-56 | naver-card-10634-benefit-57 | naver-card-10634-benefit-58 | naver-card-10634-benefit-59 | naver-card-10634-benefit-60 | naver-card-10634-benefit-61 | naver-card-10634-benefit-62 | naver-card-10634-benefit-63 | naver-card-10634-benefit-64 | naver-card-10634-benefit-65 | naver-card-10634-benefit-66 | naver-card-10634-benefit-67 | naver-card-10634-benefit-68 | naver-card-10634-benefit-69 | naver-card-10634-benefit-70 | naver-card-10634-benefit-71 | naver-card-10634-benefit-72 | naver-card-10634-benefit-73 | naver-card-10634-benefit-74 | naver-card-10634-benefit-75 | naver-card-10634-benefit-76 | naver-card-10634-benefit-77 | naver-card-10634-benefit-78 | naver-card-10634-benefit-79 | naver-card-10634-benefit-80 | naver-card-10634-benefit-81 | naver-card-10634-benefit-82 | naver-card-10634-benefit-83 | naver-card-10634-benefit-84 | naver-card-10634-benefit-85 | naver-card-10634-benefit-86","false","fallback_from_existing_normalized_card","2026-06-11T13:04:13.065Z"
"naver-card-10277-tier-1-0-main-cap","naver-card-10277","main_monthly_cap","naver-card-10277-tier-1-0","100000","naver-card-10277-benefit-1 | naver-card-10277-benefit-2 | naver-card-10277-benefit-3 | naver-card-10277-benefit-4 | naver-card-10277-benefit-5 | naver-card-10277-benefit-6 | naver-card-10277-benefit-7 | naver-card-10277-benefit-8 | naver-card-10277-benefit-9 | naver-card-10277-benefit-10 | naver-card-10277-benefit-11 | naver-card-10277-benefit-12 | naver-card-10277-benefit-13 | naver-card-10277-benefit-14 | naver-card-10277-benefit-15 | naver-card-10277-benefit-16 | naver-card-10277-benefit-17 | naver-card-10277-benefit-18 | naver-card-10277-benefit-19 | naver-card-10277-benefit-20 | naver-card-10277-benefit-21 | naver-card-10277-benefit-22 | naver-card-10277-benefit-23 | naver-card-10277-benefit-24 | naver-card-10277-benefit-25 | naver-card-10277-benefit-26 | naver-card-10277-benefit-27 | naver-card-10277-benefit-28 | naver-card-10277-benefit-29 | naver-card-10277-benefit-30 | naver-card-10277-benefit-31 | naver-card-10277-benefit-32 | naver-card-10277-benefit-33 | naver-card-10277-benefit-34 | naver-card-10277-benefit-35 | naver-card-10277-benefit-36 | naver-card-10277-benefit-37 | naver-card-10277-benefit-38 | naver-card-10277-benefit-39 | naver-card-10277-benefit-40 | naver-card-10277-benefit-41 | naver-card-10277-benefit-42 | naver-card-10277-benefit-43 | naver-card-10277-benefit-44 | naver-card-10277-benefit-45 | naver-card-10277-benefit-46 | naver-card-10277-benefit-47 | naver-card-10277-benefit-48 | naver-card-10277-benefit-49 | naver-card-10277-benefit-50 | naver-card-10277-benefit-51 | naver-card-10277-benefit-52 | naver-card-10277-benefit-53 | naver-card-10277-benefit-54 | naver-card-10277-benefit-55 | naver-card-10277-benefit-56 | naver-card-10277-benefit-57 | naver-card-10277-benefit-58 | naver-card-10277-benefit-59 | naver-card-10277-benefit-60 | naver-card-10277-benefit-61 | naver-card-10277-benefit-62 | naver-card-10277-benefit-63 | naver-card-10277-benefit-64 | naver-card-10277-benefit-65 | naver-card-10277-benefit-66 | naver-card-10277-benefit-67 | naver-card-10277-benefit-68 | naver-card-10277-benefit-69 | naver-card-10277-benefit-70 | naver-card-10277-benefit-71 | naver-card-10277-benefit-72 | naver-card-10277-benefit-73 | naver-card-10277-benefit-74 | naver-card-10277-benefit-75 | naver-card-10277-benefit-76 | naver-card-10277-benefit-77 | naver-card-10277-benefit-78 | naver-card-10277-benefit-79 | naver-card-10277-benefit-80 | naver-card-10277-benefit-81 | naver-card-10277-benefit-82 | naver-card-10277-benefit-83 | naver-card-10277-benefit-84 | naver-card-10277-benefit-85 | naver-card-10277-benefit-86 | naver-card-10277-benefit-87 | naver-card-10277-benefit-88 | naver-card-10277-benefit-89 | naver-card-10277-benefit-90","false","fallback_from_existing_normalized_card","2026-06-11T13:04:13.065Z"
"naver-card-4096-tier-1-500000-main-cap","naver-card-4096","main_monthly_cap","naver-card-4096-tier-1-500000","5000","naver-card-4096-benefit-1 | naver-card-4096-benefit-2 | naver-card-4096-benefit-3 | naver-card-4096-benefit-4 | naver-card-4096-benefit-5 | naver-card-4096-benefit-6 | naver-card-4096-benefit-7 | naver-card-4096-benefit-8 | naver-card-4096-benefit-9 | naver-card-4096-benefit-10 | naver-card-4096-benefit-11 | naver-card-4096-benefit-12 | naver-card-4096-benefit-13 | naver-card-4096-benefit-14 | naver-card-4096-benefit-15 | naver-card-4096-benefit-16 | naver-card-4096-benefit-17 | naver-card-4096-benefit-18 | naver-card-4096-benefit-19 | naver-card-4096-benefit-20 | naver-card-4096-benefit-21 | naver-card-4096-benefit-22 | naver-card-4096-benefit-23 | naver-card-4096-benefit-24 | naver-card-4096-benefit-25 | naver-card-4096-benefit-26 | naver-card-4096-benefit-27 | naver-card-4096-benefit-28 | naver-card-4096-benefit-29 | naver-card-4096-benefit-30 | naver-card-4096-benefit-31 | naver-card-4096-benefit-32 | naver-card-4096-benefit-33 | naver-card-4096-benefit-34 | naver-card-4096-benefit-35 | naver-card-4096-benefit-36 | naver-card-4096-benefit-37 | naver-card-4096-benefit-38 | naver-card-4096-benefit-39 | naver-card-4096-benefit-40 | naver-card-4096-benefit-41 | naver-card-4096-benefit-42 | naver-card-4096-benefit-43 | naver-card-4096-benefit-44 | naver-card-4096-benefit-45 | naver-card-4096-benefit-46 | naver-card-4096-benefit-47 | naver-card-4096-benefit-48 | naver-card-4096-benefit-49 | naver-card-4096-benefit-50 | naver-card-4096-benefit-51 | naver-card-4096-benefit-52 | naver-card-4096-benefit-53 | naver-card-4096-benefit-54 | naver-card-4096-benefit-55 | naver-card-4096-benefit-56 | naver-card-4096-benefit-57 | naver-card-4096-benefit-58 | naver-card-4096-benefit-59","false","fallback_from_existing_normalized_card","2026-06-11T13:04:13.065Z"
"naver-card-10567-tier-1-300000-main-cap","naver-card-10567","main_monthly_cap","naver-card-10567-tier-1-300000","200000","naver-card-10567-benefit-1 | naver-card-10567-benefit-2 | naver-card-10567-benefit-3 | naver-card-10567-benefit-4 | naver-card-10567-benefit-5 | naver-card-10567-benefit-6 | naver-card-10567-benefit-7 | naver-card-10567-benefit-8 | naver-card-10567-benefit-9 | naver-card-10567-benefit-10 | naver-card-10567-benefit-11 | naver-card-10567-benefit-12 | naver-card-10567-benefit-13 | naver-card-10567-benefit-14 | naver-card-10567-benefit-15 | naver-card-10567-benefit-16 | naver-card-10567-benefit-17 | naver-card-10567-benefit-18 | naver-card-10567-benefit-19 | naver-card-10567-benefit-20 | naver-card-10567-benefit-21 | naver-card-10567-benefit-22 | naver-card-10567-benefit-23 | naver-card-10567-benefit-24 | naver-card-10567-benefit-25 | naver-card-10567-benefit-26 | naver-card-10567-benefit-27 | naver-card-10567-benefit-28 | naver-card-10567-benefit-29 | naver-card-10567-benefit-30 | naver-card-10567-benefit-31 | naver-card-10567-benefit-32 | naver-card-10567-benefit-33 | naver-card-10567-benefit-34 | naver-card-10567-benefit-35 | naver-card-10567-benefit-36 | naver-card-10567-benefit-37 | naver-card-10567-benefit-38 | naver-card-10567-benefit-39 | naver-card-10567-benefit-40 | naver-card-10567-benefit-41 | naver-card-10567-benefit-42 | naver-card-10567-benefit-43 | naver-card-10567-benefit-44 | naver-card-10567-benefit-45 | naver-card-10567-benefit-46 | naver-card-10567-benefit-47 | naver-card-10567-benefit-48 | naver-card-10567-benefit-49 | naver-card-10567-benefit-50 | naver-card-10567-benefit-51 | naver-card-10567-benefit-52 | naver-card-10567-benefit-53 | naver-card-10567-benefit-54 | naver-card-10567-benefit-55 | naver-card-10567-benefit-56 | naver-card-10567-benefit-57 | naver-card-10567-benefit-58 | naver-card-10567-benefit-59 | naver-card-10567-benefit-60 | naver-card-10567-benefit-61 | naver-card-10567-benefit-62 | naver-card-10567-benefit-63 | naver-card-10567-benefit-64 | naver-card-10567-benefit-65 | naver-card-10567-benefit-66 | naver-card-10567-benefit-67 | naver-card-10567-benefit-68 | naver-card-10567-benefit-69 | naver-card-10567-benefit-70 | naver-card-10567-benefit-71 | naver-card-10567-benefit-72 | naver-card-10567-benefit-73 | naver-card-10567-benefit-74 | naver-card-10567-benefit-75 | naver-card-10567-benefit-76 | naver-card-10567-benefit-77 | naver-card-10567-benefit-78 | naver-card-10567-benefit-79 | naver-card-10567-benefit-80 | naver-card-10567-benefit-81 | naver-card-10567-benefit-82 | naver-card-10567-benefit-83 | naver-card-10567-benefit-84 | naver-card-10567-benefit-85 | naver-card-10567-benefit-86 | naver-card-10567-benefit-87 | naver-card-10567-benefit-88 | naver-card-10567-benefit-89 | naver-card-10567-benefit-90 | naver-card-10567-benefit-91 | naver-card-10567-benefit-92 | naver-card-10567-benefit-93","false","fallback_from_existing_normalized_card","2026-06-11T13:04:13.065Z"
"naver-card-10555-tier-1-500000-main-cap","naver-card-10555","main_monthly_cap","naver-card-10555-tier-1-500000","20000","naver-card-10555-benefit-1 | naver-card-10555-benefit-2 | naver-card-10555-benefit-3 | naver-card-10555-benefit-4 | naver-card-10555-benefit-5 | naver-card-10555-benefit-6 | naver-card-10555-benefit-7 | naver-card-10555-benefit-8 | naver-card-10555-benefit-9 | naver-card-10555-benefit-10 | naver-card-10555-benefit-11 | naver-card-10555-benefit-12 | naver-card-10555-benefit-13 | naver-card-10555-benefit-14 | naver-card-10555-benefit-15 | naver-card-10555-benefit-16 | naver-card-10555-benefit-17 | naver-card-10555-benefit-18 | naver-card-10555-benefit-19 | naver-card-10555-benefit-20 | naver-card-10555-benefit-21 | naver-card-10555-benefit-22 | naver-card-10555-benefit-23 | naver-card-10555-benefit-24 | naver-card-10555-benefit-25 | naver-card-10555-benefit-26 | naver-card-10555-benefit-27 | naver-card-10555-benefit-28 | naver-card-10555-benefit-29 | naver-card-10555-benefit-30 | naver-card-10555-benefit-31 | naver-card-10555-benefit-32 | naver-card-10555-benefit-33 | naver-card-10555-benefit-34 | naver-card-10555-benefit-35 | naver-card-10555-benefit-36 | naver-card-10555-benefit-37 | naver-card-10555-benefit-38 | naver-card-10555-benefit-39 | naver-card-10555-benefit-40 | naver-card-10555-benefit-41 | naver-card-10555-benefit-42 | naver-card-10555-benefit-43 | naver-card-10555-benefit-44 | naver-card-10555-benefit-45 | naver-card-10555-benefit-46 | naver-card-10555-benefit-47 | naver-card-10555-benefit-48 | naver-card-10555-benefit-49 | naver-card-10555-benefit-50 | naver-card-10555-benefit-51 | naver-card-10555-benefit-52 | naver-card-10555-benefit-53 | naver-card-10555-benefit-54 | naver-card-10555-benefit-55 | naver-card-10555-benefit-56 | naver-card-10555-benefit-57 | naver-card-10555-benefit-58 | naver-card-10555-benefit-59 | naver-card-10555-benefit-60 | naver-card-10555-benefit-61 | naver-card-10555-benefit-62","false","fallback_from_existing_normalized_card","2026-06-11T13:04:13.065Z"
"naver-card-10505-tier-1-400000-main-cap","naver-card-10505","main_monthly_cap","naver-card-10505-tier-1-400000","10000","naver-card-10505-benefit-1 | naver-card-10505-benefit-2 | naver-card-10505-benefit-3 | naver-card-10505-benefit-4 | naver-card-10505-benefit-5 | naver-card-10505-benefit-6 | naver-card-10505-benefit-7 | naver-card-10505-benefit-8 | naver-card-10505-benefit-9 | naver-card-10505-benefit-10 | naver-card-10505-benefit-11 | naver-card-10505-benefit-12 | naver-card-10505-benefit-13 | naver-card-10505-benefit-14 | naver-card-10505-benefit-15 | naver-card-10505-benefit-16 | naver-card-10505-benefit-17","false","fallback_from_existing_normalized_card","2026-06-11T13:04:13.065Z"
"naver-card-10241-tier-1-400000-main-cap","naver-card-10241","main_monthly_cap","naver-card-10241-tier-1-400000","2000","naver-card-10241-benefit-1 | naver-card-10241-benefit-2 | naver-card-10241-benefit-3 | naver-card-10241-benefit-4 | naver-card-10241-benefit-5 | naver-card-10241-benefit-6 | naver-card-10241-benefit-7 | naver-card-10241-benefit-8 | naver-card-10241-benefit-9 | naver-card-10241-benefit-10 | naver-card-10241-benefit-11 | naver-card-10241-benefit-12 | naver-card-10241-benefit-13 | naver-card-10241-benefit-14 | naver-card-10241-benefit-15 | naver-card-10241-benefit-16 | naver-card-10241-benefit-17 | naver-card-10241-benefit-18 | naver-card-10241-benefit-19 | naver-card-10241-benefit-20 | naver-card-10241-benefit-21 | naver-card-10241-benefit-22 | naver-card-10241-benefit-23 | naver-card-10241-benefit-24","false","fallback_from_existing_normalized_card","2026-06-11T13:04:13.065Z"
"naver-card-10477-tier-1-300000-main-cap","naver-card-10477","main_monthly_cap","naver-card-10477-tier-1-300000","20000","naver-card-10477-benefit-1 | naver-card-10477-benefit-2 | naver-card-10477-benefit-3 | naver-card-10477-benefit-4 | naver-card-10477-benefit-5 | naver-card-10477-benefit-6 | naver-card-10477-benefit-7 | naver-card-10477-benefit-8 | naver-card-10477-benefit-9 | naver-card-10477-benefit-10 | naver-card-10477-benefit-11 | naver-card-10477-benefit-12 | naver-card-10477-benefit-13 | naver-card-10477-benefit-14 | naver-card-10477-benefit-15 | naver-card-10477-benefit-16 | naver-card-10477-benefit-17 | naver-card-10477-benefit-18 | naver-card-10477-benefit-19 | naver-card-10477-benefit-20 | naver-card-10477-benefit-21 | naver-card-10477-benefit-22 | naver-card-10477-benefit-23 | naver-card-10477-benefit-24 | naver-card-10477-benefit-25 | naver-card-10477-benefit-26 | naver-card-10477-benefit-27 | naver-card-10477-benefit-28 | naver-card-10477-benefit-29 | naver-card-10477-benefit-30 | naver-card-10477-benefit-31 | naver-card-10477-benefit-32 | naver-card-10477-benefit-33 | naver-card-10477-benefit-34 | naver-card-10477-benefit-35 | naver-card-10477-benefit-36 | naver-card-10477-benefit-37 | naver-card-10477-benefit-38 | naver-card-10477-benefit-39 | naver-card-10477-benefit-40 | naver-card-10477-benefit-41 | naver-card-10477-benefit-42 | naver-card-10477-benefit-43 | naver-card-10477-benefit-44 | naver-card-10477-benefit-45 | naver-card-10477-benefit-46 | naver-card-10477-benefit-47 | naver-card-10477-benefit-48","false","fallback_from_existing_normalized_card","2026-06-11T13:04:13.065Z"
"naver-card-10211-tier-1-300000-main-cap","naver-card-10211","main_monthly_cap","naver-card-10211-tier-1-300000","300000","naver-card-10211-benefit-1 | naver-card-10211-benefit-2 | naver-card-10211-benefit-3 | naver-card-10211-benefit-4 | naver-card-10211-benefit-5 | naver-card-10211-benefit-6 | naver-card-10211-benefit-7 | naver-card-10211-benefit-8 | naver-card-10211-benefit-9 | naver-card-10211-benefit-10","false","fallback_from_existing_normalized_card","2026-06-11T13:04:13.065Z"
"naver-card-10445-tier-1-500000-main-cap","naver-card-10445","main_monthly_cap","naver-card-10445-tier-1-500000","30000","naver-card-10445-benefit-1 | naver-card-10445-benefit-2 | naver-card-10445-benefit-3 | naver-card-10445-benefit-4 | naver-card-10445-benefit-5 | naver-card-10445-benefit-6 | naver-card-10445-benefit-7 | naver-card-10445-benefit-8 | naver-card-10445-benefit-9 | naver-card-10445-benefit-10 | naver-card-10445-benefit-11 | naver-card-10445-benefit-12 | naver-card-10445-benefit-13 | naver-card-10445-benefit-14 | naver-card-10445-benefit-15 | naver-card-10445-benefit-16 | naver-card-10445-benefit-17 | naver-card-10445-benefit-18 | naver-card-10445-benefit-19 | naver-card-10445-benefit-20 | naver-card-10445-benefit-21 | naver-card-10445-benefit-22 | naver-card-10445-benefit-23 | naver-card-10445-benefit-24 | naver-card-10445-benefit-25","false","fallback_from_existing_normalized_card","2026-06-11T13:04:13.065Z"
"naver-card-10419-tier-1-400000-main-cap","naver-card-10419","main_monthly_cap","naver-card-10419-tier-1-400000","15000","naver-card-10419-benefit-1 | naver-card-10419-benefit-2 | naver-card-10419-benefit-3 | naver-card-10419-benefit-4 | naver-card-10419-benefit-5 | naver-card-10419-benefit-6 | naver-card-10419-benefit-7 | naver-card-10419-benefit-8 | naver-card-10419-benefit-9 | naver-card-10419-benefit-10 | naver-card-10419-benefit-11 | naver-card-10419-benefit-12 | naver-card-10419-benefit-13 | naver-card-10419-benefit-14 | naver-card-10419-benefit-15 | naver-card-10419-benefit-16 | naver-card-10419-benefit-17","false","fallback_from_existing_normalized_card","2026-06-11T13:04:13.065Z"
"naver-card-10571-tier-1-1000000-main-cap","naver-card-10571","main_monthly_cap","naver-card-10571-tier-1-1000000","200000","naver-card-10571-benefit-1 | naver-card-10571-benefit-2 | naver-card-10571-benefit-3 | naver-card-10571-benefit-4 | naver-card-10571-benefit-5 | naver-card-10571-benefit-6 | naver-card-10571-benefit-7 | naver-card-10571-benefit-8 | naver-card-10571-benefit-9 | naver-card-10571-benefit-10 | naver-card-10571-benefit-11 | naver-card-10571-benefit-12 | naver-card-10571-benefit-13 | naver-card-10571-benefit-14 | naver-card-10571-benefit-15 | naver-card-10571-benefit-16 | naver-card-10571-benefit-17 | naver-card-10571-benefit-18 | naver-card-10571-benefit-19 | naver-card-10571-benefit-20 | naver-card-10571-benefit-21 | naver-card-10571-benefit-22 | naver-card-10571-benefit-23 | naver-card-10571-benefit-24 | naver-card-10571-benefit-25 | naver-card-10571-benefit-26 | naver-card-10571-benefit-27 | naver-card-10571-benefit-28 | naver-card-10571-benefit-29 | naver-card-10571-benefit-30 | naver-card-10571-benefit-31 | naver-card-10571-benefit-32 | naver-card-10571-benefit-33 | naver-card-10571-benefit-34 | naver-card-10571-benefit-35 | naver-card-10571-benefit-36 | naver-card-10571-benefit-37 | naver-card-10571-benefit-38 | naver-card-10571-benefit-39 | naver-card-10571-benefit-40 | naver-card-10571-benefit-41 | naver-card-10571-benefit-42 | naver-card-10571-benefit-43 | naver-card-10571-benefit-44 | naver-card-10571-benefit-45 | naver-card-10571-benefit-46 | naver-card-10571-benefit-47 | naver-card-10571-benefit-48 | naver-card-10571-benefit-49 | naver-card-10571-benefit-50 | naver-card-10571-benefit-51 | naver-card-10571-benefit-52 | naver-card-10571-benefit-53 | naver-card-10571-benefit-54 | naver-card-10571-benefit-55 | naver-card-10571-benefit-56 | naver-card-10571-benefit-57 | naver-card-10571-benefit-58 | naver-card-10571-benefit-59 | naver-card-10571-benefit-60 | naver-card-10571-benefit-61 | naver-card-10571-benefit-62 | naver-card-10571-benefit-63 | naver-card-10571-benefit-64 | naver-card-10571-benefit-65 | naver-card-10571-benefit-66 | naver-card-10571-benefit-67 | naver-card-10571-benefit-68","false","fallback_from_existing_normalized_card","2026-06-11T13:04:13.065Z"
"naver-card-10495-tier-1-2000000-main-cap","naver-card-10495","main_monthly_cap","naver-card-10495-tier-1-2000000","70000","naver-card-10495-benefit-1 | naver-card-10495-benefit-2 | naver-card-10495-benefit-3 | naver-card-10495-benefit-4 | naver-card-10495-benefit-5 | naver-card-10495-benefit-6 | naver-card-10495-benefit-7 | naver-card-10495-benefit-8 | naver-card-10495-benefit-9 | naver-card-10495-benefit-10 | naver-card-10495-benefit-11 | naver-card-10495-benefit-12 | naver-card-10495-benefit-13 | naver-card-10495-benefit-14 | naver-card-10495-benefit-15 | naver-card-10495-benefit-16 | naver-card-10495-benefit-17","false","fallback_from_existing_normalized_card","2026-06-11T13:04:13.065Z"
"naver-card-2414-tier-1-300000-main-cap","naver-card-2414","main_monthly_cap","naver-card-2414-tier-1-300000","13000","naver-card-2414-benefit-1 | naver-card-2414-benefit-2 | naver-card-2414-benefit-3 | naver-card-2414-benefit-4 | naver-card-2414-benefit-5 | naver-card-2414-benefit-6 | naver-card-2414-benefit-7 | naver-card-2414-benefit-8 | naver-card-2414-benefit-9 | naver-card-2414-benefit-10 | naver-card-2414-benefit-11 | naver-card-2414-benefit-12 | naver-card-2414-benefit-13 | naver-card-2414-benefit-14 | naver-card-2414-benefit-15 | naver-card-2414-benefit-16 | naver-card-2414-benefit-17 | naver-card-2414-benefit-18 | naver-card-2414-benefit-19 | naver-card-2414-benefit-20 | naver-card-2414-benefit-21 | naver-card-2414-benefit-22 | naver-card-2414-benefit-23 | naver-card-2414-benefit-24 | naver-card-2414-benefit-25 | naver-card-2414-benefit-26 | naver-card-2414-benefit-27 | naver-card-2414-benefit-28 | naver-card-2414-benefit-29 | naver-card-2414-benefit-30 | naver-card-2414-benefit-31 | naver-card-2414-benefit-32 | naver-card-2414-benefit-33 | naver-card-2414-benefit-34 | naver-card-2414-benefit-35 | naver-card-2414-benefit-36 | naver-card-2414-benefit-37 | naver-card-2414-benefit-38","false","전월실적 30만원이상 : 1만3천원 할인","2026-06-11T13:04:13.065Z"
"naver-card-2414-tier-2-600000-main-cap","naver-card-2414","main_monthly_cap","naver-card-2414-tier-2-600000","15000","naver-card-2414-benefit-1 | naver-card-2414-benefit-2 | naver-card-2414-benefit-3 | naver-card-2414-benefit-4 | naver-card-2414-benefit-5 | naver-card-2414-benefit-6 | naver-card-2414-benefit-7 | naver-card-2414-benefit-8 | naver-card-2414-benefit-9 | naver-card-2414-benefit-10 | naver-card-2414-benefit-11 | naver-card-2414-benefit-12 | naver-card-2414-benefit-13 | naver-card-2414-benefit-14 | naver-card-2414-benefit-15 | naver-card-2414-benefit-16 | naver-card-2414-benefit-17 | naver-card-2414-benefit-18 | naver-card-2414-benefit-19 | naver-card-2414-benefit-20 | naver-card-2414-benefit-21 | naver-card-2414-benefit-22 | naver-card-2414-benefit-23 | naver-card-2414-benefit-24 | naver-card-2414-benefit-25 | naver-card-2414-benefit-26 | naver-card-2414-benefit-27 | naver-card-2414-benefit-28 | naver-card-2414-benefit-29 | naver-card-2414-benefit-30 | naver-card-2414-benefit-31 | naver-card-2414-benefit-32 | naver-card-2414-benefit-33 | naver-card-2414-benefit-34 | naver-card-2414-benefit-35 | naver-card-2414-benefit-36 | naver-card-2414-benefit-37 | naver-card-2414-benefit-38","false","전월실적 60만원이상 : 1만5천원 할인","2026-06-11T13:04:13.065Z"
"naver-card-2414-tier-3-1000000-main-cap","naver-card-2414","main_monthly_cap","naver-card-2414-tier-3-1000000","20000","naver-card-2414-benefit-1 | naver-card-2414-benefit-2 | naver-card-2414-benefit-3 | naver-card-2414-benefit-4 | naver-card-2414-benefit-5 | naver-card-2414-benefit-6 | naver-card-2414-benefit-7 | naver-card-2414-benefit-8 | naver-card-2414-benefit-9 | naver-card-2414-benefit-10 | naver-card-2414-benefit-11 | naver-card-2414-benefit-12 | naver-card-2414-benefit-13 | naver-card-2414-benefit-14 | naver-card-2414-benefit-15 | naver-card-2414-benefit-16 | naver-card-2414-benefit-17 | naver-card-2414-benefit-18 | naver-card-2414-benefit-19 | naver-card-2414-benefit-20 | naver-card-2414-benefit-21 | naver-card-2414-benefit-22 | naver-card-2414-benefit-23 | naver-card-2414-benefit-24 | naver-card-2414-benefit-25 | naver-card-2414-benefit-26 | naver-card-2414-benefit-27 | naver-card-2414-benefit-28 | naver-card-2414-benefit-29 | naver-card-2414-benefit-30 | naver-card-2414-benefit-31 | naver-card-2414-benefit-32 | naver-card-2414-benefit-33 | naver-card-2414-benefit-34 | naver-card-2414-benefit-35 | naver-card-2414-benefit-36 | naver-card-2414-benefit-37 | naver-card-2414-benefit-38","false","전월실적 100만원이상 : 2만원 할인","2026-06-11T13:04:13.065Z"
"naver-card-10539-tier-1-300000-main-cap","naver-card-10539","main_monthly_cap","naver-card-10539-tier-1-300000","17000","naver-card-10539-benefit-1 | naver-card-10539-benefit-2 | naver-card-10539-benefit-3 | naver-card-10539-benefit-4 | naver-card-10539-benefit-5 | naver-card-10539-benefit-6 | naver-card-10539-benefit-7 | naver-card-10539-benefit-8","false","fallback_from_existing_normalized_card","2026-06-11T13:04:13.065Z"
