"exclusion_id","card_id","scope","item","exported_at"
"naver-card-10623-exclusion-1","naver-card-10623","raw_detected","상품권","2026-06-11T13:04:13.065Z"
"naver-card-10623-exclusion-2","naver-card-10623","raw_detected","선불카드","2026-06-11T13:04:13.065Z"
"naver-card-10623-exclusion-3","naver-card-10623","raw_detected","기프트카드","2026-06-11T13:04:13.065Z"
"naver-card-10623-exclusion-4","naver-card-10623","raw_detected","국세","2026-06-11T13:04:13.065Z"
"naver-card-10623-exclusion-5","naver-card-10623","raw_detected","지방세","2026-06-11T13:04:13.065Z"
"naver-card-10623-exclusion-6","naver-card-10623","raw_detected","공과금","2026-06-11T13:04:13.065Z"
"naver-card-10623-exclusion-7","naver-card-10623","raw_detected","연회비","2026-06-11T13:04:13.065Z"
"naver-card-10623-exclusion-8","naver-card-10623","raw_detected","수수료","2026-06-11T13:04:13.065Z"
"naver-card-10623-exclusion-9","naver-card-10623","raw_detected","무이자할부","2026-06-11T13:04:13.065Z"
"naver-card-10623-exclusion-10","naver-card-10623","raw_detected","현금서비스","2026-06-11T13:04:13.065Z"
"naver-card-10623-exclusion-11","naver-card-10623","raw_detected","카드론","2026-06-11T13:04:13.065Z"
"naver-card-10304-exclusion-1","naver-card-10304","raw_detected","상품권","2026-06-11T13:04:13.065Z"
"naver-card-10304-exclusion-2","naver-card-10304","raw_detected","선불카드","2026-06-11T13:04:13.065Z"
"naver-card-10304-exclusion-3","naver-card-10304","raw_detected","국세","2026-06-11T13:04:13.065Z"
"naver-card-10304-exclusion-4","naver-card-10304","raw_detected","지방세","2026-06-11T13:04:13.065Z"
"naver-card-10304-exclusion-5","naver-card-10304","raw_detected","공과금","2026-06-11T13:04:13.065Z"
"naver-card-10304-exclusion-6","naver-card-10304","raw_detected","아파트관리비","2026-06-11T13:04:13.065Z"
"naver-card-10304-exclusion-7","naver-card-10304","raw_detected","대학등록금","2026-06-11T13:04:13.065Z"
"naver-card-10304-exclusion-8","naver-card-10304","raw_detected","연회비","2026-06-11T13:04:13.065Z"
"naver-card-10304-exclusion-9","naver-card-10304","raw_detected","수수료","2026-06-11T13:04:13.065Z"
"naver-card-10304-exclusion-10","naver-card-10304","raw_detected","무이자할부","2026-06-11T13:04:13.065Z"
"naver-card-10304-exclusion-11","naver-card-10304","raw_detected","현금서비스","2026-06-11T13:04:13.065Z"
"naver-card-10304-exclusion-12","naver-card-10304","raw_detected","카드론","2026-06-11T13:04:13.065Z"
"naver-card-1530-exclusion-1","naver-card-1530","raw_detected","상품권","2026-06-11T13:04:13.065Z"
"naver-card-1530-exclusion-2","naver-card-1530","raw_detected","선불카드","2026-06-11T13:04:13.065Z"
"naver-card-1530-exclusion-3","naver-card-1530","raw_detected","국세","2026-06-11T13:04:13.065Z"
"naver-card-1530-exclusion-4","naver-card-1530","raw_detected","지방세","2026-06-11T13:04:13.065Z"
"naver-card-1530-exclusion-5","naver-card-1530","raw_detected","공과금","2026-06-11T13:04:13.065Z"
"naver-card-1530-exclusion-6","naver-card-1530","raw_detected","연회비","2026-06-11T13:04:13.065Z"
"naver-card-1530-exclusion-7","naver-card-1530","raw_detected","수수료","2026-06-11T13:04:13.065Z"
"naver-card-1530-exclusion-8","naver-card-1530","raw_detected","무이자할부","2026-06-11T13:04:13.065Z"
"naver-card-115-exclusion-1","naver-card-115","raw_detected","상품권","2026-06-11T13:04:13.065Z"
"naver-card-115-exclusion-2","naver-card-115","raw_detected","선불카드","2026-06-11T13:04:13.065Z"
"naver-card-115-exclusion-3","naver-card-115","raw_detected","국세","2026-06-11T13:04:13.065Z"
"naver-card-115-exclusion-4","naver-card-115","raw_detected","지방세","2026-06-11T13:04:13.065Z"
"naver-card-115-exclusion-5","naver-card-115","raw_detected","공과금","2026-06-11T13:04:13.065Z"
"naver-card-115-exclusion-6","naver-card-115","raw_detected","아파트관리비","2026-06-11T13:04:13.065Z"
"naver-card-115-exclusion-7","naver-card-115","raw_detected","연회비","2026-06-11T13:04:13.065Z"
"naver-card-115-exclusion-8","naver-card-115","raw_detected","수수료","2026-06-11T13:04:13.065Z"
"naver-card-115-exclusion-9","naver-card-115","raw_detected","무이자할부","2026-06-11T13:04:13.065Z"
"naver-card-115-exclusion-10","naver-card-115","raw_detected","현금서비스","2026-06-11T13:04:13.065Z"
"naver-card-115-exclusion-11","naver-card-115","raw_detected","카드론","2026-06-11T13:04:13.065Z"
"naver-card-10216-exclusion-1","naver-card-10216","raw_detected","연회비","2026-06-11T13:04:13.065Z"
"naver-card-10216-exclusion-2","naver-card-10216","raw_detected","카드론","2026-06-11T13:04:13.065Z"
"naver-card-10216-exclusion-3","naver-card-10216","raw_detected","상품권","2026-06-11T13:04:13.065Z"
"naver-card-10216-exclusion-4","naver-card-10216","raw_detected","선불카드","2026-06-11T13:04:13.065Z"
"naver-card-10216-exclusion-5","naver-card-10216","raw_detected","국세","2026-06-11T13:04:13.065Z"
"naver-card-10216-exclusion-6","naver-card-10216","raw_detected","지방세","2026-06-11T13:04:13.065Z"
"naver-card-10216-exclusion-7","naver-card-10216","raw_detected","공과금","2026-06-11T13:04:13.065Z"
"naver-card-10216-exclusion-8","naver-card-10216","raw_detected","보험료","2026-06-11T13:04:13.065Z"
"naver-card-10216-exclusion-9","naver-card-10216","raw_detected","수수료","2026-06-11T13:04:13.065Z"
"naver-card-10216-exclusion-10","naver-card-10216","raw_detected","무이자할부","2026-06-11T13:04:13.065Z"
"naver-card-10216-exclusion-11","naver-card-10216","raw_detected","현금서비스","2026-06-11T13:04:13.065Z"
"naver-card-10332-exclusion-1","naver-card-10332","raw_detected","상품권","2026-06-11T13:04:13.065Z"
"naver-card-10332-exclusion-2","naver-card-10332","raw_detected","선불카드","2026-06-11T13:04:13.065Z"
"naver-card-10332-exclusion-3","naver-card-10332","raw_detected","국세","2026-06-11T13:04:13.065Z"
"naver-card-10332-exclusion-4","naver-card-10332","raw_detected","지방세","2026-06-11T13:04:13.065Z"
"naver-card-10332-exclusion-5","naver-card-10332","raw_detected","공과금","2026-06-11T13:04:13.065Z"
"naver-card-10332-exclusion-6","naver-card-10332","raw_detected","아파트관리비","2026-06-11T13:04:13.065Z"
"naver-card-10332-exclusion-7","naver-card-10332","raw_detected","보험료","2026-06-11T13:04:13.065Z"
"naver-card-10332-exclusion-8","naver-card-10332","raw_detected","연회비","2026-06-11T13:04:13.065Z"
"naver-card-10332-exclusion-9","naver-card-10332","raw_detected","수수료","2026-06-11T13:04:13.065Z"
"naver-card-10332-exclusion-10","naver-card-10332","raw_detected","무이자할부","2026-06-11T13:04:13.065Z"
"naver-card-10332-exclusion-11","naver-card-10332","raw_detected","현금서비스","2026-06-11T13:04:13.065Z"
"naver-card-10332-exclusion-12","naver-card-10332","raw_detected","카드론","2026-06-11T13:04:13.065Z"
"naver-card-10105-exclusion-1","naver-card-10105","raw_detected","상품권","2026-06-11T13:04:13.065Z"
"naver-card-10105-exclusion-2","naver-card-10105","raw_detected","선불카드","2026-06-11T13:04:13.065Z"
"naver-card-10105-exclusion-3","naver-card-10105","raw_detected","국세","2026-06-11T13:04:13.065Z"
"naver-card-10105-exclusion-4","naver-card-10105","raw_detected","지방세","2026-06-11T13:04:13.065Z"
"naver-card-10105-exclusion-5","naver-card-10105","raw_detected","공과금","2026-06-11T13:04:13.065Z"
"naver-card-10105-exclusion-6","naver-card-10105","raw_detected","아파트관리비","2026-06-11T13:04:13.065Z"
"naver-card-10105-exclusion-7","naver-card-10105","raw_detected","대학등록금","2026-06-11T13:04:13.065Z"
"naver-card-10105-exclusion-8","naver-card-10105","raw_detected","연회비","2026-06-11T13:04:13.065Z"
"naver-card-10105-exclusion-9","naver-card-10105","raw_detected","수수료","2026-06-11T13:04:13.065Z"
"naver-card-10105-exclusion-10","naver-card-10105","raw_detected","무이자할부","2026-06-11T13:04:13.065Z"
"naver-card-10105-exclusion-11","naver-card-10105","raw_detected","현금서비스","2026-06-11T13:04:13.065Z"
"naver-card-10105-exclusion-12","naver-card-10105","raw_detected","카드론","2026-06-11T13:04:13.065Z"
"naver-card-10105-exclusion-13","naver-card-10105","raw_detected","포인트 충전","2026-06-11T13:04:13.065Z"
"naver-card-1408-exclusion-1","naver-card-1408","raw_detected","선불카드","2026-06-11T13:04:13.065Z"
"naver-card-1408-exclusion-2","naver-card-1408","raw_detected","기프트카드","2026-06-11T13:04:13.065Z"
"naver-card-1408-exclusion-3","naver-card-1408","raw_detected","공과금","2026-06-11T13:04:13.065Z"
"naver-card-1408-exclusion-4","naver-card-1408","raw_detected","연회비","2026-06-11T13:04:13.065Z"
"naver-card-1408-exclusion-5","naver-card-1408","raw_detected","수수료","2026-06-11T13:04:13.065Z"
"naver-card-1408-exclusion-6","naver-card-1408","raw_detected","상품권","2026-06-11T13:04:13.065Z"
"naver-card-1294-exclusion-1","naver-card-1294","raw_detected","상품권","2026-06-11T13:04:13.065Z"
"naver-card-1294-exclusion-2","naver-card-1294","raw_detected","선불카드","2026-06-11T13:04:13.065Z"
"naver-card-1294-exclusion-3","naver-card-1294","raw_detected","공과금","2026-06-11T13:04:13.065Z"
"naver-card-1294-exclusion-4","naver-card-1294","raw_detected","아파트관리비","2026-06-11T13:04:13.065Z"
"naver-card-1294-exclusion-5","naver-card-1294","raw_detected","연회비","2026-06-11T13:04:13.065Z"
"naver-card-1294-exclusion-6","naver-card-1294","raw_detected","수수료","2026-06-11T13:04:13.065Z"
"naver-card-1294-exclusion-7","naver-card-1294","raw_detected","무이자할부","2026-06-11T13:04:13.065Z"
"naver-card-1294-exclusion-8","naver-card-1294","raw_detected","현금서비스","2026-06-11T13:04:13.065Z"
"naver-card-1294-exclusion-9","naver-card-1294","raw_detected","카드론","2026-06-11T13:04:13.065Z"
"naver-card-10611-exclusion-1","naver-card-10611","raw_detected","상품권","2026-06-11T13:04:13.065Z"
"naver-card-10611-exclusion-2","naver-card-10611","raw_detected","선불카드","2026-06-11T13:04:13.065Z"
"naver-card-10611-exclusion-3","naver-card-10611","raw_detected","지방세","2026-06-11T13:04:13.065Z"
"naver-card-10611-exclusion-4","naver-card-10611","raw_detected","연회비","2026-06-11T13:04:13.065Z"
"naver-card-10611-exclusion-5","naver-card-10611","raw_detected","수수료","2026-06-11T13:04:13.065Z"
"naver-card-10611-exclusion-6","naver-card-10611","raw_detected","무이자할부","2026-06-11T13:04:13.065Z"
"naver-card-10611-exclusion-7","naver-card-10611","raw_detected","현금서비스","2026-06-11T13:04:13.065Z"
"naver-card-10611-exclusion-8","naver-card-10611","raw_detected","카드론","2026-06-11T13:04:13.065Z"
"naver-card-10375-exclusion-1","naver-card-10375","raw_detected","상품권","2026-06-11T13:04:13.065Z"
"naver-card-10375-exclusion-2","naver-card-10375","raw_detected","선불카드","2026-06-11T13:04:13.065Z"
"naver-card-10375-exclusion-3","naver-card-10375","raw_detected","국세","2026-06-11T13:04:13.065Z"
"naver-card-10375-exclusion-4","naver-card-10375","raw_detected","지방세","2026-06-11T13:04:13.065Z"
"naver-card-10375-exclusion-5","naver-card-10375","raw_detected","공과금","2026-06-11T13:04:13.065Z"
"naver-card-10375-exclusion-6","naver-card-10375","raw_detected","아파트관리비","2026-06-11T13:04:13.065Z"
"naver-card-10375-exclusion-7","naver-card-10375","raw_detected","연회비","2026-06-11T13:04:13.065Z"
"naver-card-10375-exclusion-8","naver-card-10375","raw_detected","수수료","2026-06-11T13:04:13.065Z"
"naver-card-10375-exclusion-9","naver-card-10375","raw_detected","무이자할부","2026-06-11T13:04:13.065Z"
"naver-card-10375-exclusion-10","naver-card-10375","raw_detected","현금서비스","2026-06-11T13:04:13.065Z"
"naver-card-10375-exclusion-11","naver-card-10375","raw_detected","카드론","2026-06-11T13:04:13.065Z"
"naver-card-10375-exclusion-12","naver-card-10375","raw_detected","포인트 충전","2026-06-11T13:04:13.065Z"
"naver-card-10303-exclusion-1","naver-card-10303","raw_detected","상품권","2026-06-11T13:04:13.065Z"
"naver-card-10303-exclusion-2","naver-card-10303","raw_detected","선불카드","2026-06-11T13:04:13.065Z"
"naver-card-10303-exclusion-3","naver-card-10303","raw_detected","국세","2026-06-11T13:04:13.065Z"
"naver-card-10303-exclusion-4","naver-card-10303","raw_detected","지방세","2026-06-11T13:04:13.065Z"
"naver-card-10303-exclusion-5","naver-card-10303","raw_detected","공과금","2026-06-11T13:04:13.065Z"
"naver-card-10303-exclusion-6","naver-card-10303","raw_detected","아파트관리비","2026-06-11T13:04:13.065Z"
"naver-card-10303-exclusion-7","naver-card-10303","raw_detected","대학등록금","2026-06-11T13:04:13.065Z"
"naver-card-10303-exclusion-8","naver-card-10303","raw_detected","연회비","2026-06-11T13:04:13.065Z"
"naver-card-10303-exclusion-9","naver-card-10303","raw_detected","수수료","2026-06-11T13:04:13.065Z"
"naver-card-10303-exclusion-10","naver-card-10303","raw_detected","무이자할부","2026-06-11T13:04:13.065Z"
"naver-card-10303-exclusion-11","naver-card-10303","raw_detected","현금서비스","2026-06-11T13:04:13.065Z"
"naver-card-10303-exclusion-12","naver-card-10303","raw_detected","카드론","2026-06-11T13:04:13.065Z"
"naver-card-10303-exclusion-13","naver-card-10303","raw_detected","포인트 충전","2026-06-11T13:04:13.065Z"
"naver-card-10305-exclusion-1","naver-card-10305","raw_detected","상품권","2026-06-11T13:04:13.065Z"
"naver-card-10305-exclusion-2","naver-card-10305","raw_detected","국세","2026-06-11T13:04:13.065Z"
"naver-card-10305-exclusion-3","naver-card-10305","raw_detected","지방세","2026-06-11T13:04:13.065Z"
"naver-card-10305-exclusion-4","naver-card-10305","raw_detected","공과금","2026-06-11T13:04:13.065Z"
"naver-card-10305-exclusion-5","naver-card-10305","raw_detected","연회비","2026-06-11T13:04:13.065Z"
"naver-card-10305-exclusion-6","naver-card-10305","raw_detected","수수료","2026-06-11T13:04:13.065Z"
"naver-card-10305-exclusion-7","naver-card-10305","raw_detected","무이자할부","2026-06-11T13:04:13.065Z"
"naver-card-10305-exclusion-8","naver-card-10305","raw_detected","현금서비스","2026-06-11T13:04:13.065Z"
"naver-card-10305-exclusion-9","naver-card-10305","raw_detected","선불카드","2026-06-11T13:04:13.065Z"
"naver-card-10305-exclusion-10","naver-card-10305","raw_detected","아파트관리비","2026-06-11T13:04:13.065Z"
"naver-card-10305-exclusion-11","naver-card-10305","raw_detected","대학등록금","2026-06-11T13:04:13.065Z"
"naver-card-10305-exclusion-12","naver-card-10305","raw_detected","카드론","2026-06-11T13:04:13.065Z"
"naver-card-10305-exclusion-13","naver-card-10305","raw_detected","포인트 충전","2026-06-11T13:04:13.065Z"
"naver-card-10141-exclusion-1","naver-card-10141","raw_detected","상품권","2026-06-11T13:04:13.065Z"
"naver-card-10141-exclusion-2","naver-card-10141","raw_detected","선불카드","2026-06-11T13:04:13.065Z"
"naver-card-10141-exclusion-3","naver-card-10141","raw_detected","국세","2026-06-11T13:04:13.065Z"
"naver-card-10141-exclusion-4","naver-card-10141","raw_detected","지방세","2026-06-11T13:04:13.065Z"
"naver-card-10141-exclusion-5","naver-card-10141","raw_detected","공과금","2026-06-11T13:04:13.065Z"
"naver-card-10141-exclusion-6","naver-card-10141","raw_detected","아파트관리비","2026-06-11T13:04:13.065Z"
"naver-card-10141-exclusion-7","naver-card-10141","raw_detected","대학등록금","2026-06-11T13:04:13.065Z"
"naver-card-10141-exclusion-8","naver-card-10141","raw_detected","보험료","2026-06-11T13:04:13.065Z"
"naver-card-10141-exclusion-9","naver-card-10141","raw_detected","연회비","2026-06-11T13:04:13.065Z"
"naver-card-10141-exclusion-10","naver-card-10141","raw_detected","수수료","2026-06-11T13:04:13.065Z"
"naver-card-10141-exclusion-11","naver-card-10141","raw_detected","무이자할부","2026-06-11T13:04:13.065Z"
"naver-card-10141-exclusion-12","naver-card-10141","raw_detected","현금서비스","2026-06-11T13:04:13.065Z"
"naver-card-10141-exclusion-13","naver-card-10141","raw_detected","카드론","2026-06-11T13:04:13.065Z"
"naver-card-10615-exclusion-1","naver-card-10615","raw_detected","상품권","2026-06-11T13:04:13.065Z"
"naver-card-10615-exclusion-2","naver-card-10615","raw_detected","선불카드","2026-06-11T13:04:13.065Z"
"naver-card-10615-exclusion-3","naver-card-10615","raw_detected","국세","2026-06-11T13:04:13.065Z"
"naver-card-10615-exclusion-4","naver-card-10615","raw_detected","지방세","2026-06-11T13:04:13.065Z"
"naver-card-10615-exclusion-5","naver-card-10615","raw_detected","공과금","2026-06-11T13:04:13.065Z"
"naver-card-10615-exclusion-6","naver-card-10615","raw_detected","아파트관리비","2026-06-11T13:04:13.065Z"
"naver-card-10615-exclusion-7","naver-card-10615","raw_detected","연회비","2026-06-11T13:04:13.065Z"
"naver-card-10615-exclusion-8","naver-card-10615","raw_detected","수수료","2026-06-11T13:04:13.065Z"
"naver-card-10615-exclusion-9","naver-card-10615","raw_detected","무이자할부","2026-06-11T13:04:13.065Z"
"naver-card-10615-exclusion-10","naver-card-10615","raw_detected","현금서비스","2026-06-11T13:04:13.065Z"
"naver-card-10615-exclusion-11","naver-card-10615","raw_detected","카드론","2026-06-11T13:04:13.065Z"
"naver-card-10615-exclusion-12","naver-card-10615","raw_detected","포인트 충전","2026-06-11T13:04:13.065Z"
"naver-card-1684-exclusion-1","naver-card-1684","raw_detected","연회비","2026-06-11T13:04:13.065Z"
"naver-card-1684-exclusion-2","naver-card-1684","raw_detected","수수료","2026-06-11T13:04:13.065Z"
"naver-card-1684-exclusion-3","naver-card-1684","raw_detected","현금서비스","2026-06-11T13:04:13.065Z"
"naver-card-10309-exclusion-1","naver-card-10309","raw_detected","상품권","2026-06-11T13:04:13.065Z"
"naver-card-10309-exclusion-2","naver-card-10309","raw_detected","선불카드","2026-06-11T13:04:13.065Z"
"naver-card-10309-exclusion-3","naver-card-10309","raw_detected","국세","2026-06-11T13:04:13.065Z"
"naver-card-10309-exclusion-4","naver-card-10309","raw_detected","지방세","2026-06-11T13:04:13.065Z"
"naver-card-10309-exclusion-5","naver-card-10309","raw_detected","공과금","2026-06-11T13:04:13.065Z"
"naver-card-10309-exclusion-6","naver-card-10309","raw_detected","아파트관리비","2026-06-11T13:04:13.065Z"
"naver-card-10309-exclusion-7","naver-card-10309","raw_detected","대학등록금","2026-06-11T13:04:13.065Z"
"naver-card-10309-exclusion-8","naver-card-10309","raw_detected","연회비","2026-06-11T13:04:13.065Z"
"naver-card-10309-exclusion-9","naver-card-10309","raw_detected","수수료","2026-06-11T13:04:13.065Z"
"naver-card-10309-exclusion-10","naver-card-10309","raw_detected","현금서비스","2026-06-11T13:04:13.065Z"
"naver-card-10309-exclusion-11","naver-card-10309","raw_detected","카드론","2026-06-11T13:04:13.065Z"
"naver-card-10309-exclusion-12","naver-card-10309","raw_detected","포인트 충전","2026-06-11T13:04:13.065Z"
"naver-card-10307-exclusion-1","naver-card-10307","raw_detected","상품권","2026-06-11T13:04:13.065Z"
"naver-card-10307-exclusion-2","naver-card-10307","raw_detected","선불카드","2026-06-11T13:04:13.065Z"
"naver-card-10307-exclusion-3","naver-card-10307","raw_detected","기프트카드","2026-06-11T13:04:13.065Z"
"naver-card-10307-exclusion-4","naver-card-10307","raw_detected","국세","2026-06-11T13:04:13.065Z"
"naver-card-10307-exclusion-5","naver-card-10307","raw_detected","지방세","2026-06-11T13:04:13.065Z"
"naver-card-10307-exclusion-6","naver-card-10307","raw_detected","공과금","2026-06-11T13:04:13.065Z"
"naver-card-10307-exclusion-7","naver-card-10307","raw_detected","아파트관리비","2026-06-11T13:04:13.065Z"
"naver-card-10307-exclusion-8","naver-card-10307","raw_detected","보험료","2026-06-11T13:04:13.065Z"
"naver-card-10307-exclusion-9","naver-card-10307","raw_detected","연회비","2026-06-11T13:04:13.065Z"
"naver-card-10307-exclusion-10","naver-card-10307","raw_detected","수수료","2026-06-11T13:04:13.065Z"
"naver-card-10307-exclusion-11","naver-card-10307","raw_detected","무이자할부","2026-06-11T13:04:13.065Z"
"naver-card-10307-exclusion-12","naver-card-10307","raw_detected","현금서비스","2026-06-11T13:04:13.065Z"
"naver-card-10307-exclusion-13","naver-card-10307","raw_detected","카드론","2026-06-11T13:04:13.065Z"
"naver-card-1531-exclusion-1","naver-card-1531","raw_detected","선불카드","2026-06-11T13:04:13.065Z"
"naver-card-1531-exclusion-2","naver-card-1531","raw_detected","국세","2026-06-11T13:04:13.065Z"
"naver-card-1531-exclusion-3","naver-card-1531","raw_detected","지방세","2026-06-11T13:04:13.065Z"
"naver-card-1531-exclusion-4","naver-card-1531","raw_detected","공과금","2026-06-11T13:04:13.065Z"
"naver-card-1531-exclusion-5","naver-card-1531","raw_detected","연회비","2026-06-11T13:04:13.065Z"
"naver-card-1531-exclusion-6","naver-card-1531","raw_detected","수수료","2026-06-11T13:04:13.065Z"
"naver-card-1531-exclusion-7","naver-card-1531","raw_detected","무이자할부","2026-06-11T13:04:13.065Z"
"naver-card-2776-exclusion-1","naver-card-2776","raw_detected","상품권","2026-06-11T13:04:13.065Z"
"naver-card-2776-exclusion-2","naver-card-2776","raw_detected","선불카드","2026-06-11T13:04:13.065Z"
"naver-card-2776-exclusion-3","naver-card-2776","raw_detected","국세","2026-06-11T13:04:13.065Z"
"naver-card-2776-exclusion-4","naver-card-2776","raw_detected","지방세","2026-06-11T13:04:13.065Z"
"naver-card-2776-exclusion-5","naver-card-2776","raw_detected","공과금","2026-06-11T13:04:13.065Z"
"naver-card-2776-exclusion-6","naver-card-2776","raw_detected","연회비","2026-06-11T13:04:13.065Z"
"naver-card-2776-exclusion-7","naver-card-2776","raw_detected","수수료","2026-06-11T13:04:13.065Z"
"naver-card-2776-exclusion-8","naver-card-2776","raw_detected","무이자할부","2026-06-11T13:04:13.065Z"
"naver-card-3881-exclusion-1","naver-card-3881","raw_detected","상품권","2026-06-11T13:04:13.065Z"
"naver-card-3881-exclusion-2","naver-card-3881","raw_detected","선불카드","2026-06-11T13:04:13.065Z"
"naver-card-3881-exclusion-3","naver-card-3881","raw_detected","국세","2026-06-11T13:04:13.065Z"
"naver-card-3881-exclusion-4","naver-card-3881","raw_detected","지방세","2026-06-11T13:04:13.065Z"
"naver-card-3881-exclusion-5","naver-card-3881","raw_detected","공과금","2026-06-11T13:04:13.065Z"
"naver-card-3881-exclusion-6","naver-card-3881","raw_detected","보험료","2026-06-11T13:04:13.065Z"
"naver-card-3881-exclusion-7","naver-card-3881","raw_detected","연회비","2026-06-11T13:04:13.065Z"
"naver-card-3881-exclusion-8","naver-card-3881","raw_detected","수수료","2026-06-11T13:04:13.065Z"
"naver-card-3881-exclusion-9","naver-card-3881","raw_detected","무이자할부","2026-06-11T13:04:13.065Z"
"naver-card-3881-exclusion-10","naver-card-3881","raw_detected","현금서비스","2026-06-11T13:04:13.065Z"
"naver-card-3881-exclusion-11","naver-card-3881","raw_detected","카드론","2026-06-11T13:04:13.065Z"
"naver-card-3896-exclusion-1","naver-card-3896","raw_detected","상품권","2026-06-11T13:04:13.065Z"
"naver-card-3896-exclusion-2","naver-card-3896","raw_detected","선불카드","2026-06-11T13:04:13.065Z"
"naver-card-3896-exclusion-3","naver-card-3896","raw_detected","국세","2026-06-11T13:04:13.065Z"
"naver-card-3896-exclusion-4","naver-card-3896","raw_detected","지방세","2026-06-11T13:04:13.065Z"
"naver-card-3896-exclusion-5","naver-card-3896","raw_detected","공과금","2026-06-11T13:04:13.065Z"
"naver-card-3896-exclusion-6","naver-card-3896","raw_detected","보험료","2026-06-11T13:04:13.065Z"
"naver-card-3896-exclusion-7","naver-card-3896","raw_detected","연회비","2026-06-11T13:04:13.065Z"
"naver-card-3896-exclusion-8","naver-card-3896","raw_detected","수수료","2026-06-11T13:04:13.065Z"
"naver-card-3896-exclusion-9","naver-card-3896","raw_detected","무이자할부","2026-06-11T13:04:13.065Z"
"naver-card-3896-exclusion-10","naver-card-3896","raw_detected","현금서비스","2026-06-11T13:04:13.065Z"
"naver-card-3896-exclusion-11","naver-card-3896","raw_detected","카드론","2026-06-11T13:04:13.065Z"
"naver-card-1695-exclusion-1","naver-card-1695","raw_detected","상품권","2026-06-11T13:04:13.065Z"
"naver-card-1695-exclusion-2","naver-card-1695","raw_detected","선불카드","2026-06-11T13:04:13.065Z"
"naver-card-1695-exclusion-3","naver-card-1695","raw_detected","국세","2026-06-11T13:04:13.065Z"
"naver-card-1695-exclusion-4","naver-card-1695","raw_detected","지방세","2026-06-11T13:04:13.065Z"
"naver-card-1695-exclusion-5","naver-card-1695","raw_detected","공과금","2026-06-11T13:04:13.065Z"
"naver-card-1695-exclusion-6","naver-card-1695","raw_detected","연회비","2026-06-11T13:04:13.065Z"
"naver-card-1695-exclusion-7","naver-card-1695","raw_detected","수수료","2026-06-11T13:04:13.065Z"
"naver-card-1695-exclusion-8","naver-card-1695","raw_detected","무이자할부","2026-06-11T13:04:13.065Z"
"naver-card-3857-exclusion-1","naver-card-3857","raw_detected","연회비","2026-06-11T13:04:13.065Z"
"naver-card-3857-exclusion-2","naver-card-3857","raw_detected","수수료","2026-06-11T13:04:13.065Z"
"naver-card-3857-exclusion-3","naver-card-3857","raw_detected","현금서비스","2026-06-11T13:04:13.065Z"
"naver-card-3857-exclusion-4","naver-card-3857","raw_detected","카드론","2026-06-11T13:04:13.065Z"
"naver-card-3857-exclusion-5","naver-card-3857","raw_detected","상품권","2026-06-11T13:04:13.065Z"
"naver-card-3857-exclusion-6","naver-card-3857","raw_detected","선불카드","2026-06-11T13:04:13.065Z"
"naver-card-3857-exclusion-7","naver-card-3857","raw_detected","국세","2026-06-11T13:04:13.065Z"
"naver-card-3857-exclusion-8","naver-card-3857","raw_detected","지방세","2026-06-11T13:04:13.065Z"
"naver-card-3857-exclusion-9","naver-card-3857","raw_detected","공과금","2026-06-11T13:04:13.065Z"
"naver-card-3857-exclusion-10","naver-card-3857","raw_detected","아파트관리비","2026-06-11T13:04:13.065Z"
"naver-card-3857-exclusion-11","naver-card-3857","raw_detected","보험료","2026-06-11T13:04:13.065Z"
"naver-card-3857-exclusion-12","naver-card-3857","raw_detected","무이자할부","2026-06-11T13:04:13.065Z"
"naver-card-1597-exclusion-1","naver-card-1597","raw_detected","상품권","2026-06-11T13:04:13.065Z"
"naver-card-1597-exclusion-2","naver-card-1597","raw_detected","선불카드","2026-06-11T13:04:13.065Z"
"naver-card-1597-exclusion-3","naver-card-1597","raw_detected","국세","2026-06-11T13:04:13.065Z"
"naver-card-1597-exclusion-4","naver-card-1597","raw_detected","지방세","2026-06-11T13:04:13.065Z"
"naver-card-1597-exclusion-5","naver-card-1597","raw_detected","공과금","2026-06-11T13:04:13.065Z"
"naver-card-1597-exclusion-6","naver-card-1597","raw_detected","연회비","2026-06-11T13:04:13.065Z"
"naver-card-1597-exclusion-7","naver-card-1597","raw_detected","수수료","2026-06-11T13:04:13.065Z"
"naver-card-1597-exclusion-8","naver-card-1597","raw_detected","무이자할부","2026-06-11T13:04:13.065Z"
"naver-card-10157-exclusion-1","naver-card-10157","raw_detected","상품권","2026-06-11T13:04:13.065Z"
"naver-card-10157-exclusion-2","naver-card-10157","raw_detected","선불카드","2026-06-11T13:04:13.065Z"
"naver-card-10157-exclusion-3","naver-card-10157","raw_detected","국세","2026-06-11T13:04:13.065Z"
"naver-card-10157-exclusion-4","naver-card-10157","raw_detected","지방세","2026-06-11T13:04:13.065Z"
"naver-card-10157-exclusion-5","naver-card-10157","raw_detected","공과금","2026-06-11T13:04:13.065Z"
"naver-card-10157-exclusion-6","naver-card-10157","raw_detected","보험료","2026-06-11T13:04:13.065Z"
"naver-card-10157-exclusion-7","naver-card-10157","raw_detected","연회비","2026-06-11T13:04:13.065Z"
"naver-card-10157-exclusion-8","naver-card-10157","raw_detected","수수료","2026-06-11T13:04:13.065Z"
"naver-card-10157-exclusion-9","naver-card-10157","raw_detected","무이자할부","2026-06-11T13:04:13.065Z"
"naver-card-10157-exclusion-10","naver-card-10157","raw_detected","현금서비스","2026-06-11T13:04:13.065Z"
"naver-card-10157-exclusion-11","naver-card-10157","raw_detected","카드론","2026-06-11T13:04:13.065Z"
"naver-card-10102-exclusion-1","naver-card-10102","raw_detected","상품권","2026-06-11T13:04:13.065Z"
"naver-card-10102-exclusion-2","naver-card-10102","raw_detected","선불카드","2026-06-11T13:04:13.065Z"
"naver-card-10102-exclusion-3","naver-card-10102","raw_detected","국세","2026-06-11T13:04:13.065Z"
"naver-card-10102-exclusion-4","naver-card-10102","raw_detected","지방세","2026-06-11T13:04:13.065Z"
"naver-card-10102-exclusion-5","naver-card-10102","raw_detected","공과금","2026-06-11T13:04:13.065Z"
"naver-card-10102-exclusion-6","naver-card-10102","raw_detected","보험료","2026-06-11T13:04:13.065Z"
"naver-card-10102-exclusion-7","naver-card-10102","raw_detected","연회비","2026-06-11T13:04:13.065Z"
"naver-card-10102-exclusion-8","naver-card-10102","raw_detected","수수료","2026-06-11T13:04:13.065Z"
"naver-card-10102-exclusion-9","naver-card-10102","raw_detected","무이자할부","2026-06-11T13:04:13.065Z"
"naver-card-10102-exclusion-10","naver-card-10102","raw_detected","현금서비스","2026-06-11T13:04:13.065Z"
"naver-card-10102-exclusion-11","naver-card-10102","raw_detected","카드론","2026-06-11T13:04:13.065Z"
"naver-card-10522-exclusion-1","naver-card-10522","raw_detected","상품권","2026-06-11T13:04:13.065Z"
"naver-card-10522-exclusion-2","naver-card-10522","raw_detected","선불카드","2026-06-11T13:04:13.065Z"
"naver-card-10522-exclusion-3","naver-card-10522","raw_detected","국세","2026-06-11T13:04:13.065Z"
"naver-card-10522-exclusion-4","naver-card-10522","raw_detected","지방세","2026-06-11T13:04:13.065Z"
"naver-card-10522-exclusion-5","naver-card-10522","raw_detected","공과금","2026-06-11T13:04:13.065Z"
"naver-card-10522-exclusion-6","naver-card-10522","raw_detected","아파트관리비","2026-06-11T13:04:13.065Z"
"naver-card-10522-exclusion-7","naver-card-10522","raw_detected","보험료","2026-06-11T13:04:13.065Z"
"naver-card-10522-exclusion-8","naver-card-10522","raw_detected","연회비","2026-06-11T13:04:13.065Z"
"naver-card-10522-exclusion-9","naver-card-10522","raw_detected","수수료","2026-06-11T13:04:13.065Z"
"naver-card-10522-exclusion-10","naver-card-10522","raw_detected","무이자할부","2026-06-11T13:04:13.065Z"
"naver-card-10522-exclusion-11","naver-card-10522","raw_detected","현금서비스","2026-06-11T13:04:13.065Z"
"naver-card-10522-exclusion-12","naver-card-10522","raw_detected","카드론","2026-06-11T13:04:13.065Z"
"naver-card-10343-exclusion-1","naver-card-10343","raw_detected","상품권","2026-06-11T13:04:13.065Z"
"naver-card-10343-exclusion-2","naver-card-10343","raw_detected","선불카드","2026-06-11T13:04:13.065Z"
"naver-card-10343-exclusion-3","naver-card-10343","raw_detected","국세","2026-06-11T13:04:13.065Z"
"naver-card-10343-exclusion-4","naver-card-10343","raw_detected","지방세","2026-06-11T13:04:13.065Z"
"naver-card-10343-exclusion-5","naver-card-10343","raw_detected","공과금","2026-06-11T13:04:13.065Z"
"naver-card-10343-exclusion-6","naver-card-10343","raw_detected","보험료","2026-06-11T13:04:13.065Z"
"naver-card-10343-exclusion-7","naver-card-10343","raw_detected","연회비","2026-06-11T13:04:13.065Z"
"naver-card-10343-exclusion-8","naver-card-10343","raw_detected","수수료","2026-06-11T13:04:13.065Z"
"naver-card-10343-exclusion-9","naver-card-10343","raw_detected","무이자할부","2026-06-11T13:04:13.065Z"
"naver-card-10343-exclusion-10","naver-card-10343","raw_detected","현금서비스","2026-06-11T13:04:13.065Z"
"naver-card-10343-exclusion-11","naver-card-10343","raw_detected","카드론","2026-06-11T13:04:13.065Z"
"naver-card-10328-exclusion-1","naver-card-10328","raw_detected","상품권","2026-06-11T13:04:13.065Z"
"naver-card-10328-exclusion-2","naver-card-10328","raw_detected","선불카드","2026-06-11T13:04:13.065Z"
"naver-card-10328-exclusion-3","naver-card-10328","raw_detected","국세","2026-06-11T13:04:13.065Z"
"naver-card-10328-exclusion-4","naver-card-10328","raw_detected","지방세","2026-06-11T13:04:13.065Z"
"naver-card-10328-exclusion-5","naver-card-10328","raw_detected","공과금","2026-06-11T13:04:13.065Z"
"naver-card-10328-exclusion-6","naver-card-10328","raw_detected","보험료","2026-06-11T13:04:13.065Z"
"naver-card-10328-exclusion-7","naver-card-10328","raw_detected","연회비","2026-06-11T13:04:13.065Z"
"naver-card-10328-exclusion-8","naver-card-10328","raw_detected","수수료","2026-06-11T13:04:13.065Z"
"naver-card-10328-exclusion-9","naver-card-10328","raw_detected","무이자할부","2026-06-11T13:04:13.065Z"
"naver-card-10328-exclusion-10","naver-card-10328","raw_detected","현금서비스","2026-06-11T13:04:13.065Z"
"naver-card-10328-exclusion-11","naver-card-10328","raw_detected","카드론","2026-06-11T13:04:13.065Z"
"naver-card-3717-exclusion-1","naver-card-3717","raw_detected","상품권","2026-06-11T13:04:13.065Z"
"naver-card-3717-exclusion-2","naver-card-3717","raw_detected","선불카드","2026-06-11T13:04:13.065Z"
"naver-card-3717-exclusion-3","naver-card-3717","raw_detected","국세","2026-06-11T13:04:13.065Z"
"naver-card-3717-exclusion-4","naver-card-3717","raw_detected","지방세","2026-06-11T13:04:13.065Z"
"naver-card-3717-exclusion-5","naver-card-3717","raw_detected","공과금","2026-06-11T13:04:13.065Z"
"naver-card-3717-exclusion-6","naver-card-3717","raw_detected","아파트관리비","2026-06-11T13:04:13.065Z"
"naver-card-3717-exclusion-7","naver-card-3717","raw_detected","보험료","2026-06-11T13:04:13.065Z"
"naver-card-3717-exclusion-8","naver-card-3717","raw_detected","연회비","2026-06-11T13:04:13.065Z"
"naver-card-3717-exclusion-9","naver-card-3717","raw_detected","수수료","2026-06-11T13:04:13.065Z"
"naver-card-3717-exclusion-10","naver-card-3717","raw_detected","무이자할부","2026-06-11T13:04:13.065Z"
"naver-card-3717-exclusion-11","naver-card-3717","raw_detected","현금서비스","2026-06-11T13:04:13.065Z"
"naver-card-3717-exclusion-12","naver-card-3717","raw_detected","카드론","2026-06-11T13:04:13.065Z"
"naver-card-3638-exclusion-1","naver-card-3638","raw_detected","상품권","2026-06-11T13:04:13.065Z"
"naver-card-3638-exclusion-2","naver-card-3638","raw_detected","선불카드","2026-06-11T13:04:13.065Z"
"naver-card-3638-exclusion-3","naver-card-3638","raw_detected","국세","2026-06-11T13:04:13.065Z"
"naver-card-3638-exclusion-4","naver-card-3638","raw_detected","지방세","2026-06-11T13:04:13.065Z"
"naver-card-3638-exclusion-5","naver-card-3638","raw_detected","공과금","2026-06-11T13:04:13.065Z"
"naver-card-3638-exclusion-6","naver-card-3638","raw_detected","아파트관리비","2026-06-11T13:04:13.065Z"
"naver-card-3638-exclusion-7","naver-card-3638","raw_detected","보험료","2026-06-11T13:04:13.065Z"
"naver-card-3638-exclusion-8","naver-card-3638","raw_detected","연회비","2026-06-11T13:04:13.065Z"
"naver-card-3638-exclusion-9","naver-card-3638","raw_detected","수수료","2026-06-11T13:04:13.065Z"
"naver-card-3638-exclusion-10","naver-card-3638","raw_detected","무이자할부","2026-06-11T13:04:13.065Z"
"naver-card-3638-exclusion-11","naver-card-3638","raw_detected","현금서비스","2026-06-11T13:04:13.065Z"
"naver-card-3638-exclusion-12","naver-card-3638","raw_detected","카드론","2026-06-11T13:04:13.065Z"
"naver-card-2856-exclusion-1","naver-card-2856","raw_detected","상품권","2026-06-11T13:04:13.065Z"
"naver-card-2856-exclusion-2","naver-card-2856","raw_detected","선불카드","2026-06-11T13:04:13.065Z"
"naver-card-2856-exclusion-3","naver-card-2856","raw_detected","공과금","2026-06-11T13:04:13.065Z"
"naver-card-2856-exclusion-4","naver-card-2856","raw_detected","아파트관리비","2026-06-11T13:04:13.065Z"
"naver-card-2856-exclusion-5","naver-card-2856","raw_detected","보험료","2026-06-11T13:04:13.065Z"
"naver-card-2856-exclusion-6","naver-card-2856","raw_detected","연회비","2026-06-11T13:04:13.065Z"
"naver-card-2856-exclusion-7","naver-card-2856","raw_detected","수수료","2026-06-11T13:04:13.065Z"
"naver-card-2856-exclusion-8","naver-card-2856","raw_detected","무이자할부","2026-06-11T13:04:13.065Z"
"naver-card-2856-exclusion-9","naver-card-2856","raw_detected","현금서비스","2026-06-11T13:04:13.065Z"
"naver-card-2856-exclusion-10","naver-card-2856","raw_detected","카드론","2026-06-11T13:04:13.065Z"
"naver-card-1451-exclusion-1","naver-card-1451","raw_detected","상품권","2026-06-11T13:04:13.065Z"
"naver-card-1451-exclusion-2","naver-card-1451","raw_detected","선불카드","2026-06-11T13:04:13.065Z"
"naver-card-1451-exclusion-3","naver-card-1451","raw_detected","지방세","2026-06-11T13:04:13.065Z"
"naver-card-1451-exclusion-4","naver-card-1451","raw_detected","공과금","2026-06-11T13:04:13.065Z"
"naver-card-1451-exclusion-5","naver-card-1451","raw_detected","연회비","2026-06-11T13:04:13.065Z"
"naver-card-1451-exclusion-6","naver-card-1451","raw_detected","수수료","2026-06-11T13:04:13.065Z"
"naver-card-1451-exclusion-7","naver-card-1451","raw_detected","무이자할부","2026-06-11T13:04:13.065Z"
"naver-card-1451-exclusion-8","naver-card-1451","raw_detected","현금서비스","2026-06-11T13:04:13.065Z"
"naver-card-1451-exclusion-9","naver-card-1451","raw_detected","카드론","2026-06-11T13:04:13.065Z"
"naver-card-10566-exclusion-1","naver-card-10566","raw_detected","상품권","2026-06-11T13:04:13.065Z"
"naver-card-10566-exclusion-2","naver-card-10566","raw_detected","선불카드","2026-06-11T13:04:13.065Z"
"naver-card-10566-exclusion-3","naver-card-10566","raw_detected","보험료","2026-06-11T13:04:13.065Z"
"naver-card-10566-exclusion-4","naver-card-10566","raw_detected","연회비","2026-06-11T13:04:13.065Z"
"naver-card-10566-exclusion-5","naver-card-10566","raw_detected","수수료","2026-06-11T13:04:13.065Z"
"naver-card-10566-exclusion-6","naver-card-10566","raw_detected","무이자할부","2026-06-11T13:04:13.065Z"
"naver-card-10566-exclusion-7","naver-card-10566","raw_detected","카드론","2026-06-11T13:04:13.065Z"
"naver-card-10566-exclusion-8","naver-card-10566","raw_detected","국세","2026-06-11T13:04:13.065Z"
"naver-card-10566-exclusion-9","naver-card-10566","raw_detected","지방세","2026-06-11T13:04:13.065Z"
"naver-card-10566-exclusion-10","naver-card-10566","raw_detected","공과금","2026-06-11T13:04:13.065Z"
"naver-card-10566-exclusion-11","naver-card-10566","raw_detected","아파트관리비","2026-06-11T13:04:13.065Z"
"naver-card-10566-exclusion-12","naver-card-10566","raw_detected","현금서비스","2026-06-11T13:04:13.065Z"
"naver-card-10558-exclusion-1","naver-card-10558","raw_detected","상품권","2026-06-11T13:04:13.065Z"
"naver-card-10558-exclusion-2","naver-card-10558","raw_detected","선불카드","2026-06-11T13:04:13.065Z"
"naver-card-10558-exclusion-3","naver-card-10558","raw_detected","국세","2026-06-11T13:04:13.065Z"
"naver-card-10558-exclusion-4","naver-card-10558","raw_detected","지방세","2026-06-11T13:04:13.065Z"
"naver-card-10558-exclusion-5","naver-card-10558","raw_detected","공과금","2026-06-11T13:04:13.065Z"
"naver-card-10558-exclusion-6","naver-card-10558","raw_detected","아파트관리비","2026-06-11T13:04:13.065Z"
"naver-card-10558-exclusion-7","naver-card-10558","raw_detected","보험료","2026-06-11T13:04:13.065Z"
"naver-card-10558-exclusion-8","naver-card-10558","raw_detected","연회비","2026-06-11T13:04:13.065Z"
"naver-card-10558-exclusion-9","naver-card-10558","raw_detected","수수료","2026-06-11T13:04:13.065Z"
"naver-card-10558-exclusion-10","naver-card-10558","raw_detected","무이자할부","2026-06-11T13:04:13.065Z"
"naver-card-10558-exclusion-11","naver-card-10558","raw_detected","현금서비스","2026-06-11T13:04:13.065Z"
"naver-card-10558-exclusion-12","naver-card-10558","raw_detected","카드론","2026-06-11T13:04:13.065Z"
"naver-card-10616-exclusion-1","naver-card-10616","raw_detected","상품권","2026-06-11T13:04:13.065Z"
"naver-card-10616-exclusion-2","naver-card-10616","raw_detected","선불카드","2026-06-11T13:04:13.065Z"
"naver-card-10616-exclusion-3","naver-card-10616","raw_detected","국세","2026-06-11T13:04:13.065Z"
"naver-card-10616-exclusion-4","naver-card-10616","raw_detected","지방세","2026-06-11T13:04:13.065Z"
"naver-card-10616-exclusion-5","naver-card-10616","raw_detected","공과금","2026-06-11T13:04:13.065Z"
"naver-card-10616-exclusion-6","naver-card-10616","raw_detected","아파트관리비","2026-06-11T13:04:13.065Z"
"naver-card-10616-exclusion-7","naver-card-10616","raw_detected","연회비","2026-06-11T13:04:13.065Z"
"naver-card-10616-exclusion-8","naver-card-10616","raw_detected","수수료","2026-06-11T13:04:13.065Z"
"naver-card-10616-exclusion-9","naver-card-10616","raw_detected","무이자할부","2026-06-11T13:04:13.065Z"
"naver-card-10616-exclusion-10","naver-card-10616","raw_detected","현금서비스","2026-06-11T13:04:13.065Z"
"naver-card-10616-exclusion-11","naver-card-10616","raw_detected","카드론","2026-06-11T13:04:13.065Z"
"naver-card-10616-exclusion-12","naver-card-10616","raw_detected","포인트 충전","2026-06-11T13:04:13.065Z"
"naver-card-10107-exclusion-1","naver-card-10107","raw_detected","상품권","2026-06-11T13:04:13.065Z"
"naver-card-10107-exclusion-2","naver-card-10107","raw_detected","선불카드","2026-06-11T13:04:13.065Z"
"naver-card-10107-exclusion-3","naver-card-10107","raw_detected","국세","2026-06-11T13:04:13.065Z"
"naver-card-10107-exclusion-4","naver-card-10107","raw_detected","지방세","2026-06-11T13:04:13.065Z"
"naver-card-10107-exclusion-5","naver-card-10107","raw_detected","공과금","2026-06-11T13:04:13.065Z"
"naver-card-10107-exclusion-6","naver-card-10107","raw_detected","아파트관리비","2026-06-11T13:04:13.065Z"
"naver-card-10107-exclusion-7","naver-card-10107","raw_detected","대학등록금","2026-06-11T13:04:13.065Z"
"naver-card-10107-exclusion-8","naver-card-10107","raw_detected","연회비","2026-06-11T13:04:13.065Z"
"naver-card-10107-exclusion-9","naver-card-10107","raw_detected","수수료","2026-06-11T13:04:13.065Z"
"naver-card-10107-exclusion-10","naver-card-10107","raw_detected","무이자할부","2026-06-11T13:04:13.065Z"
"naver-card-10107-exclusion-11","naver-card-10107","raw_detected","현금서비스","2026-06-11T13:04:13.065Z"
"naver-card-10107-exclusion-12","naver-card-10107","raw_detected","카드론","2026-06-11T13:04:13.065Z"
"naver-card-10107-exclusion-13","naver-card-10107","raw_detected","포인트 충전","2026-06-11T13:04:13.065Z"
"naver-card-10108-exclusion-1","naver-card-10108","raw_detected","상품권","2026-06-11T13:04:13.065Z"
"naver-card-10108-exclusion-2","naver-card-10108","raw_detected","선불카드","2026-06-11T13:04:13.065Z"
"naver-card-10108-exclusion-3","naver-card-10108","raw_detected","국세","2026-06-11T13:04:13.065Z"
"naver-card-10108-exclusion-4","naver-card-10108","raw_detected","지방세","2026-06-11T13:04:13.065Z"
"naver-card-10108-exclusion-5","naver-card-10108","raw_detected","공과금","2026-06-11T13:04:13.065Z"
"naver-card-10108-exclusion-6","naver-card-10108","raw_detected","아파트관리비","2026-06-11T13:04:13.065Z"
"naver-card-10108-exclusion-7","naver-card-10108","raw_detected","대학등록금","2026-06-11T13:04:13.065Z"
"naver-card-10108-exclusion-8","naver-card-10108","raw_detected","연회비","2026-06-11T13:04:13.065Z"
"naver-card-10108-exclusion-9","naver-card-10108","raw_detected","수수료","2026-06-11T13:04:13.065Z"
"naver-card-10108-exclusion-10","naver-card-10108","raw_detected","무이자할부","2026-06-11T13:04:13.065Z"
"naver-card-10108-exclusion-11","naver-card-10108","raw_detected","현금서비스","2026-06-11T13:04:13.065Z"
"naver-card-10108-exclusion-12","naver-card-10108","raw_detected","카드론","2026-06-11T13:04:13.065Z"
"naver-card-10108-exclusion-13","naver-card-10108","raw_detected","포인트 충전","2026-06-11T13:04:13.065Z"
"naver-card-10106-exclusion-1","naver-card-10106","raw_detected","상품권","2026-06-11T13:04:13.065Z"
"naver-card-10106-exclusion-2","naver-card-10106","raw_detected","선불카드","2026-06-11T13:04:13.065Z"
"naver-card-10106-exclusion-3","naver-card-10106","raw_detected","국세","2026-06-11T13:04:13.065Z"
"naver-card-10106-exclusion-4","naver-card-10106","raw_detected","지방세","2026-06-11T13:04:13.065Z"
"naver-card-10106-exclusion-5","naver-card-10106","raw_detected","공과금","2026-06-11T13:04:13.065Z"
"naver-card-10106-exclusion-6","naver-card-10106","raw_detected","아파트관리비","2026-06-11T13:04:13.065Z"
"naver-card-10106-exclusion-7","naver-card-10106","raw_detected","대학등록금","2026-06-11T13:04:13.065Z"
"naver-card-10106-exclusion-8","naver-card-10106","raw_detected","연회비","2026-06-11T13:04:13.065Z"
"naver-card-10106-exclusion-9","naver-card-10106","raw_detected","수수료","2026-06-11T13:04:13.065Z"
"naver-card-10106-exclusion-10","naver-card-10106","raw_detected","무이자할부","2026-06-11T13:04:13.065Z"
"naver-card-10106-exclusion-11","naver-card-10106","raw_detected","현금서비스","2026-06-11T13:04:13.065Z"
"naver-card-10106-exclusion-12","naver-card-10106","raw_detected","카드론","2026-06-11T13:04:13.065Z"
"naver-card-10106-exclusion-13","naver-card-10106","raw_detected","포인트 충전","2026-06-11T13:04:13.065Z"
"naver-card-10071-exclusion-1","naver-card-10071","raw_detected","상품권","2026-06-11T13:04:13.065Z"
"naver-card-10071-exclusion-2","naver-card-10071","raw_detected","선불카드","2026-06-11T13:04:13.065Z"
"naver-card-10071-exclusion-3","naver-card-10071","raw_detected","국세","2026-06-11T13:04:13.065Z"
"naver-card-10071-exclusion-4","naver-card-10071","raw_detected","지방세","2026-06-11T13:04:13.065Z"
"naver-card-10071-exclusion-5","naver-card-10071","raw_detected","공과금","2026-06-11T13:04:13.065Z"
"naver-card-10071-exclusion-6","naver-card-10071","raw_detected","아파트관리비","2026-06-11T13:04:13.065Z"
"naver-card-10071-exclusion-7","naver-card-10071","raw_detected","대학등록금","2026-06-11T13:04:13.065Z"
"naver-card-10071-exclusion-8","naver-card-10071","raw_detected","연회비","2026-06-11T13:04:13.065Z"
"naver-card-10071-exclusion-9","naver-card-10071","raw_detected","수수료","2026-06-11T13:04:13.065Z"
"naver-card-10071-exclusion-10","naver-card-10071","raw_detected","무이자할부","2026-06-11T13:04:13.065Z"
"naver-card-10071-exclusion-11","naver-card-10071","raw_detected","현금서비스","2026-06-11T13:04:13.065Z"
"naver-card-10071-exclusion-12","naver-card-10071","raw_detected","카드론","2026-06-11T13:04:13.065Z"
"naver-card-10071-exclusion-13","naver-card-10071","raw_detected","포인트 충전","2026-06-11T13:04:13.065Z"
"naver-card-10310-exclusion-1","naver-card-10310","raw_detected","상품권","2026-06-11T13:04:13.065Z"
"naver-card-10310-exclusion-2","naver-card-10310","raw_detected","선불카드","2026-06-11T13:04:13.065Z"
"naver-card-10310-exclusion-3","naver-card-10310","raw_detected","국세","2026-06-11T13:04:13.065Z"
"naver-card-10310-exclusion-4","naver-card-10310","raw_detected","지방세","2026-06-11T13:04:13.065Z"
"naver-card-10310-exclusion-5","naver-card-10310","raw_detected","공과금","2026-06-11T13:04:13.065Z"
"naver-card-10310-exclusion-6","naver-card-10310","raw_detected","보험료","2026-06-11T13:04:13.065Z"
"naver-card-10310-exclusion-7","naver-card-10310","raw_detected","연회비","2026-06-11T13:04:13.065Z"
"naver-card-10310-exclusion-8","naver-card-10310","raw_detected","수수료","2026-06-11T13:04:13.065Z"
"naver-card-10310-exclusion-9","naver-card-10310","raw_detected","무이자할부","2026-06-11T13:04:13.065Z"
"naver-card-10310-exclusion-10","naver-card-10310","raw_detected","현금서비스","2026-06-11T13:04:13.065Z"
"naver-card-10310-exclusion-11","naver-card-10310","raw_detected","카드론","2026-06-11T13:04:13.065Z"
"naver-card-2337-exclusion-1","naver-card-2337","raw_detected","연회비","2026-06-11T13:04:13.065Z"
"naver-card-2337-exclusion-2","naver-card-2337","raw_detected","선불카드","2026-06-11T13:04:13.065Z"
"naver-card-2337-exclusion-3","naver-card-2337","raw_detected","기프트카드","2026-06-11T13:04:13.065Z"
"naver-card-2337-exclusion-4","naver-card-2337","raw_detected","수수료","2026-06-11T13:04:13.065Z"
"naver-card-2337-exclusion-5","naver-card-2337","raw_detected","현금서비스","2026-06-11T13:04:13.065Z"
"naver-card-2337-exclusion-6","naver-card-2337","raw_detected","카드론","2026-06-11T13:04:13.065Z"
"naver-card-2337-exclusion-7","naver-card-2337","raw_detected","상품권","2026-06-11T13:04:13.065Z"
"naver-card-10218-exclusion-1","naver-card-10218","raw_detected","연회비","2026-06-11T13:04:13.065Z"
"naver-card-10218-exclusion-2","naver-card-10218","raw_detected","상품권","2026-06-11T13:04:13.065Z"
"naver-card-10218-exclusion-3","naver-card-10218","raw_detected","기프트카드","2026-06-11T13:04:13.065Z"
"naver-card-10218-exclusion-4","naver-card-10218","raw_detected","국세","2026-06-11T13:04:13.065Z"
"naver-card-10218-exclusion-5","naver-card-10218","raw_detected","지방세","2026-06-11T13:04:13.065Z"
"naver-card-10218-exclusion-6","naver-card-10218","raw_detected","수수료","2026-06-11T13:04:13.065Z"
"naver-card-10218-exclusion-7","naver-card-10218","raw_detected","현금서비스","2026-06-11T13:04:13.065Z"
"naver-card-10218-exclusion-8","naver-card-10218","raw_detected","카드론","2026-06-11T13:04:13.065Z"
"naver-card-10218-exclusion-9","naver-card-10218","raw_detected","아파트관리비","2026-06-11T13:04:13.065Z"
"naver-card-10218-exclusion-10","naver-card-10218","raw_detected","선불카드","2026-06-11T13:04:13.065Z"
"naver-card-1571-exclusion-1","naver-card-1571","raw_detected","지방세","2026-06-11T13:04:13.065Z"
"naver-card-1571-exclusion-2","naver-card-1571","raw_detected","연회비","2026-06-11T13:04:13.065Z"
"naver-card-1571-exclusion-3","naver-card-1571","raw_detected","무이자할부","2026-06-11T13:04:13.065Z"
"naver-card-1571-exclusion-4","naver-card-1571","raw_detected","선불카드","2026-06-11T13:04:13.065Z"
"naver-card-1571-exclusion-5","naver-card-1571","raw_detected","기프트카드","2026-06-11T13:04:13.065Z"
"naver-card-1571-exclusion-6","naver-card-1571","raw_detected","수수료","2026-06-11T13:04:13.065Z"
"naver-card-1571-exclusion-7","naver-card-1571","raw_detected","현금서비스","2026-06-11T13:04:13.065Z"
"naver-card-1571-exclusion-8","naver-card-1571","raw_detected","카드론","2026-06-11T13:04:13.065Z"
"naver-card-10589-exclusion-1","naver-card-10589","raw_detected","연회비","2026-06-11T13:04:13.065Z"
"naver-card-10589-exclusion-2","naver-card-10589","raw_detected","무이자할부","2026-06-11T13:04:13.065Z"
"naver-card-10589-exclusion-3","naver-card-10589","raw_detected","상품권","2026-06-11T13:04:13.065Z"
"naver-card-10589-exclusion-4","naver-card-10589","raw_detected","선불카드","2026-06-11T13:04:13.065Z"
"naver-card-10589-exclusion-5","naver-card-10589","raw_detected","기프트카드","2026-06-11T13:04:13.065Z"
"naver-card-10589-exclusion-6","naver-card-10589","raw_detected","국세","2026-06-11T13:04:13.065Z"
"naver-card-10589-exclusion-7","naver-card-10589","raw_detected","지방세","2026-06-11T13:04:13.065Z"
"naver-card-10589-exclusion-8","naver-card-10589","raw_detected","아파트관리비","2026-06-11T13:04:13.065Z"
"naver-card-10589-exclusion-9","naver-card-10589","raw_detected","수수료","2026-06-11T13:04:13.065Z"
"naver-card-10589-exclusion-10","naver-card-10589","raw_detected","현금서비스","2026-06-11T13:04:13.065Z"
"naver-card-10589-exclusion-11","naver-card-10589","raw_detected","카드론","2026-06-11T13:04:13.065Z"
"naver-card-10355-exclusion-1","naver-card-10355","raw_detected","연회비","2026-06-11T13:04:13.065Z"
"naver-card-10355-exclusion-2","naver-card-10355","raw_detected","선불카드","2026-06-11T13:04:13.065Z"
"naver-card-10355-exclusion-3","naver-card-10355","raw_detected","기프트카드","2026-06-11T13:04:13.065Z"
"naver-card-10355-exclusion-4","naver-card-10355","raw_detected","수수료","2026-06-11T13:04:13.065Z"
"naver-card-10355-exclusion-5","naver-card-10355","raw_detected","현금서비스","2026-06-11T13:04:13.065Z"
"naver-card-10355-exclusion-6","naver-card-10355","raw_detected","카드론","2026-06-11T13:04:13.065Z"
"naver-card-10355-exclusion-7","naver-card-10355","raw_detected","국세","2026-06-11T13:04:13.065Z"
"naver-card-10355-exclusion-8","naver-card-10355","raw_detected","지방세","2026-06-11T13:04:13.065Z"
"naver-card-10355-exclusion-9","naver-card-10355","raw_detected","아파트관리비","2026-06-11T13:04:13.065Z"
"naver-card-10590-exclusion-1","naver-card-10590","raw_detected","연회비","2026-06-11T13:04:13.065Z"
"naver-card-10590-exclusion-2","naver-card-10590","raw_detected","상품권","2026-06-11T13:04:13.065Z"
"naver-card-10590-exclusion-3","naver-card-10590","raw_detected","선불카드","2026-06-11T13:04:13.065Z"
"naver-card-10590-exclusion-4","naver-card-10590","raw_detected","기프트카드","2026-06-11T13:04:13.065Z"
"naver-card-10590-exclusion-5","naver-card-10590","raw_detected","국세","2026-06-11T13:04:13.065Z"
"naver-card-10590-exclusion-6","naver-card-10590","raw_detected","지방세","2026-06-11T13:04:13.065Z"
"naver-card-10590-exclusion-7","naver-card-10590","raw_detected","아파트관리비","2026-06-11T13:04:13.065Z"
"naver-card-10590-exclusion-8","naver-card-10590","raw_detected","수수료","2026-06-11T13:04:13.065Z"
"naver-card-10590-exclusion-9","naver-card-10590","raw_detected","무이자할부","2026-06-11T13:04:13.065Z"
"naver-card-10590-exclusion-10","naver-card-10590","raw_detected","현금서비스","2026-06-11T13:04:13.065Z"
"naver-card-10590-exclusion-11","naver-card-10590","raw_detected","카드론","2026-06-11T13:04:13.065Z"
"naver-card-10176-exclusion-1","naver-card-10176","raw_detected","상품권","2026-06-11T13:04:13.065Z"
"naver-card-10176-exclusion-2","naver-card-10176","raw_detected","선불카드","2026-06-11T13:04:13.065Z"
"naver-card-10176-exclusion-3","naver-card-10176","raw_detected","국세","2026-06-11T13:04:13.065Z"
"naver-card-10176-exclusion-4","naver-card-10176","raw_detected","지방세","2026-06-11T13:04:13.065Z"
"naver-card-10176-exclusion-5","naver-card-10176","raw_detected","대학등록금","2026-06-11T13:04:13.065Z"
"naver-card-10176-exclusion-6","naver-card-10176","raw_detected","연회비","2026-06-11T13:04:13.065Z"
"naver-card-10176-exclusion-7","naver-card-10176","raw_detected","수수료","2026-06-11T13:04:13.065Z"
"naver-card-10176-exclusion-8","naver-card-10176","raw_detected","무이자할부","2026-06-11T13:04:13.065Z"
"naver-card-10176-exclusion-9","naver-card-10176","raw_detected","현금서비스","2026-06-11T13:04:13.065Z"
"naver-card-10176-exclusion-10","naver-card-10176","raw_detected","카드론","2026-06-11T13:04:13.065Z"
"naver-card-3856-exclusion-1","naver-card-3856","raw_detected","상품권","2026-06-11T13:04:13.065Z"
"naver-card-3856-exclusion-2","naver-card-3856","raw_detected","선불카드","2026-06-11T13:04:13.065Z"
"naver-card-3856-exclusion-3","naver-card-3856","raw_detected","국세","2026-06-11T13:04:13.065Z"
"naver-card-3856-exclusion-4","naver-card-3856","raw_detected","지방세","2026-06-11T13:04:13.065Z"
"naver-card-3856-exclusion-5","naver-card-3856","raw_detected","공과금","2026-06-11T13:04:13.065Z"
"naver-card-3856-exclusion-6","naver-card-3856","raw_detected","아파트관리비","2026-06-11T13:04:13.065Z"
"naver-card-3856-exclusion-7","naver-card-3856","raw_detected","대학등록금","2026-06-11T13:04:13.065Z"
"naver-card-3856-exclusion-8","naver-card-3856","raw_detected","연회비","2026-06-11T13:04:13.065Z"
"naver-card-3856-exclusion-9","naver-card-3856","raw_detected","수수료","2026-06-11T13:04:13.065Z"
"naver-card-3856-exclusion-10","naver-card-3856","raw_detected","무이자할부","2026-06-11T13:04:13.065Z"
"naver-card-3856-exclusion-11","naver-card-3856","raw_detected","현금서비스","2026-06-11T13:04:13.065Z"
"naver-card-3856-exclusion-12","naver-card-3856","raw_detected","카드론","2026-06-11T13:04:13.065Z"
"naver-card-3856-exclusion-13","naver-card-3856","raw_detected","포인트 충전","2026-06-11T13:04:13.065Z"
"naver-card-10033-exclusion-1","naver-card-10033","raw_detected","상품권","2026-06-11T13:04:13.065Z"
"naver-card-10033-exclusion-2","naver-card-10033","raw_detected","선불카드","2026-06-11T13:04:13.065Z"
"naver-card-10033-exclusion-3","naver-card-10033","raw_detected","국세","2026-06-11T13:04:13.065Z"
"naver-card-10033-exclusion-4","naver-card-10033","raw_detected","지방세","2026-06-11T13:04:13.065Z"
"naver-card-10033-exclusion-5","naver-card-10033","raw_detected","공과금","2026-06-11T13:04:13.065Z"
"naver-card-10033-exclusion-6","naver-card-10033","raw_detected","아파트관리비","2026-06-11T13:04:13.065Z"
"naver-card-10033-exclusion-7","naver-card-10033","raw_detected","대학등록금","2026-06-11T13:04:13.065Z"
"naver-card-10033-exclusion-8","naver-card-10033","raw_detected","연회비","2026-06-11T13:04:13.065Z"
"naver-card-10033-exclusion-9","naver-card-10033","raw_detected","수수료","2026-06-11T13:04:13.065Z"
"naver-card-10033-exclusion-10","naver-card-10033","raw_detected","무이자할부","2026-06-11T13:04:13.065Z"
"naver-card-10033-exclusion-11","naver-card-10033","raw_detected","현금서비스","2026-06-11T13:04:13.065Z"
"naver-card-10033-exclusion-12","naver-card-10033","raw_detected","카드론","2026-06-11T13:04:13.065Z"
"naver-card-10029-exclusion-1","naver-card-10029","raw_detected","상품권","2026-06-11T13:04:13.065Z"
"naver-card-10029-exclusion-2","naver-card-10029","raw_detected","선불카드","2026-06-11T13:04:13.065Z"
"naver-card-10029-exclusion-3","naver-card-10029","raw_detected","국세","2026-06-11T13:04:13.065Z"
"naver-card-10029-exclusion-4","naver-card-10029","raw_detected","지방세","2026-06-11T13:04:13.065Z"
"naver-card-10029-exclusion-5","naver-card-10029","raw_detected","공과금","2026-06-11T13:04:13.065Z"
"naver-card-10029-exclusion-6","naver-card-10029","raw_detected","아파트관리비","2026-06-11T13:04:13.065Z"
"naver-card-10029-exclusion-7","naver-card-10029","raw_detected","대학등록금","2026-06-11T13:04:13.065Z"
"naver-card-10029-exclusion-8","naver-card-10029","raw_detected","연회비","2026-06-11T13:04:13.065Z"
"naver-card-10029-exclusion-9","naver-card-10029","raw_detected","수수료","2026-06-11T13:04:13.065Z"
"naver-card-10029-exclusion-10","naver-card-10029","raw_detected","무이자할부","2026-06-11T13:04:13.065Z"
"naver-card-10029-exclusion-11","naver-card-10029","raw_detected","현금서비스","2026-06-11T13:04:13.065Z"
"naver-card-10029-exclusion-12","naver-card-10029","raw_detected","카드론","2026-06-11T13:04:13.065Z"
"naver-card-10029-exclusion-13","naver-card-10029","raw_detected","포인트 충전","2026-06-11T13:04:13.065Z"
"naver-card-10256-exclusion-1","naver-card-10256","raw_detected","상품권","2026-06-11T13:04:13.065Z"
"naver-card-10256-exclusion-2","naver-card-10256","raw_detected","선불카드","2026-06-11T13:04:13.065Z"
"naver-card-10256-exclusion-3","naver-card-10256","raw_detected","국세","2026-06-11T13:04:13.065Z"
"naver-card-10256-exclusion-4","naver-card-10256","raw_detected","지방세","2026-06-11T13:04:13.065Z"
"naver-card-10256-exclusion-5","naver-card-10256","raw_detected","공과금","2026-06-11T13:04:13.065Z"
"naver-card-10256-exclusion-6","naver-card-10256","raw_detected","보험료","2026-06-11T13:04:13.065Z"
"naver-card-10256-exclusion-7","naver-card-10256","raw_detected","연회비","2026-06-11T13:04:13.065Z"
"naver-card-10256-exclusion-8","naver-card-10256","raw_detected","수수료","2026-06-11T13:04:13.065Z"
"naver-card-10256-exclusion-9","naver-card-10256","raw_detected","무이자할부","2026-06-11T13:04:13.065Z"
"naver-card-10256-exclusion-10","naver-card-10256","raw_detected","현금서비스","2026-06-11T13:04:13.065Z"
"naver-card-10256-exclusion-11","naver-card-10256","raw_detected","카드론","2026-06-11T13:04:13.065Z"
"naver-card-10184-exclusion-1","naver-card-10184","raw_detected","상품권","2026-06-11T13:04:13.065Z"
"naver-card-10184-exclusion-2","naver-card-10184","raw_detected","선불카드","2026-06-11T13:04:13.065Z"
"naver-card-10184-exclusion-3","naver-card-10184","raw_detected","국세","2026-06-11T13:04:13.065Z"
"naver-card-10184-exclusion-4","naver-card-10184","raw_detected","지방세","2026-06-11T13:04:13.065Z"
"naver-card-10184-exclusion-5","naver-card-10184","raw_detected","공과금","2026-06-11T13:04:13.065Z"
"naver-card-10184-exclusion-6","naver-card-10184","raw_detected","보험료","2026-06-11T13:04:13.065Z"
"naver-card-10184-exclusion-7","naver-card-10184","raw_detected","연회비","2026-06-11T13:04:13.065Z"
"naver-card-10184-exclusion-8","naver-card-10184","raw_detected","수수료","2026-06-11T13:04:13.065Z"
"naver-card-10184-exclusion-9","naver-card-10184","raw_detected","무이자할부","2026-06-11T13:04:13.065Z"
"naver-card-10184-exclusion-10","naver-card-10184","raw_detected","현금서비스","2026-06-11T13:04:13.065Z"
"naver-card-10184-exclusion-11","naver-card-10184","raw_detected","카드론","2026-06-11T13:04:13.065Z"
"naver-card-10462-exclusion-1","naver-card-10462","raw_detected","상품권","2026-06-11T13:04:13.065Z"
"naver-card-10462-exclusion-2","naver-card-10462","raw_detected","선불카드","2026-06-11T13:04:13.065Z"
"naver-card-10462-exclusion-3","naver-card-10462","raw_detected","국세","2026-06-11T13:04:13.065Z"
"naver-card-10462-exclusion-4","naver-card-10462","raw_detected","지방세","2026-06-11T13:04:13.065Z"
"naver-card-10462-exclusion-5","naver-card-10462","raw_detected","공과금","2026-06-11T13:04:13.065Z"
"naver-card-10462-exclusion-6","naver-card-10462","raw_detected","보험료","2026-06-11T13:04:13.065Z"
"naver-card-10462-exclusion-7","naver-card-10462","raw_detected","연회비","2026-06-11T13:04:13.065Z"
"naver-card-10462-exclusion-8","naver-card-10462","raw_detected","수수료","2026-06-11T13:04:13.065Z"
"naver-card-10462-exclusion-9","naver-card-10462","raw_detected","무이자할부","2026-06-11T13:04:13.065Z"
"naver-card-10462-exclusion-10","naver-card-10462","raw_detected","현금서비스","2026-06-11T13:04:13.065Z"
"naver-card-10462-exclusion-11","naver-card-10462","raw_detected","카드론","2026-06-11T13:04:13.065Z"
"naver-card-10126-exclusion-1","naver-card-10126","raw_detected","상품권","2026-06-11T13:04:13.065Z"
"naver-card-10126-exclusion-2","naver-card-10126","raw_detected","선불카드","2026-06-11T13:04:13.065Z"
"naver-card-10126-exclusion-3","naver-card-10126","raw_detected","국세","2026-06-11T13:04:13.065Z"
"naver-card-10126-exclusion-4","naver-card-10126","raw_detected","지방세","2026-06-11T13:04:13.065Z"
"naver-card-10126-exclusion-5","naver-card-10126","raw_detected","공과금","2026-06-11T13:04:13.065Z"
"naver-card-10126-exclusion-6","naver-card-10126","raw_detected","보험료","2026-06-11T13:04:13.065Z"
"naver-card-10126-exclusion-7","naver-card-10126","raw_detected","연회비","2026-06-11T13:04:13.065Z"
"naver-card-10126-exclusion-8","naver-card-10126","raw_detected","수수료","2026-06-11T13:04:13.065Z"
"naver-card-10126-exclusion-9","naver-card-10126","raw_detected","무이자할부","2026-06-11T13:04:13.065Z"
"naver-card-10126-exclusion-10","naver-card-10126","raw_detected","현금서비스","2026-06-11T13:04:13.065Z"
"naver-card-10126-exclusion-11","naver-card-10126","raw_detected","카드론","2026-06-11T13:04:13.065Z"
"naver-card-10237-exclusion-1","naver-card-10237","raw_detected","상품권","2026-06-11T13:04:13.065Z"
"naver-card-10237-exclusion-2","naver-card-10237","raw_detected","선불카드","2026-06-11T13:04:13.065Z"
"naver-card-10237-exclusion-3","naver-card-10237","raw_detected","국세","2026-06-11T13:04:13.065Z"
"naver-card-10237-exclusion-4","naver-card-10237","raw_detected","지방세","2026-06-11T13:04:13.065Z"
"naver-card-10237-exclusion-5","naver-card-10237","raw_detected","공과금","2026-06-11T13:04:13.065Z"
"naver-card-10237-exclusion-6","naver-card-10237","raw_detected","보험료","2026-06-11T13:04:13.065Z"
"naver-card-10237-exclusion-7","naver-card-10237","raw_detected","연회비","2026-06-11T13:04:13.065Z"
"naver-card-10237-exclusion-8","naver-card-10237","raw_detected","수수료","2026-06-11T13:04:13.065Z"
"naver-card-10237-exclusion-9","naver-card-10237","raw_detected","무이자할부","2026-06-11T13:04:13.065Z"
"naver-card-10237-exclusion-10","naver-card-10237","raw_detected","현금서비스","2026-06-11T13:04:13.065Z"
"naver-card-10237-exclusion-11","naver-card-10237","raw_detected","카드론","2026-06-11T13:04:13.065Z"
"naver-card-10103-exclusion-1","naver-card-10103","raw_detected","상품권","2026-06-11T13:04:13.065Z"
"naver-card-10103-exclusion-2","naver-card-10103","raw_detected","선불카드","2026-06-11T13:04:13.065Z"
"naver-card-10103-exclusion-3","naver-card-10103","raw_detected","국세","2026-06-11T13:04:13.065Z"
"naver-card-10103-exclusion-4","naver-card-10103","raw_detected","지방세","2026-06-11T13:04:13.065Z"
"naver-card-10103-exclusion-5","naver-card-10103","raw_detected","공과금","2026-06-11T13:04:13.065Z"
"naver-card-10103-exclusion-6","naver-card-10103","raw_detected","아파트관리비","2026-06-11T13:04:13.065Z"
"naver-card-10103-exclusion-7","naver-card-10103","raw_detected","보험료","2026-06-11T13:04:13.065Z"
"naver-card-10103-exclusion-8","naver-card-10103","raw_detected","연회비","2026-06-11T13:04:13.065Z"
"naver-card-10103-exclusion-9","naver-card-10103","raw_detected","수수료","2026-06-11T13:04:13.065Z"
"naver-card-10103-exclusion-10","naver-card-10103","raw_detected","무이자할부","2026-06-11T13:04:13.065Z"
"naver-card-10103-exclusion-11","naver-card-10103","raw_detected","현금서비스","2026-06-11T13:04:13.065Z"
"naver-card-10103-exclusion-12","naver-card-10103","raw_detected","카드론","2026-06-11T13:04:13.065Z"
"naver-card-10406-exclusion-1","naver-card-10406","raw_detected","상품권","2026-06-11T13:04:13.065Z"
"naver-card-10406-exclusion-2","naver-card-10406","raw_detected","선불카드","2026-06-11T13:04:13.065Z"
"naver-card-10406-exclusion-3","naver-card-10406","raw_detected","국세","2026-06-11T13:04:13.065Z"
"naver-card-10406-exclusion-4","naver-card-10406","raw_detected","지방세","2026-06-11T13:04:13.065Z"
"naver-card-10406-exclusion-5","naver-card-10406","raw_detected","공과금","2026-06-11T13:04:13.065Z"
"naver-card-10406-exclusion-6","naver-card-10406","raw_detected","아파트관리비","2026-06-11T13:04:13.065Z"
"naver-card-10406-exclusion-7","naver-card-10406","raw_detected","보험료","2026-06-11T13:04:13.065Z"
"naver-card-10406-exclusion-8","naver-card-10406","raw_detected","연회비","2026-06-11T13:04:13.065Z"
"naver-card-10406-exclusion-9","naver-card-10406","raw_detected","수수료","2026-06-11T13:04:13.065Z"
"naver-card-10406-exclusion-10","naver-card-10406","raw_detected","무이자할부","2026-06-11T13:04:13.065Z"
"naver-card-10406-exclusion-11","naver-card-10406","raw_detected","현금서비스","2026-06-11T13:04:13.065Z"
"naver-card-10406-exclusion-12","naver-card-10406","raw_detected","카드론","2026-06-11T13:04:13.065Z"
"naver-card-10523-exclusion-1","naver-card-10523","raw_detected","상품권","2026-06-11T13:04:13.065Z"
"naver-card-10523-exclusion-2","naver-card-10523","raw_detected","선불카드","2026-06-11T13:04:13.065Z"
"naver-card-10523-exclusion-3","naver-card-10523","raw_detected","국세","2026-06-11T13:04:13.065Z"
"naver-card-10523-exclusion-4","naver-card-10523","raw_detected","지방세","2026-06-11T13:04:13.065Z"
"naver-card-10523-exclusion-5","naver-card-10523","raw_detected","공과금","2026-06-11T13:04:13.065Z"
"naver-card-10523-exclusion-6","naver-card-10523","raw_detected","보험료","2026-06-11T13:04:13.065Z"
"naver-card-10523-exclusion-7","naver-card-10523","raw_detected","연회비","2026-06-11T13:04:13.065Z"
"naver-card-10523-exclusion-8","naver-card-10523","raw_detected","수수료","2026-06-11T13:04:13.065Z"
"naver-card-10523-exclusion-9","naver-card-10523","raw_detected","무이자할부","2026-06-11T13:04:13.065Z"
"naver-card-10523-exclusion-10","naver-card-10523","raw_detected","현금서비스","2026-06-11T13:04:13.065Z"
"naver-card-10523-exclusion-11","naver-card-10523","raw_detected","카드론","2026-06-11T13:04:13.065Z"
"naver-card-2348-exclusion-1","naver-card-2348","raw_detected","보험료","2026-06-11T13:04:13.065Z"
"naver-card-2348-exclusion-2","naver-card-2348","raw_detected","연회비","2026-06-11T13:04:13.065Z"
"naver-card-2348-exclusion-3","naver-card-2348","raw_detected","선불카드","2026-06-11T13:04:13.065Z"
"naver-card-2348-exclusion-4","naver-card-2348","raw_detected","기프트카드","2026-06-11T13:04:13.065Z"
"naver-card-2348-exclusion-5","naver-card-2348","raw_detected","지방세","2026-06-11T13:04:13.065Z"
"naver-card-2348-exclusion-6","naver-card-2348","raw_detected","수수료","2026-06-11T13:04:13.065Z"
"naver-card-2348-exclusion-7","naver-card-2348","raw_detected","현금서비스","2026-06-11T13:04:13.065Z"
"naver-card-2348-exclusion-8","naver-card-2348","raw_detected","카드론","2026-06-11T13:04:13.065Z"
"naver-card-10485-exclusion-1","naver-card-10485","raw_detected","공과금","2026-06-11T13:04:13.065Z"
"naver-card-10485-exclusion-2","naver-card-10485","raw_detected","연회비","2026-06-11T13:04:13.065Z"
"naver-card-10485-exclusion-3","naver-card-10485","raw_detected","상품권","2026-06-11T13:04:13.065Z"
"naver-card-10485-exclusion-4","naver-card-10485","raw_detected","선불카드","2026-06-11T13:04:13.065Z"
"naver-card-10485-exclusion-5","naver-card-10485","raw_detected","기프트카드","2026-06-11T13:04:13.065Z"
"naver-card-10485-exclusion-6","naver-card-10485","raw_detected","국세","2026-06-11T13:04:13.065Z"
"naver-card-10485-exclusion-7","naver-card-10485","raw_detected","지방세","2026-06-11T13:04:13.065Z"
"naver-card-10485-exclusion-8","naver-card-10485","raw_detected","아파트관리비","2026-06-11T13:04:13.065Z"
"naver-card-10485-exclusion-9","naver-card-10485","raw_detected","수수료","2026-06-11T13:04:13.065Z"
"naver-card-10485-exclusion-10","naver-card-10485","raw_detected","무이자할부","2026-06-11T13:04:13.065Z"
"naver-card-10485-exclusion-11","naver-card-10485","raw_detected","현금서비스","2026-06-11T13:04:13.065Z"
"naver-card-10485-exclusion-12","naver-card-10485","raw_detected","카드론","2026-06-11T13:04:13.065Z"
"naver-card-10490-exclusion-1","naver-card-10490","raw_detected","공과금","2026-06-11T13:04:13.065Z"
"naver-card-10490-exclusion-2","naver-card-10490","raw_detected","연회비","2026-06-11T13:04:13.065Z"
"naver-card-10490-exclusion-3","naver-card-10490","raw_detected","상품권","2026-06-11T13:04:13.065Z"
"naver-card-10490-exclusion-4","naver-card-10490","raw_detected","선불카드","2026-06-11T13:04:13.065Z"
"naver-card-10490-exclusion-5","naver-card-10490","raw_detected","기프트카드","2026-06-11T13:04:13.065Z"
"naver-card-10490-exclusion-6","naver-card-10490","raw_detected","국세","2026-06-11T13:04:13.065Z"
"naver-card-10490-exclusion-7","naver-card-10490","raw_detected","지방세","2026-06-11T13:04:13.065Z"
"naver-card-10490-exclusion-8","naver-card-10490","raw_detected","아파트관리비","2026-06-11T13:04:13.065Z"
"naver-card-10490-exclusion-9","naver-card-10490","raw_detected","수수료","2026-06-11T13:04:13.065Z"
"naver-card-10490-exclusion-10","naver-card-10490","raw_detected","무이자할부","2026-06-11T13:04:13.065Z"
"naver-card-10490-exclusion-11","naver-card-10490","raw_detected","현금서비스","2026-06-11T13:04:13.065Z"
"naver-card-10490-exclusion-12","naver-card-10490","raw_detected","카드론","2026-06-11T13:04:13.065Z"
"naver-card-10402-exclusion-1","naver-card-10402","raw_detected","공과금","2026-06-11T13:04:13.065Z"
"naver-card-10402-exclusion-2","naver-card-10402","raw_detected","연회비","2026-06-11T13:04:13.065Z"
"naver-card-10402-exclusion-3","naver-card-10402","raw_detected","선불카드","2026-06-11T13:04:13.065Z"
"naver-card-10402-exclusion-4","naver-card-10402","raw_detected","기프트카드","2026-06-11T13:04:13.065Z"
"naver-card-10402-exclusion-5","naver-card-10402","raw_detected","수수료","2026-06-11T13:04:13.065Z"
"naver-card-10402-exclusion-6","naver-card-10402","raw_detected","현금서비스","2026-06-11T13:04:13.065Z"
"naver-card-10402-exclusion-7","naver-card-10402","raw_detected","카드론","2026-06-11T13:04:13.065Z"
"naver-card-10402-exclusion-8","naver-card-10402","raw_detected","국세","2026-06-11T13:04:13.065Z"
"naver-card-10402-exclusion-9","naver-card-10402","raw_detected","지방세","2026-06-11T13:04:13.065Z"
"naver-card-10402-exclusion-10","naver-card-10402","raw_detected","아파트관리비","2026-06-11T13:04:13.065Z"
"naver-card-10402-exclusion-11","naver-card-10402","raw_detected","무이자할부","2026-06-11T13:04:13.065Z"
"naver-card-10327-exclusion-1","naver-card-10327","raw_detected","선불카드","2026-06-11T13:04:13.065Z"
"naver-card-10327-exclusion-2","naver-card-10327","raw_detected","기프트카드","2026-06-11T13:04:13.065Z"
"naver-card-10327-exclusion-3","naver-card-10327","raw_detected","국세","2026-06-11T13:04:13.065Z"
"naver-card-10327-exclusion-4","naver-card-10327","raw_detected","지방세","2026-06-11T13:04:13.065Z"
"naver-card-10327-exclusion-5","naver-card-10327","raw_detected","아파트관리비","2026-06-11T13:04:13.065Z"
"naver-card-10327-exclusion-6","naver-card-10327","raw_detected","무이자할부","2026-06-11T13:04:13.065Z"
"naver-card-10327-exclusion-7","naver-card-10327","raw_detected","연회비","2026-06-11T13:04:13.065Z"
"naver-card-10327-exclusion-8","naver-card-10327","raw_detected","수수료","2026-06-11T13:04:13.065Z"
"naver-card-10327-exclusion-9","naver-card-10327","raw_detected","현금서비스","2026-06-11T13:04:13.065Z"
"naver-card-10327-exclusion-10","naver-card-10327","raw_detected","카드론","2026-06-11T13:04:13.065Z"
"naver-card-10409-exclusion-1","naver-card-10409","raw_detected","공과금","2026-06-11T13:04:13.065Z"
"naver-card-10409-exclusion-2","naver-card-10409","raw_detected","연회비","2026-06-11T13:04:13.065Z"
"naver-card-10409-exclusion-3","naver-card-10409","raw_detected","선불카드","2026-06-11T13:04:13.065Z"
"naver-card-10409-exclusion-4","naver-card-10409","raw_detected","기프트카드","2026-06-11T13:04:13.065Z"
"naver-card-10409-exclusion-5","naver-card-10409","raw_detected","수수료","2026-06-11T13:04:13.065Z"
"naver-card-10409-exclusion-6","naver-card-10409","raw_detected","상품권","2026-06-11T13:04:13.065Z"
"naver-card-10409-exclusion-7","naver-card-10409","raw_detected","현금서비스","2026-06-11T13:04:13.065Z"
"naver-card-10409-exclusion-8","naver-card-10409","raw_detected","카드론","2026-06-11T13:04:13.065Z"
"naver-card-10409-exclusion-9","naver-card-10409","raw_detected","국세","2026-06-11T13:04:13.065Z"
"naver-card-10409-exclusion-10","naver-card-10409","raw_detected","지방세","2026-06-11T13:04:13.065Z"
"naver-card-10409-exclusion-11","naver-card-10409","raw_detected","아파트관리비","2026-06-11T13:04:13.065Z"
"naver-card-10444-exclusion-1","naver-card-10444","raw_detected","연회비","2026-06-11T13:04:13.065Z"
"naver-card-10444-exclusion-2","naver-card-10444","raw_detected","선불카드","2026-06-11T13:04:13.065Z"
"naver-card-10444-exclusion-3","naver-card-10444","raw_detected","수수료","2026-06-11T13:04:13.065Z"
"naver-card-10444-exclusion-4","naver-card-10444","raw_detected","현금서비스","2026-06-11T13:04:13.065Z"
"naver-card-10444-exclusion-5","naver-card-10444","raw_detected","카드론","2026-06-11T13:04:13.065Z"
"naver-card-10444-exclusion-6","naver-card-10444","raw_detected","기프트카드","2026-06-11T13:04:13.065Z"
"naver-card-1292-exclusion-1","naver-card-1292","raw_detected","연회비","2026-06-11T13:04:13.065Z"
"naver-card-1292-exclusion-2","naver-card-1292","raw_detected","상품권","2026-06-11T13:04:13.065Z"
"naver-card-1292-exclusion-3","naver-card-1292","raw_detected","선불카드","2026-06-11T13:04:13.065Z"
"naver-card-1292-exclusion-4","naver-card-1292","raw_detected","기프트카드","2026-06-11T13:04:13.065Z"
"naver-card-1292-exclusion-5","naver-card-1292","raw_detected","수수료","2026-06-11T13:04:13.065Z"
"naver-card-1292-exclusion-6","naver-card-1292","raw_detected","현금서비스","2026-06-11T13:04:13.065Z"
"naver-card-1292-exclusion-7","naver-card-1292","raw_detected","카드론","2026-06-11T13:04:13.065Z"
"naver-card-10201-exclusion-1","naver-card-10201","raw_detected","선불카드","2026-06-11T13:04:13.065Z"
"naver-card-10201-exclusion-2","naver-card-10201","raw_detected","기프트카드","2026-06-11T13:04:13.065Z"
"naver-card-10201-exclusion-3","naver-card-10201","raw_detected","연회비","2026-06-11T13:04:13.065Z"
"naver-card-10201-exclusion-4","naver-card-10201","raw_detected","수수료","2026-06-11T13:04:13.065Z"
"naver-card-10201-exclusion-5","naver-card-10201","raw_detected","현금서비스","2026-06-11T13:04:13.065Z"
"naver-card-10201-exclusion-6","naver-card-10201","raw_detected","카드론","2026-06-11T13:04:13.065Z"
"naver-card-10201-exclusion-7","naver-card-10201","raw_detected","상품권","2026-06-11T13:04:13.065Z"
"naver-card-10201-exclusion-8","naver-card-10201","raw_detected","국세","2026-06-11T13:04:13.065Z"
"naver-card-10201-exclusion-9","naver-card-10201","raw_detected","지방세","2026-06-11T13:04:13.065Z"
"naver-card-10201-exclusion-10","naver-card-10201","raw_detected","아파트관리비","2026-06-11T13:04:13.065Z"
"naver-card-10201-exclusion-11","naver-card-10201","raw_detected","대학등록금","2026-06-11T13:04:13.065Z"
"naver-card-10333-exclusion-1","naver-card-10333","raw_detected","상품권","2026-06-11T13:04:13.065Z"
"naver-card-10333-exclusion-2","naver-card-10333","raw_detected","선불카드","2026-06-11T13:04:13.065Z"
"naver-card-10333-exclusion-3","naver-card-10333","raw_detected","기프트카드","2026-06-11T13:04:13.065Z"
"naver-card-10333-exclusion-4","naver-card-10333","raw_detected","국세","2026-06-11T13:04:13.065Z"
"naver-card-10333-exclusion-5","naver-card-10333","raw_detected","지방세","2026-06-11T13:04:13.065Z"
"naver-card-10333-exclusion-6","naver-card-10333","raw_detected","공과금","2026-06-11T13:04:13.065Z"
"naver-card-10333-exclusion-7","naver-card-10333","raw_detected","아파트관리비","2026-06-11T13:04:13.065Z"
"naver-card-10333-exclusion-8","naver-card-10333","raw_detected","연회비","2026-06-11T13:04:13.065Z"
"naver-card-10333-exclusion-9","naver-card-10333","raw_detected","수수료","2026-06-11T13:04:13.065Z"
"naver-card-10333-exclusion-10","naver-card-10333","raw_detected","무이자할부","2026-06-11T13:04:13.065Z"
"naver-card-10333-exclusion-11","naver-card-10333","raw_detected","현금서비스","2026-06-11T13:04:13.065Z"
"naver-card-10333-exclusion-12","naver-card-10333","raw_detected","카드론","2026-06-11T13:04:13.065Z"
"naver-card-10345-exclusion-1","naver-card-10345","raw_detected","상품권","2026-06-11T13:04:13.065Z"
"naver-card-10345-exclusion-2","naver-card-10345","raw_detected","선불카드","2026-06-11T13:04:13.065Z"
"naver-card-10345-exclusion-3","naver-card-10345","raw_detected","기프트카드","2026-06-11T13:04:13.065Z"
"naver-card-10345-exclusion-4","naver-card-10345","raw_detected","국세","2026-06-11T13:04:13.065Z"
"naver-card-10345-exclusion-5","naver-card-10345","raw_detected","지방세","2026-06-11T13:04:13.065Z"
"naver-card-10345-exclusion-6","naver-card-10345","raw_detected","연회비","2026-06-11T13:04:13.065Z"
"naver-card-10345-exclusion-7","naver-card-10345","raw_detected","수수료","2026-06-11T13:04:13.065Z"
"naver-card-10345-exclusion-8","naver-card-10345","raw_detected","무이자할부","2026-06-11T13:04:13.065Z"
"naver-card-10286-exclusion-1","naver-card-10286","raw_detected","상품권","2026-06-11T13:04:13.065Z"
"naver-card-10286-exclusion-2","naver-card-10286","raw_detected","선불카드","2026-06-11T13:04:13.065Z"
"naver-card-10286-exclusion-3","naver-card-10286","raw_detected","기프트카드","2026-06-11T13:04:13.065Z"
"naver-card-10286-exclusion-4","naver-card-10286","raw_detected","국세","2026-06-11T13:04:13.065Z"
"naver-card-10286-exclusion-5","naver-card-10286","raw_detected","지방세","2026-06-11T13:04:13.065Z"
"naver-card-10286-exclusion-6","naver-card-10286","raw_detected","공과금","2026-06-11T13:04:13.065Z"
"naver-card-10286-exclusion-7","naver-card-10286","raw_detected","아파트관리비","2026-06-11T13:04:13.065Z"
"naver-card-10286-exclusion-8","naver-card-10286","raw_detected","연회비","2026-06-11T13:04:13.065Z"
"naver-card-10286-exclusion-9","naver-card-10286","raw_detected","수수료","2026-06-11T13:04:13.065Z"
"naver-card-10286-exclusion-10","naver-card-10286","raw_detected","무이자할부","2026-06-11T13:04:13.065Z"
"naver-card-10286-exclusion-11","naver-card-10286","raw_detected","현금서비스","2026-06-11T13:04:13.065Z"
"naver-card-10286-exclusion-12","naver-card-10286","raw_detected","카드론","2026-06-11T13:04:13.065Z"
"naver-card-10045-exclusion-1","naver-card-10045","raw_detected","상품권","2026-06-11T13:04:13.065Z"
"naver-card-10045-exclusion-2","naver-card-10045","raw_detected","선불카드","2026-06-11T13:04:13.065Z"
"naver-card-10045-exclusion-3","naver-card-10045","raw_detected","기프트카드","2026-06-11T13:04:13.065Z"
"naver-card-10045-exclusion-4","naver-card-10045","raw_detected","국세","2026-06-11T13:04:13.065Z"
"naver-card-10045-exclusion-5","naver-card-10045","raw_detected","지방세","2026-06-11T13:04:13.065Z"
"naver-card-10045-exclusion-6","naver-card-10045","raw_detected","공과금","2026-06-11T13:04:13.065Z"
"naver-card-10045-exclusion-7","naver-card-10045","raw_detected","아파트관리비","2026-06-11T13:04:13.065Z"
"naver-card-10045-exclusion-8","naver-card-10045","raw_detected","연회비","2026-06-11T13:04:13.065Z"
"naver-card-10045-exclusion-9","naver-card-10045","raw_detected","수수료","2026-06-11T13:04:13.065Z"
"naver-card-10045-exclusion-10","naver-card-10045","raw_detected","무이자할부","2026-06-11T13:04:13.065Z"
"naver-card-10045-exclusion-11","naver-card-10045","raw_detected","현금서비스","2026-06-11T13:04:13.065Z"
"naver-card-10045-exclusion-12","naver-card-10045","raw_detected","카드론","2026-06-11T13:04:13.065Z"
"naver-card-10612-exclusion-1","naver-card-10612","raw_detected","상품권","2026-06-11T13:04:13.065Z"
"naver-card-10612-exclusion-2","naver-card-10612","raw_detected","선불카드","2026-06-11T13:04:13.065Z"
"naver-card-10612-exclusion-3","naver-card-10612","raw_detected","기프트카드","2026-06-11T13:04:13.065Z"
"naver-card-10612-exclusion-4","naver-card-10612","raw_detected","연회비","2026-06-11T13:04:13.065Z"
"naver-card-10612-exclusion-5","naver-card-10612","raw_detected","수수료","2026-06-11T13:04:13.065Z"
"naver-card-10612-exclusion-6","naver-card-10612","raw_detected","무이자할부","2026-06-11T13:04:13.065Z"
"naver-card-10612-exclusion-7","naver-card-10612","raw_detected","현금서비스","2026-06-11T13:04:13.065Z"
"naver-card-10612-exclusion-8","naver-card-10612","raw_detected","카드론","2026-06-11T13:04:13.065Z"
"naver-card-10592-exclusion-1","naver-card-10592","raw_detected","상품권","2026-06-11T13:04:13.065Z"
"naver-card-10592-exclusion-2","naver-card-10592","raw_detected","선불카드","2026-06-11T13:04:13.065Z"
"naver-card-10592-exclusion-3","naver-card-10592","raw_detected","기프트카드","2026-06-11T13:04:13.065Z"
"naver-card-10592-exclusion-4","naver-card-10592","raw_detected","국세","2026-06-11T13:04:13.065Z"
"naver-card-10592-exclusion-5","naver-card-10592","raw_detected","지방세","2026-06-11T13:04:13.065Z"
"naver-card-10592-exclusion-6","naver-card-10592","raw_detected","공과금","2026-06-11T13:04:13.065Z"
"naver-card-10592-exclusion-7","naver-card-10592","raw_detected","연회비","2026-06-11T13:04:13.065Z"
"naver-card-10592-exclusion-8","naver-card-10592","raw_detected","수수료","2026-06-11T13:04:13.065Z"
"naver-card-10592-exclusion-9","naver-card-10592","raw_detected","무이자할부","2026-06-11T13:04:13.065Z"
"naver-card-10592-exclusion-10","naver-card-10592","raw_detected","현금서비스","2026-06-11T13:04:13.065Z"
"naver-card-10592-exclusion-11","naver-card-10592","raw_detected","카드론","2026-06-11T13:04:13.065Z"
"naver-card-10536-exclusion-1","naver-card-10536","raw_detected","연회비","2026-06-11T13:04:13.065Z"
"naver-card-10536-exclusion-2","naver-card-10536","raw_detected","수수료","2026-06-11T13:04:13.065Z"
"naver-card-10536-exclusion-3","naver-card-10536","raw_detected","상품권","2026-06-11T13:04:13.065Z"
"naver-card-10536-exclusion-4","naver-card-10536","raw_detected","선불카드","2026-06-11T13:04:13.065Z"
"naver-card-10536-exclusion-5","naver-card-10536","raw_detected","기프트카드","2026-06-11T13:04:13.065Z"
"naver-card-10536-exclusion-6","naver-card-10536","raw_detected","국세","2026-06-11T13:04:13.065Z"
"naver-card-10536-exclusion-7","naver-card-10536","raw_detected","지방세","2026-06-11T13:04:13.065Z"
"naver-card-10536-exclusion-8","naver-card-10536","raw_detected","공과금","2026-06-11T13:04:13.065Z"
"naver-card-10536-exclusion-9","naver-card-10536","raw_detected","무이자할부","2026-06-11T13:04:13.065Z"
"naver-card-10536-exclusion-10","naver-card-10536","raw_detected","현금서비스","2026-06-11T13:04:13.065Z"
"naver-card-10536-exclusion-11","naver-card-10536","raw_detected","카드론","2026-06-11T13:04:13.065Z"
"naver-card-10593-exclusion-1","naver-card-10593","raw_detected","상품권","2026-06-11T13:04:13.065Z"
"naver-card-10593-exclusion-2","naver-card-10593","raw_detected","선불카드","2026-06-11T13:04:13.065Z"
"naver-card-10593-exclusion-3","naver-card-10593","raw_detected","기프트카드","2026-06-11T13:04:13.065Z"
"naver-card-10593-exclusion-4","naver-card-10593","raw_detected","국세","2026-06-11T13:04:13.065Z"
"naver-card-10593-exclusion-5","naver-card-10593","raw_detected","지방세","2026-06-11T13:04:13.065Z"
"naver-card-10593-exclusion-6","naver-card-10593","raw_detected","공과금","2026-06-11T13:04:13.065Z"
"naver-card-10593-exclusion-7","naver-card-10593","raw_detected","연회비","2026-06-11T13:04:13.065Z"
"naver-card-10593-exclusion-8","naver-card-10593","raw_detected","수수료","2026-06-11T13:04:13.065Z"
"naver-card-10593-exclusion-9","naver-card-10593","raw_detected","무이자할부","2026-06-11T13:04:13.065Z"
"naver-card-10593-exclusion-10","naver-card-10593","raw_detected","현금서비스","2026-06-11T13:04:13.065Z"
"naver-card-10593-exclusion-11","naver-card-10593","raw_detected","카드론","2026-06-11T13:04:13.065Z"
"naver-card-10512-exclusion-1","naver-card-10512","raw_detected","상품권","2026-06-11T13:04:13.065Z"
"naver-card-10512-exclusion-2","naver-card-10512","raw_detected","선불카드","2026-06-11T13:04:13.065Z"
"naver-card-10512-exclusion-3","naver-card-10512","raw_detected","기프트카드","2026-06-11T13:04:13.065Z"
"naver-card-10512-exclusion-4","naver-card-10512","raw_detected","국세","2026-06-11T13:04:13.065Z"
"naver-card-10512-exclusion-5","naver-card-10512","raw_detected","지방세","2026-06-11T13:04:13.065Z"
"naver-card-10512-exclusion-6","naver-card-10512","raw_detected","공과금","2026-06-11T13:04:13.065Z"
"naver-card-10512-exclusion-7","naver-card-10512","raw_detected","연회비","2026-06-11T13:04:13.065Z"
"naver-card-10512-exclusion-8","naver-card-10512","raw_detected","수수료","2026-06-11T13:04:13.065Z"
"naver-card-10512-exclusion-9","naver-card-10512","raw_detected","무이자할부","2026-06-11T13:04:13.065Z"
"naver-card-10512-exclusion-10","naver-card-10512","raw_detected","현금서비스","2026-06-11T13:04:13.065Z"
"naver-card-10512-exclusion-11","naver-card-10512","raw_detected","카드론","2026-06-11T13:04:13.065Z"
"naver-card-10403-exclusion-1","naver-card-10403","raw_detected","상품권","2026-06-11T13:04:13.065Z"
"naver-card-10403-exclusion-2","naver-card-10403","raw_detected","선불카드","2026-06-11T13:04:13.065Z"
"naver-card-10403-exclusion-3","naver-card-10403","raw_detected","기프트카드","2026-06-11T13:04:13.065Z"
"naver-card-10403-exclusion-4","naver-card-10403","raw_detected","국세","2026-06-11T13:04:13.065Z"
"naver-card-10403-exclusion-5","naver-card-10403","raw_detected","지방세","2026-06-11T13:04:13.065Z"
"naver-card-10403-exclusion-6","naver-card-10403","raw_detected","공과금","2026-06-11T13:04:13.065Z"
"naver-card-10403-exclusion-7","naver-card-10403","raw_detected","연회비","2026-06-11T13:04:13.065Z"
"naver-card-10403-exclusion-8","naver-card-10403","raw_detected","수수료","2026-06-11T13:04:13.065Z"
"naver-card-10403-exclusion-9","naver-card-10403","raw_detected","무이자할부","2026-06-11T13:04:13.065Z"
"naver-card-10403-exclusion-10","naver-card-10403","raw_detected","현금서비스","2026-06-11T13:04:13.065Z"
"naver-card-10403-exclusion-11","naver-card-10403","raw_detected","카드론","2026-06-11T13:04:13.065Z"
"naver-card-10344-exclusion-1","naver-card-10344","raw_detected","상품권","2026-06-11T13:04:13.065Z"
"naver-card-10344-exclusion-2","naver-card-10344","raw_detected","선불카드","2026-06-11T13:04:13.065Z"
"naver-card-10344-exclusion-3","naver-card-10344","raw_detected","기프트카드","2026-06-11T13:04:13.065Z"
"naver-card-10344-exclusion-4","naver-card-10344","raw_detected","국세","2026-06-11T13:04:13.065Z"
"naver-card-10344-exclusion-5","naver-card-10344","raw_detected","지방세","2026-06-11T13:04:13.065Z"
"naver-card-10344-exclusion-6","naver-card-10344","raw_detected","공과금","2026-06-11T13:04:13.065Z"
"naver-card-10344-exclusion-7","naver-card-10344","raw_detected","아파트관리비","2026-06-11T13:04:13.065Z"
"naver-card-10344-exclusion-8","naver-card-10344","raw_detected","연회비","2026-06-11T13:04:13.065Z"
"naver-card-10344-exclusion-9","naver-card-10344","raw_detected","수수료","2026-06-11T13:04:13.065Z"
"naver-card-10344-exclusion-10","naver-card-10344","raw_detected","현금서비스","2026-06-11T13:04:13.065Z"
"naver-card-10344-exclusion-11","naver-card-10344","raw_detected","카드론","2026-06-11T13:04:13.065Z"
"naver-card-10492-exclusion-1","naver-card-10492","raw_detected","상품권","2026-06-11T13:04:13.065Z"
"naver-card-10492-exclusion-2","naver-card-10492","raw_detected","선불카드","2026-06-11T13:04:13.065Z"
"naver-card-10492-exclusion-3","naver-card-10492","raw_detected","기프트카드","2026-06-11T13:04:13.065Z"
"naver-card-10492-exclusion-4","naver-card-10492","raw_detected","국세","2026-06-11T13:04:13.065Z"
"naver-card-10492-exclusion-5","naver-card-10492","raw_detected","지방세","2026-06-11T13:04:13.065Z"
"naver-card-10492-exclusion-6","naver-card-10492","raw_detected","공과금","2026-06-11T13:04:13.065Z"
"naver-card-10492-exclusion-7","naver-card-10492","raw_detected","연회비","2026-06-11T13:04:13.065Z"
"naver-card-10492-exclusion-8","naver-card-10492","raw_detected","수수료","2026-06-11T13:04:13.065Z"
"naver-card-10492-exclusion-9","naver-card-10492","raw_detected","무이자할부","2026-06-11T13:04:13.065Z"
"naver-card-10492-exclusion-10","naver-card-10492","raw_detected","현금서비스","2026-06-11T13:04:13.065Z"
"naver-card-10492-exclusion-11","naver-card-10492","raw_detected","카드론","2026-06-11T13:04:13.065Z"
"naver-card-10538-exclusion-1","naver-card-10538","raw_detected","상품권","2026-06-11T13:04:13.065Z"
"naver-card-10538-exclusion-2","naver-card-10538","raw_detected","선불카드","2026-06-11T13:04:13.065Z"
"naver-card-10538-exclusion-3","naver-card-10538","raw_detected","연회비","2026-06-11T13:04:13.065Z"
"naver-card-10538-exclusion-4","naver-card-10538","raw_detected","수수료","2026-06-11T13:04:13.065Z"
"naver-card-10538-exclusion-5","naver-card-10538","raw_detected","현금서비스","2026-06-11T13:04:13.065Z"
"naver-card-10538-exclusion-6","naver-card-10538","raw_detected","카드론","2026-06-11T13:04:13.065Z"
"naver-card-10376-exclusion-1","naver-card-10376","raw_detected","연회비","2026-06-11T13:04:13.065Z"
"naver-card-10376-exclusion-2","naver-card-10376","raw_detected","무이자할부","2026-06-11T13:04:13.065Z"
"naver-card-10376-exclusion-3","naver-card-10376","raw_detected","상품권","2026-06-11T13:04:13.065Z"
"naver-card-10376-exclusion-4","naver-card-10376","raw_detected","선불카드","2026-06-11T13:04:13.065Z"
"naver-card-10376-exclusion-5","naver-card-10376","raw_detected","기프트카드","2026-06-11T13:04:13.065Z"
"naver-card-10376-exclusion-6","naver-card-10376","raw_detected","국세","2026-06-11T13:04:13.065Z"
"naver-card-10376-exclusion-7","naver-card-10376","raw_detected","지방세","2026-06-11T13:04:13.065Z"
"naver-card-10376-exclusion-8","naver-card-10376","raw_detected","공과금","2026-06-11T13:04:13.065Z"
"naver-card-10376-exclusion-9","naver-card-10376","raw_detected","수수료","2026-06-11T13:04:13.065Z"
"naver-card-10376-exclusion-10","naver-card-10376","raw_detected","카드론","2026-06-11T13:04:13.065Z"
"naver-card-10376-exclusion-11","naver-card-10376","raw_detected","현금서비스","2026-06-11T13:04:13.065Z"
"naver-card-10580-exclusion-1","naver-card-10580","raw_detected","연회비","2026-06-11T13:04:13.065Z"
"naver-card-10580-exclusion-2","naver-card-10580","raw_detected","수수료","2026-06-11T13:04:13.065Z"
"naver-card-10348-exclusion-1","naver-card-10348","raw_detected","상품권","2026-06-11T13:04:13.065Z"
"naver-card-10348-exclusion-2","naver-card-10348","raw_detected","선불카드","2026-06-11T13:04:13.065Z"
"naver-card-10348-exclusion-3","naver-card-10348","raw_detected","기프트카드","2026-06-11T13:04:13.065Z"
"naver-card-10348-exclusion-4","naver-card-10348","raw_detected","국세","2026-06-11T13:04:13.065Z"
"naver-card-10348-exclusion-5","naver-card-10348","raw_detected","지방세","2026-06-11T13:04:13.065Z"
"naver-card-10348-exclusion-6","naver-card-10348","raw_detected","아파트관리비","2026-06-11T13:04:13.065Z"
"naver-card-10348-exclusion-7","naver-card-10348","raw_detected","연회비","2026-06-11T13:04:13.065Z"
"naver-card-10348-exclusion-8","naver-card-10348","raw_detected","수수료","2026-06-11T13:04:13.065Z"
"naver-card-10348-exclusion-9","naver-card-10348","raw_detected","무이자할부","2026-06-11T13:04:13.065Z"
"naver-card-10348-exclusion-10","naver-card-10348","raw_detected","현금서비스","2026-06-11T13:04:13.065Z"
"naver-card-10348-exclusion-11","naver-card-10348","raw_detected","카드론","2026-06-11T13:04:13.065Z"
"naver-card-10315-exclusion-1","naver-card-10315","raw_detected","상품권","2026-06-11T13:04:13.065Z"
"naver-card-10315-exclusion-2","naver-card-10315","raw_detected","선불카드","2026-06-11T13:04:13.065Z"
"naver-card-10315-exclusion-3","naver-card-10315","raw_detected","기프트카드","2026-06-11T13:04:13.065Z"
"naver-card-10315-exclusion-4","naver-card-10315","raw_detected","국세","2026-06-11T13:04:13.065Z"
"naver-card-10315-exclusion-5","naver-card-10315","raw_detected","지방세","2026-06-11T13:04:13.065Z"
"naver-card-10315-exclusion-6","naver-card-10315","raw_detected","공과금","2026-06-11T13:04:13.065Z"
"naver-card-10315-exclusion-7","naver-card-10315","raw_detected","아파트관리비","2026-06-11T13:04:13.065Z"
"naver-card-10315-exclusion-8","naver-card-10315","raw_detected","연회비","2026-06-11T13:04:13.065Z"
"naver-card-10315-exclusion-9","naver-card-10315","raw_detected","수수료","2026-06-11T13:04:13.065Z"
"naver-card-10315-exclusion-10","naver-card-10315","raw_detected","무이자할부","2026-06-11T13:04:13.065Z"
"naver-card-10315-exclusion-11","naver-card-10315","raw_detected","현금서비스","2026-06-11T13:04:13.065Z"
"naver-card-10315-exclusion-12","naver-card-10315","raw_detected","카드론","2026-06-11T13:04:13.065Z"
"naver-card-10347-exclusion-1","naver-card-10347","raw_detected","연회비","2026-06-11T13:04:13.065Z"
"naver-card-10347-exclusion-2","naver-card-10347","raw_detected","수수료","2026-06-11T13:04:13.065Z"
"naver-card-10347-exclusion-3","naver-card-10347","raw_detected","상품권","2026-06-11T13:04:13.065Z"
"naver-card-10347-exclusion-4","naver-card-10347","raw_detected","선불카드","2026-06-11T13:04:13.065Z"
"naver-card-10347-exclusion-5","naver-card-10347","raw_detected","기프트카드","2026-06-11T13:04:13.065Z"
"naver-card-10347-exclusion-6","naver-card-10347","raw_detected","국세","2026-06-11T13:04:13.065Z"
"naver-card-10347-exclusion-7","naver-card-10347","raw_detected","지방세","2026-06-11T13:04:13.065Z"
"naver-card-10347-exclusion-8","naver-card-10347","raw_detected","공과금","2026-06-11T13:04:13.065Z"
"naver-card-10347-exclusion-9","naver-card-10347","raw_detected","무이자할부","2026-06-11T13:04:13.065Z"
"naver-card-10347-exclusion-10","naver-card-10347","raw_detected","현금서비스","2026-06-11T13:04:13.065Z"
"naver-card-10347-exclusion-11","naver-card-10347","raw_detected","카드론","2026-06-11T13:04:13.065Z"
"naver-card-10316-exclusion-1","naver-card-10316","raw_detected","상품권","2026-06-11T13:04:13.065Z"
"naver-card-10316-exclusion-2","naver-card-10316","raw_detected","선불카드","2026-06-11T13:04:13.065Z"
"naver-card-10316-exclusion-3","naver-card-10316","raw_detected","기프트카드","2026-06-11T13:04:13.065Z"
"naver-card-10316-exclusion-4","naver-card-10316","raw_detected","국세","2026-06-11T13:04:13.065Z"
"naver-card-10316-exclusion-5","naver-card-10316","raw_detected","지방세","2026-06-11T13:04:13.065Z"
"naver-card-10316-exclusion-6","naver-card-10316","raw_detected","공과금","2026-06-11T13:04:13.065Z"
"naver-card-10316-exclusion-7","naver-card-10316","raw_detected","아파트관리비","2026-06-11T13:04:13.065Z"
"naver-card-10316-exclusion-8","naver-card-10316","raw_detected","연회비","2026-06-11T13:04:13.065Z"
"naver-card-10316-exclusion-9","naver-card-10316","raw_detected","수수료","2026-06-11T13:04:13.065Z"
"naver-card-10316-exclusion-10","naver-card-10316","raw_detected","무이자할부","2026-06-11T13:04:13.065Z"
"naver-card-10316-exclusion-11","naver-card-10316","raw_detected","현금서비스","2026-06-11T13:04:13.065Z"
"naver-card-10316-exclusion-12","naver-card-10316","raw_detected","카드론","2026-06-11T13:04:13.065Z"
"naver-card-1692-exclusion-1","naver-card-1692","raw_detected","상품권","2026-06-11T13:04:13.065Z"
"naver-card-1692-exclusion-2","naver-card-1692","raw_detected","선불카드","2026-06-11T13:04:13.065Z"
"naver-card-1692-exclusion-3","naver-card-1692","raw_detected","공과금","2026-06-11T13:04:13.065Z"
"naver-card-1692-exclusion-4","naver-card-1692","raw_detected","아파트관리비","2026-06-11T13:04:13.065Z"
"naver-card-1692-exclusion-5","naver-card-1692","raw_detected","연회비","2026-06-11T13:04:13.065Z"
"naver-card-1692-exclusion-6","naver-card-1692","raw_detected","수수료","2026-06-11T13:04:13.065Z"
"naver-card-1692-exclusion-7","naver-card-1692","raw_detected","무이자할부","2026-06-11T13:04:13.065Z"
"naver-card-1692-exclusion-8","naver-card-1692","raw_detected","현금서비스","2026-06-11T13:04:13.065Z"
"naver-card-1692-exclusion-9","naver-card-1692","raw_detected","카드론","2026-06-11T13:04:13.065Z"
"naver-card-10452-exclusion-1","naver-card-10452","raw_detected","상품권","2026-06-11T13:04:13.065Z"
"naver-card-10452-exclusion-2","naver-card-10452","raw_detected","선불카드","2026-06-11T13:04:13.065Z"
"naver-card-10452-exclusion-3","naver-card-10452","raw_detected","국세","2026-06-11T13:04:13.065Z"
"naver-card-10452-exclusion-4","naver-card-10452","raw_detected","지방세","2026-06-11T13:04:13.065Z"
"naver-card-10452-exclusion-5","naver-card-10452","raw_detected","공과금","2026-06-11T13:04:13.065Z"
"naver-card-10452-exclusion-6","naver-card-10452","raw_detected","아파트관리비","2026-06-11T13:04:13.065Z"
"naver-card-10452-exclusion-7","naver-card-10452","raw_detected","연회비","2026-06-11T13:04:13.065Z"
"naver-card-10452-exclusion-8","naver-card-10452","raw_detected","수수료","2026-06-11T13:04:13.065Z"
"naver-card-10452-exclusion-9","naver-card-10452","raw_detected","무이자할부","2026-06-11T13:04:13.065Z"
"naver-card-10452-exclusion-10","naver-card-10452","raw_detected","현금서비스","2026-06-11T13:04:13.065Z"
"naver-card-10452-exclusion-11","naver-card-10452","raw_detected","카드론","2026-06-11T13:04:13.065Z"
"naver-card-10452-exclusion-12","naver-card-10452","raw_detected","포인트 충전","2026-06-11T13:04:13.065Z"
"naver-card-10453-exclusion-1","naver-card-10453","raw_detected","상품권","2026-06-11T13:04:13.065Z"
"naver-card-10453-exclusion-2","naver-card-10453","raw_detected","선불카드","2026-06-11T13:04:13.065Z"
"naver-card-10453-exclusion-3","naver-card-10453","raw_detected","국세","2026-06-11T13:04:13.065Z"
"naver-card-10453-exclusion-4","naver-card-10453","raw_detected","지방세","2026-06-11T13:04:13.065Z"
"naver-card-10453-exclusion-5","naver-card-10453","raw_detected","공과금","2026-06-11T13:04:13.065Z"
"naver-card-10453-exclusion-6","naver-card-10453","raw_detected","아파트관리비","2026-06-11T13:04:13.065Z"
"naver-card-10453-exclusion-7","naver-card-10453","raw_detected","연회비","2026-06-11T13:04:13.065Z"
"naver-card-10453-exclusion-8","naver-card-10453","raw_detected","수수료","2026-06-11T13:04:13.065Z"
"naver-card-10453-exclusion-9","naver-card-10453","raw_detected","무이자할부","2026-06-11T13:04:13.065Z"
"naver-card-10453-exclusion-10","naver-card-10453","raw_detected","현금서비스","2026-06-11T13:04:13.065Z"
"naver-card-10453-exclusion-11","naver-card-10453","raw_detected","카드론","2026-06-11T13:04:13.065Z"
"naver-card-10453-exclusion-12","naver-card-10453","raw_detected","포인트 충전","2026-06-11T13:04:13.065Z"
"naver-card-10358-exclusion-1","naver-card-10358","raw_detected","연회비","2026-06-11T13:04:13.065Z"
"naver-card-10358-exclusion-2","naver-card-10358","raw_detected","공과금","2026-06-11T13:04:13.065Z"
"naver-card-10358-exclusion-3","naver-card-10358","raw_detected","상품권","2026-06-11T13:04:13.065Z"
"naver-card-10358-exclusion-4","naver-card-10358","raw_detected","선불카드","2026-06-11T13:04:13.065Z"
"naver-card-10358-exclusion-5","naver-card-10358","raw_detected","기프트카드","2026-06-11T13:04:13.065Z"
"naver-card-10358-exclusion-6","naver-card-10358","raw_detected","수수료","2026-06-11T13:04:13.065Z"
"naver-card-10358-exclusion-7","naver-card-10358","raw_detected","현금서비스","2026-06-11T13:04:13.065Z"
"naver-card-10358-exclusion-8","naver-card-10358","raw_detected","카드론","2026-06-11T13:04:13.065Z"
"naver-card-10358-exclusion-9","naver-card-10358","raw_detected","아파트관리비","2026-06-11T13:04:13.065Z"
"naver-card-10313-exclusion-1","naver-card-10313","raw_detected","공과금","2026-06-11T13:04:13.065Z"
"naver-card-10313-exclusion-2","naver-card-10313","raw_detected","연회비","2026-06-11T13:04:13.065Z"
"naver-card-10313-exclusion-3","naver-card-10313","raw_detected","수수료","2026-06-11T13:04:13.065Z"
"naver-card-10313-exclusion-4","naver-card-10313","raw_detected","현금서비스","2026-06-11T13:04:13.065Z"
"naver-card-10313-exclusion-5","naver-card-10313","raw_detected","카드론","2026-06-11T13:04:13.065Z"
"naver-card-10313-exclusion-6","naver-card-10313","raw_detected","상품권","2026-06-11T13:04:13.065Z"
"naver-card-10313-exclusion-7","naver-card-10313","raw_detected","선불카드","2026-06-11T13:04:13.065Z"
"naver-card-10313-exclusion-8","naver-card-10313","raw_detected","기프트카드","2026-06-11T13:04:13.065Z"
"naver-card-10313-exclusion-9","naver-card-10313","raw_detected","아파트관리비","2026-06-11T13:04:13.065Z"
"naver-card-10313-exclusion-10","naver-card-10313","raw_detected","보험료","2026-06-11T13:04:13.065Z"
"naver-card-10187-exclusion-1","naver-card-10187","raw_detected","연회비","2026-06-11T13:04:13.065Z"
"naver-card-10584-exclusion-1","naver-card-10584","raw_detected","연회비","2026-06-11T13:04:13.065Z"
"naver-card-10584-exclusion-2","naver-card-10584","raw_detected","상품권","2026-06-11T13:04:13.065Z"
"naver-card-10584-exclusion-3","naver-card-10584","raw_detected","선불카드","2026-06-11T13:04:13.065Z"
"naver-card-10584-exclusion-4","naver-card-10584","raw_detected","아파트관리비","2026-06-11T13:04:13.065Z"
"naver-card-10346-exclusion-1","naver-card-10346","raw_detected","연회비","2026-06-11T13:04:13.065Z"
"naver-card-10346-exclusion-2","naver-card-10346","raw_detected","공과금","2026-06-11T13:04:13.065Z"
"naver-card-10346-exclusion-3","naver-card-10346","raw_detected","수수료","2026-06-11T13:04:13.065Z"
"naver-card-10346-exclusion-4","naver-card-10346","raw_detected","현금서비스","2026-06-11T13:04:13.065Z"
"naver-card-10346-exclusion-5","naver-card-10346","raw_detected","카드론","2026-06-11T13:04:13.065Z"
"naver-card-10346-exclusion-6","naver-card-10346","raw_detected","상품권","2026-06-11T13:04:13.065Z"
"naver-card-10346-exclusion-7","naver-card-10346","raw_detected","선불카드","2026-06-11T13:04:13.065Z"
"naver-card-10346-exclusion-8","naver-card-10346","raw_detected","기프트카드","2026-06-11T13:04:13.065Z"
"naver-card-10346-exclusion-9","naver-card-10346","raw_detected","아파트관리비","2026-06-11T13:04:13.065Z"
"naver-card-10479-exclusion-1","naver-card-10479","raw_detected","연회비","2026-06-11T13:04:13.065Z"
"naver-card-10479-exclusion-2","naver-card-10479","raw_detected","상품권","2026-06-11T13:04:13.065Z"
"naver-card-10479-exclusion-3","naver-card-10479","raw_detected","선불카드","2026-06-11T13:04:13.065Z"
"naver-card-10479-exclusion-4","naver-card-10479","raw_detected","기프트카드","2026-06-11T13:04:13.065Z"
"naver-card-10479-exclusion-5","naver-card-10479","raw_detected","공과금","2026-06-11T13:04:13.065Z"
"naver-card-10479-exclusion-6","naver-card-10479","raw_detected","아파트관리비","2026-06-11T13:04:13.065Z"
"naver-card-10479-exclusion-7","naver-card-10479","raw_detected","수수료","2026-06-11T13:04:13.065Z"
"naver-card-10479-exclusion-8","naver-card-10479","raw_detected","현금서비스","2026-06-11T13:04:13.065Z"
"naver-card-10479-exclusion-9","naver-card-10479","raw_detected","카드론","2026-06-11T13:04:13.065Z"
"naver-card-10314-exclusion-1","naver-card-10314","raw_detected","연회비","2026-06-11T13:04:13.065Z"
"naver-card-10314-exclusion-2","naver-card-10314","raw_detected","공과금","2026-06-11T13:04:13.065Z"
"naver-card-10314-exclusion-3","naver-card-10314","raw_detected","수수료","2026-06-11T13:04:13.065Z"
"naver-card-10314-exclusion-4","naver-card-10314","raw_detected","현금서비스","2026-06-11T13:04:13.065Z"
"naver-card-10314-exclusion-5","naver-card-10314","raw_detected","카드론","2026-06-11T13:04:13.065Z"
"naver-card-10314-exclusion-6","naver-card-10314","raw_detected","상품권","2026-06-11T13:04:13.065Z"
"naver-card-10314-exclusion-7","naver-card-10314","raw_detected","선불카드","2026-06-11T13:04:13.065Z"
"naver-card-10314-exclusion-8","naver-card-10314","raw_detected","기프트카드","2026-06-11T13:04:13.065Z"
"naver-card-10314-exclusion-9","naver-card-10314","raw_detected","아파트관리비","2026-06-11T13:04:13.065Z"
"naver-card-1322-exclusion-1","naver-card-1322","raw_detected","상품권","2026-06-11T13:04:13.065Z"
"naver-card-1322-exclusion-2","naver-card-1322","raw_detected","지방세","2026-06-11T13:04:13.065Z"
"naver-card-1322-exclusion-3","naver-card-1322","raw_detected","연회비","2026-06-11T13:04:13.065Z"
"naver-card-1322-exclusion-4","naver-card-1322","raw_detected","수수료","2026-06-11T13:04:13.065Z"
"naver-card-1322-exclusion-5","naver-card-1322","raw_detected","무이자할부","2026-06-11T13:04:13.065Z"
"naver-card-1322-exclusion-6","naver-card-1322","raw_detected","현금서비스","2026-06-11T13:04:13.065Z"
"naver-card-1322-exclusion-7","naver-card-1322","raw_detected","카드론","2026-06-11T13:04:13.065Z"
"naver-card-277-exclusion-1","naver-card-277","raw_detected","선불카드","2026-06-11T13:04:13.065Z"
"naver-card-277-exclusion-2","naver-card-277","raw_detected","국세","2026-06-11T13:04:13.065Z"
"naver-card-277-exclusion-3","naver-card-277","raw_detected","지방세","2026-06-11T13:04:13.065Z"
"naver-card-277-exclusion-4","naver-card-277","raw_detected","공과금","2026-06-11T13:04:13.065Z"
"naver-card-277-exclusion-5","naver-card-277","raw_detected","연회비","2026-06-11T13:04:13.065Z"
"naver-card-277-exclusion-6","naver-card-277","raw_detected","수수료","2026-06-11T13:04:13.065Z"
"naver-card-277-exclusion-7","naver-card-277","raw_detected","무이자할부","2026-06-11T13:04:13.065Z"
"naver-card-2226-exclusion-1","naver-card-2226","raw_detected","상품권","2026-06-11T13:04:13.065Z"
"naver-card-2226-exclusion-2","naver-card-2226","raw_detected","선불카드","2026-06-11T13:04:13.065Z"
"naver-card-2226-exclusion-3","naver-card-2226","raw_detected","국세","2026-06-11T13:04:13.065Z"
"naver-card-2226-exclusion-4","naver-card-2226","raw_detected","지방세","2026-06-11T13:04:13.065Z"
"naver-card-2226-exclusion-5","naver-card-2226","raw_detected","연회비","2026-06-11T13:04:13.065Z"
"naver-card-2226-exclusion-6","naver-card-2226","raw_detected","수수료","2026-06-11T13:04:13.065Z"
"naver-card-2226-exclusion-7","naver-card-2226","raw_detected","무이자할부","2026-06-11T13:04:13.065Z"
"naver-card-2226-exclusion-8","naver-card-2226","raw_detected","현금서비스","2026-06-11T13:04:13.065Z"
"naver-card-2226-exclusion-9","naver-card-2226","raw_detected","카드론","2026-06-11T13:04:13.065Z"
"naver-card-2676-exclusion-1","naver-card-2676","raw_detected","상품권","2026-06-11T13:04:13.065Z"
"naver-card-2676-exclusion-2","naver-card-2676","raw_detected","선불카드","2026-06-11T13:04:13.065Z"
"naver-card-2676-exclusion-3","naver-card-2676","raw_detected","국세","2026-06-11T13:04:13.065Z"
"naver-card-2676-exclusion-4","naver-card-2676","raw_detected","지방세","2026-06-11T13:04:13.065Z"
"naver-card-2676-exclusion-5","naver-card-2676","raw_detected","공과금","2026-06-11T13:04:13.065Z"
"naver-card-2676-exclusion-6","naver-card-2676","raw_detected","연회비","2026-06-11T13:04:13.065Z"
"naver-card-2676-exclusion-7","naver-card-2676","raw_detected","수수료","2026-06-11T13:04:13.065Z"
"naver-card-2676-exclusion-8","naver-card-2676","raw_detected","무이자할부","2026-06-11T13:04:13.065Z"
"naver-card-10238-exclusion-1","naver-card-10238","raw_detected","상품권","2026-06-11T13:04:13.065Z"
"naver-card-10238-exclusion-2","naver-card-10238","raw_detected","선불카드","2026-06-11T13:04:13.065Z"
"naver-card-10238-exclusion-3","naver-card-10238","raw_detected","국세","2026-06-11T13:04:13.065Z"
"naver-card-10238-exclusion-4","naver-card-10238","raw_detected","지방세","2026-06-11T13:04:13.065Z"
"naver-card-10238-exclusion-5","naver-card-10238","raw_detected","공과금","2026-06-11T13:04:13.065Z"
"naver-card-10238-exclusion-6","naver-card-10238","raw_detected","아파트관리비","2026-06-11T13:04:13.065Z"
"naver-card-10238-exclusion-7","naver-card-10238","raw_detected","보험료","2026-06-11T13:04:13.065Z"
"naver-card-10238-exclusion-8","naver-card-10238","raw_detected","연회비","2026-06-11T13:04:13.065Z"
"naver-card-10238-exclusion-9","naver-card-10238","raw_detected","수수료","2026-06-11T13:04:13.065Z"
"naver-card-10238-exclusion-10","naver-card-10238","raw_detected","무이자할부","2026-06-11T13:04:13.065Z"
"naver-card-10238-exclusion-11","naver-card-10238","raw_detected","현금서비스","2026-06-11T13:04:13.065Z"
"naver-card-10238-exclusion-12","naver-card-10238","raw_detected","카드론","2026-06-11T13:04:13.065Z"
"naver-card-1465-exclusion-1","naver-card-1465","raw_detected","선불카드","2026-06-11T13:04:13.065Z"
"naver-card-1465-exclusion-2","naver-card-1465","raw_detected","국세","2026-06-11T13:04:13.065Z"
"naver-card-1465-exclusion-3","naver-card-1465","raw_detected","지방세","2026-06-11T13:04:13.065Z"
"naver-card-1465-exclusion-4","naver-card-1465","raw_detected","공과금","2026-06-11T13:04:13.065Z"
"naver-card-1465-exclusion-5","naver-card-1465","raw_detected","연회비","2026-06-11T13:04:13.065Z"
"naver-card-1465-exclusion-6","naver-card-1465","raw_detected","수수료","2026-06-11T13:04:13.065Z"
"naver-card-1465-exclusion-7","naver-card-1465","raw_detected","무이자할부","2026-06-11T13:04:13.065Z"
"naver-card-2418-exclusion-1","naver-card-2418","raw_detected","상품권","2026-06-11T13:04:13.065Z"
"naver-card-2418-exclusion-2","naver-card-2418","raw_detected","선불카드","2026-06-11T13:04:13.065Z"
"naver-card-2418-exclusion-3","naver-card-2418","raw_detected","국세","2026-06-11T13:04:13.065Z"
"naver-card-2418-exclusion-4","naver-card-2418","raw_detected","지방세","2026-06-11T13:04:13.065Z"
"naver-card-2418-exclusion-5","naver-card-2418","raw_detected","공과금","2026-06-11T13:04:13.065Z"
"naver-card-2418-exclusion-6","naver-card-2418","raw_detected","연회비","2026-06-11T13:04:13.065Z"
"naver-card-2418-exclusion-7","naver-card-2418","raw_detected","수수료","2026-06-11T13:04:13.065Z"
"naver-card-2418-exclusion-8","naver-card-2418","raw_detected","무이자할부","2026-06-11T13:04:13.065Z"
"naver-card-10451-exclusion-1","naver-card-10451","raw_detected","상품권","2026-06-11T13:04:13.065Z"
"naver-card-10451-exclusion-2","naver-card-10451","raw_detected","선불카드","2026-06-11T13:04:13.065Z"
"naver-card-10451-exclusion-3","naver-card-10451","raw_detected","국세","2026-06-11T13:04:13.065Z"
"naver-card-10451-exclusion-4","naver-card-10451","raw_detected","지방세","2026-06-11T13:04:13.065Z"
"naver-card-10451-exclusion-5","naver-card-10451","raw_detected","공과금","2026-06-11T13:04:13.065Z"
"naver-card-10451-exclusion-6","naver-card-10451","raw_detected","아파트관리비","2026-06-11T13:04:13.065Z"
"naver-card-10451-exclusion-7","naver-card-10451","raw_detected","연회비","2026-06-11T13:04:13.065Z"
"naver-card-10451-exclusion-8","naver-card-10451","raw_detected","수수료","2026-06-11T13:04:13.065Z"
"naver-card-10451-exclusion-9","naver-card-10451","raw_detected","무이자할부","2026-06-11T13:04:13.065Z"
"naver-card-10451-exclusion-10","naver-card-10451","raw_detected","현금서비스","2026-06-11T13:04:13.065Z"
"naver-card-10451-exclusion-11","naver-card-10451","raw_detected","카드론","2026-06-11T13:04:13.065Z"
"naver-card-10268-exclusion-1","naver-card-10268","raw_detected","상품권","2026-06-11T13:04:13.065Z"
"naver-card-10268-exclusion-2","naver-card-10268","raw_detected","선불카드","2026-06-11T13:04:13.065Z"
"naver-card-10268-exclusion-3","naver-card-10268","raw_detected","기프트카드","2026-06-11T13:04:13.065Z"
"naver-card-10268-exclusion-4","naver-card-10268","raw_detected","국세","2026-06-11T13:04:13.065Z"
"naver-card-10268-exclusion-5","naver-card-10268","raw_detected","지방세","2026-06-11T13:04:13.065Z"
"naver-card-10268-exclusion-6","naver-card-10268","raw_detected","공과금","2026-06-11T13:04:13.065Z"
"naver-card-10268-exclusion-7","naver-card-10268","raw_detected","아파트관리비","2026-06-11T13:04:13.065Z"
"naver-card-10268-exclusion-8","naver-card-10268","raw_detected","대학등록금","2026-06-11T13:04:13.065Z"
"naver-card-10268-exclusion-9","naver-card-10268","raw_detected","연회비","2026-06-11T13:04:13.065Z"
"naver-card-10268-exclusion-10","naver-card-10268","raw_detected","수수료","2026-06-11T13:04:13.065Z"
"naver-card-10268-exclusion-11","naver-card-10268","raw_detected","현금서비스","2026-06-11T13:04:13.065Z"
"naver-card-10268-exclusion-12","naver-card-10268","raw_detected","카드론","2026-06-11T13:04:13.065Z"
"naver-card-10463-exclusion-1","naver-card-10463","raw_detected","상품권","2026-06-11T13:04:13.065Z"
"naver-card-10463-exclusion-2","naver-card-10463","raw_detected","선불카드","2026-06-11T13:04:13.065Z"
"naver-card-10463-exclusion-3","naver-card-10463","raw_detected","국세","2026-06-11T13:04:13.065Z"
"naver-card-10463-exclusion-4","naver-card-10463","raw_detected","지방세","2026-06-11T13:04:13.065Z"
"naver-card-10463-exclusion-5","naver-card-10463","raw_detected","공과금","2026-06-11T13:04:13.065Z"
"naver-card-10463-exclusion-6","naver-card-10463","raw_detected","보험료","2026-06-11T13:04:13.065Z"
"naver-card-10463-exclusion-7","naver-card-10463","raw_detected","연회비","2026-06-11T13:04:13.065Z"
"naver-card-10463-exclusion-8","naver-card-10463","raw_detected","수수료","2026-06-11T13:04:13.065Z"
"naver-card-10463-exclusion-9","naver-card-10463","raw_detected","무이자할부","2026-06-11T13:04:13.065Z"
"naver-card-10463-exclusion-10","naver-card-10463","raw_detected","현금서비스","2026-06-11T13:04:13.065Z"
"naver-card-10463-exclusion-11","naver-card-10463","raw_detected","카드론","2026-06-11T13:04:13.065Z"
"naver-card-10236-exclusion-1","naver-card-10236","raw_detected","상품권","2026-06-11T13:04:13.065Z"
"naver-card-10236-exclusion-2","naver-card-10236","raw_detected","선불카드","2026-06-11T13:04:13.065Z"
"naver-card-10236-exclusion-3","naver-card-10236","raw_detected","국세","2026-06-11T13:04:13.065Z"
"naver-card-10236-exclusion-4","naver-card-10236","raw_detected","지방세","2026-06-11T13:04:13.065Z"
"naver-card-10236-exclusion-5","naver-card-10236","raw_detected","공과금","2026-06-11T13:04:13.065Z"
"naver-card-10236-exclusion-6","naver-card-10236","raw_detected","보험료","2026-06-11T13:04:13.065Z"
"naver-card-10236-exclusion-7","naver-card-10236","raw_detected","연회비","2026-06-11T13:04:13.065Z"
"naver-card-10236-exclusion-8","naver-card-10236","raw_detected","수수료","2026-06-11T13:04:13.065Z"
"naver-card-10236-exclusion-9","naver-card-10236","raw_detected","무이자할부","2026-06-11T13:04:13.065Z"
"naver-card-10236-exclusion-10","naver-card-10236","raw_detected","현금서비스","2026-06-11T13:04:13.065Z"
"naver-card-10236-exclusion-11","naver-card-10236","raw_detected","카드론","2026-06-11T13:04:13.065Z"
"naver-card-10049-exclusion-1","naver-card-10049","raw_detected","상품권","2026-06-11T13:04:13.065Z"
"naver-card-10049-exclusion-2","naver-card-10049","raw_detected","선불카드","2026-06-11T13:04:13.065Z"
"naver-card-10049-exclusion-3","naver-card-10049","raw_detected","국세","2026-06-11T13:04:13.065Z"
"naver-card-10049-exclusion-4","naver-card-10049","raw_detected","지방세","2026-06-11T13:04:13.065Z"
"naver-card-10049-exclusion-5","naver-card-10049","raw_detected","공과금","2026-06-11T13:04:13.065Z"
"naver-card-10049-exclusion-6","naver-card-10049","raw_detected","보험료","2026-06-11T13:04:13.065Z"
"naver-card-10049-exclusion-7","naver-card-10049","raw_detected","연회비","2026-06-11T13:04:13.065Z"
"naver-card-10049-exclusion-8","naver-card-10049","raw_detected","수수료","2026-06-11T13:04:13.065Z"
"naver-card-10049-exclusion-9","naver-card-10049","raw_detected","무이자할부","2026-06-11T13:04:13.065Z"
"naver-card-10049-exclusion-10","naver-card-10049","raw_detected","현금서비스","2026-06-11T13:04:13.065Z"
"naver-card-10049-exclusion-11","naver-card-10049","raw_detected","카드론","2026-06-11T13:04:13.065Z"
"naver-card-10450-exclusion-1","naver-card-10450","raw_detected","상품권","2026-06-11T13:04:13.065Z"
"naver-card-10450-exclusion-2","naver-card-10450","raw_detected","선불카드","2026-06-11T13:04:13.065Z"
"naver-card-10450-exclusion-3","naver-card-10450","raw_detected","국세","2026-06-11T13:04:13.065Z"
"naver-card-10450-exclusion-4","naver-card-10450","raw_detected","지방세","2026-06-11T13:04:13.065Z"
"naver-card-10450-exclusion-5","naver-card-10450","raw_detected","공과금","2026-06-11T13:04:13.065Z"
"naver-card-10450-exclusion-6","naver-card-10450","raw_detected","아파트관리비","2026-06-11T13:04:13.065Z"
"naver-card-10450-exclusion-7","naver-card-10450","raw_detected","연회비","2026-06-11T13:04:13.065Z"
"naver-card-10450-exclusion-8","naver-card-10450","raw_detected","수수료","2026-06-11T13:04:13.065Z"
"naver-card-10450-exclusion-9","naver-card-10450","raw_detected","무이자할부","2026-06-11T13:04:13.065Z"
"naver-card-10450-exclusion-10","naver-card-10450","raw_detected","현금서비스","2026-06-11T13:04:13.065Z"
"naver-card-10450-exclusion-11","naver-card-10450","raw_detected","카드론","2026-06-11T13:04:13.065Z"
"naver-card-10235-exclusion-1","naver-card-10235","raw_detected","상품권","2026-06-11T13:04:13.065Z"
"naver-card-10235-exclusion-2","naver-card-10235","raw_detected","선불카드","2026-06-11T13:04:13.065Z"
"naver-card-10235-exclusion-3","naver-card-10235","raw_detected","국세","2026-06-11T13:04:13.065Z"
"naver-card-10235-exclusion-4","naver-card-10235","raw_detected","지방세","2026-06-11T13:04:13.065Z"
"naver-card-10235-exclusion-5","naver-card-10235","raw_detected","공과금","2026-06-11T13:04:13.065Z"
"naver-card-10235-exclusion-6","naver-card-10235","raw_detected","보험료","2026-06-11T13:04:13.065Z"
"naver-card-10235-exclusion-7","naver-card-10235","raw_detected","연회비","2026-06-11T13:04:13.065Z"
"naver-card-10235-exclusion-8","naver-card-10235","raw_detected","수수료","2026-06-11T13:04:13.065Z"
"naver-card-10235-exclusion-9","naver-card-10235","raw_detected","무이자할부","2026-06-11T13:04:13.065Z"
"naver-card-10235-exclusion-10","naver-card-10235","raw_detected","현금서비스","2026-06-11T13:04:13.065Z"
"naver-card-10235-exclusion-11","naver-card-10235","raw_detected","카드론","2026-06-11T13:04:13.065Z"
"naver-card-3878-exclusion-1","naver-card-3878","raw_detected","연회비","2026-06-11T13:04:13.065Z"
"naver-card-3878-exclusion-2","naver-card-3878","raw_detected","카드론","2026-06-11T13:04:13.065Z"
"naver-card-10600-exclusion-1","naver-card-10600","raw_detected","상품권","2026-06-11T13:04:13.065Z"
"naver-card-10600-exclusion-2","naver-card-10600","raw_detected","선불카드","2026-06-11T13:04:13.065Z"
"naver-card-10600-exclusion-3","naver-card-10600","raw_detected","국세","2026-06-11T13:04:13.065Z"
"naver-card-10600-exclusion-4","naver-card-10600","raw_detected","지방세","2026-06-11T13:04:13.065Z"
"naver-card-10600-exclusion-5","naver-card-10600","raw_detected","공과금","2026-06-11T13:04:13.065Z"
"naver-card-10600-exclusion-6","naver-card-10600","raw_detected","연회비","2026-06-11T13:04:13.065Z"
"naver-card-10600-exclusion-7","naver-card-10600","raw_detected","수수료","2026-06-11T13:04:13.065Z"
"naver-card-10600-exclusion-8","naver-card-10600","raw_detected","무이자할부","2026-06-11T13:04:13.065Z"
"naver-card-10600-exclusion-9","naver-card-10600","raw_detected","현금서비스","2026-06-11T13:04:13.065Z"
"naver-card-10600-exclusion-10","naver-card-10600","raw_detected","카드론","2026-06-11T13:04:13.065Z"
"naver-card-10601-exclusion-1","naver-card-10601","raw_detected","상품권","2026-06-11T13:04:13.065Z"
"naver-card-10601-exclusion-2","naver-card-10601","raw_detected","선불카드","2026-06-11T13:04:13.065Z"
"naver-card-10601-exclusion-3","naver-card-10601","raw_detected","국세","2026-06-11T13:04:13.065Z"
"naver-card-10601-exclusion-4","naver-card-10601","raw_detected","지방세","2026-06-11T13:04:13.065Z"
"naver-card-10601-exclusion-5","naver-card-10601","raw_detected","공과금","2026-06-11T13:04:13.065Z"
"naver-card-10601-exclusion-6","naver-card-10601","raw_detected","연회비","2026-06-11T13:04:13.065Z"
"naver-card-10601-exclusion-7","naver-card-10601","raw_detected","수수료","2026-06-11T13:04:13.065Z"
"naver-card-10601-exclusion-8","naver-card-10601","raw_detected","무이자할부","2026-06-11T13:04:13.065Z"
"naver-card-10601-exclusion-9","naver-card-10601","raw_detected","현금서비스","2026-06-11T13:04:13.065Z"
"naver-card-10601-exclusion-10","naver-card-10601","raw_detected","카드론","2026-06-11T13:04:13.065Z"
"naver-card-10354-exclusion-1","naver-card-10354","raw_detected","연회비","2026-06-11T13:04:13.065Z"
"naver-card-10354-exclusion-2","naver-card-10354","raw_detected","카드론","2026-06-11T13:04:13.065Z"
"naver-card-10340-exclusion-1","naver-card-10340","raw_detected","상품권","2026-06-11T13:04:13.065Z"
"naver-card-10340-exclusion-2","naver-card-10340","raw_detected","선불카드","2026-06-11T13:04:13.065Z"
"naver-card-10340-exclusion-3","naver-card-10340","raw_detected","국세","2026-06-11T13:04:13.065Z"
"naver-card-10340-exclusion-4","naver-card-10340","raw_detected","지방세","2026-06-11T13:04:13.065Z"
"naver-card-10340-exclusion-5","naver-card-10340","raw_detected","공과금","2026-06-11T13:04:13.065Z"
"naver-card-10340-exclusion-6","naver-card-10340","raw_detected","아파트관리비","2026-06-11T13:04:13.065Z"
"naver-card-10340-exclusion-7","naver-card-10340","raw_detected","연회비","2026-06-11T13:04:13.065Z"
"naver-card-10340-exclusion-8","naver-card-10340","raw_detected","수수료","2026-06-11T13:04:13.065Z"
"naver-card-10340-exclusion-9","naver-card-10340","raw_detected","무이자할부","2026-06-11T13:04:13.065Z"
"naver-card-10340-exclusion-10","naver-card-10340","raw_detected","현금서비스","2026-06-11T13:04:13.065Z"
"naver-card-10340-exclusion-11","naver-card-10340","raw_detected","카드론","2026-06-11T13:04:13.065Z"
"naver-card-10321-exclusion-1","naver-card-10321","raw_detected","상품권","2026-06-11T13:04:13.065Z"
"naver-card-10321-exclusion-2","naver-card-10321","raw_detected","선불카드","2026-06-11T13:04:13.065Z"
"naver-card-10321-exclusion-3","naver-card-10321","raw_detected","국세","2026-06-11T13:04:13.065Z"
"naver-card-10321-exclusion-4","naver-card-10321","raw_detected","지방세","2026-06-11T13:04:13.065Z"
"naver-card-10321-exclusion-5","naver-card-10321","raw_detected","공과금","2026-06-11T13:04:13.065Z"
"naver-card-10321-exclusion-6","naver-card-10321","raw_detected","아파트관리비","2026-06-11T13:04:13.065Z"
"naver-card-10321-exclusion-7","naver-card-10321","raw_detected","대학등록금","2026-06-11T13:04:13.065Z"
"naver-card-10321-exclusion-8","naver-card-10321","raw_detected","연회비","2026-06-11T13:04:13.065Z"
"naver-card-10321-exclusion-9","naver-card-10321","raw_detected","수수료","2026-06-11T13:04:13.065Z"
"naver-card-10321-exclusion-10","naver-card-10321","raw_detected","현금서비스","2026-06-11T13:04:13.065Z"
"naver-card-10321-exclusion-11","naver-card-10321","raw_detected","카드론","2026-06-11T13:04:13.065Z"
"naver-card-10540-exclusion-1","naver-card-10540","raw_detected","국세","2026-06-11T13:04:13.065Z"
"naver-card-10540-exclusion-2","naver-card-10540","raw_detected","연회비","2026-06-11T13:04:13.065Z"
"naver-card-10540-exclusion-3","naver-card-10540","raw_detected","수수료","2026-06-11T13:04:13.065Z"
"naver-card-10540-exclusion-4","naver-card-10540","raw_detected","상품권","2026-06-11T13:04:13.065Z"
"naver-card-10540-exclusion-5","naver-card-10540","raw_detected","선불카드","2026-06-11T13:04:13.065Z"
"naver-card-10540-exclusion-6","naver-card-10540","raw_detected","무이자할부","2026-06-11T13:04:13.065Z"
"naver-card-10540-exclusion-7","naver-card-10540","raw_detected","현금서비스","2026-06-11T13:04:13.065Z"
"naver-card-10540-exclusion-8","naver-card-10540","raw_detected","카드론","2026-06-11T13:04:13.065Z"
"naver-card-10552-exclusion-1","naver-card-10552","raw_detected","상품권","2026-06-11T13:04:13.065Z"
"naver-card-10552-exclusion-2","naver-card-10552","raw_detected","선불카드","2026-06-11T13:04:13.065Z"
"naver-card-10552-exclusion-3","naver-card-10552","raw_detected","국세","2026-06-11T13:04:13.065Z"
"naver-card-10552-exclusion-4","naver-card-10552","raw_detected","지방세","2026-06-11T13:04:13.065Z"
"naver-card-10552-exclusion-5","naver-card-10552","raw_detected","공과금","2026-06-11T13:04:13.065Z"
"naver-card-10552-exclusion-6","naver-card-10552","raw_detected","아파트관리비","2026-06-11T13:04:13.065Z"
"naver-card-10552-exclusion-7","naver-card-10552","raw_detected","연회비","2026-06-11T13:04:13.065Z"
"naver-card-10552-exclusion-8","naver-card-10552","raw_detected","수수료","2026-06-11T13:04:13.065Z"
"naver-card-10552-exclusion-9","naver-card-10552","raw_detected","무이자할부","2026-06-11T13:04:13.065Z"
"naver-card-10552-exclusion-10","naver-card-10552","raw_detected","현금서비스","2026-06-11T13:04:13.065Z"
"naver-card-10552-exclusion-11","naver-card-10552","raw_detected","카드론","2026-06-11T13:04:13.065Z"
"naver-card-10553-exclusion-1","naver-card-10553","raw_detected","상품권","2026-06-11T13:04:13.065Z"
"naver-card-10553-exclusion-2","naver-card-10553","raw_detected","선불카드","2026-06-11T13:04:13.065Z"
"naver-card-10553-exclusion-3","naver-card-10553","raw_detected","국세","2026-06-11T13:04:13.065Z"
"naver-card-10553-exclusion-4","naver-card-10553","raw_detected","지방세","2026-06-11T13:04:13.065Z"
"naver-card-10553-exclusion-5","naver-card-10553","raw_detected","공과금","2026-06-11T13:04:13.065Z"
"naver-card-10553-exclusion-6","naver-card-10553","raw_detected","아파트관리비","2026-06-11T13:04:13.065Z"
"naver-card-10553-exclusion-7","naver-card-10553","raw_detected","연회비","2026-06-11T13:04:13.065Z"
"naver-card-10553-exclusion-8","naver-card-10553","raw_detected","수수료","2026-06-11T13:04:13.065Z"
"naver-card-10553-exclusion-9","naver-card-10553","raw_detected","무이자할부","2026-06-11T13:04:13.065Z"
"naver-card-10553-exclusion-10","naver-card-10553","raw_detected","현금서비스","2026-06-11T13:04:13.065Z"
"naver-card-10553-exclusion-11","naver-card-10553","raw_detected","카드론","2026-06-11T13:04:13.065Z"
"naver-card-10398-exclusion-1","naver-card-10398","raw_detected","상품권","2026-06-11T13:04:13.065Z"
"naver-card-10398-exclusion-2","naver-card-10398","raw_detected","선불카드","2026-06-11T13:04:13.065Z"
"naver-card-10398-exclusion-3","naver-card-10398","raw_detected","기프트카드","2026-06-11T13:04:13.065Z"
"naver-card-10398-exclusion-4","naver-card-10398","raw_detected","국세","2026-06-11T13:04:13.065Z"
"naver-card-10398-exclusion-5","naver-card-10398","raw_detected","지방세","2026-06-11T13:04:13.065Z"
"naver-card-10398-exclusion-6","naver-card-10398","raw_detected","공과금","2026-06-11T13:04:13.065Z"
"naver-card-10398-exclusion-7","naver-card-10398","raw_detected","아파트관리비","2026-06-11T13:04:13.065Z"
"naver-card-10398-exclusion-8","naver-card-10398","raw_detected","대학등록금","2026-06-11T13:04:13.065Z"
"naver-card-10398-exclusion-9","naver-card-10398","raw_detected","연회비","2026-06-11T13:04:13.065Z"
"naver-card-10398-exclusion-10","naver-card-10398","raw_detected","수수료","2026-06-11T13:04:13.065Z"
"naver-card-10398-exclusion-11","naver-card-10398","raw_detected","현금서비스","2026-06-11T13:04:13.065Z"
"naver-card-10398-exclusion-12","naver-card-10398","raw_detected","카드론","2026-06-11T13:04:13.065Z"
"naver-card-10169-exclusion-1","naver-card-10169","raw_detected","상품권","2026-06-11T13:04:13.065Z"
"naver-card-10169-exclusion-2","naver-card-10169","raw_detected","선불카드","2026-06-11T13:04:13.065Z"
"naver-card-10169-exclusion-3","naver-card-10169","raw_detected","국세","2026-06-11T13:04:13.065Z"
"naver-card-10169-exclusion-4","naver-card-10169","raw_detected","지방세","2026-06-11T13:04:13.065Z"
"naver-card-10169-exclusion-5","naver-card-10169","raw_detected","연회비","2026-06-11T13:04:13.065Z"
"naver-card-10169-exclusion-6","naver-card-10169","raw_detected","수수료","2026-06-11T13:04:13.065Z"
"naver-card-10169-exclusion-7","naver-card-10169","raw_detected","무이자할부","2026-06-11T13:04:13.065Z"
"naver-card-10169-exclusion-8","naver-card-10169","raw_detected","현금서비스","2026-06-11T13:04:13.065Z"
"naver-card-10169-exclusion-9","naver-card-10169","raw_detected","카드론","2026-06-11T13:04:13.065Z"
"naver-card-10554-exclusion-1","naver-card-10554","raw_detected","상품권","2026-06-11T13:04:13.065Z"
"naver-card-10554-exclusion-2","naver-card-10554","raw_detected","선불카드","2026-06-11T13:04:13.065Z"
"naver-card-10554-exclusion-3","naver-card-10554","raw_detected","국세","2026-06-11T13:04:13.065Z"
"naver-card-10554-exclusion-4","naver-card-10554","raw_detected","지방세","2026-06-11T13:04:13.065Z"
"naver-card-10554-exclusion-5","naver-card-10554","raw_detected","공과금","2026-06-11T13:04:13.065Z"
"naver-card-10554-exclusion-6","naver-card-10554","raw_detected","아파트관리비","2026-06-11T13:04:13.065Z"
"naver-card-10554-exclusion-7","naver-card-10554","raw_detected","연회비","2026-06-11T13:04:13.065Z"
"naver-card-10554-exclusion-8","naver-card-10554","raw_detected","수수료","2026-06-11T13:04:13.065Z"
"naver-card-10554-exclusion-9","naver-card-10554","raw_detected","무이자할부","2026-06-11T13:04:13.065Z"
"naver-card-10554-exclusion-10","naver-card-10554","raw_detected","현금서비스","2026-06-11T13:04:13.065Z"
"naver-card-10554-exclusion-11","naver-card-10554","raw_detected","카드론","2026-06-11T13:04:13.065Z"
"naver-card-10357-exclusion-1","naver-card-10357","raw_detected","상품권","2026-06-11T13:04:13.065Z"
"naver-card-10357-exclusion-2","naver-card-10357","raw_detected","선불카드","2026-06-11T13:04:13.065Z"
"naver-card-10357-exclusion-3","naver-card-10357","raw_detected","국세","2026-06-11T13:04:13.065Z"
"naver-card-10357-exclusion-4","naver-card-10357","raw_detected","지방세","2026-06-11T13:04:13.065Z"
"naver-card-10357-exclusion-5","naver-card-10357","raw_detected","공과금","2026-06-11T13:04:13.065Z"
"naver-card-10357-exclusion-6","naver-card-10357","raw_detected","아파트관리비","2026-06-11T13:04:13.065Z"
"naver-card-10357-exclusion-7","naver-card-10357","raw_detected","대학등록금","2026-06-11T13:04:13.065Z"
"naver-card-10357-exclusion-8","naver-card-10357","raw_detected","연회비","2026-06-11T13:04:13.065Z"
"naver-card-10357-exclusion-9","naver-card-10357","raw_detected","수수료","2026-06-11T13:04:13.065Z"
"naver-card-10357-exclusion-10","naver-card-10357","raw_detected","현금서비스","2026-06-11T13:04:13.065Z"
"naver-card-10357-exclusion-11","naver-card-10357","raw_detected","카드론","2026-06-11T13:04:13.065Z"
"naver-card-10194-exclusion-1","naver-card-10194","raw_detected","상품권","2026-06-11T13:04:13.065Z"
"naver-card-10194-exclusion-2","naver-card-10194","raw_detected","공과금","2026-06-11T13:04:13.065Z"
"naver-card-10194-exclusion-3","naver-card-10194","raw_detected","아파트관리비","2026-06-11T13:04:13.065Z"
"naver-card-10194-exclusion-4","naver-card-10194","raw_detected","대학등록금","2026-06-11T13:04:13.065Z"
"naver-card-10194-exclusion-5","naver-card-10194","raw_detected","연회비","2026-06-11T13:04:13.065Z"
"naver-card-10194-exclusion-6","naver-card-10194","raw_detected","수수료","2026-06-11T13:04:13.065Z"
"naver-card-10194-exclusion-7","naver-card-10194","raw_detected","무이자할부","2026-06-11T13:04:13.065Z"
"naver-card-10194-exclusion-8","naver-card-10194","raw_detected","현금서비스","2026-06-11T13:04:13.065Z"
"naver-card-10194-exclusion-9","naver-card-10194","raw_detected","카드론","2026-06-11T13:04:13.065Z"
"naver-card-10440-exclusion-1","naver-card-10440","raw_detected","상품권","2026-06-11T13:04:13.065Z"
"naver-card-10440-exclusion-2","naver-card-10440","raw_detected","선불카드","2026-06-11T13:04:13.065Z"
"naver-card-10440-exclusion-3","naver-card-10440","raw_detected","기프트카드","2026-06-11T13:04:13.065Z"
"naver-card-10440-exclusion-4","naver-card-10440","raw_detected","국세","2026-06-11T13:04:13.065Z"
"naver-card-10440-exclusion-5","naver-card-10440","raw_detected","지방세","2026-06-11T13:04:13.065Z"
"naver-card-10440-exclusion-6","naver-card-10440","raw_detected","공과금","2026-06-11T13:04:13.065Z"
"naver-card-10440-exclusion-7","naver-card-10440","raw_detected","아파트관리비","2026-06-11T13:04:13.065Z"
"naver-card-10440-exclusion-8","naver-card-10440","raw_detected","대학등록금","2026-06-11T13:04:13.065Z"
"naver-card-10440-exclusion-9","naver-card-10440","raw_detected","연회비","2026-06-11T13:04:13.065Z"
"naver-card-10440-exclusion-10","naver-card-10440","raw_detected","수수료","2026-06-11T13:04:13.065Z"
"naver-card-10440-exclusion-11","naver-card-10440","raw_detected","무이자할부","2026-06-11T13:04:13.065Z"
"naver-card-10440-exclusion-12","naver-card-10440","raw_detected","현금서비스","2026-06-11T13:04:13.065Z"
"naver-card-10440-exclusion-13","naver-card-10440","raw_detected","카드론","2026-06-11T13:04:13.065Z"
"naver-card-10440-exclusion-14","naver-card-10440","raw_detected","교통카드 충전","2026-06-11T13:04:13.065Z"
"naver-card-10596-exclusion-1","naver-card-10596","raw_detected","상품권","2026-06-11T13:04:13.065Z"
"naver-card-10596-exclusion-2","naver-card-10596","raw_detected","선불카드","2026-06-11T13:04:13.065Z"
"naver-card-10596-exclusion-3","naver-card-10596","raw_detected","국세","2026-06-11T13:04:13.065Z"
"naver-card-10596-exclusion-4","naver-card-10596","raw_detected","지방세","2026-06-11T13:04:13.065Z"
"naver-card-10596-exclusion-5","naver-card-10596","raw_detected","공과금","2026-06-11T13:04:13.065Z"
"naver-card-10596-exclusion-6","naver-card-10596","raw_detected","보험료","2026-06-11T13:04:13.065Z"
"naver-card-10596-exclusion-7","naver-card-10596","raw_detected","연회비","2026-06-11T13:04:13.065Z"
"naver-card-10596-exclusion-8","naver-card-10596","raw_detected","수수료","2026-06-11T13:04:13.065Z"
"naver-card-10596-exclusion-9","naver-card-10596","raw_detected","무이자할부","2026-06-11T13:04:13.065Z"
"naver-card-10596-exclusion-10","naver-card-10596","raw_detected","현금서비스","2026-06-11T13:04:13.065Z"
"naver-card-10596-exclusion-11","naver-card-10596","raw_detected","카드론","2026-06-11T13:04:13.065Z"
"naver-card-10550-exclusion-1","naver-card-10550","raw_detected","상품권","2026-06-11T13:04:13.065Z"
"naver-card-10550-exclusion-2","naver-card-10550","raw_detected","선불카드","2026-06-11T13:04:13.065Z"
"naver-card-10550-exclusion-3","naver-card-10550","raw_detected","국세","2026-06-11T13:04:13.065Z"
"naver-card-10550-exclusion-4","naver-card-10550","raw_detected","지방세","2026-06-11T13:04:13.065Z"
"naver-card-10550-exclusion-5","naver-card-10550","raw_detected","공과금","2026-06-11T13:04:13.065Z"
"naver-card-10550-exclusion-6","naver-card-10550","raw_detected","보험료","2026-06-11T13:04:13.065Z"
"naver-card-10550-exclusion-7","naver-card-10550","raw_detected","연회비","2026-06-11T13:04:13.065Z"
"naver-card-10550-exclusion-8","naver-card-10550","raw_detected","수수료","2026-06-11T13:04:13.065Z"
"naver-card-10550-exclusion-9","naver-card-10550","raw_detected","무이자할부","2026-06-11T13:04:13.065Z"
"naver-card-10550-exclusion-10","naver-card-10550","raw_detected","현금서비스","2026-06-11T13:04:13.065Z"
"naver-card-10550-exclusion-11","naver-card-10550","raw_detected","카드론","2026-06-11T13:04:13.065Z"
"naver-card-10266-exclusion-1","naver-card-10266","raw_detected","상품권","2026-06-11T13:04:13.065Z"
"naver-card-10266-exclusion-2","naver-card-10266","raw_detected","선불카드","2026-06-11T13:04:13.065Z"
"naver-card-10266-exclusion-3","naver-card-10266","raw_detected","국세","2026-06-11T13:04:13.065Z"
"naver-card-10266-exclusion-4","naver-card-10266","raw_detected","지방세","2026-06-11T13:04:13.065Z"
"naver-card-10266-exclusion-5","naver-card-10266","raw_detected","공과금","2026-06-11T13:04:13.065Z"
"naver-card-10266-exclusion-6","naver-card-10266","raw_detected","아파트관리비","2026-06-11T13:04:13.065Z"
"naver-card-10266-exclusion-7","naver-card-10266","raw_detected","연회비","2026-06-11T13:04:13.065Z"
"naver-card-10266-exclusion-8","naver-card-10266","raw_detected","수수료","2026-06-11T13:04:13.065Z"
"naver-card-10266-exclusion-9","naver-card-10266","raw_detected","무이자할부","2026-06-11T13:04:13.065Z"
"naver-card-10266-exclusion-10","naver-card-10266","raw_detected","현금서비스","2026-06-11T13:04:13.065Z"
"naver-card-10266-exclusion-11","naver-card-10266","raw_detected","카드론","2026-06-11T13:04:13.065Z"
"naver-card-10568-exclusion-1","naver-card-10568","raw_detected","상품권","2026-06-11T13:04:13.065Z"
"naver-card-10568-exclusion-2","naver-card-10568","raw_detected","선불카드","2026-06-11T13:04:13.065Z"
"naver-card-10568-exclusion-3","naver-card-10568","raw_detected","국세","2026-06-11T13:04:13.065Z"
"naver-card-10568-exclusion-4","naver-card-10568","raw_detected","지방세","2026-06-11T13:04:13.065Z"
"naver-card-10568-exclusion-5","naver-card-10568","raw_detected","공과금","2026-06-11T13:04:13.065Z"
"naver-card-10568-exclusion-6","naver-card-10568","raw_detected","연회비","2026-06-11T13:04:13.065Z"
"naver-card-10568-exclusion-7","naver-card-10568","raw_detected","수수료","2026-06-11T13:04:13.065Z"
"naver-card-10568-exclusion-8","naver-card-10568","raw_detected","무이자할부","2026-06-11T13:04:13.065Z"
"naver-card-10568-exclusion-9","naver-card-10568","raw_detected","현금서비스","2026-06-11T13:04:13.065Z"
"naver-card-10568-exclusion-10","naver-card-10568","raw_detected","카드론","2026-06-11T13:04:13.065Z"
"naver-card-10579-exclusion-1","naver-card-10579","raw_detected","상품권","2026-06-11T13:04:13.065Z"
"naver-card-10579-exclusion-2","naver-card-10579","raw_detected","선불카드","2026-06-11T13:04:13.065Z"
"naver-card-10579-exclusion-3","naver-card-10579","raw_detected","국세","2026-06-11T13:04:13.065Z"
"naver-card-10579-exclusion-4","naver-card-10579","raw_detected","지방세","2026-06-11T13:04:13.065Z"
"naver-card-10579-exclusion-5","naver-card-10579","raw_detected","공과금","2026-06-11T13:04:13.065Z"
"naver-card-10579-exclusion-6","naver-card-10579","raw_detected","아파트관리비","2026-06-11T13:04:13.065Z"
"naver-card-10579-exclusion-7","naver-card-10579","raw_detected","연회비","2026-06-11T13:04:13.065Z"
"naver-card-10579-exclusion-8","naver-card-10579","raw_detected","수수료","2026-06-11T13:04:13.065Z"
"naver-card-10579-exclusion-9","naver-card-10579","raw_detected","무이자할부","2026-06-11T13:04:13.065Z"
"naver-card-10579-exclusion-10","naver-card-10579","raw_detected","현금서비스","2026-06-11T13:04:13.065Z"
"naver-card-10579-exclusion-11","naver-card-10579","raw_detected","카드론","2026-06-11T13:04:13.065Z"
"naver-card-10349-exclusion-1","naver-card-10349","raw_detected","상품권","2026-06-11T13:04:13.065Z"
"naver-card-10349-exclusion-2","naver-card-10349","raw_detected","선불카드","2026-06-11T13:04:13.065Z"
"naver-card-10349-exclusion-3","naver-card-10349","raw_detected","국세","2026-06-11T13:04:13.065Z"
"naver-card-10349-exclusion-4","naver-card-10349","raw_detected","지방세","2026-06-11T13:04:13.065Z"
"naver-card-10349-exclusion-5","naver-card-10349","raw_detected","공과금","2026-06-11T13:04:13.065Z"
"naver-card-10349-exclusion-6","naver-card-10349","raw_detected","보험료","2026-06-11T13:04:13.065Z"
"naver-card-10349-exclusion-7","naver-card-10349","raw_detected","연회비","2026-06-11T13:04:13.065Z"
"naver-card-10349-exclusion-8","naver-card-10349","raw_detected","수수료","2026-06-11T13:04:13.065Z"
"naver-card-10349-exclusion-9","naver-card-10349","raw_detected","무이자할부","2026-06-11T13:04:13.065Z"
"naver-card-10349-exclusion-10","naver-card-10349","raw_detected","현금서비스","2026-06-11T13:04:13.065Z"
"naver-card-10349-exclusion-11","naver-card-10349","raw_detected","카드론","2026-06-11T13:04:13.065Z"
"naver-card-10311-exclusion-1","naver-card-10311","raw_detected","상품권","2026-06-11T13:04:13.065Z"
"naver-card-10311-exclusion-2","naver-card-10311","raw_detected","선불카드","2026-06-11T13:04:13.065Z"
"naver-card-10311-exclusion-3","naver-card-10311","raw_detected","국세","2026-06-11T13:04:13.065Z"
"naver-card-10311-exclusion-4","naver-card-10311","raw_detected","지방세","2026-06-11T13:04:13.065Z"
"naver-card-10311-exclusion-5","naver-card-10311","raw_detected","공과금","2026-06-11T13:04:13.065Z"
"naver-card-10311-exclusion-6","naver-card-10311","raw_detected","보험료","2026-06-11T13:04:13.065Z"
"naver-card-10311-exclusion-7","naver-card-10311","raw_detected","연회비","2026-06-11T13:04:13.065Z"
"naver-card-10311-exclusion-8","naver-card-10311","raw_detected","수수료","2026-06-11T13:04:13.065Z"
"naver-card-10311-exclusion-9","naver-card-10311","raw_detected","무이자할부","2026-06-11T13:04:13.065Z"
"naver-card-10311-exclusion-10","naver-card-10311","raw_detected","현금서비스","2026-06-11T13:04:13.065Z"
"naver-card-10311-exclusion-11","naver-card-10311","raw_detected","카드론","2026-06-11T13:04:13.065Z"
"naver-card-10480-exclusion-1","naver-card-10480","raw_detected","상품권","2026-06-11T13:04:13.065Z"
"naver-card-10480-exclusion-2","naver-card-10480","raw_detected","선불카드","2026-06-11T13:04:13.065Z"
"naver-card-10480-exclusion-3","naver-card-10480","raw_detected","국세","2026-06-11T13:04:13.065Z"
"naver-card-10480-exclusion-4","naver-card-10480","raw_detected","지방세","2026-06-11T13:04:13.065Z"
"naver-card-10480-exclusion-5","naver-card-10480","raw_detected","공과금","2026-06-11T13:04:13.065Z"
"naver-card-10480-exclusion-6","naver-card-10480","raw_detected","보험료","2026-06-11T13:04:13.065Z"
"naver-card-10480-exclusion-7","naver-card-10480","raw_detected","연회비","2026-06-11T13:04:13.065Z"
"naver-card-10480-exclusion-8","naver-card-10480","raw_detected","수수료","2026-06-11T13:04:13.065Z"
"naver-card-10480-exclusion-9","naver-card-10480","raw_detected","무이자할부","2026-06-11T13:04:13.065Z"
"naver-card-10480-exclusion-10","naver-card-10480","raw_detected","현금서비스","2026-06-11T13:04:13.065Z"
"naver-card-10480-exclusion-11","naver-card-10480","raw_detected","카드론","2026-06-11T13:04:13.065Z"
"naver-card-247-exclusion-1","naver-card-247","raw_detected","연회비","2026-06-11T13:04:13.065Z"
"naver-card-247-exclusion-2","naver-card-247","raw_detected","수수료","2026-06-11T13:04:13.065Z"
"naver-card-247-exclusion-3","naver-card-247","raw_detected","무이자할부","2026-06-11T13:04:13.065Z"
"naver-card-247-exclusion-4","naver-card-247","raw_detected","현금서비스","2026-06-11T13:04:13.065Z"
"naver-card-4047-exclusion-1","naver-card-4047","raw_detected","상품권","2026-06-11T13:04:13.065Z"
"naver-card-4047-exclusion-2","naver-card-4047","raw_detected","선불카드","2026-06-11T13:04:13.065Z"
"naver-card-4047-exclusion-3","naver-card-4047","raw_detected","국세","2026-06-11T13:04:13.065Z"
"naver-card-4047-exclusion-4","naver-card-4047","raw_detected","지방세","2026-06-11T13:04:13.065Z"
"naver-card-4047-exclusion-5","naver-card-4047","raw_detected","공과금","2026-06-11T13:04:13.065Z"
"naver-card-4047-exclusion-6","naver-card-4047","raw_detected","보험료","2026-06-11T13:04:13.065Z"
"naver-card-4047-exclusion-7","naver-card-4047","raw_detected","연회비","2026-06-11T13:04:13.065Z"
"naver-card-4047-exclusion-8","naver-card-4047","raw_detected","수수료","2026-06-11T13:04:13.065Z"
"naver-card-4047-exclusion-9","naver-card-4047","raw_detected","무이자할부","2026-06-11T13:04:13.065Z"
"naver-card-4047-exclusion-10","naver-card-4047","raw_detected","현금서비스","2026-06-11T13:04:13.065Z"
"naver-card-4047-exclusion-11","naver-card-4047","raw_detected","카드론","2026-06-11T13:04:13.065Z"
"naver-card-10284-exclusion-1","naver-card-10284","raw_detected","상품권","2026-06-11T13:04:13.065Z"
"naver-card-10284-exclusion-2","naver-card-10284","raw_detected","선불카드","2026-06-11T13:04:13.065Z"
"naver-card-10284-exclusion-3","naver-card-10284","raw_detected","국세","2026-06-11T13:04:13.065Z"
"naver-card-10284-exclusion-4","naver-card-10284","raw_detected","지방세","2026-06-11T13:04:13.065Z"
"naver-card-10284-exclusion-5","naver-card-10284","raw_detected","공과금","2026-06-11T13:04:13.065Z"
"naver-card-10284-exclusion-6","naver-card-10284","raw_detected","보험료","2026-06-11T13:04:13.065Z"
"naver-card-10284-exclusion-7","naver-card-10284","raw_detected","연회비","2026-06-11T13:04:13.065Z"
"naver-card-10284-exclusion-8","naver-card-10284","raw_detected","수수료","2026-06-11T13:04:13.065Z"
"naver-card-10284-exclusion-9","naver-card-10284","raw_detected","무이자할부","2026-06-11T13:04:13.065Z"
"naver-card-10284-exclusion-10","naver-card-10284","raw_detected","현금서비스","2026-06-11T13:04:13.065Z"
"naver-card-10284-exclusion-11","naver-card-10284","raw_detected","카드론","2026-06-11T13:04:13.065Z"
"naver-card-3959-exclusion-1","naver-card-3959","raw_detected","상품권","2026-06-11T13:04:13.065Z"
"naver-card-3959-exclusion-2","naver-card-3959","raw_detected","선불카드","2026-06-11T13:04:13.065Z"
"naver-card-3959-exclusion-3","naver-card-3959","raw_detected","국세","2026-06-11T13:04:13.065Z"
"naver-card-3959-exclusion-4","naver-card-3959","raw_detected","지방세","2026-06-11T13:04:13.065Z"
"naver-card-3959-exclusion-5","naver-card-3959","raw_detected","공과금","2026-06-11T13:04:13.065Z"
"naver-card-3959-exclusion-6","naver-card-3959","raw_detected","보험료","2026-06-11T13:04:13.065Z"
"naver-card-3959-exclusion-7","naver-card-3959","raw_detected","연회비","2026-06-11T13:04:13.065Z"
"naver-card-3959-exclusion-8","naver-card-3959","raw_detected","수수료","2026-06-11T13:04:13.065Z"
"naver-card-3959-exclusion-9","naver-card-3959","raw_detected","무이자할부","2026-06-11T13:04:13.065Z"
"naver-card-3959-exclusion-10","naver-card-3959","raw_detected","현금서비스","2026-06-11T13:04:13.065Z"
"naver-card-3959-exclusion-11","naver-card-3959","raw_detected","카드론","2026-06-11T13:04:13.065Z"
"naver-card-10511-exclusion-1","naver-card-10511","raw_detected","상품권","2026-06-11T13:04:13.065Z"
"naver-card-10511-exclusion-2","naver-card-10511","raw_detected","선불카드","2026-06-11T13:04:13.065Z"
"naver-card-10511-exclusion-3","naver-card-10511","raw_detected","국세","2026-06-11T13:04:13.065Z"
"naver-card-10511-exclusion-4","naver-card-10511","raw_detected","지방세","2026-06-11T13:04:13.065Z"
"naver-card-10511-exclusion-5","naver-card-10511","raw_detected","공과금","2026-06-11T13:04:13.065Z"
"naver-card-10511-exclusion-6","naver-card-10511","raw_detected","아파트관리비","2026-06-11T13:04:13.065Z"
"naver-card-10511-exclusion-7","naver-card-10511","raw_detected","보험료","2026-06-11T13:04:13.065Z"
"naver-card-10511-exclusion-8","naver-card-10511","raw_detected","연회비","2026-06-11T13:04:13.065Z"
"naver-card-10511-exclusion-9","naver-card-10511","raw_detected","수수료","2026-06-11T13:04:13.065Z"
"naver-card-10511-exclusion-10","naver-card-10511","raw_detected","무이자할부","2026-06-11T13:04:13.065Z"
"naver-card-10511-exclusion-11","naver-card-10511","raw_detected","현금서비스","2026-06-11T13:04:13.065Z"
"naver-card-10511-exclusion-12","naver-card-10511","raw_detected","카드론","2026-06-11T13:04:13.065Z"
"naver-card-10454-exclusion-1","naver-card-10454","raw_detected","상품권","2026-06-11T13:04:13.065Z"
"naver-card-10454-exclusion-2","naver-card-10454","raw_detected","선불카드","2026-06-11T13:04:13.065Z"
"naver-card-10454-exclusion-3","naver-card-10454","raw_detected","국세","2026-06-11T13:04:13.065Z"
"naver-card-10454-exclusion-4","naver-card-10454","raw_detected","지방세","2026-06-11T13:04:13.065Z"
"naver-card-10454-exclusion-5","naver-card-10454","raw_detected","공과금","2026-06-11T13:04:13.065Z"
"naver-card-10454-exclusion-6","naver-card-10454","raw_detected","아파트관리비","2026-06-11T13:04:13.065Z"
"naver-card-10454-exclusion-7","naver-card-10454","raw_detected","연회비","2026-06-11T13:04:13.065Z"
"naver-card-10454-exclusion-8","naver-card-10454","raw_detected","수수료","2026-06-11T13:04:13.065Z"
"naver-card-10454-exclusion-9","naver-card-10454","raw_detected","무이자할부","2026-06-11T13:04:13.065Z"
"naver-card-10454-exclusion-10","naver-card-10454","raw_detected","현금서비스","2026-06-11T13:04:13.065Z"
"naver-card-10454-exclusion-11","naver-card-10454","raw_detected","카드론","2026-06-11T13:04:13.065Z"
"naver-card-10454-exclusion-12","naver-card-10454","raw_detected","포인트 충전","2026-06-11T13:04:13.065Z"
"naver-card-10391-exclusion-1","naver-card-10391","raw_detected","상품권","2026-06-11T13:04:13.065Z"
"naver-card-10391-exclusion-2","naver-card-10391","raw_detected","선불카드","2026-06-11T13:04:13.065Z"
"naver-card-10391-exclusion-3","naver-card-10391","raw_detected","국세","2026-06-11T13:04:13.065Z"
"naver-card-10391-exclusion-4","naver-card-10391","raw_detected","지방세","2026-06-11T13:04:13.065Z"
"naver-card-10391-exclusion-5","naver-card-10391","raw_detected","공과금","2026-06-11T13:04:13.065Z"
"naver-card-10391-exclusion-6","naver-card-10391","raw_detected","아파트관리비","2026-06-11T13:04:13.065Z"
"naver-card-10391-exclusion-7","naver-card-10391","raw_detected","연회비","2026-06-11T13:04:13.065Z"
"naver-card-10391-exclusion-8","naver-card-10391","raw_detected","수수료","2026-06-11T13:04:13.065Z"
"naver-card-10391-exclusion-9","naver-card-10391","raw_detected","무이자할부","2026-06-11T13:04:13.065Z"
"naver-card-10391-exclusion-10","naver-card-10391","raw_detected","현금서비스","2026-06-11T13:04:13.065Z"
"naver-card-10391-exclusion-11","naver-card-10391","raw_detected","카드론","2026-06-11T13:04:13.065Z"
"naver-card-10391-exclusion-12","naver-card-10391","raw_detected","포인트 충전","2026-06-11T13:04:13.065Z"
"naver-card-10267-exclusion-1","naver-card-10267","raw_detected","상품권","2026-06-11T13:04:13.065Z"
"naver-card-10267-exclusion-2","naver-card-10267","raw_detected","선불카드","2026-06-11T13:04:13.065Z"
"naver-card-10267-exclusion-3","naver-card-10267","raw_detected","공과금","2026-06-11T13:04:13.065Z"
"naver-card-10267-exclusion-4","naver-card-10267","raw_detected","아파트관리비","2026-06-11T13:04:13.065Z"
"naver-card-10267-exclusion-5","naver-card-10267","raw_detected","보험료","2026-06-11T13:04:13.065Z"
"naver-card-10267-exclusion-6","naver-card-10267","raw_detected","연회비","2026-06-11T13:04:13.065Z"
"naver-card-10267-exclusion-7","naver-card-10267","raw_detected","수수료","2026-06-11T13:04:13.065Z"
"naver-card-10267-exclusion-8","naver-card-10267","raw_detected","무이자할부","2026-06-11T13:04:13.065Z"
"naver-card-10267-exclusion-9","naver-card-10267","raw_detected","현금서비스","2026-06-11T13:04:13.065Z"
"naver-card-10267-exclusion-10","naver-card-10267","raw_detected","카드론","2026-06-11T13:04:13.065Z"
"naver-card-10387-exclusion-1","naver-card-10387","raw_detected","상품권","2026-06-11T13:04:13.065Z"
"naver-card-10387-exclusion-2","naver-card-10387","raw_detected","선불카드","2026-06-11T13:04:13.065Z"
"naver-card-10387-exclusion-3","naver-card-10387","raw_detected","국세","2026-06-11T13:04:13.065Z"
"naver-card-10387-exclusion-4","naver-card-10387","raw_detected","지방세","2026-06-11T13:04:13.065Z"
"naver-card-10387-exclusion-5","naver-card-10387","raw_detected","공과금","2026-06-11T13:04:13.065Z"
"naver-card-10387-exclusion-6","naver-card-10387","raw_detected","아파트관리비","2026-06-11T13:04:13.065Z"
"naver-card-10387-exclusion-7","naver-card-10387","raw_detected","연회비","2026-06-11T13:04:13.065Z"
"naver-card-10387-exclusion-8","naver-card-10387","raw_detected","수수료","2026-06-11T13:04:13.065Z"
"naver-card-10387-exclusion-9","naver-card-10387","raw_detected","무이자할부","2026-06-11T13:04:13.065Z"
"naver-card-10387-exclusion-10","naver-card-10387","raw_detected","현금서비스","2026-06-11T13:04:13.065Z"
"naver-card-10387-exclusion-11","naver-card-10387","raw_detected","카드론","2026-06-11T13:04:13.065Z"
"naver-card-10387-exclusion-12","naver-card-10387","raw_detected","포인트 충전","2026-06-11T13:04:13.065Z"
"naver-card-10388-exclusion-1","naver-card-10388","raw_detected","상품권","2026-06-11T13:04:13.065Z"
"naver-card-10388-exclusion-2","naver-card-10388","raw_detected","선불카드","2026-06-11T13:04:13.065Z"
"naver-card-10388-exclusion-3","naver-card-10388","raw_detected","국세","2026-06-11T13:04:13.065Z"
"naver-card-10388-exclusion-4","naver-card-10388","raw_detected","지방세","2026-06-11T13:04:13.065Z"
"naver-card-10388-exclusion-5","naver-card-10388","raw_detected","공과금","2026-06-11T13:04:13.065Z"
"naver-card-10388-exclusion-6","naver-card-10388","raw_detected","아파트관리비","2026-06-11T13:04:13.065Z"
"naver-card-10388-exclusion-7","naver-card-10388","raw_detected","연회비","2026-06-11T13:04:13.065Z"
"naver-card-10388-exclusion-8","naver-card-10388","raw_detected","수수료","2026-06-11T13:04:13.065Z"
"naver-card-10388-exclusion-9","naver-card-10388","raw_detected","무이자할부","2026-06-11T13:04:13.065Z"
"naver-card-10388-exclusion-10","naver-card-10388","raw_detected","현금서비스","2026-06-11T13:04:13.065Z"
"naver-card-10388-exclusion-11","naver-card-10388","raw_detected","카드론","2026-06-11T13:04:13.065Z"
"naver-card-10388-exclusion-12","naver-card-10388","raw_detected","포인트 충전","2026-06-11T13:04:13.065Z"
"naver-card-10390-exclusion-1","naver-card-10390","raw_detected","상품권","2026-06-11T13:04:13.065Z"
"naver-card-10390-exclusion-2","naver-card-10390","raw_detected","선불카드","2026-06-11T13:04:13.065Z"
"naver-card-10390-exclusion-3","naver-card-10390","raw_detected","국세","2026-06-11T13:04:13.065Z"
"naver-card-10390-exclusion-4","naver-card-10390","raw_detected","지방세","2026-06-11T13:04:13.065Z"
"naver-card-10390-exclusion-5","naver-card-10390","raw_detected","공과금","2026-06-11T13:04:13.065Z"
"naver-card-10390-exclusion-6","naver-card-10390","raw_detected","아파트관리비","2026-06-11T13:04:13.065Z"
"naver-card-10390-exclusion-7","naver-card-10390","raw_detected","연회비","2026-06-11T13:04:13.065Z"
"naver-card-10390-exclusion-8","naver-card-10390","raw_detected","수수료","2026-06-11T13:04:13.065Z"
"naver-card-10390-exclusion-9","naver-card-10390","raw_detected","무이자할부","2026-06-11T13:04:13.065Z"
"naver-card-10390-exclusion-10","naver-card-10390","raw_detected","현금서비스","2026-06-11T13:04:13.065Z"
"naver-card-10390-exclusion-11","naver-card-10390","raw_detected","카드론","2026-06-11T13:04:13.065Z"
"naver-card-10390-exclusion-12","naver-card-10390","raw_detected","포인트 충전","2026-06-11T13:04:13.065Z"
"naver-card-10389-exclusion-1","naver-card-10389","raw_detected","상품권","2026-06-11T13:04:13.065Z"
"naver-card-10389-exclusion-2","naver-card-10389","raw_detected","선불카드","2026-06-11T13:04:13.065Z"
"naver-card-10389-exclusion-3","naver-card-10389","raw_detected","국세","2026-06-11T13:04:13.065Z"
"naver-card-10389-exclusion-4","naver-card-10389","raw_detected","지방세","2026-06-11T13:04:13.065Z"
"naver-card-10389-exclusion-5","naver-card-10389","raw_detected","공과금","2026-06-11T13:04:13.065Z"
"naver-card-10389-exclusion-6","naver-card-10389","raw_detected","아파트관리비","2026-06-11T13:04:13.065Z"
"naver-card-10389-exclusion-7","naver-card-10389","raw_detected","연회비","2026-06-11T13:04:13.065Z"
"naver-card-10389-exclusion-8","naver-card-10389","raw_detected","수수료","2026-06-11T13:04:13.065Z"
"naver-card-10389-exclusion-9","naver-card-10389","raw_detected","무이자할부","2026-06-11T13:04:13.065Z"
"naver-card-10389-exclusion-10","naver-card-10389","raw_detected","현금서비스","2026-06-11T13:04:13.065Z"
"naver-card-10389-exclusion-11","naver-card-10389","raw_detected","카드론","2026-06-11T13:04:13.065Z"
"naver-card-10389-exclusion-12","naver-card-10389","raw_detected","포인트 충전","2026-06-11T13:04:13.065Z"
"naver-card-10039-exclusion-1","naver-card-10039","raw_detected","상품권","2026-06-11T13:04:13.065Z"
"naver-card-10039-exclusion-2","naver-card-10039","raw_detected","선불카드","2026-06-11T13:04:13.065Z"
"naver-card-10039-exclusion-3","naver-card-10039","raw_detected","국세","2026-06-11T13:04:13.065Z"
"naver-card-10039-exclusion-4","naver-card-10039","raw_detected","지방세","2026-06-11T13:04:13.065Z"
"naver-card-10039-exclusion-5","naver-card-10039","raw_detected","공과금","2026-06-11T13:04:13.065Z"
"naver-card-10039-exclusion-6","naver-card-10039","raw_detected","아파트관리비","2026-06-11T13:04:13.065Z"
"naver-card-10039-exclusion-7","naver-card-10039","raw_detected","보험료","2026-06-11T13:04:13.065Z"
"naver-card-10039-exclusion-8","naver-card-10039","raw_detected","연회비","2026-06-11T13:04:13.065Z"
"naver-card-10039-exclusion-9","naver-card-10039","raw_detected","수수료","2026-06-11T13:04:13.065Z"
"naver-card-10039-exclusion-10","naver-card-10039","raw_detected","무이자할부","2026-06-11T13:04:13.065Z"
"naver-card-10039-exclusion-11","naver-card-10039","raw_detected","현금서비스","2026-06-11T13:04:13.065Z"
"naver-card-10039-exclusion-12","naver-card-10039","raw_detected","카드론","2026-06-11T13:04:13.065Z"
"naver-card-10447-exclusion-1","naver-card-10447","raw_detected","상품권","2026-06-11T13:04:13.065Z"
"naver-card-10447-exclusion-2","naver-card-10447","raw_detected","선불카드","2026-06-11T13:04:13.065Z"
"naver-card-10447-exclusion-3","naver-card-10447","raw_detected","공과금","2026-06-11T13:04:13.065Z"
"naver-card-10447-exclusion-4","naver-card-10447","raw_detected","아파트관리비","2026-06-11T13:04:13.065Z"
"naver-card-10447-exclusion-5","naver-card-10447","raw_detected","보험료","2026-06-11T13:04:13.065Z"
"naver-card-10447-exclusion-6","naver-card-10447","raw_detected","연회비","2026-06-11T13:04:13.065Z"
"naver-card-10447-exclusion-7","naver-card-10447","raw_detected","수수료","2026-06-11T13:04:13.065Z"
"naver-card-10447-exclusion-8","naver-card-10447","raw_detected","무이자할부","2026-06-11T13:04:13.065Z"
"naver-card-10447-exclusion-9","naver-card-10447","raw_detected","현금서비스","2026-06-11T13:04:13.065Z"
"naver-card-10447-exclusion-10","naver-card-10447","raw_detected","카드론","2026-06-11T13:04:13.065Z"
"naver-card-10424-exclusion-1","naver-card-10424","raw_detected","상품권","2026-06-11T13:04:13.065Z"
"naver-card-10424-exclusion-2","naver-card-10424","raw_detected","선불카드","2026-06-11T13:04:13.065Z"
"naver-card-10424-exclusion-3","naver-card-10424","raw_detected","지방세","2026-06-11T13:04:13.065Z"
"naver-card-10424-exclusion-4","naver-card-10424","raw_detected","연회비","2026-06-11T13:04:13.065Z"
"naver-card-10424-exclusion-5","naver-card-10424","raw_detected","수수료","2026-06-11T13:04:13.065Z"
"naver-card-10424-exclusion-6","naver-card-10424","raw_detected","무이자할부","2026-06-11T13:04:13.065Z"
"naver-card-10424-exclusion-7","naver-card-10424","raw_detected","현금서비스","2026-06-11T13:04:13.065Z"
"naver-card-10424-exclusion-8","naver-card-10424","raw_detected","카드론","2026-06-11T13:04:13.065Z"
"naver-card-1312-exclusion-1","naver-card-1312","raw_detected","상품권","2026-06-11T13:04:13.065Z"
"naver-card-1312-exclusion-2","naver-card-1312","raw_detected","선불카드","2026-06-11T13:04:13.065Z"
"naver-card-1312-exclusion-3","naver-card-1312","raw_detected","지방세","2026-06-11T13:04:13.065Z"
"naver-card-1312-exclusion-4","naver-card-1312","raw_detected","연회비","2026-06-11T13:04:13.065Z"
"naver-card-1312-exclusion-5","naver-card-1312","raw_detected","수수료","2026-06-11T13:04:13.065Z"
"naver-card-1312-exclusion-6","naver-card-1312","raw_detected","무이자할부","2026-06-11T13:04:13.065Z"
"naver-card-1312-exclusion-7","naver-card-1312","raw_detected","현금서비스","2026-06-11T13:04:13.065Z"
"naver-card-1312-exclusion-8","naver-card-1312","raw_detected","카드론","2026-06-11T13:04:13.065Z"
"naver-card-10504-exclusion-1","naver-card-10504","raw_detected","상품권","2026-06-11T13:04:13.065Z"
"naver-card-10504-exclusion-2","naver-card-10504","raw_detected","선불카드","2026-06-11T13:04:13.065Z"
"naver-card-10504-exclusion-3","naver-card-10504","raw_detected","국세","2026-06-11T13:04:13.065Z"
"naver-card-10504-exclusion-4","naver-card-10504","raw_detected","지방세","2026-06-11T13:04:13.065Z"
"naver-card-10504-exclusion-5","naver-card-10504","raw_detected","공과금","2026-06-11T13:04:13.065Z"
"naver-card-10504-exclusion-6","naver-card-10504","raw_detected","아파트관리비","2026-06-11T13:04:13.065Z"
"naver-card-10504-exclusion-7","naver-card-10504","raw_detected","대학등록금","2026-06-11T13:04:13.065Z"
"naver-card-10504-exclusion-8","naver-card-10504","raw_detected","연회비","2026-06-11T13:04:13.065Z"
"naver-card-10504-exclusion-9","naver-card-10504","raw_detected","수수료","2026-06-11T13:04:13.065Z"
"naver-card-10504-exclusion-10","naver-card-10504","raw_detected","무이자할부","2026-06-11T13:04:13.065Z"
"naver-card-10504-exclusion-11","naver-card-10504","raw_detected","현금서비스","2026-06-11T13:04:13.065Z"
"naver-card-10504-exclusion-12","naver-card-10504","raw_detected","카드론","2026-06-11T13:04:13.065Z"
"naver-card-10338-exclusion-1","naver-card-10338","raw_detected","상품권","2026-06-11T13:04:13.065Z"
"naver-card-10338-exclusion-2","naver-card-10338","raw_detected","국세","2026-06-11T13:04:13.065Z"
"naver-card-10338-exclusion-3","naver-card-10338","raw_detected","지방세","2026-06-11T13:04:13.065Z"
"naver-card-10338-exclusion-4","naver-card-10338","raw_detected","공과금","2026-06-11T13:04:13.065Z"
"naver-card-10338-exclusion-5","naver-card-10338","raw_detected","연회비","2026-06-11T13:04:13.065Z"
"naver-card-10338-exclusion-6","naver-card-10338","raw_detected","수수료","2026-06-11T13:04:13.065Z"
"naver-card-10338-exclusion-7","naver-card-10338","raw_detected","무이자할부","2026-06-11T13:04:13.065Z"
"naver-card-10338-exclusion-8","naver-card-10338","raw_detected","현금서비스","2026-06-11T13:04:13.065Z"
"naver-card-10338-exclusion-9","naver-card-10338","raw_detected","카드론","2026-06-11T13:04:13.065Z"
"naver-card-10514-exclusion-1","naver-card-10514","raw_detected","상품권","2026-06-11T13:04:13.065Z"
"naver-card-10514-exclusion-2","naver-card-10514","raw_detected","선불카드","2026-06-11T13:04:13.065Z"
"naver-card-10514-exclusion-3","naver-card-10514","raw_detected","국세","2026-06-11T13:04:13.065Z"
"naver-card-10514-exclusion-4","naver-card-10514","raw_detected","지방세","2026-06-11T13:04:13.065Z"
"naver-card-10514-exclusion-5","naver-card-10514","raw_detected","공과금","2026-06-11T13:04:13.065Z"
"naver-card-10514-exclusion-6","naver-card-10514","raw_detected","아파트관리비","2026-06-11T13:04:13.065Z"
"naver-card-10514-exclusion-7","naver-card-10514","raw_detected","연회비","2026-06-11T13:04:13.065Z"
"naver-card-10514-exclusion-8","naver-card-10514","raw_detected","수수료","2026-06-11T13:04:13.065Z"
"naver-card-10514-exclusion-9","naver-card-10514","raw_detected","무이자할부","2026-06-11T13:04:13.065Z"
"naver-card-10514-exclusion-10","naver-card-10514","raw_detected","현금서비스","2026-06-11T13:04:13.065Z"
"naver-card-10514-exclusion-11","naver-card-10514","raw_detected","카드론","2026-06-11T13:04:13.065Z"
"naver-card-10514-exclusion-12","naver-card-10514","raw_detected","포인트 충전","2026-06-11T13:04:13.065Z"
"naver-card-10509-exclusion-1","naver-card-10509","raw_detected","상품권","2026-06-11T13:04:13.065Z"
"naver-card-10509-exclusion-2","naver-card-10509","raw_detected","선불카드","2026-06-11T13:04:13.065Z"
"naver-card-10509-exclusion-3","naver-card-10509","raw_detected","국세","2026-06-11T13:04:13.065Z"
"naver-card-10509-exclusion-4","naver-card-10509","raw_detected","지방세","2026-06-11T13:04:13.065Z"
"naver-card-10509-exclusion-5","naver-card-10509","raw_detected","공과금","2026-06-11T13:04:13.065Z"
"naver-card-10509-exclusion-6","naver-card-10509","raw_detected","아파트관리비","2026-06-11T13:04:13.065Z"
"naver-card-10509-exclusion-7","naver-card-10509","raw_detected","연회비","2026-06-11T13:04:13.065Z"
"naver-card-10509-exclusion-8","naver-card-10509","raw_detected","수수료","2026-06-11T13:04:13.065Z"
"naver-card-10509-exclusion-9","naver-card-10509","raw_detected","무이자할부","2026-06-11T13:04:13.065Z"
"naver-card-10509-exclusion-10","naver-card-10509","raw_detected","현금서비스","2026-06-11T13:04:13.065Z"
"naver-card-10509-exclusion-11","naver-card-10509","raw_detected","카드론","2026-06-11T13:04:13.065Z"
"naver-card-10130-exclusion-1","naver-card-10130","raw_detected","상품권","2026-06-11T13:04:13.065Z"
"naver-card-10130-exclusion-2","naver-card-10130","raw_detected","선불카드","2026-06-11T13:04:13.065Z"
"naver-card-10130-exclusion-3","naver-card-10130","raw_detected","국세","2026-06-11T13:04:13.065Z"
"naver-card-10130-exclusion-4","naver-card-10130","raw_detected","지방세","2026-06-11T13:04:13.065Z"
"naver-card-10130-exclusion-5","naver-card-10130","raw_detected","공과금","2026-06-11T13:04:13.065Z"
"naver-card-10130-exclusion-6","naver-card-10130","raw_detected","보험료","2026-06-11T13:04:13.065Z"
"naver-card-10130-exclusion-7","naver-card-10130","raw_detected","연회비","2026-06-11T13:04:13.065Z"
"naver-card-10130-exclusion-8","naver-card-10130","raw_detected","수수료","2026-06-11T13:04:13.065Z"
"naver-card-10130-exclusion-9","naver-card-10130","raw_detected","무이자할부","2026-06-11T13:04:13.065Z"
"naver-card-10130-exclusion-10","naver-card-10130","raw_detected","현금서비스","2026-06-11T13:04:13.065Z"
"naver-card-10130-exclusion-11","naver-card-10130","raw_detected","카드론","2026-06-11T13:04:13.065Z"
"naver-card-10323-exclusion-1","naver-card-10323","raw_detected","상품권","2026-06-11T13:04:13.065Z"
"naver-card-10323-exclusion-2","naver-card-10323","raw_detected","국세","2026-06-11T13:04:13.065Z"
"naver-card-10323-exclusion-3","naver-card-10323","raw_detected","지방세","2026-06-11T13:04:13.065Z"
"naver-card-10323-exclusion-4","naver-card-10323","raw_detected","공과금","2026-06-11T13:04:13.065Z"
"naver-card-10323-exclusion-5","naver-card-10323","raw_detected","연회비","2026-06-11T13:04:13.065Z"
"naver-card-10323-exclusion-6","naver-card-10323","raw_detected","수수료","2026-06-11T13:04:13.065Z"
"naver-card-10323-exclusion-7","naver-card-10323","raw_detected","무이자할부","2026-06-11T13:04:13.065Z"
"naver-card-10323-exclusion-8","naver-card-10323","raw_detected","현금서비스","2026-06-11T13:04:13.065Z"
"naver-card-10323-exclusion-9","naver-card-10323","raw_detected","카드론","2026-06-11T13:04:13.065Z"
"naver-card-10337-exclusion-1","naver-card-10337","raw_detected","상품권","2026-06-11T13:04:13.065Z"
"naver-card-10337-exclusion-2","naver-card-10337","raw_detected","국세","2026-06-11T13:04:13.065Z"
"naver-card-10337-exclusion-3","naver-card-10337","raw_detected","지방세","2026-06-11T13:04:13.065Z"
"naver-card-10337-exclusion-4","naver-card-10337","raw_detected","공과금","2026-06-11T13:04:13.065Z"
"naver-card-10337-exclusion-5","naver-card-10337","raw_detected","연회비","2026-06-11T13:04:13.065Z"
"naver-card-10337-exclusion-6","naver-card-10337","raw_detected","수수료","2026-06-11T13:04:13.065Z"
"naver-card-10337-exclusion-7","naver-card-10337","raw_detected","무이자할부","2026-06-11T13:04:13.065Z"
"naver-card-10337-exclusion-8","naver-card-10337","raw_detected","현금서비스","2026-06-11T13:04:13.065Z"
"naver-card-10337-exclusion-9","naver-card-10337","raw_detected","카드론","2026-06-11T13:04:13.065Z"
"naver-card-10497-exclusion-1","naver-card-10497","raw_detected","상품권","2026-06-11T13:04:13.065Z"
"naver-card-10497-exclusion-2","naver-card-10497","raw_detected","국세","2026-06-11T13:04:13.065Z"
"naver-card-10497-exclusion-3","naver-card-10497","raw_detected","지방세","2026-06-11T13:04:13.065Z"
"naver-card-10497-exclusion-4","naver-card-10497","raw_detected","공과금","2026-06-11T13:04:13.065Z"
"naver-card-10497-exclusion-5","naver-card-10497","raw_detected","연회비","2026-06-11T13:04:13.065Z"
"naver-card-10497-exclusion-6","naver-card-10497","raw_detected","수수료","2026-06-11T13:04:13.065Z"
"naver-card-10497-exclusion-7","naver-card-10497","raw_detected","무이자할부","2026-06-11T13:04:13.065Z"
"naver-card-10497-exclusion-8","naver-card-10497","raw_detected","현금서비스","2026-06-11T13:04:13.065Z"
"naver-card-10497-exclusion-9","naver-card-10497","raw_detected","카드론","2026-06-11T13:04:13.065Z"
"naver-card-10335-exclusion-1","naver-card-10335","raw_detected","상품권","2026-06-11T13:04:13.065Z"
"naver-card-10335-exclusion-2","naver-card-10335","raw_detected","국세","2026-06-11T13:04:13.065Z"
"naver-card-10335-exclusion-3","naver-card-10335","raw_detected","지방세","2026-06-11T13:04:13.065Z"
"naver-card-10335-exclusion-4","naver-card-10335","raw_detected","공과금","2026-06-11T13:04:13.065Z"
"naver-card-10335-exclusion-5","naver-card-10335","raw_detected","연회비","2026-06-11T13:04:13.065Z"
"naver-card-10335-exclusion-6","naver-card-10335","raw_detected","수수료","2026-06-11T13:04:13.065Z"
"naver-card-10335-exclusion-7","naver-card-10335","raw_detected","무이자할부","2026-06-11T13:04:13.065Z"
"naver-card-10335-exclusion-8","naver-card-10335","raw_detected","현금서비스","2026-06-11T13:04:13.065Z"
"naver-card-10335-exclusion-9","naver-card-10335","raw_detected","카드론","2026-06-11T13:04:13.065Z"
"naver-card-10353-exclusion-1","naver-card-10353","raw_detected","상품권","2026-06-11T13:04:13.065Z"
"naver-card-10353-exclusion-2","naver-card-10353","raw_detected","국세","2026-06-11T13:04:13.065Z"
"naver-card-10353-exclusion-3","naver-card-10353","raw_detected","지방세","2026-06-11T13:04:13.065Z"
"naver-card-10353-exclusion-4","naver-card-10353","raw_detected","공과금","2026-06-11T13:04:13.065Z"
"naver-card-10353-exclusion-5","naver-card-10353","raw_detected","연회비","2026-06-11T13:04:13.065Z"
"naver-card-10353-exclusion-6","naver-card-10353","raw_detected","수수료","2026-06-11T13:04:13.065Z"
"naver-card-10353-exclusion-7","naver-card-10353","raw_detected","무이자할부","2026-06-11T13:04:13.065Z"
"naver-card-10353-exclusion-8","naver-card-10353","raw_detected","현금서비스","2026-06-11T13:04:13.065Z"
"naver-card-10353-exclusion-9","naver-card-10353","raw_detected","카드론","2026-06-11T13:04:13.065Z"
"naver-card-10594-exclusion-1","naver-card-10594","raw_detected","상품권","2026-06-11T13:04:13.065Z"
"naver-card-10594-exclusion-2","naver-card-10594","raw_detected","국세","2026-06-11T13:04:13.065Z"
"naver-card-10594-exclusion-3","naver-card-10594","raw_detected","지방세","2026-06-11T13:04:13.065Z"
"naver-card-10594-exclusion-4","naver-card-10594","raw_detected","공과금","2026-06-11T13:04:13.065Z"
"naver-card-10594-exclusion-5","naver-card-10594","raw_detected","연회비","2026-06-11T13:04:13.065Z"
"naver-card-10594-exclusion-6","naver-card-10594","raw_detected","수수료","2026-06-11T13:04:13.065Z"
"naver-card-10594-exclusion-7","naver-card-10594","raw_detected","현금서비스","2026-06-11T13:04:13.065Z"
"naver-card-10594-exclusion-8","naver-card-10594","raw_detected","카드론","2026-06-11T13:04:13.065Z"
"naver-card-10339-exclusion-1","naver-card-10339","raw_detected","상품권","2026-06-11T13:04:13.065Z"
"naver-card-10339-exclusion-2","naver-card-10339","raw_detected","국세","2026-06-11T13:04:13.065Z"
"naver-card-10339-exclusion-3","naver-card-10339","raw_detected","지방세","2026-06-11T13:04:13.065Z"
"naver-card-10339-exclusion-4","naver-card-10339","raw_detected","공과금","2026-06-11T13:04:13.065Z"
"naver-card-10339-exclusion-5","naver-card-10339","raw_detected","연회비","2026-06-11T13:04:13.065Z"
"naver-card-10339-exclusion-6","naver-card-10339","raw_detected","수수료","2026-06-11T13:04:13.065Z"
"naver-card-10339-exclusion-7","naver-card-10339","raw_detected","무이자할부","2026-06-11T13:04:13.065Z"
"naver-card-10339-exclusion-8","naver-card-10339","raw_detected","현금서비스","2026-06-11T13:04:13.065Z"
"naver-card-10339-exclusion-9","naver-card-10339","raw_detected","카드론","2026-06-11T13:04:13.065Z"
"naver-card-10499-exclusion-1","naver-card-10499","raw_detected","상품권","2026-06-11T13:04:13.065Z"
"naver-card-10499-exclusion-2","naver-card-10499","raw_detected","국세","2026-06-11T13:04:13.065Z"
"naver-card-10499-exclusion-3","naver-card-10499","raw_detected","지방세","2026-06-11T13:04:13.065Z"
"naver-card-10499-exclusion-4","naver-card-10499","raw_detected","공과금","2026-06-11T13:04:13.065Z"
"naver-card-10499-exclusion-5","naver-card-10499","raw_detected","연회비","2026-06-11T13:04:13.065Z"
"naver-card-10499-exclusion-6","naver-card-10499","raw_detected","수수료","2026-06-11T13:04:13.065Z"
"naver-card-10499-exclusion-7","naver-card-10499","raw_detected","무이자할부","2026-06-11T13:04:13.065Z"
"naver-card-10499-exclusion-8","naver-card-10499","raw_detected","현금서비스","2026-06-11T13:04:13.065Z"
"naver-card-10499-exclusion-9","naver-card-10499","raw_detected","카드론","2026-06-11T13:04:13.065Z"
"naver-card-10336-exclusion-1","naver-card-10336","raw_detected","상품권","2026-06-11T13:04:13.065Z"
"naver-card-10336-exclusion-2","naver-card-10336","raw_detected","국세","2026-06-11T13:04:13.065Z"
"naver-card-10336-exclusion-3","naver-card-10336","raw_detected","지방세","2026-06-11T13:04:13.065Z"
"naver-card-10336-exclusion-4","naver-card-10336","raw_detected","공과금","2026-06-11T13:04:13.065Z"
"naver-card-10336-exclusion-5","naver-card-10336","raw_detected","연회비","2026-06-11T13:04:13.065Z"
"naver-card-10336-exclusion-6","naver-card-10336","raw_detected","수수료","2026-06-11T13:04:13.065Z"
"naver-card-10336-exclusion-7","naver-card-10336","raw_detected","현금서비스","2026-06-11T13:04:13.065Z"
"naver-card-10336-exclusion-8","naver-card-10336","raw_detected","카드론","2026-06-11T13:04:13.065Z"
"naver-card-10498-exclusion-1","naver-card-10498","raw_detected","상품권","2026-06-11T13:04:13.065Z"
"naver-card-10498-exclusion-2","naver-card-10498","raw_detected","국세","2026-06-11T13:04:13.065Z"
"naver-card-10498-exclusion-3","naver-card-10498","raw_detected","지방세","2026-06-11T13:04:13.065Z"
"naver-card-10498-exclusion-4","naver-card-10498","raw_detected","공과금","2026-06-11T13:04:13.065Z"
"naver-card-10498-exclusion-5","naver-card-10498","raw_detected","연회비","2026-06-11T13:04:13.065Z"
"naver-card-10498-exclusion-6","naver-card-10498","raw_detected","수수료","2026-06-11T13:04:13.065Z"
"naver-card-10498-exclusion-7","naver-card-10498","raw_detected","무이자할부","2026-06-11T13:04:13.065Z"
"naver-card-10498-exclusion-8","naver-card-10498","raw_detected","현금서비스","2026-06-11T13:04:13.065Z"
"naver-card-10498-exclusion-9","naver-card-10498","raw_detected","카드론","2026-06-11T13:04:13.065Z"
"naver-card-10466-exclusion-1","naver-card-10466","raw_detected","상품권","2026-06-11T13:04:13.065Z"
"naver-card-10466-exclusion-2","naver-card-10466","raw_detected","국세","2026-06-11T13:04:13.065Z"
"naver-card-10466-exclusion-3","naver-card-10466","raw_detected","지방세","2026-06-11T13:04:13.065Z"
"naver-card-10466-exclusion-4","naver-card-10466","raw_detected","공과금","2026-06-11T13:04:13.065Z"
"naver-card-10466-exclusion-5","naver-card-10466","raw_detected","연회비","2026-06-11T13:04:13.065Z"
"naver-card-10466-exclusion-6","naver-card-10466","raw_detected","수수료","2026-06-11T13:04:13.065Z"
"naver-card-10466-exclusion-7","naver-card-10466","raw_detected","무이자할부","2026-06-11T13:04:13.065Z"
"naver-card-10466-exclusion-8","naver-card-10466","raw_detected","현금서비스","2026-06-11T13:04:13.065Z"
"naver-card-10466-exclusion-9","naver-card-10466","raw_detected","카드론","2026-06-11T13:04:13.065Z"
"naver-card-10334-exclusion-1","naver-card-10334","raw_detected","상품권","2026-06-11T13:04:13.065Z"
"naver-card-10334-exclusion-2","naver-card-10334","raw_detected","국세","2026-06-11T13:04:13.065Z"
"naver-card-10334-exclusion-3","naver-card-10334","raw_detected","지방세","2026-06-11T13:04:13.065Z"
"naver-card-10334-exclusion-4","naver-card-10334","raw_detected","공과금","2026-06-11T13:04:13.065Z"
"naver-card-10334-exclusion-5","naver-card-10334","raw_detected","연회비","2026-06-11T13:04:13.065Z"
"naver-card-10334-exclusion-6","naver-card-10334","raw_detected","수수료","2026-06-11T13:04:13.065Z"
"naver-card-10334-exclusion-7","naver-card-10334","raw_detected","무이자할부","2026-06-11T13:04:13.065Z"
"naver-card-10334-exclusion-8","naver-card-10334","raw_detected","현금서비스","2026-06-11T13:04:13.065Z"
"naver-card-10334-exclusion-9","naver-card-10334","raw_detected","카드론","2026-06-11T13:04:13.065Z"
"naver-card-10322-exclusion-1","naver-card-10322","raw_detected","상품권","2026-06-11T13:04:13.065Z"
"naver-card-10322-exclusion-2","naver-card-10322","raw_detected","국세","2026-06-11T13:04:13.065Z"
"naver-card-10322-exclusion-3","naver-card-10322","raw_detected","지방세","2026-06-11T13:04:13.065Z"
"naver-card-10322-exclusion-4","naver-card-10322","raw_detected","공과금","2026-06-11T13:04:13.065Z"
"naver-card-10322-exclusion-5","naver-card-10322","raw_detected","연회비","2026-06-11T13:04:13.065Z"
"naver-card-10322-exclusion-6","naver-card-10322","raw_detected","수수료","2026-06-11T13:04:13.065Z"
"naver-card-10322-exclusion-7","naver-card-10322","raw_detected","무이자할부","2026-06-11T13:04:13.065Z"
"naver-card-10322-exclusion-8","naver-card-10322","raw_detected","현금서비스","2026-06-11T13:04:13.065Z"
"naver-card-10322-exclusion-9","naver-card-10322","raw_detected","카드론","2026-06-11T13:04:13.065Z"
"naver-card-10534-exclusion-1","naver-card-10534","raw_detected","국세","2026-06-11T13:04:13.065Z"
"naver-card-10534-exclusion-2","naver-card-10534","raw_detected","지방세","2026-06-11T13:04:13.065Z"
"naver-card-10534-exclusion-3","naver-card-10534","raw_detected","공과금","2026-06-11T13:04:13.065Z"
"naver-card-10534-exclusion-4","naver-card-10534","raw_detected","연회비","2026-06-11T13:04:13.065Z"
"naver-card-10534-exclusion-5","naver-card-10534","raw_detected","수수료","2026-06-11T13:04:13.065Z"
"naver-card-10534-exclusion-6","naver-card-10534","raw_detected","현금서비스","2026-06-11T13:04:13.065Z"
"naver-card-10534-exclusion-7","naver-card-10534","raw_detected","카드론","2026-06-11T13:04:13.065Z"
"naver-card-10534-exclusion-8","naver-card-10534","raw_detected","상품권","2026-06-11T13:04:13.065Z"
"naver-card-10413-exclusion-1","naver-card-10413","raw_detected","상품권","2026-06-11T13:04:13.065Z"
"naver-card-10413-exclusion-2","naver-card-10413","raw_detected","국세","2026-06-11T13:04:13.065Z"
"naver-card-10413-exclusion-3","naver-card-10413","raw_detected","지방세","2026-06-11T13:04:13.065Z"
"naver-card-10413-exclusion-4","naver-card-10413","raw_detected","공과금","2026-06-11T13:04:13.065Z"
"naver-card-10413-exclusion-5","naver-card-10413","raw_detected","연회비","2026-06-11T13:04:13.065Z"
"naver-card-10413-exclusion-6","naver-card-10413","raw_detected","수수료","2026-06-11T13:04:13.065Z"
"naver-card-10413-exclusion-7","naver-card-10413","raw_detected","현금서비스","2026-06-11T13:04:13.065Z"
"naver-card-10413-exclusion-8","naver-card-10413","raw_detected","카드론","2026-06-11T13:04:13.065Z"
"naver-card-10515-exclusion-1","naver-card-10515","raw_detected","상품권","2026-06-11T13:04:13.065Z"
"naver-card-10515-exclusion-2","naver-card-10515","raw_detected","선불카드","2026-06-11T13:04:13.065Z"
"naver-card-10515-exclusion-3","naver-card-10515","raw_detected","국세","2026-06-11T13:04:13.065Z"
"naver-card-10515-exclusion-4","naver-card-10515","raw_detected","지방세","2026-06-11T13:04:13.065Z"
"naver-card-10515-exclusion-5","naver-card-10515","raw_detected","공과금","2026-06-11T13:04:13.065Z"
"naver-card-10515-exclusion-6","naver-card-10515","raw_detected","아파트관리비","2026-06-11T13:04:13.065Z"
"naver-card-10515-exclusion-7","naver-card-10515","raw_detected","연회비","2026-06-11T13:04:13.065Z"
"naver-card-10515-exclusion-8","naver-card-10515","raw_detected","수수료","2026-06-11T13:04:13.065Z"
"naver-card-10515-exclusion-9","naver-card-10515","raw_detected","무이자할부","2026-06-11T13:04:13.065Z"
"naver-card-10515-exclusion-10","naver-card-10515","raw_detected","현금서비스","2026-06-11T13:04:13.065Z"
"naver-card-10515-exclusion-11","naver-card-10515","raw_detected","카드론","2026-06-11T13:04:13.065Z"
"naver-card-10515-exclusion-12","naver-card-10515","raw_detected","포인트 충전","2026-06-11T13:04:13.065Z"
"naver-card-10134-exclusion-1","naver-card-10134","raw_detected","상품권","2026-06-11T13:04:13.065Z"
"naver-card-10134-exclusion-2","naver-card-10134","raw_detected","선불카드","2026-06-11T13:04:13.065Z"
"naver-card-10134-exclusion-3","naver-card-10134","raw_detected","국세","2026-06-11T13:04:13.065Z"
"naver-card-10134-exclusion-4","naver-card-10134","raw_detected","지방세","2026-06-11T13:04:13.065Z"
"naver-card-10134-exclusion-5","naver-card-10134","raw_detected","공과금","2026-06-11T13:04:13.065Z"
"naver-card-10134-exclusion-6","naver-card-10134","raw_detected","보험료","2026-06-11T13:04:13.065Z"
"naver-card-10134-exclusion-7","naver-card-10134","raw_detected","연회비","2026-06-11T13:04:13.065Z"
"naver-card-10134-exclusion-8","naver-card-10134","raw_detected","수수료","2026-06-11T13:04:13.065Z"
"naver-card-10134-exclusion-9","naver-card-10134","raw_detected","무이자할부","2026-06-11T13:04:13.065Z"
"naver-card-10134-exclusion-10","naver-card-10134","raw_detected","현금서비스","2026-06-11T13:04:13.065Z"
"naver-card-10134-exclusion-11","naver-card-10134","raw_detected","카드론","2026-06-11T13:04:13.065Z"
"naver-card-10525-exclusion-1","naver-card-10525","raw_detected","상품권","2026-06-11T13:04:13.065Z"
"naver-card-10525-exclusion-2","naver-card-10525","raw_detected","선불카드","2026-06-11T13:04:13.065Z"
"naver-card-10525-exclusion-3","naver-card-10525","raw_detected","국세","2026-06-11T13:04:13.065Z"
"naver-card-10525-exclusion-4","naver-card-10525","raw_detected","지방세","2026-06-11T13:04:13.065Z"
"naver-card-10525-exclusion-5","naver-card-10525","raw_detected","공과금","2026-06-11T13:04:13.065Z"
"naver-card-10525-exclusion-6","naver-card-10525","raw_detected","보험료","2026-06-11T13:04:13.065Z"
"naver-card-10525-exclusion-7","naver-card-10525","raw_detected","연회비","2026-06-11T13:04:13.065Z"
"naver-card-10525-exclusion-8","naver-card-10525","raw_detected","수수료","2026-06-11T13:04:13.065Z"
"naver-card-10525-exclusion-9","naver-card-10525","raw_detected","무이자할부","2026-06-11T13:04:13.065Z"
"naver-card-10525-exclusion-10","naver-card-10525","raw_detected","현금서비스","2026-06-11T13:04:13.065Z"
"naver-card-10525-exclusion-11","naver-card-10525","raw_detected","카드론","2026-06-11T13:04:13.065Z"
"naver-card-10359-exclusion-1","naver-card-10359","raw_detected","상품권","2026-06-11T13:04:13.065Z"
"naver-card-10359-exclusion-2","naver-card-10359","raw_detected","국세","2026-06-11T13:04:13.065Z"
"naver-card-10359-exclusion-3","naver-card-10359","raw_detected","지방세","2026-06-11T13:04:13.065Z"
"naver-card-10359-exclusion-4","naver-card-10359","raw_detected","공과금","2026-06-11T13:04:13.065Z"
"naver-card-10359-exclusion-5","naver-card-10359","raw_detected","아파트관리비","2026-06-11T13:04:13.065Z"
"naver-card-10359-exclusion-6","naver-card-10359","raw_detected","연회비","2026-06-11T13:04:13.065Z"
"naver-card-10359-exclusion-7","naver-card-10359","raw_detected","수수료","2026-06-11T13:04:13.065Z"
"naver-card-10359-exclusion-8","naver-card-10359","raw_detected","무이자할부","2026-06-11T13:04:13.065Z"
"naver-card-10359-exclusion-9","naver-card-10359","raw_detected","현금서비스","2026-06-11T13:04:13.065Z"
"naver-card-10359-exclusion-10","naver-card-10359","raw_detected","카드론","2026-06-11T13:04:13.065Z"
"naver-card-10411-exclusion-1","naver-card-10411","raw_detected","상품권","2026-06-11T13:04:13.065Z"
"naver-card-10411-exclusion-2","naver-card-10411","raw_detected","국세","2026-06-11T13:04:13.065Z"
"naver-card-10411-exclusion-3","naver-card-10411","raw_detected","지방세","2026-06-11T13:04:13.065Z"
"naver-card-10411-exclusion-4","naver-card-10411","raw_detected","공과금","2026-06-11T13:04:13.065Z"
"naver-card-10411-exclusion-5","naver-card-10411","raw_detected","연회비","2026-06-11T13:04:13.065Z"
"naver-card-10411-exclusion-6","naver-card-10411","raw_detected","수수료","2026-06-11T13:04:13.065Z"
"naver-card-10411-exclusion-7","naver-card-10411","raw_detected","현금서비스","2026-06-11T13:04:13.065Z"
"naver-card-10411-exclusion-8","naver-card-10411","raw_detected","카드론","2026-06-11T13:04:13.065Z"
"naver-card-10317-exclusion-1","naver-card-10317","raw_detected","상품권","2026-06-11T13:04:13.065Z"
"naver-card-10317-exclusion-2","naver-card-10317","raw_detected","선불카드","2026-06-11T13:04:13.065Z"
"naver-card-10317-exclusion-3","naver-card-10317","raw_detected","국세","2026-06-11T13:04:13.065Z"
"naver-card-10317-exclusion-4","naver-card-10317","raw_detected","지방세","2026-06-11T13:04:13.065Z"
"naver-card-10317-exclusion-5","naver-card-10317","raw_detected","공과금","2026-06-11T13:04:13.065Z"
"naver-card-10317-exclusion-6","naver-card-10317","raw_detected","아파트관리비","2026-06-11T13:04:13.065Z"
"naver-card-10317-exclusion-7","naver-card-10317","raw_detected","연회비","2026-06-11T13:04:13.065Z"
"naver-card-10317-exclusion-8","naver-card-10317","raw_detected","수수료","2026-06-11T13:04:13.065Z"
"naver-card-10317-exclusion-9","naver-card-10317","raw_detected","무이자할부","2026-06-11T13:04:13.065Z"
"naver-card-10317-exclusion-10","naver-card-10317","raw_detected","현금서비스","2026-06-11T13:04:13.065Z"
"naver-card-10317-exclusion-11","naver-card-10317","raw_detected","카드론","2026-06-11T13:04:13.065Z"
"naver-card-10502-exclusion-1","naver-card-10502","raw_detected","상품권","2026-06-11T13:04:13.065Z"
"naver-card-10502-exclusion-2","naver-card-10502","raw_detected","선불카드","2026-06-11T13:04:13.065Z"
"naver-card-10502-exclusion-3","naver-card-10502","raw_detected","국세","2026-06-11T13:04:13.065Z"
"naver-card-10502-exclusion-4","naver-card-10502","raw_detected","지방세","2026-06-11T13:04:13.065Z"
"naver-card-10502-exclusion-5","naver-card-10502","raw_detected","공과금","2026-06-11T13:04:13.065Z"
"naver-card-10502-exclusion-6","naver-card-10502","raw_detected","아파트관리비","2026-06-11T13:04:13.065Z"
"naver-card-10502-exclusion-7","naver-card-10502","raw_detected","대학등록금","2026-06-11T13:04:13.065Z"
"naver-card-10502-exclusion-8","naver-card-10502","raw_detected","연회비","2026-06-11T13:04:13.065Z"
"naver-card-10502-exclusion-9","naver-card-10502","raw_detected","수수료","2026-06-11T13:04:13.065Z"
"naver-card-10502-exclusion-10","naver-card-10502","raw_detected","무이자할부","2026-06-11T13:04:13.065Z"
"naver-card-10502-exclusion-11","naver-card-10502","raw_detected","현금서비스","2026-06-11T13:04:13.065Z"
"naver-card-10502-exclusion-12","naver-card-10502","raw_detected","카드론","2026-06-11T13:04:13.065Z"
"naver-card-10428-exclusion-1","naver-card-10428","raw_detected","상품권","2026-06-11T13:04:13.065Z"
"naver-card-10428-exclusion-2","naver-card-10428","raw_detected","선불카드","2026-06-11T13:04:13.065Z"
"naver-card-10428-exclusion-3","naver-card-10428","raw_detected","국세","2026-06-11T13:04:13.065Z"
"naver-card-10428-exclusion-4","naver-card-10428","raw_detected","지방세","2026-06-11T13:04:13.065Z"
"naver-card-10428-exclusion-5","naver-card-10428","raw_detected","공과금","2026-06-11T13:04:13.065Z"
"naver-card-10428-exclusion-6","naver-card-10428","raw_detected","아파트관리비","2026-06-11T13:04:13.065Z"
"naver-card-10428-exclusion-7","naver-card-10428","raw_detected","연회비","2026-06-11T13:04:13.065Z"
"naver-card-10428-exclusion-8","naver-card-10428","raw_detected","수수료","2026-06-11T13:04:13.065Z"
"naver-card-10428-exclusion-9","naver-card-10428","raw_detected","무이자할부","2026-06-11T13:04:13.065Z"
"naver-card-10428-exclusion-10","naver-card-10428","raw_detected","현금서비스","2026-06-11T13:04:13.065Z"
"naver-card-10428-exclusion-11","naver-card-10428","raw_detected","카드론","2026-06-11T13:04:13.065Z"
"naver-card-10428-exclusion-12","naver-card-10428","raw_detected","포인트 충전","2026-06-11T13:04:13.065Z"
"naver-card-1360-exclusion-1","naver-card-1360","raw_detected","연회비","2026-06-11T13:04:13.065Z"
"naver-card-1360-exclusion-2","naver-card-1360","raw_detected","수수료","2026-06-11T13:04:13.065Z"
"naver-card-10531-exclusion-1","naver-card-10531","raw_detected","공과금","2026-06-11T13:04:13.065Z"
"naver-card-10531-exclusion-2","naver-card-10531","raw_detected","연회비","2026-06-11T13:04:13.065Z"
"naver-card-10531-exclusion-3","naver-card-10531","raw_detected","수수료","2026-06-11T13:04:13.065Z"
"naver-card-10531-exclusion-4","naver-card-10531","raw_detected","현금서비스","2026-06-11T13:04:13.065Z"
"naver-card-10531-exclusion-5","naver-card-10531","raw_detected","카드론","2026-06-11T13:04:13.065Z"
"naver-card-10531-exclusion-6","naver-card-10531","raw_detected","상품권","2026-06-11T13:04:13.065Z"
"naver-card-10531-exclusion-7","naver-card-10531","raw_detected","국세","2026-06-11T13:04:13.065Z"
"naver-card-10531-exclusion-8","naver-card-10531","raw_detected","지방세","2026-06-11T13:04:13.065Z"
"naver-card-10533-exclusion-1","naver-card-10533","raw_detected","상품권","2026-06-11T13:04:13.065Z"
"naver-card-10533-exclusion-2","naver-card-10533","raw_detected","국세","2026-06-11T13:04:13.065Z"
"naver-card-10533-exclusion-3","naver-card-10533","raw_detected","지방세","2026-06-11T13:04:13.065Z"
"naver-card-10533-exclusion-4","naver-card-10533","raw_detected","공과금","2026-06-11T13:04:13.065Z"
"naver-card-10533-exclusion-5","naver-card-10533","raw_detected","연회비","2026-06-11T13:04:13.065Z"
"naver-card-10533-exclusion-6","naver-card-10533","raw_detected","수수료","2026-06-11T13:04:13.065Z"
"naver-card-10533-exclusion-7","naver-card-10533","raw_detected","현금서비스","2026-06-11T13:04:13.065Z"
"naver-card-10533-exclusion-8","naver-card-10533","raw_detected","카드론","2026-06-11T13:04:13.065Z"
"naver-card-10503-exclusion-1","naver-card-10503","raw_detected","상품권","2026-06-11T13:04:13.065Z"
"naver-card-10503-exclusion-2","naver-card-10503","raw_detected","선불카드","2026-06-11T13:04:13.065Z"
"naver-card-10503-exclusion-3","naver-card-10503","raw_detected","국세","2026-06-11T13:04:13.065Z"
"naver-card-10503-exclusion-4","naver-card-10503","raw_detected","지방세","2026-06-11T13:04:13.065Z"
"naver-card-10503-exclusion-5","naver-card-10503","raw_detected","공과금","2026-06-11T13:04:13.065Z"
"naver-card-10503-exclusion-6","naver-card-10503","raw_detected","아파트관리비","2026-06-11T13:04:13.065Z"
"naver-card-10503-exclusion-7","naver-card-10503","raw_detected","대학등록금","2026-06-11T13:04:13.065Z"
"naver-card-10503-exclusion-8","naver-card-10503","raw_detected","연회비","2026-06-11T13:04:13.065Z"
"naver-card-10503-exclusion-9","naver-card-10503","raw_detected","수수료","2026-06-11T13:04:13.065Z"
"naver-card-10503-exclusion-10","naver-card-10503","raw_detected","무이자할부","2026-06-11T13:04:13.065Z"
"naver-card-10503-exclusion-11","naver-card-10503","raw_detected","현금서비스","2026-06-11T13:04:13.065Z"
"naver-card-10503-exclusion-12","naver-card-10503","raw_detected","카드론","2026-06-11T13:04:13.065Z"
"naver-card-10532-exclusion-1","naver-card-10532","raw_detected","상품권","2026-06-11T13:04:13.065Z"
"naver-card-10532-exclusion-2","naver-card-10532","raw_detected","국세","2026-06-11T13:04:13.065Z"
"naver-card-10532-exclusion-3","naver-card-10532","raw_detected","지방세","2026-06-11T13:04:13.065Z"
"naver-card-10532-exclusion-4","naver-card-10532","raw_detected","공과금","2026-06-11T13:04:13.065Z"
"naver-card-10532-exclusion-5","naver-card-10532","raw_detected","연회비","2026-06-11T13:04:13.065Z"
"naver-card-10532-exclusion-6","naver-card-10532","raw_detected","수수료","2026-06-11T13:04:13.065Z"
"naver-card-10532-exclusion-7","naver-card-10532","raw_detected","현금서비스","2026-06-11T13:04:13.065Z"
"naver-card-10532-exclusion-8","naver-card-10532","raw_detected","카드론","2026-06-11T13:04:13.065Z"
"naver-card-1573-exclusion-1","naver-card-1573","raw_detected","상품권","2026-06-11T13:04:13.065Z"
"naver-card-1573-exclusion-2","naver-card-1573","raw_detected","선불카드","2026-06-11T13:04:13.065Z"
"naver-card-1573-exclusion-3","naver-card-1573","raw_detected","국세","2026-06-11T13:04:13.065Z"
"naver-card-1573-exclusion-4","naver-card-1573","raw_detected","지방세","2026-06-11T13:04:13.065Z"
"naver-card-1573-exclusion-5","naver-card-1573","raw_detected","공과금","2026-06-11T13:04:13.065Z"
"naver-card-1573-exclusion-6","naver-card-1573","raw_detected","대학등록금","2026-06-11T13:04:13.065Z"
"naver-card-1573-exclusion-7","naver-card-1573","raw_detected","연회비","2026-06-11T13:04:13.065Z"
"naver-card-1573-exclusion-8","naver-card-1573","raw_detected","무이자할부","2026-06-11T13:04:13.065Z"
"naver-card-10291-exclusion-1","naver-card-10291","raw_detected","상품권","2026-06-11T13:04:13.065Z"
"naver-card-10291-exclusion-2","naver-card-10291","raw_detected","선불카드","2026-06-11T13:04:13.065Z"
"naver-card-10291-exclusion-3","naver-card-10291","raw_detected","연회비","2026-06-11T13:04:13.065Z"
"naver-card-10291-exclusion-4","naver-card-10291","raw_detected","카드론","2026-06-11T13:04:13.065Z"
"naver-card-1715-exclusion-1","naver-card-1715","raw_detected","연회비","2026-06-11T13:04:13.065Z"
"naver-card-1715-exclusion-2","naver-card-1715","raw_detected","수수료","2026-06-11T13:04:13.065Z"
"naver-card-1715-exclusion-3","naver-card-1715","raw_detected","카드론","2026-06-11T13:04:13.065Z"
"naver-card-1889-exclusion-1","naver-card-1889","raw_detected","상품권","2026-06-11T13:04:13.065Z"
"naver-card-1889-exclusion-2","naver-card-1889","raw_detected","선불카드","2026-06-11T13:04:13.065Z"
"naver-card-1889-exclusion-3","naver-card-1889","raw_detected","국세","2026-06-11T13:04:13.065Z"
"naver-card-1889-exclusion-4","naver-card-1889","raw_detected","지방세","2026-06-11T13:04:13.065Z"
"naver-card-1889-exclusion-5","naver-card-1889","raw_detected","공과금","2026-06-11T13:04:13.065Z"
"naver-card-1889-exclusion-6","naver-card-1889","raw_detected","아파트관리비","2026-06-11T13:04:13.065Z"
"naver-card-1889-exclusion-7","naver-card-1889","raw_detected","대학등록금","2026-06-11T13:04:13.065Z"
"naver-card-1889-exclusion-8","naver-card-1889","raw_detected","연회비","2026-06-11T13:04:13.065Z"
"naver-card-1889-exclusion-9","naver-card-1889","raw_detected","무이자할부","2026-06-11T13:04:13.065Z"
"naver-card-1340-exclusion-1","naver-card-1340","raw_detected","상품권","2026-06-11T13:04:13.065Z"
"naver-card-1340-exclusion-2","naver-card-1340","raw_detected","공과금","2026-06-11T13:04:13.065Z"
"naver-card-1340-exclusion-3","naver-card-1340","raw_detected","연회비","2026-06-11T13:04:13.065Z"
"naver-card-1340-exclusion-4","naver-card-1340","raw_detected","무이자할부","2026-06-11T13:04:13.065Z"
"naver-card-1340-exclusion-5","naver-card-1340","raw_detected","현금서비스","2026-06-11T13:04:13.065Z"
"naver-card-10232-exclusion-1","naver-card-10232","raw_detected","상품권","2026-06-11T13:04:13.065Z"
"naver-card-10232-exclusion-2","naver-card-10232","raw_detected","선불카드","2026-06-11T13:04:13.065Z"
"naver-card-10232-exclusion-3","naver-card-10232","raw_detected","국세","2026-06-11T13:04:13.065Z"
"naver-card-10232-exclusion-4","naver-card-10232","raw_detected","지방세","2026-06-11T13:04:13.065Z"
"naver-card-10232-exclusion-5","naver-card-10232","raw_detected","공과금","2026-06-11T13:04:13.065Z"
"naver-card-10232-exclusion-6","naver-card-10232","raw_detected","아파트관리비","2026-06-11T13:04:13.065Z"
"naver-card-10232-exclusion-7","naver-card-10232","raw_detected","연회비","2026-06-11T13:04:13.065Z"
"naver-card-10232-exclusion-8","naver-card-10232","raw_detected","수수료","2026-06-11T13:04:13.065Z"
"naver-card-10232-exclusion-9","naver-card-10232","raw_detected","무이자할부","2026-06-11T13:04:13.065Z"
"naver-card-10232-exclusion-10","naver-card-10232","raw_detected","현금서비스","2026-06-11T13:04:13.065Z"
"naver-card-10232-exclusion-11","naver-card-10232","raw_detected","카드론","2026-06-11T13:04:13.065Z"
"naver-card-10591-exclusion-1","naver-card-10591","raw_detected","상품권","2026-06-11T13:04:13.065Z"
"naver-card-10591-exclusion-2","naver-card-10591","raw_detected","선불카드","2026-06-11T13:04:13.065Z"
"naver-card-10591-exclusion-3","naver-card-10591","raw_detected","국세","2026-06-11T13:04:13.065Z"
"naver-card-10591-exclusion-4","naver-card-10591","raw_detected","지방세","2026-06-11T13:04:13.065Z"
"naver-card-10591-exclusion-5","naver-card-10591","raw_detected","공과금","2026-06-11T13:04:13.065Z"
"naver-card-10591-exclusion-6","naver-card-10591","raw_detected","대학등록금","2026-06-11T13:04:13.065Z"
"naver-card-10591-exclusion-7","naver-card-10591","raw_detected","연회비","2026-06-11T13:04:13.065Z"
"naver-card-10591-exclusion-8","naver-card-10591","raw_detected","수수료","2026-06-11T13:04:13.065Z"
"naver-card-10591-exclusion-9","naver-card-10591","raw_detected","카드론","2026-06-11T13:04:13.065Z"
"naver-card-2345-exclusion-1","naver-card-2345","raw_detected","상품권","2026-06-11T13:04:13.065Z"
"naver-card-2345-exclusion-2","naver-card-2345","raw_detected","공과금","2026-06-11T13:04:13.065Z"
"naver-card-2345-exclusion-3","naver-card-2345","raw_detected","대학등록금","2026-06-11T13:04:13.065Z"
"naver-card-2345-exclusion-4","naver-card-2345","raw_detected","연회비","2026-06-11T13:04:13.065Z"
"naver-card-1337-exclusion-1","naver-card-1337","raw_detected","상품권","2026-06-11T13:04:13.065Z"
"naver-card-1337-exclusion-2","naver-card-1337","raw_detected","공과금","2026-06-11T13:04:13.065Z"
"naver-card-1337-exclusion-3","naver-card-1337","raw_detected","연회비","2026-06-11T13:04:13.065Z"
"naver-card-10265-exclusion-1","naver-card-10265","raw_detected","상품권","2026-06-11T13:04:13.065Z"
"naver-card-10265-exclusion-2","naver-card-10265","raw_detected","선불카드","2026-06-11T13:04:13.065Z"
"naver-card-10265-exclusion-3","naver-card-10265","raw_detected","국세","2026-06-11T13:04:13.065Z"
"naver-card-10265-exclusion-4","naver-card-10265","raw_detected","지방세","2026-06-11T13:04:13.065Z"
"naver-card-10265-exclusion-5","naver-card-10265","raw_detected","공과금","2026-06-11T13:04:13.065Z"
"naver-card-10265-exclusion-6","naver-card-10265","raw_detected","아파트관리비","2026-06-11T13:04:13.065Z"
"naver-card-10265-exclusion-7","naver-card-10265","raw_detected","연회비","2026-06-11T13:04:13.065Z"
"naver-card-10265-exclusion-8","naver-card-10265","raw_detected","수수료","2026-06-11T13:04:13.065Z"
"naver-card-10265-exclusion-9","naver-card-10265","raw_detected","무이자할부","2026-06-11T13:04:13.065Z"
"naver-card-10265-exclusion-10","naver-card-10265","raw_detected","현금서비스","2026-06-11T13:04:13.065Z"
"naver-card-10265-exclusion-11","naver-card-10265","raw_detected","카드론","2026-06-11T13:04:13.065Z"
"naver-card-10614-exclusion-1","naver-card-10614","raw_detected","공과금","2026-06-11T13:04:13.065Z"
"naver-card-10614-exclusion-2","naver-card-10614","raw_detected","연회비","2026-06-11T13:04:13.065Z"
"naver-card-10614-exclusion-3","naver-card-10614","raw_detected","수수료","2026-06-11T13:04:13.065Z"
"naver-card-10614-exclusion-4","naver-card-10614","raw_detected","현금서비스","2026-06-11T13:04:13.065Z"
"naver-card-10614-exclusion-5","naver-card-10614","raw_detected","카드론","2026-06-11T13:04:13.065Z"
"naver-card-10614-exclusion-6","naver-card-10614","raw_detected","상품권","2026-06-11T13:04:13.065Z"
"naver-card-10614-exclusion-7","naver-card-10614","raw_detected","국세","2026-06-11T13:04:13.065Z"
"naver-card-10614-exclusion-8","naver-card-10614","raw_detected","지방세","2026-06-11T13:04:13.065Z"
"naver-card-10557-exclusion-1","naver-card-10557","raw_detected","상품권","2026-06-11T13:04:13.065Z"
"naver-card-10557-exclusion-2","naver-card-10557","raw_detected","선불카드","2026-06-11T13:04:13.065Z"
"naver-card-10557-exclusion-3","naver-card-10557","raw_detected","연회비","2026-06-11T13:04:13.065Z"
"naver-card-10557-exclusion-4","naver-card-10557","raw_detected","수수료","2026-06-11T13:04:13.065Z"
"naver-card-10557-exclusion-5","naver-card-10557","raw_detected","카드론","2026-06-11T13:04:13.065Z"
"naver-card-10524-exclusion-1","naver-card-10524","raw_detected","상품권","2026-06-11T13:04:13.065Z"
"naver-card-10524-exclusion-2","naver-card-10524","raw_detected","선불카드","2026-06-11T13:04:13.065Z"
"naver-card-10524-exclusion-3","naver-card-10524","raw_detected","기프트카드","2026-06-11T13:04:13.065Z"
"naver-card-10524-exclusion-4","naver-card-10524","raw_detected","국세","2026-06-11T13:04:13.065Z"
"naver-card-10524-exclusion-5","naver-card-10524","raw_detected","지방세","2026-06-11T13:04:13.065Z"
"naver-card-10524-exclusion-6","naver-card-10524","raw_detected","공과금","2026-06-11T13:04:13.065Z"
"naver-card-10524-exclusion-7","naver-card-10524","raw_detected","아파트관리비","2026-06-11T13:04:13.065Z"
"naver-card-10524-exclusion-8","naver-card-10524","raw_detected","보험료","2026-06-11T13:04:13.065Z"
"naver-card-10524-exclusion-9","naver-card-10524","raw_detected","연회비","2026-06-11T13:04:13.065Z"
"naver-card-10524-exclusion-10","naver-card-10524","raw_detected","수수료","2026-06-11T13:04:13.065Z"
"naver-card-10524-exclusion-11","naver-card-10524","raw_detected","현금서비스","2026-06-11T13:04:13.065Z"
"naver-card-10524-exclusion-12","naver-card-10524","raw_detected","카드론","2026-06-11T13:04:13.065Z"
"naver-card-10613-exclusion-1","naver-card-10613","raw_detected","상품권","2026-06-11T13:04:13.065Z"
"naver-card-10613-exclusion-2","naver-card-10613","raw_detected","국세","2026-06-11T13:04:13.065Z"
"naver-card-10613-exclusion-3","naver-card-10613","raw_detected","지방세","2026-06-11T13:04:13.065Z"
"naver-card-10613-exclusion-4","naver-card-10613","raw_detected","공과금","2026-06-11T13:04:13.065Z"
"naver-card-10613-exclusion-5","naver-card-10613","raw_detected","연회비","2026-06-11T13:04:13.065Z"
"naver-card-10613-exclusion-6","naver-card-10613","raw_detected","수수료","2026-06-11T13:04:13.065Z"
"naver-card-10613-exclusion-7","naver-card-10613","raw_detected","현금서비스","2026-06-11T13:04:13.065Z"
"naver-card-10613-exclusion-8","naver-card-10613","raw_detected","카드론","2026-06-11T13:04:13.065Z"
"naver-card-10610-exclusion-1","naver-card-10610","raw_detected","상품권","2026-06-11T13:04:13.065Z"
"naver-card-10610-exclusion-2","naver-card-10610","raw_detected","국세","2026-06-11T13:04:13.065Z"
"naver-card-10610-exclusion-3","naver-card-10610","raw_detected","지방세","2026-06-11T13:04:13.065Z"
"naver-card-10610-exclusion-4","naver-card-10610","raw_detected","공과금","2026-06-11T13:04:13.065Z"
"naver-card-10610-exclusion-5","naver-card-10610","raw_detected","연회비","2026-06-11T13:04:13.065Z"
"naver-card-10610-exclusion-6","naver-card-10610","raw_detected","수수료","2026-06-11T13:04:13.065Z"
"naver-card-10610-exclusion-7","naver-card-10610","raw_detected","현금서비스","2026-06-11T13:04:13.065Z"
"naver-card-10610-exclusion-8","naver-card-10610","raw_detected","카드론","2026-06-11T13:04:13.065Z"
"naver-card-10639-exclusion-1","naver-card-10639","raw_detected","선불카드","2026-06-11T13:04:13.065Z"
"naver-card-10639-exclusion-2","naver-card-10639","raw_detected","기프트카드","2026-06-11T13:04:13.065Z"
"naver-card-10639-exclusion-3","naver-card-10639","raw_detected","국세","2026-06-11T13:04:13.065Z"
"naver-card-10639-exclusion-4","naver-card-10639","raw_detected","지방세","2026-06-11T13:04:13.065Z"
"naver-card-10639-exclusion-5","naver-card-10639","raw_detected","연회비","2026-06-11T13:04:13.065Z"
"naver-card-10639-exclusion-6","naver-card-10639","raw_detected","수수료","2026-06-11T13:04:13.065Z"
"naver-card-10639-exclusion-7","naver-card-10639","raw_detected","현금서비스","2026-06-11T13:04:13.065Z"
"naver-card-10639-exclusion-8","naver-card-10639","raw_detected","카드론","2026-06-11T13:04:13.065Z"
"naver-card-10501-exclusion-1","naver-card-10501","raw_detected","상품권","2026-06-11T13:04:13.065Z"
"naver-card-10501-exclusion-2","naver-card-10501","raw_detected","연회비","2026-06-11T13:04:13.065Z"
"naver-card-10501-exclusion-3","naver-card-10501","raw_detected","카드론","2026-06-11T13:04:13.065Z"
"naver-card-10501-exclusion-4","naver-card-10501","raw_detected","선불카드","2026-06-11T13:04:13.065Z"
"naver-card-10501-exclusion-5","naver-card-10501","raw_detected","국세","2026-06-11T13:04:13.065Z"
"naver-card-10501-exclusion-6","naver-card-10501","raw_detected","지방세","2026-06-11T13:04:13.065Z"
"naver-card-10501-exclusion-7","naver-card-10501","raw_detected","공과금","2026-06-11T13:04:13.065Z"
"naver-card-10501-exclusion-8","naver-card-10501","raw_detected","아파트관리비","2026-06-11T13:04:13.065Z"
"naver-card-10501-exclusion-9","naver-card-10501","raw_detected","수수료","2026-06-11T13:04:13.065Z"
"naver-card-10501-exclusion-10","naver-card-10501","raw_detected","무이자할부","2026-06-11T13:04:13.065Z"
"naver-card-10501-exclusion-11","naver-card-10501","raw_detected","현금서비스","2026-06-11T13:04:13.065Z"
"naver-card-10299-exclusion-1","naver-card-10299","raw_detected","상품권","2026-06-11T13:04:13.065Z"
"naver-card-10299-exclusion-2","naver-card-10299","raw_detected","선불카드","2026-06-11T13:04:13.065Z"
"naver-card-10299-exclusion-3","naver-card-10299","raw_detected","국세","2026-06-11T13:04:13.065Z"
"naver-card-10299-exclusion-4","naver-card-10299","raw_detected","지방세","2026-06-11T13:04:13.065Z"
"naver-card-10299-exclusion-5","naver-card-10299","raw_detected","공과금","2026-06-11T13:04:13.065Z"
"naver-card-10299-exclusion-6","naver-card-10299","raw_detected","아파트관리비","2026-06-11T13:04:13.065Z"
"naver-card-10299-exclusion-7","naver-card-10299","raw_detected","연회비","2026-06-11T13:04:13.065Z"
"naver-card-10299-exclusion-8","naver-card-10299","raw_detected","수수료","2026-06-11T13:04:13.065Z"
"naver-card-10299-exclusion-9","naver-card-10299","raw_detected","무이자할부","2026-06-11T13:04:13.065Z"
"naver-card-10299-exclusion-10","naver-card-10299","raw_detected","현금서비스","2026-06-11T13:04:13.065Z"
"naver-card-10299-exclusion-11","naver-card-10299","raw_detected","카드론","2026-06-11T13:04:13.065Z"
"naver-card-10597-exclusion-1","naver-card-10597","raw_detected","연회비","2026-06-11T13:04:13.065Z"
"naver-card-10597-exclusion-2","naver-card-10597","raw_detected","수수료","2026-06-11T13:04:13.065Z"
"naver-card-10597-exclusion-3","naver-card-10597","raw_detected","상품권","2026-06-11T13:04:13.065Z"
"naver-card-10597-exclusion-4","naver-card-10597","raw_detected","선불카드","2026-06-11T13:04:13.065Z"
"naver-card-10597-exclusion-5","naver-card-10597","raw_detected","기프트카드","2026-06-11T13:04:13.065Z"
"naver-card-10597-exclusion-6","naver-card-10597","raw_detected","국세","2026-06-11T13:04:13.065Z"
"naver-card-10597-exclusion-7","naver-card-10597","raw_detected","지방세","2026-06-11T13:04:13.065Z"
"naver-card-10597-exclusion-8","naver-card-10597","raw_detected","공과금","2026-06-11T13:04:13.065Z"
"naver-card-10597-exclusion-9","naver-card-10597","raw_detected","아파트관리비","2026-06-11T13:04:13.065Z"
"naver-card-10597-exclusion-10","naver-card-10597","raw_detected","대학등록금","2026-06-11T13:04:13.065Z"
"naver-card-10597-exclusion-11","naver-card-10597","raw_detected","보험료","2026-06-11T13:04:13.065Z"
"naver-card-10597-exclusion-12","naver-card-10597","raw_detected","무이자할부","2026-06-11T13:04:13.065Z"
"naver-card-10597-exclusion-13","naver-card-10597","raw_detected","현금서비스","2026-06-11T13:04:13.065Z"
"naver-card-10486-exclusion-1","naver-card-10486","raw_detected","연회비","2026-06-11T13:04:13.065Z"
"naver-card-10486-exclusion-2","naver-card-10486","raw_detected","수수료","2026-06-11T13:04:13.065Z"
"naver-card-10486-exclusion-3","naver-card-10486","raw_detected","무이자할부","2026-06-11T13:04:13.065Z"
"naver-card-10516-exclusion-1","naver-card-10516","raw_detected","상품권","2026-06-11T13:04:13.065Z"
"naver-card-10516-exclusion-2","naver-card-10516","raw_detected","선불카드","2026-06-11T13:04:13.065Z"
"naver-card-10516-exclusion-3","naver-card-10516","raw_detected","국세","2026-06-11T13:04:13.065Z"
"naver-card-10516-exclusion-4","naver-card-10516","raw_detected","지방세","2026-06-11T13:04:13.065Z"
"naver-card-10516-exclusion-5","naver-card-10516","raw_detected","공과금","2026-06-11T13:04:13.065Z"
"naver-card-10516-exclusion-6","naver-card-10516","raw_detected","연회비","2026-06-11T13:04:13.065Z"
"naver-card-10516-exclusion-7","naver-card-10516","raw_detected","수수료","2026-06-11T13:04:13.065Z"
"naver-card-10516-exclusion-8","naver-card-10516","raw_detected","무이자할부","2026-06-11T13:04:13.065Z"
"naver-card-10516-exclusion-9","naver-card-10516","raw_detected","현금서비스","2026-06-11T13:04:13.065Z"
"naver-card-10516-exclusion-10","naver-card-10516","raw_detected","카드론","2026-06-11T13:04:13.065Z"
"naver-card-10516-exclusion-11","naver-card-10516","raw_detected","포인트 충전","2026-06-11T13:04:13.065Z"
"naver-card-10395-exclusion-1","naver-card-10395","raw_detected","상품권","2026-06-11T13:04:13.065Z"
"naver-card-10395-exclusion-2","naver-card-10395","raw_detected","선불카드","2026-06-11T13:04:13.065Z"
"naver-card-10395-exclusion-3","naver-card-10395","raw_detected","기프트카드","2026-06-11T13:04:13.065Z"
"naver-card-10395-exclusion-4","naver-card-10395","raw_detected","국세","2026-06-11T13:04:13.065Z"
"naver-card-10395-exclusion-5","naver-card-10395","raw_detected","지방세","2026-06-11T13:04:13.065Z"
"naver-card-10395-exclusion-6","naver-card-10395","raw_detected","공과금","2026-06-11T13:04:13.065Z"
"naver-card-10395-exclusion-7","naver-card-10395","raw_detected","아파트관리비","2026-06-11T13:04:13.065Z"
"naver-card-10395-exclusion-8","naver-card-10395","raw_detected","대학등록금","2026-06-11T13:04:13.065Z"
"naver-card-10395-exclusion-9","naver-card-10395","raw_detected","보험료","2026-06-11T13:04:13.065Z"
"naver-card-10395-exclusion-10","naver-card-10395","raw_detected","연회비","2026-06-11T13:04:13.065Z"
"naver-card-10395-exclusion-11","naver-card-10395","raw_detected","수수료","2026-06-11T13:04:13.065Z"
"naver-card-10395-exclusion-12","naver-card-10395","raw_detected","무이자할부","2026-06-11T13:04:13.065Z"
"naver-card-10395-exclusion-13","naver-card-10395","raw_detected","현금서비스","2026-06-11T13:04:13.065Z"
"naver-card-10396-exclusion-1","naver-card-10396","raw_detected","상품권","2026-06-11T13:04:13.065Z"
"naver-card-10396-exclusion-2","naver-card-10396","raw_detected","선불카드","2026-06-11T13:04:13.065Z"
"naver-card-10396-exclusion-3","naver-card-10396","raw_detected","기프트카드","2026-06-11T13:04:13.065Z"
"naver-card-10396-exclusion-4","naver-card-10396","raw_detected","국세","2026-06-11T13:04:13.065Z"
"naver-card-10396-exclusion-5","naver-card-10396","raw_detected","지방세","2026-06-11T13:04:13.065Z"
"naver-card-10396-exclusion-6","naver-card-10396","raw_detected","공과금","2026-06-11T13:04:13.065Z"
"naver-card-10396-exclusion-7","naver-card-10396","raw_detected","아파트관리비","2026-06-11T13:04:13.065Z"
"naver-card-10396-exclusion-8","naver-card-10396","raw_detected","대학등록금","2026-06-11T13:04:13.065Z"
"naver-card-10396-exclusion-9","naver-card-10396","raw_detected","보험료","2026-06-11T13:04:13.065Z"
"naver-card-10396-exclusion-10","naver-card-10396","raw_detected","연회비","2026-06-11T13:04:13.065Z"
"naver-card-10396-exclusion-11","naver-card-10396","raw_detected","수수료","2026-06-11T13:04:13.065Z"
"naver-card-10396-exclusion-12","naver-card-10396","raw_detected","무이자할부","2026-06-11T13:04:13.065Z"
"naver-card-10396-exclusion-13","naver-card-10396","raw_detected","현금서비스","2026-06-11T13:04:13.065Z"
"naver-card-10320-exclusion-1","naver-card-10320","raw_detected","상품권","2026-06-11T13:04:13.065Z"
"naver-card-10320-exclusion-2","naver-card-10320","raw_detected","선불카드","2026-06-11T13:04:13.065Z"
"naver-card-10320-exclusion-3","naver-card-10320","raw_detected","기프트카드","2026-06-11T13:04:13.065Z"
"naver-card-10320-exclusion-4","naver-card-10320","raw_detected","국세","2026-06-11T13:04:13.065Z"
"naver-card-10320-exclusion-5","naver-card-10320","raw_detected","지방세","2026-06-11T13:04:13.065Z"
"naver-card-10320-exclusion-6","naver-card-10320","raw_detected","공과금","2026-06-11T13:04:13.065Z"
"naver-card-10320-exclusion-7","naver-card-10320","raw_detected","아파트관리비","2026-06-11T13:04:13.065Z"
"naver-card-10320-exclusion-8","naver-card-10320","raw_detected","대학등록금","2026-06-11T13:04:13.065Z"
"naver-card-10320-exclusion-9","naver-card-10320","raw_detected","보험료","2026-06-11T13:04:13.065Z"
"naver-card-10320-exclusion-10","naver-card-10320","raw_detected","연회비","2026-06-11T13:04:13.065Z"
"naver-card-10371-exclusion-1","naver-card-10371","raw_detected","상품권","2026-06-11T13:04:13.065Z"
"naver-card-10371-exclusion-2","naver-card-10371","raw_detected","선불카드","2026-06-11T13:04:13.065Z"
"naver-card-10371-exclusion-3","naver-card-10371","raw_detected","기프트카드","2026-06-11T13:04:13.065Z"
"naver-card-10371-exclusion-4","naver-card-10371","raw_detected","국세","2026-06-11T13:04:13.065Z"
"naver-card-10371-exclusion-5","naver-card-10371","raw_detected","지방세","2026-06-11T13:04:13.065Z"
"naver-card-10371-exclusion-6","naver-card-10371","raw_detected","공과금","2026-06-11T13:04:13.065Z"
"naver-card-10371-exclusion-7","naver-card-10371","raw_detected","아파트관리비","2026-06-11T13:04:13.065Z"
"naver-card-10371-exclusion-8","naver-card-10371","raw_detected","대학등록금","2026-06-11T13:04:13.065Z"
"naver-card-10371-exclusion-9","naver-card-10371","raw_detected","보험료","2026-06-11T13:04:13.065Z"
"naver-card-10371-exclusion-10","naver-card-10371","raw_detected","수수료","2026-06-11T13:04:13.065Z"
"naver-card-10493-exclusion-1","naver-card-10493","raw_detected","상품권","2026-06-11T13:04:13.065Z"
"naver-card-10493-exclusion-2","naver-card-10493","raw_detected","국세","2026-06-11T13:04:13.065Z"
"naver-card-10493-exclusion-3","naver-card-10493","raw_detected","지방세","2026-06-11T13:04:13.065Z"
"naver-card-10493-exclusion-4","naver-card-10493","raw_detected","아파트관리비","2026-06-11T13:04:13.065Z"
"naver-card-10493-exclusion-5","naver-card-10493","raw_detected","대학등록금","2026-06-11T13:04:13.065Z"
"naver-card-10493-exclusion-6","naver-card-10493","raw_detected","수수료","2026-06-11T13:04:13.065Z"
"naver-card-10373-exclusion-1","naver-card-10373","raw_detected","상품권","2026-06-11T13:04:13.065Z"
"naver-card-10373-exclusion-2","naver-card-10373","raw_detected","선불카드","2026-06-11T13:04:13.065Z"
"naver-card-10373-exclusion-3","naver-card-10373","raw_detected","기프트카드","2026-06-11T13:04:13.065Z"
"naver-card-10373-exclusion-4","naver-card-10373","raw_detected","국세","2026-06-11T13:04:13.065Z"
"naver-card-10373-exclusion-5","naver-card-10373","raw_detected","지방세","2026-06-11T13:04:13.065Z"
"naver-card-10373-exclusion-6","naver-card-10373","raw_detected","공과금","2026-06-11T13:04:13.065Z"
"naver-card-10373-exclusion-7","naver-card-10373","raw_detected","아파트관리비","2026-06-11T13:04:13.065Z"
"naver-card-10373-exclusion-8","naver-card-10373","raw_detected","대학등록금","2026-06-11T13:04:13.065Z"
"naver-card-10373-exclusion-9","naver-card-10373","raw_detected","보험료","2026-06-11T13:04:13.065Z"
"naver-card-10373-exclusion-10","naver-card-10373","raw_detected","수수료","2026-06-11T13:04:13.065Z"
"naver-card-10035-exclusion-1","naver-card-10035","raw_detected","기프트카드","2026-06-11T13:04:13.065Z"
"naver-card-10035-exclusion-2","naver-card-10035","raw_detected","연회비","2026-06-11T13:04:13.065Z"
"naver-card-10035-exclusion-3","naver-card-10035","raw_detected","수수료","2026-06-11T13:04:13.065Z"
"naver-card-10035-exclusion-4","naver-card-10035","raw_detected","현금서비스","2026-06-11T13:04:13.065Z"
"naver-card-10035-exclusion-5","naver-card-10035","raw_detected","카드론","2026-06-11T13:04:13.065Z"
"naver-card-10035-exclusion-6","naver-card-10035","raw_detected","선불카드","2026-06-11T13:04:13.065Z"
"naver-card-10035-exclusion-7","naver-card-10035","raw_detected","상품권","2026-06-11T13:04:13.065Z"
"naver-card-10035-exclusion-8","naver-card-10035","raw_detected","보험료","2026-06-11T13:04:13.065Z"
"naver-card-10530-exclusion-1","naver-card-10530","raw_detected","공과금","2026-06-11T13:04:13.065Z"
"naver-card-10530-exclusion-2","naver-card-10530","raw_detected","연회비","2026-06-11T13:04:13.065Z"
"naver-card-10530-exclusion-3","naver-card-10530","raw_detected","수수료","2026-06-11T13:04:13.065Z"
"naver-card-10530-exclusion-4","naver-card-10530","raw_detected","현금서비스","2026-06-11T13:04:13.065Z"
"naver-card-10530-exclusion-5","naver-card-10530","raw_detected","카드론","2026-06-11T13:04:13.065Z"
"naver-card-10530-exclusion-6","naver-card-10530","raw_detected","상품권","2026-06-11T13:04:13.065Z"
"naver-card-10530-exclusion-7","naver-card-10530","raw_detected","국세","2026-06-11T13:04:13.065Z"
"naver-card-10530-exclusion-8","naver-card-10530","raw_detected","지방세","2026-06-11T13:04:13.065Z"
"naver-card-710-exclusion-1","naver-card-710","raw_detected","상품권","2026-06-11T13:04:13.065Z"
"naver-card-710-exclusion-2","naver-card-710","raw_detected","선불카드","2026-06-11T13:04:13.065Z"
"naver-card-710-exclusion-3","naver-card-710","raw_detected","지방세","2026-06-11T13:04:13.065Z"
"naver-card-710-exclusion-4","naver-card-710","raw_detected","아파트관리비","2026-06-11T13:04:13.065Z"
"naver-card-710-exclusion-5","naver-card-710","raw_detected","연회비","2026-06-11T13:04:13.065Z"
"naver-card-710-exclusion-6","naver-card-710","raw_detected","수수료","2026-06-11T13:04:13.065Z"
"naver-card-710-exclusion-7","naver-card-710","raw_detected","무이자할부","2026-06-11T13:04:13.065Z"
"naver-card-710-exclusion-8","naver-card-710","raw_detected","현금서비스","2026-06-11T13:04:13.065Z"
"naver-card-710-exclusion-9","naver-card-710","raw_detected","카드론","2026-06-11T13:04:13.065Z"
"naver-card-10414-exclusion-1","naver-card-10414","raw_detected","상품권","2026-06-11T13:04:13.065Z"
"naver-card-10414-exclusion-2","naver-card-10414","raw_detected","국세","2026-06-11T13:04:13.065Z"
"naver-card-10414-exclusion-3","naver-card-10414","raw_detected","지방세","2026-06-11T13:04:13.065Z"
"naver-card-10414-exclusion-4","naver-card-10414","raw_detected","공과금","2026-06-11T13:04:13.065Z"
"naver-card-10414-exclusion-5","naver-card-10414","raw_detected","연회비","2026-06-11T13:04:13.065Z"
"naver-card-10414-exclusion-6","naver-card-10414","raw_detected","수수료","2026-06-11T13:04:13.065Z"
"naver-card-10414-exclusion-7","naver-card-10414","raw_detected","현금서비스","2026-06-11T13:04:13.065Z"
"naver-card-10414-exclusion-8","naver-card-10414","raw_detected","카드론","2026-06-11T13:04:13.065Z"
"naver-card-2332-exclusion-1","naver-card-2332","raw_detected","상품권","2026-06-11T13:04:13.065Z"
"naver-card-2332-exclusion-2","naver-card-2332","raw_detected","선불카드","2026-06-11T13:04:13.065Z"
"naver-card-2332-exclusion-3","naver-card-2332","raw_detected","공과금","2026-06-11T13:04:13.065Z"
"naver-card-2332-exclusion-4","naver-card-2332","raw_detected","연회비","2026-06-11T13:04:13.065Z"
"naver-card-2332-exclusion-5","naver-card-2332","raw_detected","수수료","2026-06-11T13:04:13.065Z"
"naver-card-2332-exclusion-6","naver-card-2332","raw_detected","무이자할부","2026-06-11T13:04:13.065Z"
"naver-card-2332-exclusion-7","naver-card-2332","raw_detected","현금서비스","2026-06-11T13:04:13.065Z"
"naver-card-2332-exclusion-8","naver-card-2332","raw_detected","카드론","2026-06-11T13:04:13.065Z"
"naver-card-10642-exclusion-1","naver-card-10642","raw_detected","연회비","2026-06-11T13:04:13.065Z"
"naver-card-10642-exclusion-2","naver-card-10642","raw_detected","상품권","2026-06-11T13:04:13.065Z"
"naver-card-10642-exclusion-3","naver-card-10642","raw_detected","선불카드","2026-06-11T13:04:13.065Z"
"naver-card-10642-exclusion-4","naver-card-10642","raw_detected","기프트카드","2026-06-11T13:04:13.065Z"
"naver-card-10642-exclusion-5","naver-card-10642","raw_detected","국세","2026-06-11T13:04:13.065Z"
"naver-card-10642-exclusion-6","naver-card-10642","raw_detected","지방세","2026-06-11T13:04:13.065Z"
"naver-card-10642-exclusion-7","naver-card-10642","raw_detected","아파트관리비","2026-06-11T13:04:13.065Z"
"naver-card-10642-exclusion-8","naver-card-10642","raw_detected","수수료","2026-06-11T13:04:13.065Z"
"naver-card-10642-exclusion-9","naver-card-10642","raw_detected","무이자할부","2026-06-11T13:04:13.065Z"
"naver-card-10642-exclusion-10","naver-card-10642","raw_detected","현금서비스","2026-06-11T13:04:13.065Z"
"naver-card-10642-exclusion-11","naver-card-10642","raw_detected","카드론","2026-06-11T13:04:13.065Z"
"naver-card-10488-exclusion-1","naver-card-10488","raw_detected","연회비","2026-06-11T13:04:13.065Z"
"naver-card-10488-exclusion-2","naver-card-10488","raw_detected","상품권","2026-06-11T13:04:13.065Z"
"naver-card-10488-exclusion-3","naver-card-10488","raw_detected","선불카드","2026-06-11T13:04:13.065Z"
"naver-card-10488-exclusion-4","naver-card-10488","raw_detected","기프트카드","2026-06-11T13:04:13.065Z"
"naver-card-10488-exclusion-5","naver-card-10488","raw_detected","국세","2026-06-11T13:04:13.065Z"
"naver-card-10488-exclusion-6","naver-card-10488","raw_detected","지방세","2026-06-11T13:04:13.065Z"
"naver-card-10488-exclusion-7","naver-card-10488","raw_detected","아파트관리비","2026-06-11T13:04:13.065Z"
"naver-card-10488-exclusion-8","naver-card-10488","raw_detected","수수료","2026-06-11T13:04:13.065Z"
"naver-card-10488-exclusion-9","naver-card-10488","raw_detected","무이자할부","2026-06-11T13:04:13.065Z"
"naver-card-10488-exclusion-10","naver-card-10488","raw_detected","현금서비스","2026-06-11T13:04:13.065Z"
"naver-card-10488-exclusion-11","naver-card-10488","raw_detected","카드론","2026-06-11T13:04:13.065Z"
"naver-card-10289-exclusion-1","naver-card-10289","raw_detected","연회비","2026-06-11T13:04:13.065Z"
"naver-card-10289-exclusion-2","naver-card-10289","raw_detected","수수료","2026-06-11T13:04:13.065Z"
"naver-card-10289-exclusion-3","naver-card-10289","raw_detected","현금서비스","2026-06-11T13:04:13.065Z"
"naver-card-10289-exclusion-4","naver-card-10289","raw_detected","상품권","2026-06-11T13:04:13.065Z"
"naver-card-10289-exclusion-5","naver-card-10289","raw_detected","선불카드","2026-06-11T13:04:13.065Z"
"naver-card-10289-exclusion-6","naver-card-10289","raw_detected","기프트카드","2026-06-11T13:04:13.065Z"
"naver-card-10289-exclusion-7","naver-card-10289","raw_detected","국세","2026-06-11T13:04:13.065Z"
"naver-card-10289-exclusion-8","naver-card-10289","raw_detected","지방세","2026-06-11T13:04:13.065Z"
"naver-card-10289-exclusion-9","naver-card-10289","raw_detected","대학등록금","2026-06-11T13:04:13.065Z"
"naver-card-10289-exclusion-10","naver-card-10289","raw_detected","카드론","2026-06-11T13:04:13.065Z"
"naver-card-3076-exclusion-1","naver-card-3076","raw_detected","아파트관리비","2026-06-11T13:04:13.065Z"
"naver-card-3076-exclusion-2","naver-card-3076","raw_detected","연회비","2026-06-11T13:04:13.065Z"
"naver-card-3076-exclusion-3","naver-card-3076","raw_detected","수수료","2026-06-11T13:04:13.065Z"
"naver-card-3076-exclusion-4","naver-card-3076","raw_detected","현금서비스","2026-06-11T13:04:13.065Z"
"naver-card-3076-exclusion-5","naver-card-3076","raw_detected","카드론","2026-06-11T13:04:13.065Z"
"naver-card-3076-exclusion-6","naver-card-3076","raw_detected","상품권","2026-06-11T13:04:13.065Z"
"naver-card-3076-exclusion-7","naver-card-3076","raw_detected","선불카드","2026-06-11T13:04:13.065Z"
"naver-card-3076-exclusion-8","naver-card-3076","raw_detected","지방세","2026-06-11T13:04:13.065Z"
"naver-card-3076-exclusion-9","naver-card-3076","raw_detected","무이자할부","2026-06-11T13:04:13.065Z"
"naver-card-10412-exclusion-1","naver-card-10412","raw_detected","상품권","2026-06-11T13:04:13.065Z"
"naver-card-10412-exclusion-2","naver-card-10412","raw_detected","국세","2026-06-11T13:04:13.065Z"
"naver-card-10412-exclusion-3","naver-card-10412","raw_detected","지방세","2026-06-11T13:04:13.065Z"
"naver-card-10412-exclusion-4","naver-card-10412","raw_detected","공과금","2026-06-11T13:04:13.065Z"
"naver-card-10412-exclusion-5","naver-card-10412","raw_detected","연회비","2026-06-11T13:04:13.065Z"
"naver-card-10412-exclusion-6","naver-card-10412","raw_detected","수수료","2026-06-11T13:04:13.065Z"
"naver-card-10412-exclusion-7","naver-card-10412","raw_detected","현금서비스","2026-06-11T13:04:13.065Z"
"naver-card-10412-exclusion-8","naver-card-10412","raw_detected","카드론","2026-06-11T13:04:13.065Z"
"naver-card-10448-exclusion-1","naver-card-10448","raw_detected","상품권","2026-06-11T13:04:13.065Z"
"naver-card-10448-exclusion-2","naver-card-10448","raw_detected","국세","2026-06-11T13:04:13.065Z"
"naver-card-10448-exclusion-3","naver-card-10448","raw_detected","지방세","2026-06-11T13:04:13.065Z"
"naver-card-10448-exclusion-4","naver-card-10448","raw_detected","공과금","2026-06-11T13:04:13.065Z"
"naver-card-10448-exclusion-5","naver-card-10448","raw_detected","연회비","2026-06-11T13:04:13.065Z"
"naver-card-10448-exclusion-6","naver-card-10448","raw_detected","수수료","2026-06-11T13:04:13.065Z"
"naver-card-10448-exclusion-7","naver-card-10448","raw_detected","현금서비스","2026-06-11T13:04:13.065Z"
"naver-card-10448-exclusion-8","naver-card-10448","raw_detected","카드론","2026-06-11T13:04:13.065Z"
"naver-card-10449-exclusion-1","naver-card-10449","raw_detected","상품권","2026-06-11T13:04:13.065Z"
"naver-card-10449-exclusion-2","naver-card-10449","raw_detected","국세","2026-06-11T13:04:13.065Z"
"naver-card-10449-exclusion-3","naver-card-10449","raw_detected","지방세","2026-06-11T13:04:13.065Z"
"naver-card-10449-exclusion-4","naver-card-10449","raw_detected","공과금","2026-06-11T13:04:13.065Z"
"naver-card-10449-exclusion-5","naver-card-10449","raw_detected","연회비","2026-06-11T13:04:13.065Z"
"naver-card-10449-exclusion-6","naver-card-10449","raw_detected","수수료","2026-06-11T13:04:13.065Z"
"naver-card-10449-exclusion-7","naver-card-10449","raw_detected","현금서비스","2026-06-11T13:04:13.065Z"
"naver-card-10449-exclusion-8","naver-card-10449","raw_detected","카드론","2026-06-11T13:04:13.065Z"
"naver-card-10058-exclusion-1","naver-card-10058","raw_detected","상품권","2026-06-11T13:04:13.065Z"
"naver-card-10058-exclusion-2","naver-card-10058","raw_detected","선불카드","2026-06-11T13:04:13.065Z"
"naver-card-10058-exclusion-3","naver-card-10058","raw_detected","기프트카드","2026-06-11T13:04:13.065Z"
"naver-card-10058-exclusion-4","naver-card-10058","raw_detected","국세","2026-06-11T13:04:13.065Z"
"naver-card-10058-exclusion-5","naver-card-10058","raw_detected","지방세","2026-06-11T13:04:13.065Z"
"naver-card-10058-exclusion-6","naver-card-10058","raw_detected","공과금","2026-06-11T13:04:13.065Z"
"naver-card-10058-exclusion-7","naver-card-10058","raw_detected","아파트관리비","2026-06-11T13:04:13.065Z"
"naver-card-10058-exclusion-8","naver-card-10058","raw_detected","보험료","2026-06-11T13:04:13.065Z"
"naver-card-10058-exclusion-9","naver-card-10058","raw_detected","연회비","2026-06-11T13:04:13.065Z"
"naver-card-10058-exclusion-10","naver-card-10058","raw_detected","수수료","2026-06-11T13:04:13.065Z"
"naver-card-10058-exclusion-11","naver-card-10058","raw_detected","무이자할부","2026-06-11T13:04:13.065Z"
"naver-card-10058-exclusion-12","naver-card-10058","raw_detected","현금서비스","2026-06-11T13:04:13.065Z"
"naver-card-10058-exclusion-13","naver-card-10058","raw_detected","카드론","2026-06-11T13:04:13.065Z"
"naver-card-10544-exclusion-1","naver-card-10544","raw_detected","상품권","2026-06-11T13:04:13.065Z"
"naver-card-10544-exclusion-2","naver-card-10544","raw_detected","선불카드","2026-06-11T13:04:13.065Z"
"naver-card-10544-exclusion-3","naver-card-10544","raw_detected","국세","2026-06-11T13:04:13.065Z"
"naver-card-10544-exclusion-4","naver-card-10544","raw_detected","지방세","2026-06-11T13:04:13.065Z"
"naver-card-10544-exclusion-5","naver-card-10544","raw_detected","공과금","2026-06-11T13:04:13.065Z"
"naver-card-10544-exclusion-6","naver-card-10544","raw_detected","아파트관리비","2026-06-11T13:04:13.065Z"
"naver-card-10544-exclusion-7","naver-card-10544","raw_detected","연회비","2026-06-11T13:04:13.065Z"
"naver-card-10544-exclusion-8","naver-card-10544","raw_detected","수수료","2026-06-11T13:04:13.065Z"
"naver-card-10544-exclusion-9","naver-card-10544","raw_detected","무이자할부","2026-06-11T13:04:13.065Z"
"naver-card-10544-exclusion-10","naver-card-10544","raw_detected","현금서비스","2026-06-11T13:04:13.065Z"
"naver-card-10544-exclusion-11","naver-card-10544","raw_detected","카드론","2026-06-11T13:04:13.065Z"
"naver-card-10544-exclusion-12","naver-card-10544","raw_detected","포인트 충전","2026-06-11T13:04:13.065Z"
"naver-card-10585-exclusion-1","naver-card-10585","raw_detected","상품권","2026-06-11T13:04:13.065Z"
"naver-card-10585-exclusion-2","naver-card-10585","raw_detected","선불카드","2026-06-11T13:04:13.065Z"
"naver-card-10585-exclusion-3","naver-card-10585","raw_detected","국세","2026-06-11T13:04:13.065Z"
"naver-card-10585-exclusion-4","naver-card-10585","raw_detected","지방세","2026-06-11T13:04:13.065Z"
"naver-card-10585-exclusion-5","naver-card-10585","raw_detected","공과금","2026-06-11T13:04:13.065Z"
"naver-card-10585-exclusion-6","naver-card-10585","raw_detected","아파트관리비","2026-06-11T13:04:13.065Z"
"naver-card-10585-exclusion-7","naver-card-10585","raw_detected","보험료","2026-06-11T13:04:13.065Z"
"naver-card-10585-exclusion-8","naver-card-10585","raw_detected","연회비","2026-06-11T13:04:13.065Z"
"naver-card-10585-exclusion-9","naver-card-10585","raw_detected","수수료","2026-06-11T13:04:13.065Z"
"naver-card-10585-exclusion-10","naver-card-10585","raw_detected","무이자할부","2026-06-11T13:04:13.065Z"
"naver-card-10585-exclusion-11","naver-card-10585","raw_detected","현금서비스","2026-06-11T13:04:13.065Z"
"naver-card-10585-exclusion-12","naver-card-10585","raw_detected","카드론","2026-06-11T13:04:13.065Z"
"naver-card-10585-exclusion-13","naver-card-10585","raw_detected","포인트 충전","2026-06-11T13:04:13.065Z"
"naver-card-2612-exclusion-1","naver-card-2612","raw_detected","상품권","2026-06-11T13:04:13.065Z"
"naver-card-2612-exclusion-2","naver-card-2612","raw_detected","선불카드","2026-06-11T13:04:13.065Z"
"naver-card-2612-exclusion-3","naver-card-2612","raw_detected","공과금","2026-06-11T13:04:13.065Z"
"naver-card-2612-exclusion-4","naver-card-2612","raw_detected","아파트관리비","2026-06-11T13:04:13.065Z"
"naver-card-2612-exclusion-5","naver-card-2612","raw_detected","연회비","2026-06-11T13:04:13.065Z"
"naver-card-2612-exclusion-6","naver-card-2612","raw_detected","수수료","2026-06-11T13:04:13.065Z"
"naver-card-2612-exclusion-7","naver-card-2612","raw_detected","무이자할부","2026-06-11T13:04:13.065Z"
"naver-card-2612-exclusion-8","naver-card-2612","raw_detected","현금서비스","2026-06-11T13:04:13.065Z"
"naver-card-2612-exclusion-9","naver-card-2612","raw_detected","카드론","2026-06-11T13:04:13.065Z"
"naver-card-99-exclusion-1","naver-card-99","raw_detected","상품권","2026-06-11T13:04:13.065Z"
"naver-card-99-exclusion-2","naver-card-99","raw_detected","선불카드","2026-06-11T13:04:13.065Z"
"naver-card-99-exclusion-3","naver-card-99","raw_detected","지방세","2026-06-11T13:04:13.065Z"
"naver-card-99-exclusion-4","naver-card-99","raw_detected","연회비","2026-06-11T13:04:13.065Z"
"naver-card-99-exclusion-5","naver-card-99","raw_detected","수수료","2026-06-11T13:04:13.065Z"
"naver-card-99-exclusion-6","naver-card-99","raw_detected","무이자할부","2026-06-11T13:04:13.065Z"
"naver-card-99-exclusion-7","naver-card-99","raw_detected","현금서비스","2026-06-11T13:04:13.065Z"
"naver-card-99-exclusion-8","naver-card-99","raw_detected","카드론","2026-06-11T13:04:13.065Z"
"naver-card-10529-exclusion-1","naver-card-10529","raw_detected","상품권","2026-06-11T13:04:13.065Z"
"naver-card-10529-exclusion-2","naver-card-10529","raw_detected","국세","2026-06-11T13:04:13.065Z"
"naver-card-10529-exclusion-3","naver-card-10529","raw_detected","지방세","2026-06-11T13:04:13.065Z"
"naver-card-10529-exclusion-4","naver-card-10529","raw_detected","공과금","2026-06-11T13:04:13.065Z"
"naver-card-10529-exclusion-5","naver-card-10529","raw_detected","연회비","2026-06-11T13:04:13.065Z"
"naver-card-10529-exclusion-6","naver-card-10529","raw_detected","수수료","2026-06-11T13:04:13.065Z"
"naver-card-10529-exclusion-7","naver-card-10529","raw_detected","현금서비스","2026-06-11T13:04:13.065Z"
"naver-card-10529-exclusion-8","naver-card-10529","raw_detected","카드론","2026-06-11T13:04:13.065Z"
"naver-card-10545-exclusion-1","naver-card-10545","raw_detected","상품권","2026-06-11T13:04:13.065Z"
"naver-card-10545-exclusion-2","naver-card-10545","raw_detected","선불카드","2026-06-11T13:04:13.065Z"
"naver-card-10545-exclusion-3","naver-card-10545","raw_detected","국세","2026-06-11T13:04:13.065Z"
"naver-card-10545-exclusion-4","naver-card-10545","raw_detected","지방세","2026-06-11T13:04:13.065Z"
"naver-card-10545-exclusion-5","naver-card-10545","raw_detected","공과금","2026-06-11T13:04:13.065Z"
"naver-card-10545-exclusion-6","naver-card-10545","raw_detected","아파트관리비","2026-06-11T13:04:13.065Z"
"naver-card-10545-exclusion-7","naver-card-10545","raw_detected","연회비","2026-06-11T13:04:13.065Z"
"naver-card-10545-exclusion-8","naver-card-10545","raw_detected","수수료","2026-06-11T13:04:13.065Z"
"naver-card-10545-exclusion-9","naver-card-10545","raw_detected","무이자할부","2026-06-11T13:04:13.065Z"
"naver-card-10545-exclusion-10","naver-card-10545","raw_detected","현금서비스","2026-06-11T13:04:13.065Z"
"naver-card-10545-exclusion-11","naver-card-10545","raw_detected","카드론","2026-06-11T13:04:13.065Z"
"naver-card-10545-exclusion-12","naver-card-10545","raw_detected","포인트 충전","2026-06-11T13:04:13.065Z"
"naver-card-2857-exclusion-1","naver-card-2857","raw_detected","상품권","2026-06-11T13:04:13.065Z"
"naver-card-2857-exclusion-2","naver-card-2857","raw_detected","선불카드","2026-06-11T13:04:13.065Z"
"naver-card-2857-exclusion-3","naver-card-2857","raw_detected","공과금","2026-06-11T13:04:13.065Z"
"naver-card-2857-exclusion-4","naver-card-2857","raw_detected","아파트관리비","2026-06-11T13:04:13.065Z"
"naver-card-2857-exclusion-5","naver-card-2857","raw_detected","보험료","2026-06-11T13:04:13.065Z"
"naver-card-2857-exclusion-6","naver-card-2857","raw_detected","연회비","2026-06-11T13:04:13.065Z"
"naver-card-2857-exclusion-7","naver-card-2857","raw_detected","수수료","2026-06-11T13:04:13.065Z"
"naver-card-2857-exclusion-8","naver-card-2857","raw_detected","무이자할부","2026-06-11T13:04:13.065Z"
"naver-card-2857-exclusion-9","naver-card-2857","raw_detected","현금서비스","2026-06-11T13:04:13.065Z"
"naver-card-2857-exclusion-10","naver-card-2857","raw_detected","카드론","2026-06-11T13:04:13.065Z"
"naver-card-10059-exclusion-1","naver-card-10059","raw_detected","국세","2026-06-11T13:04:13.065Z"
"naver-card-10059-exclusion-2","naver-card-10059","raw_detected","지방세","2026-06-11T13:04:13.065Z"
"naver-card-10059-exclusion-3","naver-card-10059","raw_detected","공과금","2026-06-11T13:04:13.065Z"
"naver-card-10059-exclusion-4","naver-card-10059","raw_detected","아파트관리비","2026-06-11T13:04:13.065Z"
"naver-card-10059-exclusion-5","naver-card-10059","raw_detected","연회비","2026-06-11T13:04:13.065Z"
"naver-card-10059-exclusion-6","naver-card-10059","raw_detected","수수료","2026-06-11T13:04:13.065Z"
"naver-card-10059-exclusion-7","naver-card-10059","raw_detected","현금서비스","2026-06-11T13:04:13.065Z"
"naver-card-10059-exclusion-8","naver-card-10059","raw_detected","카드론","2026-06-11T13:04:13.065Z"
"naver-card-10059-exclusion-9","naver-card-10059","raw_detected","상품권","2026-06-11T13:04:13.065Z"
"naver-card-10059-exclusion-10","naver-card-10059","raw_detected","선불카드","2026-06-11T13:04:13.065Z"
"naver-card-10059-exclusion-11","naver-card-10059","raw_detected","무이자할부","2026-06-11T13:04:13.065Z"
"naver-card-10478-exclusion-1","naver-card-10478","raw_detected","상품권","2026-06-11T13:04:13.065Z"
"naver-card-10478-exclusion-2","naver-card-10478","raw_detected","선불카드","2026-06-11T13:04:13.065Z"
"naver-card-10478-exclusion-3","naver-card-10478","raw_detected","공과금","2026-06-11T13:04:13.065Z"
"naver-card-10478-exclusion-4","naver-card-10478","raw_detected","아파트관리비","2026-06-11T13:04:13.065Z"
"naver-card-10478-exclusion-5","naver-card-10478","raw_detected","연회비","2026-06-11T13:04:13.065Z"
"naver-card-10478-exclusion-6","naver-card-10478","raw_detected","수수료","2026-06-11T13:04:13.065Z"
"naver-card-10478-exclusion-7","naver-card-10478","raw_detected","무이자할부","2026-06-11T13:04:13.065Z"
"naver-card-10478-exclusion-8","naver-card-10478","raw_detected","현금서비스","2026-06-11T13:04:13.065Z"
"naver-card-10478-exclusion-9","naver-card-10478","raw_detected","카드론","2026-06-11T13:04:13.065Z"
"naver-card-10302-exclusion-1","naver-card-10302","raw_detected","상품권","2026-06-11T13:04:13.065Z"
"naver-card-10302-exclusion-2","naver-card-10302","raw_detected","선불카드","2026-06-11T13:04:13.065Z"
"naver-card-10302-exclusion-3","naver-card-10302","raw_detected","국세","2026-06-11T13:04:13.065Z"
"naver-card-10302-exclusion-4","naver-card-10302","raw_detected","지방세","2026-06-11T13:04:13.065Z"
"naver-card-10302-exclusion-5","naver-card-10302","raw_detected","공과금","2026-06-11T13:04:13.065Z"
"naver-card-10302-exclusion-6","naver-card-10302","raw_detected","아파트관리비","2026-06-11T13:04:13.065Z"
"naver-card-10302-exclusion-7","naver-card-10302","raw_detected","보험료","2026-06-11T13:04:13.065Z"
"naver-card-10302-exclusion-8","naver-card-10302","raw_detected","연회비","2026-06-11T13:04:13.065Z"
"naver-card-10302-exclusion-9","naver-card-10302","raw_detected","수수료","2026-06-11T13:04:13.065Z"
"naver-card-10302-exclusion-10","naver-card-10302","raw_detected","무이자할부","2026-06-11T13:04:13.065Z"
"naver-card-10302-exclusion-11","naver-card-10302","raw_detected","현금서비스","2026-06-11T13:04:13.065Z"
"naver-card-10302-exclusion-12","naver-card-10302","raw_detected","카드론","2026-06-11T13:04:13.065Z"
"naver-card-10301-exclusion-1","naver-card-10301","raw_detected","상품권","2026-06-11T13:04:13.065Z"
"naver-card-10301-exclusion-2","naver-card-10301","raw_detected","선불카드","2026-06-11T13:04:13.065Z"
"naver-card-10301-exclusion-3","naver-card-10301","raw_detected","국세","2026-06-11T13:04:13.065Z"
"naver-card-10301-exclusion-4","naver-card-10301","raw_detected","지방세","2026-06-11T13:04:13.065Z"
"naver-card-10301-exclusion-5","naver-card-10301","raw_detected","공과금","2026-06-11T13:04:13.065Z"
"naver-card-10301-exclusion-6","naver-card-10301","raw_detected","아파트관리비","2026-06-11T13:04:13.065Z"
"naver-card-10301-exclusion-7","naver-card-10301","raw_detected","보험료","2026-06-11T13:04:13.065Z"
"naver-card-10301-exclusion-8","naver-card-10301","raw_detected","연회비","2026-06-11T13:04:13.065Z"
"naver-card-10301-exclusion-9","naver-card-10301","raw_detected","수수료","2026-06-11T13:04:13.065Z"
"naver-card-10301-exclusion-10","naver-card-10301","raw_detected","무이자할부","2026-06-11T13:04:13.065Z"
"naver-card-10301-exclusion-11","naver-card-10301","raw_detected","현금서비스","2026-06-11T13:04:13.065Z"
"naver-card-10301-exclusion-12","naver-card-10301","raw_detected","카드론","2026-06-11T13:04:13.065Z"
"naver-card-10475-exclusion-1","naver-card-10475","raw_detected","상품권","2026-06-11T13:04:13.065Z"
"naver-card-10475-exclusion-2","naver-card-10475","raw_detected","선불카드","2026-06-11T13:04:13.065Z"
"naver-card-10475-exclusion-3","naver-card-10475","raw_detected","국세","2026-06-11T13:04:13.065Z"
"naver-card-10475-exclusion-4","naver-card-10475","raw_detected","지방세","2026-06-11T13:04:13.065Z"
"naver-card-10475-exclusion-5","naver-card-10475","raw_detected","공과금","2026-06-11T13:04:13.065Z"
"naver-card-10475-exclusion-6","naver-card-10475","raw_detected","아파트관리비","2026-06-11T13:04:13.065Z"
"naver-card-10475-exclusion-7","naver-card-10475","raw_detected","보험료","2026-06-11T13:04:13.065Z"
"naver-card-10475-exclusion-8","naver-card-10475","raw_detected","연회비","2026-06-11T13:04:13.065Z"
"naver-card-10475-exclusion-9","naver-card-10475","raw_detected","수수료","2026-06-11T13:04:13.065Z"
"naver-card-10475-exclusion-10","naver-card-10475","raw_detected","무이자할부","2026-06-11T13:04:13.065Z"
"naver-card-10475-exclusion-11","naver-card-10475","raw_detected","현금서비스","2026-06-11T13:04:13.065Z"
"naver-card-10475-exclusion-12","naver-card-10475","raw_detected","카드론","2026-06-11T13:04:13.065Z"
"naver-card-10620-exclusion-1","naver-card-10620","raw_detected","상품권","2026-06-11T13:04:13.065Z"
"naver-card-10620-exclusion-2","naver-card-10620","raw_detected","선불카드","2026-06-11T13:04:13.065Z"
"naver-card-10620-exclusion-3","naver-card-10620","raw_detected","국세","2026-06-11T13:04:13.065Z"
"naver-card-10620-exclusion-4","naver-card-10620","raw_detected","지방세","2026-06-11T13:04:13.065Z"
"naver-card-10620-exclusion-5","naver-card-10620","raw_detected","공과금","2026-06-11T13:04:13.065Z"
"naver-card-10620-exclusion-6","naver-card-10620","raw_detected","아파트관리비","2026-06-11T13:04:13.065Z"
"naver-card-10620-exclusion-7","naver-card-10620","raw_detected","보험료","2026-06-11T13:04:13.065Z"
"naver-card-10620-exclusion-8","naver-card-10620","raw_detected","연회비","2026-06-11T13:04:13.065Z"
"naver-card-10620-exclusion-9","naver-card-10620","raw_detected","수수료","2026-06-11T13:04:13.065Z"
"naver-card-10620-exclusion-10","naver-card-10620","raw_detected","무이자할부","2026-06-11T13:04:13.065Z"
"naver-card-10620-exclusion-11","naver-card-10620","raw_detected","현금서비스","2026-06-11T13:04:13.065Z"
"naver-card-10620-exclusion-12","naver-card-10620","raw_detected","카드론","2026-06-11T13:04:13.065Z"
"naver-card-10422-exclusion-1","naver-card-10422","raw_detected","상품권","2026-06-11T13:04:13.065Z"
"naver-card-10422-exclusion-2","naver-card-10422","raw_detected","선불카드","2026-06-11T13:04:13.065Z"
"naver-card-10422-exclusion-3","naver-card-10422","raw_detected","국세","2026-06-11T13:04:13.065Z"
"naver-card-10422-exclusion-4","naver-card-10422","raw_detected","지방세","2026-06-11T13:04:13.065Z"
"naver-card-10422-exclusion-5","naver-card-10422","raw_detected","공과금","2026-06-11T13:04:13.065Z"
"naver-card-10422-exclusion-6","naver-card-10422","raw_detected","아파트관리비","2026-06-11T13:04:13.065Z"
"naver-card-10422-exclusion-7","naver-card-10422","raw_detected","보험료","2026-06-11T13:04:13.065Z"
"naver-card-10422-exclusion-8","naver-card-10422","raw_detected","연회비","2026-06-11T13:04:13.065Z"
"naver-card-10422-exclusion-9","naver-card-10422","raw_detected","수수료","2026-06-11T13:04:13.065Z"
"naver-card-10422-exclusion-10","naver-card-10422","raw_detected","무이자할부","2026-06-11T13:04:13.065Z"
"naver-card-10422-exclusion-11","naver-card-10422","raw_detected","현금서비스","2026-06-11T13:04:13.065Z"
"naver-card-10422-exclusion-12","naver-card-10422","raw_detected","카드론","2026-06-11T13:04:13.065Z"
"naver-card-10459-exclusion-1","naver-card-10459","raw_detected","상품권","2026-06-11T13:04:13.065Z"
"naver-card-10459-exclusion-2","naver-card-10459","raw_detected","국세","2026-06-11T13:04:13.065Z"
"naver-card-10459-exclusion-3","naver-card-10459","raw_detected","지방세","2026-06-11T13:04:13.065Z"
"naver-card-10459-exclusion-4","naver-card-10459","raw_detected","공과금","2026-06-11T13:04:13.065Z"
"naver-card-10459-exclusion-5","naver-card-10459","raw_detected","연회비","2026-06-11T13:04:13.065Z"
"naver-card-10459-exclusion-6","naver-card-10459","raw_detected","수수료","2026-06-11T13:04:13.065Z"
"naver-card-10459-exclusion-7","naver-card-10459","raw_detected","현금서비스","2026-06-11T13:04:13.065Z"
"naver-card-10459-exclusion-8","naver-card-10459","raw_detected","카드론","2026-06-11T13:04:13.065Z"
"naver-card-10460-exclusion-1","naver-card-10460","raw_detected","상품권","2026-06-11T13:04:13.065Z"
"naver-card-10460-exclusion-2","naver-card-10460","raw_detected","국세","2026-06-11T13:04:13.065Z"
"naver-card-10460-exclusion-3","naver-card-10460","raw_detected","지방세","2026-06-11T13:04:13.065Z"
"naver-card-10460-exclusion-4","naver-card-10460","raw_detected","공과금","2026-06-11T13:04:13.065Z"
"naver-card-10460-exclusion-5","naver-card-10460","raw_detected","연회비","2026-06-11T13:04:13.065Z"
"naver-card-10460-exclusion-6","naver-card-10460","raw_detected","수수료","2026-06-11T13:04:13.065Z"
"naver-card-10460-exclusion-7","naver-card-10460","raw_detected","현금서비스","2026-06-11T13:04:13.065Z"
"naver-card-10460-exclusion-8","naver-card-10460","raw_detected","카드론","2026-06-11T13:04:13.065Z"
"naver-card-10461-exclusion-1","naver-card-10461","raw_detected","상품권","2026-06-11T13:04:13.065Z"
"naver-card-10461-exclusion-2","naver-card-10461","raw_detected","국세","2026-06-11T13:04:13.065Z"
"naver-card-10461-exclusion-3","naver-card-10461","raw_detected","지방세","2026-06-11T13:04:13.065Z"
"naver-card-10461-exclusion-4","naver-card-10461","raw_detected","공과금","2026-06-11T13:04:13.065Z"
"naver-card-10461-exclusion-5","naver-card-10461","raw_detected","연회비","2026-06-11T13:04:13.065Z"
"naver-card-10461-exclusion-6","naver-card-10461","raw_detected","수수료","2026-06-11T13:04:13.065Z"
"naver-card-10461-exclusion-7","naver-card-10461","raw_detected","현금서비스","2026-06-11T13:04:13.065Z"
"naver-card-10461-exclusion-8","naver-card-10461","raw_detected","카드론","2026-06-11T13:04:13.065Z"
"naver-card-10481-exclusion-1","naver-card-10481","raw_detected","상품권","2026-06-11T13:04:13.065Z"
"naver-card-10481-exclusion-2","naver-card-10481","raw_detected","선불카드","2026-06-11T13:04:13.065Z"
"naver-card-10481-exclusion-3","naver-card-10481","raw_detected","국세","2026-06-11T13:04:13.065Z"
"naver-card-10481-exclusion-4","naver-card-10481","raw_detected","지방세","2026-06-11T13:04:13.065Z"
"naver-card-10481-exclusion-5","naver-card-10481","raw_detected","공과금","2026-06-11T13:04:13.065Z"
"naver-card-10481-exclusion-6","naver-card-10481","raw_detected","아파트관리비","2026-06-11T13:04:13.065Z"
"naver-card-10481-exclusion-7","naver-card-10481","raw_detected","보험료","2026-06-11T13:04:13.065Z"
"naver-card-10481-exclusion-8","naver-card-10481","raw_detected","연회비","2026-06-11T13:04:13.065Z"
"naver-card-10481-exclusion-9","naver-card-10481","raw_detected","수수료","2026-06-11T13:04:13.065Z"
"naver-card-10481-exclusion-10","naver-card-10481","raw_detected","무이자할부","2026-06-11T13:04:13.065Z"
"naver-card-10481-exclusion-11","naver-card-10481","raw_detected","현금서비스","2026-06-11T13:04:13.065Z"
"naver-card-10481-exclusion-12","naver-card-10481","raw_detected","카드론","2026-06-11T13:04:13.065Z"
"naver-card-10510-exclusion-1","naver-card-10510","raw_detected","상품권","2026-06-11T13:04:13.065Z"
"naver-card-10510-exclusion-2","naver-card-10510","raw_detected","선불카드","2026-06-11T13:04:13.065Z"
"naver-card-10510-exclusion-3","naver-card-10510","raw_detected","국세","2026-06-11T13:04:13.065Z"
"naver-card-10510-exclusion-4","naver-card-10510","raw_detected","지방세","2026-06-11T13:04:13.065Z"
"naver-card-10510-exclusion-5","naver-card-10510","raw_detected","공과금","2026-06-11T13:04:13.065Z"
"naver-card-10510-exclusion-6","naver-card-10510","raw_detected","보험료","2026-06-11T13:04:13.065Z"
"naver-card-10510-exclusion-7","naver-card-10510","raw_detected","연회비","2026-06-11T13:04:13.065Z"
"naver-card-10510-exclusion-8","naver-card-10510","raw_detected","수수료","2026-06-11T13:04:13.065Z"
"naver-card-10510-exclusion-9","naver-card-10510","raw_detected","무이자할부","2026-06-11T13:04:13.065Z"
"naver-card-10510-exclusion-10","naver-card-10510","raw_detected","현금서비스","2026-06-11T13:04:13.065Z"
"naver-card-10510-exclusion-11","naver-card-10510","raw_detected","카드론","2026-06-11T13:04:13.065Z"
"naver-card-835-exclusion-1","naver-card-835","raw_detected","상품권","2026-06-11T13:04:13.065Z"
"naver-card-835-exclusion-2","naver-card-835","raw_detected","선불카드","2026-06-11T13:04:13.065Z"
"naver-card-835-exclusion-3","naver-card-835","raw_detected","공과금","2026-06-11T13:04:13.065Z"
"naver-card-835-exclusion-4","naver-card-835","raw_detected","아파트관리비","2026-06-11T13:04:13.065Z"
"naver-card-835-exclusion-5","naver-card-835","raw_detected","연회비","2026-06-11T13:04:13.065Z"
"naver-card-835-exclusion-6","naver-card-835","raw_detected","수수료","2026-06-11T13:04:13.065Z"
"naver-card-835-exclusion-7","naver-card-835","raw_detected","무이자할부","2026-06-11T13:04:13.065Z"
"naver-card-835-exclusion-8","naver-card-835","raw_detected","현금서비스","2026-06-11T13:04:13.065Z"
"naver-card-835-exclusion-9","naver-card-835","raw_detected","카드론","2026-06-11T13:04:13.065Z"
"naver-card-1470-exclusion-1","naver-card-1470","raw_detected","상품권","2026-06-11T13:04:13.065Z"
"naver-card-1470-exclusion-2","naver-card-1470","raw_detected","선불카드","2026-06-11T13:04:13.065Z"
"naver-card-1470-exclusion-3","naver-card-1470","raw_detected","지방세","2026-06-11T13:04:13.065Z"
"naver-card-1470-exclusion-4","naver-card-1470","raw_detected","연회비","2026-06-11T13:04:13.065Z"
"naver-card-1470-exclusion-5","naver-card-1470","raw_detected","수수료","2026-06-11T13:04:13.065Z"
"naver-card-1470-exclusion-6","naver-card-1470","raw_detected","무이자할부","2026-06-11T13:04:13.065Z"
"naver-card-1470-exclusion-7","naver-card-1470","raw_detected","현금서비스","2026-06-11T13:04:13.065Z"
"naver-card-1470-exclusion-8","naver-card-1470","raw_detected","카드론","2026-06-11T13:04:13.065Z"
"naver-card-10386-exclusion-1","naver-card-10386","raw_detected","상품권","2026-06-11T13:04:13.065Z"
"naver-card-10386-exclusion-2","naver-card-10386","raw_detected","선불카드","2026-06-11T13:04:13.065Z"
"naver-card-10386-exclusion-3","naver-card-10386","raw_detected","국세","2026-06-11T13:04:13.065Z"
"naver-card-10386-exclusion-4","naver-card-10386","raw_detected","지방세","2026-06-11T13:04:13.065Z"
"naver-card-10386-exclusion-5","naver-card-10386","raw_detected","공과금","2026-06-11T13:04:13.065Z"
"naver-card-10386-exclusion-6","naver-card-10386","raw_detected","아파트관리비","2026-06-11T13:04:13.065Z"
"naver-card-10386-exclusion-7","naver-card-10386","raw_detected","보험료","2026-06-11T13:04:13.065Z"
"naver-card-10386-exclusion-8","naver-card-10386","raw_detected","연회비","2026-06-11T13:04:13.065Z"
"naver-card-10386-exclusion-9","naver-card-10386","raw_detected","수수료","2026-06-11T13:04:13.065Z"
"naver-card-10386-exclusion-10","naver-card-10386","raw_detected","무이자할부","2026-06-11T13:04:13.065Z"
"naver-card-10386-exclusion-11","naver-card-10386","raw_detected","현금서비스","2026-06-11T13:04:13.065Z"
"naver-card-10386-exclusion-12","naver-card-10386","raw_detected","카드론","2026-06-11T13:04:13.065Z"
"naver-card-10489-exclusion-1","naver-card-10489","raw_detected","상품권","2026-06-11T13:04:13.065Z"
"naver-card-10489-exclusion-2","naver-card-10489","raw_detected","선불카드","2026-06-11T13:04:13.065Z"
"naver-card-10489-exclusion-3","naver-card-10489","raw_detected","국세","2026-06-11T13:04:13.065Z"
"naver-card-10489-exclusion-4","naver-card-10489","raw_detected","지방세","2026-06-11T13:04:13.065Z"
"naver-card-10489-exclusion-5","naver-card-10489","raw_detected","공과금","2026-06-11T13:04:13.065Z"
"naver-card-10489-exclusion-6","naver-card-10489","raw_detected","연회비","2026-06-11T13:04:13.065Z"
"naver-card-10489-exclusion-7","naver-card-10489","raw_detected","수수료","2026-06-11T13:04:13.065Z"
"naver-card-10489-exclusion-8","naver-card-10489","raw_detected","무이자할부","2026-06-11T13:04:13.065Z"
"naver-card-10489-exclusion-9","naver-card-10489","raw_detected","현금서비스","2026-06-11T13:04:13.065Z"
"naver-card-10489-exclusion-10","naver-card-10489","raw_detected","카드론","2026-06-11T13:04:13.065Z"
"naver-card-10563-exclusion-1","naver-card-10563","raw_detected","상품권","2026-06-11T13:04:13.065Z"
"naver-card-10563-exclusion-2","naver-card-10563","raw_detected","국세","2026-06-11T13:04:13.065Z"
"naver-card-10563-exclusion-3","naver-card-10563","raw_detected","지방세","2026-06-11T13:04:13.065Z"
"naver-card-10563-exclusion-4","naver-card-10563","raw_detected","공과금","2026-06-11T13:04:13.065Z"
"naver-card-10563-exclusion-5","naver-card-10563","raw_detected","연회비","2026-06-11T13:04:13.065Z"
"naver-card-10563-exclusion-6","naver-card-10563","raw_detected","수수료","2026-06-11T13:04:13.065Z"
"naver-card-10563-exclusion-7","naver-card-10563","raw_detected","현금서비스","2026-06-11T13:04:13.065Z"
"naver-card-10563-exclusion-8","naver-card-10563","raw_detected","카드론","2026-06-11T13:04:13.065Z"
"naver-card-10543-exclusion-1","naver-card-10543","raw_detected","연회비","2026-06-11T13:04:13.065Z"
"naver-card-10543-exclusion-2","naver-card-10543","raw_detected","국세","2026-06-11T13:04:13.065Z"
"naver-card-10543-exclusion-3","naver-card-10543","raw_detected","지방세","2026-06-11T13:04:13.065Z"
"naver-card-10543-exclusion-4","naver-card-10543","raw_detected","수수료","2026-06-11T13:04:13.065Z"
"naver-card-10543-exclusion-5","naver-card-10543","raw_detected","현금서비스","2026-06-11T13:04:13.065Z"
"naver-card-10543-exclusion-6","naver-card-10543","raw_detected","카드론","2026-06-11T13:04:13.065Z"
"naver-card-10543-exclusion-7","naver-card-10543","raw_detected","무이자할부","2026-06-11T13:04:13.065Z"
"naver-card-10541-exclusion-1","naver-card-10541","raw_detected","연회비","2026-06-11T13:04:13.065Z"
"naver-card-10541-exclusion-2","naver-card-10541","raw_detected","국세","2026-06-11T13:04:13.065Z"
"naver-card-10541-exclusion-3","naver-card-10541","raw_detected","지방세","2026-06-11T13:04:13.065Z"
"naver-card-10541-exclusion-4","naver-card-10541","raw_detected","수수료","2026-06-11T13:04:13.065Z"
"naver-card-10541-exclusion-5","naver-card-10541","raw_detected","현금서비스","2026-06-11T13:04:13.065Z"
"naver-card-10541-exclusion-6","naver-card-10541","raw_detected","카드론","2026-06-11T13:04:13.065Z"
"naver-card-10541-exclusion-7","naver-card-10541","raw_detected","무이자할부","2026-06-11T13:04:13.065Z"
"naver-card-10542-exclusion-1","naver-card-10542","raw_detected","연회비","2026-06-11T13:04:13.065Z"
"naver-card-10542-exclusion-2","naver-card-10542","raw_detected","국세","2026-06-11T13:04:13.065Z"
"naver-card-10542-exclusion-3","naver-card-10542","raw_detected","지방세","2026-06-11T13:04:13.065Z"
"naver-card-10542-exclusion-4","naver-card-10542","raw_detected","수수료","2026-06-11T13:04:13.065Z"
"naver-card-10542-exclusion-5","naver-card-10542","raw_detected","현금서비스","2026-06-11T13:04:13.065Z"
"naver-card-10542-exclusion-6","naver-card-10542","raw_detected","카드론","2026-06-11T13:04:13.065Z"
"naver-card-10542-exclusion-7","naver-card-10542","raw_detected","무이자할부","2026-06-11T13:04:13.065Z"
"naver-card-10574-exclusion-1","naver-card-10574","raw_detected","상품권","2026-06-11T13:04:13.065Z"
"naver-card-10574-exclusion-2","naver-card-10574","raw_detected","선불카드","2026-06-11T13:04:13.065Z"
"naver-card-10574-exclusion-3","naver-card-10574","raw_detected","국세","2026-06-11T13:04:13.065Z"
"naver-card-10574-exclusion-4","naver-card-10574","raw_detected","지방세","2026-06-11T13:04:13.065Z"
"naver-card-10574-exclusion-5","naver-card-10574","raw_detected","공과금","2026-06-11T13:04:13.065Z"
"naver-card-10574-exclusion-6","naver-card-10574","raw_detected","아파트관리비","2026-06-11T13:04:13.065Z"
"naver-card-10574-exclusion-7","naver-card-10574","raw_detected","보험료","2026-06-11T13:04:13.065Z"
"naver-card-10574-exclusion-8","naver-card-10574","raw_detected","연회비","2026-06-11T13:04:13.065Z"
"naver-card-10574-exclusion-9","naver-card-10574","raw_detected","수수료","2026-06-11T13:04:13.065Z"
"naver-card-10574-exclusion-10","naver-card-10574","raw_detected","무이자할부","2026-06-11T13:04:13.065Z"
"naver-card-10574-exclusion-11","naver-card-10574","raw_detected","현금서비스","2026-06-11T13:04:13.065Z"
"naver-card-10574-exclusion-12","naver-card-10574","raw_detected","카드론","2026-06-11T13:04:13.065Z"
"naver-card-10423-exclusion-1","naver-card-10423","raw_detected","상품권","2026-06-11T13:04:13.065Z"
"naver-card-10423-exclusion-2","naver-card-10423","raw_detected","선불카드","2026-06-11T13:04:13.065Z"
"naver-card-10423-exclusion-3","naver-card-10423","raw_detected","국세","2026-06-11T13:04:13.065Z"
"naver-card-10423-exclusion-4","naver-card-10423","raw_detected","지방세","2026-06-11T13:04:13.065Z"
"naver-card-10423-exclusion-5","naver-card-10423","raw_detected","공과금","2026-06-11T13:04:13.065Z"
"naver-card-10423-exclusion-6","naver-card-10423","raw_detected","아파트관리비","2026-06-11T13:04:13.065Z"
"naver-card-10423-exclusion-7","naver-card-10423","raw_detected","보험료","2026-06-11T13:04:13.065Z"
"naver-card-10423-exclusion-8","naver-card-10423","raw_detected","연회비","2026-06-11T13:04:13.065Z"
"naver-card-10423-exclusion-9","naver-card-10423","raw_detected","수수료","2026-06-11T13:04:13.065Z"
"naver-card-10423-exclusion-10","naver-card-10423","raw_detected","무이자할부","2026-06-11T13:04:13.065Z"
"naver-card-10423-exclusion-11","naver-card-10423","raw_detected","현금서비스","2026-06-11T13:04:13.065Z"
"naver-card-10423-exclusion-12","naver-card-10423","raw_detected","카드론","2026-06-11T13:04:13.065Z"
"naver-card-10627-exclusion-1","naver-card-10627","raw_detected","상품권","2026-06-11T13:04:13.065Z"
"naver-card-10627-exclusion-2","naver-card-10627","raw_detected","선불카드","2026-06-11T13:04:13.065Z"
"naver-card-10627-exclusion-3","naver-card-10627","raw_detected","국세","2026-06-11T13:04:13.065Z"
"naver-card-10627-exclusion-4","naver-card-10627","raw_detected","지방세","2026-06-11T13:04:13.065Z"
"naver-card-10627-exclusion-5","naver-card-10627","raw_detected","연회비","2026-06-11T13:04:13.065Z"
"naver-card-10627-exclusion-6","naver-card-10627","raw_detected","수수료","2026-06-11T13:04:13.065Z"
"naver-card-10570-exclusion-1","naver-card-10570","raw_detected","상품권","2026-06-11T13:04:13.065Z"
"naver-card-10570-exclusion-2","naver-card-10570","raw_detected","선불카드","2026-06-11T13:04:13.065Z"
"naver-card-10570-exclusion-3","naver-card-10570","raw_detected","국세","2026-06-11T13:04:13.065Z"
"naver-card-10570-exclusion-4","naver-card-10570","raw_detected","지방세","2026-06-11T13:04:13.065Z"
"naver-card-10570-exclusion-5","naver-card-10570","raw_detected","공과금","2026-06-11T13:04:13.065Z"
"naver-card-10570-exclusion-6","naver-card-10570","raw_detected","아파트관리비","2026-06-11T13:04:13.065Z"
"naver-card-10570-exclusion-7","naver-card-10570","raw_detected","연회비","2026-06-11T13:04:13.065Z"
"naver-card-10570-exclusion-8","naver-card-10570","raw_detected","수수료","2026-06-11T13:04:13.065Z"
"naver-card-10570-exclusion-9","naver-card-10570","raw_detected","무이자할부","2026-06-11T13:04:13.065Z"
"naver-card-10570-exclusion-10","naver-card-10570","raw_detected","현금서비스","2026-06-11T13:04:13.065Z"
"naver-card-10570-exclusion-11","naver-card-10570","raw_detected","카드론","2026-06-11T13:04:13.065Z"
"naver-card-10570-exclusion-12","naver-card-10570","raw_detected","포인트 충전","2026-06-11T13:04:13.065Z"
"naver-card-10569-exclusion-1","naver-card-10569","raw_detected","상품권","2026-06-11T13:04:13.065Z"
"naver-card-10569-exclusion-2","naver-card-10569","raw_detected","선불카드","2026-06-11T13:04:13.065Z"
"naver-card-10569-exclusion-3","naver-card-10569","raw_detected","국세","2026-06-11T13:04:13.065Z"
"naver-card-10569-exclusion-4","naver-card-10569","raw_detected","지방세","2026-06-11T13:04:13.065Z"
"naver-card-10569-exclusion-5","naver-card-10569","raw_detected","공과금","2026-06-11T13:04:13.065Z"
"naver-card-10569-exclusion-6","naver-card-10569","raw_detected","아파트관리비","2026-06-11T13:04:13.065Z"
"naver-card-10569-exclusion-7","naver-card-10569","raw_detected","연회비","2026-06-11T13:04:13.065Z"
"naver-card-10569-exclusion-8","naver-card-10569","raw_detected","수수료","2026-06-11T13:04:13.065Z"
"naver-card-10569-exclusion-9","naver-card-10569","raw_detected","무이자할부","2026-06-11T13:04:13.065Z"
"naver-card-10569-exclusion-10","naver-card-10569","raw_detected","현금서비스","2026-06-11T13:04:13.065Z"
"naver-card-10569-exclusion-11","naver-card-10569","raw_detected","카드론","2026-06-11T13:04:13.065Z"
"naver-card-10569-exclusion-12","naver-card-10569","raw_detected","포인트 충전","2026-06-11T13:04:13.065Z"
"naver-card-10619-exclusion-1","naver-card-10619","raw_detected","상품권","2026-06-11T13:04:13.065Z"
"naver-card-10619-exclusion-2","naver-card-10619","raw_detected","선불카드","2026-06-11T13:04:13.065Z"
"naver-card-10619-exclusion-3","naver-card-10619","raw_detected","국세","2026-06-11T13:04:13.065Z"
"naver-card-10619-exclusion-4","naver-card-10619","raw_detected","지방세","2026-06-11T13:04:13.065Z"
"naver-card-10619-exclusion-5","naver-card-10619","raw_detected","공과금","2026-06-11T13:04:13.065Z"
"naver-card-10619-exclusion-6","naver-card-10619","raw_detected","아파트관리비","2026-06-11T13:04:13.065Z"
"naver-card-10619-exclusion-7","naver-card-10619","raw_detected","보험료","2026-06-11T13:04:13.065Z"
"naver-card-10619-exclusion-8","naver-card-10619","raw_detected","연회비","2026-06-11T13:04:13.065Z"
"naver-card-10619-exclusion-9","naver-card-10619","raw_detected","수수료","2026-06-11T13:04:13.065Z"
"naver-card-10619-exclusion-10","naver-card-10619","raw_detected","무이자할부","2026-06-11T13:04:13.065Z"
"naver-card-10619-exclusion-11","naver-card-10619","raw_detected","현금서비스","2026-06-11T13:04:13.065Z"
"naver-card-10619-exclusion-12","naver-card-10619","raw_detected","카드론","2026-06-11T13:04:13.065Z"
"naver-card-10628-exclusion-1","naver-card-10628","raw_detected","연회비","2026-06-11T13:04:13.065Z"
"naver-card-10628-exclusion-2","naver-card-10628","raw_detected","선불카드","2026-06-11T13:04:13.065Z"
"naver-card-10628-exclusion-3","naver-card-10628","raw_detected","지방세","2026-06-11T13:04:13.065Z"
"naver-card-10628-exclusion-4","naver-card-10628","raw_detected","수수료","2026-06-11T13:04:13.065Z"
"naver-card-10628-exclusion-5","naver-card-10628","raw_detected","무이자할부","2026-06-11T13:04:13.065Z"
"naver-card-10628-exclusion-6","naver-card-10628","raw_detected","현금서비스","2026-06-11T13:04:13.065Z"
"naver-card-10628-exclusion-7","naver-card-10628","raw_detected","카드론","2026-06-11T13:04:13.065Z"
"naver-card-2533-exclusion-1","naver-card-2533","raw_detected","연회비","2026-06-11T13:04:13.065Z"
"naver-card-2533-exclusion-2","naver-card-2533","raw_detected","상품권","2026-06-11T13:04:13.065Z"
"naver-card-2533-exclusion-3","naver-card-2533","raw_detected","선불카드","2026-06-11T13:04:13.065Z"
"naver-card-2533-exclusion-4","naver-card-2533","raw_detected","기프트카드","2026-06-11T13:04:13.065Z"
"naver-card-2533-exclusion-5","naver-card-2533","raw_detected","국세","2026-06-11T13:04:13.065Z"
"naver-card-2533-exclusion-6","naver-card-2533","raw_detected","지방세","2026-06-11T13:04:13.065Z"
"naver-card-2533-exclusion-7","naver-card-2533","raw_detected","수수료","2026-06-11T13:04:13.065Z"
"naver-card-2533-exclusion-8","naver-card-2533","raw_detected","현금서비스","2026-06-11T13:04:13.065Z"
"naver-card-2533-exclusion-9","naver-card-2533","raw_detected","카드론","2026-06-11T13:04:13.065Z"
"naver-card-10053-exclusion-1","naver-card-10053","raw_detected","연회비","2026-06-11T13:04:13.065Z"
"naver-card-10053-exclusion-2","naver-card-10053","raw_detected","선불카드","2026-06-11T13:04:13.065Z"
"naver-card-10053-exclusion-3","naver-card-10053","raw_detected","기프트카드","2026-06-11T13:04:13.065Z"
"naver-card-10053-exclusion-4","naver-card-10053","raw_detected","수수료","2026-06-11T13:04:13.065Z"
"naver-card-10053-exclusion-5","naver-card-10053","raw_detected","현금서비스","2026-06-11T13:04:13.065Z"
"naver-card-10053-exclusion-6","naver-card-10053","raw_detected","카드론","2026-06-11T13:04:13.065Z"
"naver-card-10053-exclusion-7","naver-card-10053","raw_detected","상품권","2026-06-11T13:04:13.065Z"
"naver-card-1591-exclusion-1","naver-card-1591","raw_detected","선불카드","2026-06-11T13:04:13.065Z"
"naver-card-1591-exclusion-2","naver-card-1591","raw_detected","기프트카드","2026-06-11T13:04:13.065Z"
"naver-card-1591-exclusion-3","naver-card-1591","raw_detected","연회비","2026-06-11T13:04:13.065Z"
"naver-card-1591-exclusion-4","naver-card-1591","raw_detected","수수료","2026-06-11T13:04:13.065Z"
"naver-card-1591-exclusion-5","naver-card-1591","raw_detected","상품권","2026-06-11T13:04:13.065Z"
"naver-card-10609-exclusion-1","naver-card-10609","raw_detected","연회비","2026-06-11T13:04:13.065Z"
"naver-card-10609-exclusion-2","naver-card-10609","raw_detected","상품권","2026-06-11T13:04:13.065Z"
"naver-card-10609-exclusion-3","naver-card-10609","raw_detected","선불카드","2026-06-11T13:04:13.065Z"
"naver-card-10609-exclusion-4","naver-card-10609","raw_detected","기프트카드","2026-06-11T13:04:13.065Z"
"naver-card-10609-exclusion-5","naver-card-10609","raw_detected","국세","2026-06-11T13:04:13.065Z"
"naver-card-10609-exclusion-6","naver-card-10609","raw_detected","지방세","2026-06-11T13:04:13.065Z"
"naver-card-10609-exclusion-7","naver-card-10609","raw_detected","아파트관리비","2026-06-11T13:04:13.065Z"
"naver-card-10609-exclusion-8","naver-card-10609","raw_detected","수수료","2026-06-11T13:04:13.065Z"
"naver-card-10609-exclusion-9","naver-card-10609","raw_detected","무이자할부","2026-06-11T13:04:13.065Z"
"naver-card-10609-exclusion-10","naver-card-10609","raw_detected","현금서비스","2026-06-11T13:04:13.065Z"
"naver-card-10609-exclusion-11","naver-card-10609","raw_detected","카드론","2026-06-11T13:04:13.065Z"
"naver-card-10469-exclusion-1","naver-card-10469","raw_detected","연회비","2026-06-11T13:04:13.065Z"
"naver-card-10469-exclusion-2","naver-card-10469","raw_detected","선불카드","2026-06-11T13:04:13.065Z"
"naver-card-10469-exclusion-3","naver-card-10469","raw_detected","기프트카드","2026-06-11T13:04:13.065Z"
"naver-card-10469-exclusion-4","naver-card-10469","raw_detected","국세","2026-06-11T13:04:13.065Z"
"naver-card-10469-exclusion-5","naver-card-10469","raw_detected","수수료","2026-06-11T13:04:13.065Z"
"naver-card-10469-exclusion-6","naver-card-10469","raw_detected","현금서비스","2026-06-11T13:04:13.065Z"
"naver-card-10469-exclusion-7","naver-card-10469","raw_detected","카드론","2026-06-11T13:04:13.065Z"
"naver-card-10469-exclusion-8","naver-card-10469","raw_detected","무이자할부","2026-06-11T13:04:13.065Z"
"naver-card-10416-exclusion-1","naver-card-10416","raw_detected","연회비","2026-06-11T13:04:13.065Z"
"naver-card-10416-exclusion-2","naver-card-10416","raw_detected","상품권","2026-06-11T13:04:13.065Z"
"naver-card-10416-exclusion-3","naver-card-10416","raw_detected","선불카드","2026-06-11T13:04:13.065Z"
"naver-card-10416-exclusion-4","naver-card-10416","raw_detected","기프트카드","2026-06-11T13:04:13.065Z"
"naver-card-10416-exclusion-5","naver-card-10416","raw_detected","국세","2026-06-11T13:04:13.065Z"
"naver-card-10416-exclusion-6","naver-card-10416","raw_detected","지방세","2026-06-11T13:04:13.065Z"
"naver-card-10416-exclusion-7","naver-card-10416","raw_detected","아파트관리비","2026-06-11T13:04:13.065Z"
"naver-card-10416-exclusion-8","naver-card-10416","raw_detected","수수료","2026-06-11T13:04:13.065Z"
"naver-card-10416-exclusion-9","naver-card-10416","raw_detected","현금서비스","2026-06-11T13:04:13.065Z"
"naver-card-10416-exclusion-10","naver-card-10416","raw_detected","카드론","2026-06-11T13:04:13.065Z"
"naver-card-1570-exclusion-1","naver-card-1570","raw_detected","연회비","2026-06-11T13:04:13.065Z"
"naver-card-1570-exclusion-2","naver-card-1570","raw_detected","선불카드","2026-06-11T13:04:13.065Z"
"naver-card-1570-exclusion-3","naver-card-1570","raw_detected","수수료","2026-06-11T13:04:13.065Z"
"naver-card-1570-exclusion-4","naver-card-1570","raw_detected","무이자할부","2026-06-11T13:04:13.065Z"
"naver-card-1570-exclusion-5","naver-card-1570","raw_detected","현금서비스","2026-06-11T13:04:13.065Z"
"naver-card-1570-exclusion-6","naver-card-1570","raw_detected","카드론","2026-06-11T13:04:13.065Z"
"naver-card-1570-exclusion-7","naver-card-1570","raw_detected","상품권","2026-06-11T13:04:13.065Z"
"naver-card-3756-exclusion-1","naver-card-3756","raw_detected","연회비","2026-06-11T13:04:13.065Z"
"naver-card-3756-exclusion-2","naver-card-3756","raw_detected","상품권","2026-06-11T13:04:13.065Z"
"naver-card-3756-exclusion-3","naver-card-3756","raw_detected","선불카드","2026-06-11T13:04:13.065Z"
"naver-card-3756-exclusion-4","naver-card-3756","raw_detected","기프트카드","2026-06-11T13:04:13.065Z"
"naver-card-3756-exclusion-5","naver-card-3756","raw_detected","국세","2026-06-11T13:04:13.065Z"
"naver-card-3756-exclusion-6","naver-card-3756","raw_detected","지방세","2026-06-11T13:04:13.065Z"
"naver-card-3756-exclusion-7","naver-card-3756","raw_detected","대학등록금","2026-06-11T13:04:13.065Z"
"naver-card-3756-exclusion-8","naver-card-3756","raw_detected","수수료","2026-06-11T13:04:13.065Z"
"naver-card-3756-exclusion-9","naver-card-3756","raw_detected","무이자할부","2026-06-11T13:04:13.065Z"
"naver-card-3756-exclusion-10","naver-card-3756","raw_detected","현금서비스","2026-06-11T13:04:13.065Z"
"naver-card-3756-exclusion-11","naver-card-3756","raw_detected","카드론","2026-06-11T13:04:13.065Z"
"naver-card-10467-exclusion-1","naver-card-10467","raw_detected","연회비","2026-06-11T13:04:13.065Z"
"naver-card-10467-exclusion-2","naver-card-10467","raw_detected","상품권","2026-06-11T13:04:13.065Z"
"naver-card-10467-exclusion-3","naver-card-10467","raw_detected","선불카드","2026-06-11T13:04:13.065Z"
"naver-card-10467-exclusion-4","naver-card-10467","raw_detected","기프트카드","2026-06-11T13:04:13.065Z"
"naver-card-10467-exclusion-5","naver-card-10467","raw_detected","수수료","2026-06-11T13:04:13.065Z"
"naver-card-10467-exclusion-6","naver-card-10467","raw_detected","현금서비스","2026-06-11T13:04:13.065Z"
"naver-card-10467-exclusion-7","naver-card-10467","raw_detected","카드론","2026-06-11T13:04:13.065Z"
"naver-card-10080-exclusion-1","naver-card-10080","raw_detected","연회비","2026-06-11T13:04:13.065Z"
"naver-card-10080-exclusion-2","naver-card-10080","raw_detected","상품권","2026-06-11T13:04:13.065Z"
"naver-card-10080-exclusion-3","naver-card-10080","raw_detected","선불카드","2026-06-11T13:04:13.065Z"
"naver-card-10080-exclusion-4","naver-card-10080","raw_detected","기프트카드","2026-06-11T13:04:13.065Z"
"naver-card-10080-exclusion-5","naver-card-10080","raw_detected","국세","2026-06-11T13:04:13.065Z"
"naver-card-10080-exclusion-6","naver-card-10080","raw_detected","지방세","2026-06-11T13:04:13.065Z"
"naver-card-10080-exclusion-7","naver-card-10080","raw_detected","수수료","2026-06-11T13:04:13.065Z"
"naver-card-10080-exclusion-8","naver-card-10080","raw_detected","무이자할부","2026-06-11T13:04:13.065Z"
"naver-card-10080-exclusion-9","naver-card-10080","raw_detected","현금서비스","2026-06-11T13:04:13.065Z"
"naver-card-10080-exclusion-10","naver-card-10080","raw_detected","카드론","2026-06-11T13:04:13.065Z"
"naver-card-10080-exclusion-11","naver-card-10080","raw_detected","아파트관리비","2026-06-11T13:04:13.065Z"
"naver-card-10151-exclusion-1","naver-card-10151","raw_detected","선불카드","2026-06-11T13:04:13.065Z"
"naver-card-10151-exclusion-2","naver-card-10151","raw_detected","기프트카드","2026-06-11T13:04:13.065Z"
"naver-card-10151-exclusion-3","naver-card-10151","raw_detected","연회비","2026-06-11T13:04:13.065Z"
"naver-card-10151-exclusion-4","naver-card-10151","raw_detected","수수료","2026-06-11T13:04:13.065Z"
"naver-card-10151-exclusion-5","naver-card-10151","raw_detected","현금서비스","2026-06-11T13:04:13.065Z"
"naver-card-10151-exclusion-6","naver-card-10151","raw_detected","카드론","2026-06-11T13:04:13.065Z"
"naver-card-10151-exclusion-7","naver-card-10151","raw_detected","상품권","2026-06-11T13:04:13.065Z"
"naver-card-10151-exclusion-8","naver-card-10151","raw_detected","국세","2026-06-11T13:04:13.065Z"
"naver-card-10151-exclusion-9","naver-card-10151","raw_detected","지방세","2026-06-11T13:04:13.065Z"
"naver-card-10207-exclusion-1","naver-card-10207","raw_detected","선불카드","2026-06-11T13:04:13.065Z"
"naver-card-10207-exclusion-2","naver-card-10207","raw_detected","기프트카드","2026-06-11T13:04:13.065Z"
"naver-card-10207-exclusion-3","naver-card-10207","raw_detected","연회비","2026-06-11T13:04:13.065Z"
"naver-card-10207-exclusion-4","naver-card-10207","raw_detected","수수료","2026-06-11T13:04:13.065Z"
"naver-card-10207-exclusion-5","naver-card-10207","raw_detected","현금서비스","2026-06-11T13:04:13.065Z"
"naver-card-10207-exclusion-6","naver-card-10207","raw_detected","카드론","2026-06-11T13:04:13.065Z"
"naver-card-10260-exclusion-1","naver-card-10260","raw_detected","연회비","2026-06-11T13:04:13.065Z"
"naver-card-10260-exclusion-2","naver-card-10260","raw_detected","수수료","2026-06-11T13:04:13.065Z"
"naver-card-10260-exclusion-3","naver-card-10260","raw_detected","선불카드","2026-06-11T13:04:13.065Z"
"naver-card-10260-exclusion-4","naver-card-10260","raw_detected","기프트카드","2026-06-11T13:04:13.065Z"
"naver-card-10260-exclusion-5","naver-card-10260","raw_detected","현금서비스","2026-06-11T13:04:13.065Z"
"naver-card-10260-exclusion-6","naver-card-10260","raw_detected","카드론","2026-06-11T13:04:13.065Z"
"naver-card-10260-exclusion-7","naver-card-10260","raw_detected","국세","2026-06-11T13:04:13.065Z"
"naver-card-10260-exclusion-8","naver-card-10260","raw_detected","지방세","2026-06-11T13:04:13.065Z"
"naver-card-10260-exclusion-9","naver-card-10260","raw_detected","아파트관리비","2026-06-11T13:04:13.065Z"
"naver-card-10260-exclusion-10","naver-card-10260","raw_detected","무이자할부","2026-06-11T13:04:13.065Z"
"naver-card-10507-exclusion-1","naver-card-10507","raw_detected","연회비","2026-06-11T13:04:13.065Z"
"naver-card-10507-exclusion-2","naver-card-10507","raw_detected","선불카드","2026-06-11T13:04:13.065Z"
"naver-card-10507-exclusion-3","naver-card-10507","raw_detected","기프트카드","2026-06-11T13:04:13.065Z"
"naver-card-10507-exclusion-4","naver-card-10507","raw_detected","수수료","2026-06-11T13:04:13.065Z"
"naver-card-10507-exclusion-5","naver-card-10507","raw_detected","현금서비스","2026-06-11T13:04:13.065Z"
"naver-card-10507-exclusion-6","naver-card-10507","raw_detected","카드론","2026-06-11T13:04:13.065Z"
"naver-card-10507-exclusion-7","naver-card-10507","raw_detected","국세","2026-06-11T13:04:13.065Z"
"naver-card-10507-exclusion-8","naver-card-10507","raw_detected","지방세","2026-06-11T13:04:13.065Z"
"naver-card-10507-exclusion-9","naver-card-10507","raw_detected","무이자할부","2026-06-11T13:04:13.065Z"
"naver-card-10500-exclusion-1","naver-card-10500","raw_detected","연회비","2026-06-11T13:04:13.065Z"
"naver-card-10500-exclusion-2","naver-card-10500","raw_detected","선불카드","2026-06-11T13:04:13.065Z"
"naver-card-10500-exclusion-3","naver-card-10500","raw_detected","기프트카드","2026-06-11T13:04:13.065Z"
"naver-card-10500-exclusion-4","naver-card-10500","raw_detected","수수료","2026-06-11T13:04:13.065Z"
"naver-card-10500-exclusion-5","naver-card-10500","raw_detected","현금서비스","2026-06-11T13:04:13.065Z"
"naver-card-10500-exclusion-6","naver-card-10500","raw_detected","카드론","2026-06-11T13:04:13.065Z"
"naver-card-10513-exclusion-1","naver-card-10513","raw_detected","연회비","2026-06-11T13:04:13.065Z"
"naver-card-10513-exclusion-2","naver-card-10513","raw_detected","선불카드","2026-06-11T13:04:13.065Z"
"naver-card-10513-exclusion-3","naver-card-10513","raw_detected","기프트카드","2026-06-11T13:04:13.065Z"
"naver-card-10513-exclusion-4","naver-card-10513","raw_detected","수수료","2026-06-11T13:04:13.065Z"
"naver-card-10513-exclusion-5","naver-card-10513","raw_detected","현금서비스","2026-06-11T13:04:13.065Z"
"naver-card-10513-exclusion-6","naver-card-10513","raw_detected","카드론","2026-06-11T13:04:13.065Z"
"naver-card-10513-exclusion-7","naver-card-10513","raw_detected","국세","2026-06-11T13:04:13.065Z"
"naver-card-10513-exclusion-8","naver-card-10513","raw_detected","지방세","2026-06-11T13:04:13.065Z"
"naver-card-10513-exclusion-9","naver-card-10513","raw_detected","무이자할부","2026-06-11T13:04:13.065Z"
"naver-card-10617-exclusion-1","naver-card-10617","raw_detected","상품권","2026-06-11T13:04:13.065Z"
"naver-card-10617-exclusion-2","naver-card-10617","raw_detected","연회비","2026-06-11T13:04:13.065Z"
"naver-card-10617-exclusion-3","naver-card-10617","raw_detected","수수료","2026-06-11T13:04:13.065Z"
"naver-card-10410-exclusion-1","naver-card-10410","raw_detected","연회비","2026-06-11T13:04:13.065Z"
"naver-card-10410-exclusion-2","naver-card-10410","raw_detected","상품권","2026-06-11T13:04:13.065Z"
"naver-card-10410-exclusion-3","naver-card-10410","raw_detected","선불카드","2026-06-11T13:04:13.065Z"
"naver-card-10410-exclusion-4","naver-card-10410","raw_detected","기프트카드","2026-06-11T13:04:13.065Z"
"naver-card-10410-exclusion-5","naver-card-10410","raw_detected","수수료","2026-06-11T13:04:13.065Z"
"naver-card-10410-exclusion-6","naver-card-10410","raw_detected","무이자할부","2026-06-11T13:04:13.065Z"
"naver-card-10410-exclusion-7","naver-card-10410","raw_detected","국세","2026-06-11T13:04:13.065Z"
"naver-card-10410-exclusion-8","naver-card-10410","raw_detected","지방세","2026-06-11T13:04:13.065Z"
"naver-card-10410-exclusion-9","naver-card-10410","raw_detected","현금서비스","2026-06-11T13:04:13.065Z"
"naver-card-10410-exclusion-10","naver-card-10410","raw_detected","카드론","2026-06-11T13:04:13.065Z"
"naver-card-10506-exclusion-1","naver-card-10506","raw_detected","연회비","2026-06-11T13:04:13.065Z"
"naver-card-10506-exclusion-2","naver-card-10506","raw_detected","수수료","2026-06-11T13:04:13.065Z"
"naver-card-10506-exclusion-3","naver-card-10506","raw_detected","현금서비스","2026-06-11T13:04:13.065Z"
"naver-card-10506-exclusion-4","naver-card-10506","raw_detected","카드론","2026-06-11T13:04:13.065Z"
"naver-card-10535-exclusion-1","naver-card-10535","raw_detected","상품권","2026-06-11T13:04:13.065Z"
"naver-card-10535-exclusion-2","naver-card-10535","raw_detected","선불카드","2026-06-11T13:04:13.065Z"
"naver-card-10535-exclusion-3","naver-card-10535","raw_detected","기프트카드","2026-06-11T13:04:13.065Z"
"naver-card-10535-exclusion-4","naver-card-10535","raw_detected","연회비","2026-06-11T13:04:13.065Z"
"naver-card-10535-exclusion-5","naver-card-10535","raw_detected","수수료","2026-06-11T13:04:13.065Z"
"naver-card-10535-exclusion-6","naver-card-10535","raw_detected","무이자할부","2026-06-11T13:04:13.065Z"
"naver-card-10535-exclusion-7","naver-card-10535","raw_detected","국세","2026-06-11T13:04:13.065Z"
"naver-card-10535-exclusion-8","naver-card-10535","raw_detected","지방세","2026-06-11T13:04:13.065Z"
"naver-card-10535-exclusion-9","naver-card-10535","raw_detected","현금서비스","2026-06-11T13:04:13.065Z"
"naver-card-10535-exclusion-10","naver-card-10535","raw_detected","카드론","2026-06-11T13:04:13.065Z"
"naver-card-10378-exclusion-1","naver-card-10378","raw_detected","상품권","2026-06-11T13:04:13.065Z"
"naver-card-10378-exclusion-2","naver-card-10378","raw_detected","국세","2026-06-11T13:04:13.065Z"
"naver-card-10378-exclusion-3","naver-card-10378","raw_detected","지방세","2026-06-11T13:04:13.065Z"
"naver-card-10378-exclusion-4","naver-card-10378","raw_detected","공과금","2026-06-11T13:04:13.065Z"
"naver-card-10378-exclusion-5","naver-card-10378","raw_detected","아파트관리비","2026-06-11T13:04:13.065Z"
"naver-card-10378-exclusion-6","naver-card-10378","raw_detected","연회비","2026-06-11T13:04:13.065Z"
"naver-card-10378-exclusion-7","naver-card-10378","raw_detected","수수료","2026-06-11T13:04:13.065Z"
"naver-card-10378-exclusion-8","naver-card-10378","raw_detected","무이자할부","2026-06-11T13:04:13.065Z"
"naver-card-10378-exclusion-9","naver-card-10378","raw_detected","현금서비스","2026-06-11T13:04:13.065Z"
"naver-card-10378-exclusion-10","naver-card-10378","raw_detected","카드론","2026-06-11T13:04:13.065Z"
"naver-card-10128-exclusion-1","naver-card-10128","raw_detected","상품권","2026-06-11T13:04:13.065Z"
"naver-card-10128-exclusion-2","naver-card-10128","raw_detected","선불카드","2026-06-11T13:04:13.065Z"
"naver-card-10128-exclusion-3","naver-card-10128","raw_detected","공과금","2026-06-11T13:04:13.065Z"
"naver-card-10128-exclusion-4","naver-card-10128","raw_detected","아파트관리비","2026-06-11T13:04:13.065Z"
"naver-card-10128-exclusion-5","naver-card-10128","raw_detected","연회비","2026-06-11T13:04:13.065Z"
"naver-card-10128-exclusion-6","naver-card-10128","raw_detected","수수료","2026-06-11T13:04:13.065Z"
"naver-card-10128-exclusion-7","naver-card-10128","raw_detected","현금서비스","2026-06-11T13:04:13.065Z"
"naver-card-10128-exclusion-8","naver-card-10128","raw_detected","카드론","2026-06-11T13:04:13.065Z"
"naver-card-10491-exclusion-1","naver-card-10491","raw_detected","상품권","2026-06-11T13:04:13.065Z"
"naver-card-10491-exclusion-2","naver-card-10491","raw_detected","선불카드","2026-06-11T13:04:13.065Z"
"naver-card-10491-exclusion-3","naver-card-10491","raw_detected","기프트카드","2026-06-11T13:04:13.065Z"
"naver-card-10491-exclusion-4","naver-card-10491","raw_detected","공과금","2026-06-11T13:04:13.065Z"
"naver-card-10491-exclusion-5","naver-card-10491","raw_detected","연회비","2026-06-11T13:04:13.065Z"
"naver-card-10491-exclusion-6","naver-card-10491","raw_detected","수수료","2026-06-11T13:04:13.065Z"
"naver-card-10491-exclusion-7","naver-card-10491","raw_detected","현금서비스","2026-06-11T13:04:13.065Z"
"naver-card-10491-exclusion-8","naver-card-10491","raw_detected","카드론","2026-06-11T13:04:13.065Z"
"naver-card-10491-exclusion-9","naver-card-10491","raw_detected","대학등록금","2026-06-11T13:04:13.065Z"
"naver-card-10491-exclusion-10","naver-card-10491","raw_detected","무이자할부","2026-06-11T13:04:13.065Z"
"naver-card-10565-exclusion-1","naver-card-10565","raw_detected","상품권","2026-06-11T13:04:13.065Z"
"naver-card-10565-exclusion-2","naver-card-10565","raw_detected","국세","2026-06-11T13:04:13.065Z"
"naver-card-10565-exclusion-3","naver-card-10565","raw_detected","지방세","2026-06-11T13:04:13.065Z"
"naver-card-10565-exclusion-4","naver-card-10565","raw_detected","공과금","2026-06-11T13:04:13.065Z"
"naver-card-10565-exclusion-5","naver-card-10565","raw_detected","연회비","2026-06-11T13:04:13.065Z"
"naver-card-10565-exclusion-6","naver-card-10565","raw_detected","수수료","2026-06-11T13:04:13.065Z"
"naver-card-10565-exclusion-7","naver-card-10565","raw_detected","현금서비스","2026-06-11T13:04:13.065Z"
"naver-card-10581-exclusion-1","naver-card-10581","raw_detected","상품권","2026-06-11T13:04:13.065Z"
"naver-card-10581-exclusion-2","naver-card-10581","raw_detected","연회비","2026-06-11T13:04:13.065Z"
"naver-card-10581-exclusion-3","naver-card-10581","raw_detected","수수료","2026-06-11T13:04:13.065Z"
"naver-card-10564-exclusion-1","naver-card-10564","raw_detected","상품권","2026-06-11T13:04:13.065Z"
"naver-card-10564-exclusion-2","naver-card-10564","raw_detected","국세","2026-06-11T13:04:13.065Z"
"naver-card-10564-exclusion-3","naver-card-10564","raw_detected","지방세","2026-06-11T13:04:13.065Z"
"naver-card-10564-exclusion-4","naver-card-10564","raw_detected","공과금","2026-06-11T13:04:13.065Z"
"naver-card-10564-exclusion-5","naver-card-10564","raw_detected","연회비","2026-06-11T13:04:13.065Z"
"naver-card-10564-exclusion-6","naver-card-10564","raw_detected","수수료","2026-06-11T13:04:13.065Z"
"naver-card-10564-exclusion-7","naver-card-10564","raw_detected","현금서비스","2026-06-11T13:04:13.065Z"
"naver-card-10582-exclusion-1","naver-card-10582","raw_detected","상품권","2026-06-11T13:04:13.065Z"
"naver-card-10582-exclusion-2","naver-card-10582","raw_detected","연회비","2026-06-11T13:04:13.065Z"
"naver-card-10582-exclusion-3","naver-card-10582","raw_detected","수수료","2026-06-11T13:04:13.065Z"
"naver-card-10576-exclusion-1","naver-card-10576","raw_detected","상품권","2026-06-11T13:04:13.065Z"
"naver-card-10576-exclusion-2","naver-card-10576","raw_detected","국세","2026-06-11T13:04:13.065Z"
"naver-card-10576-exclusion-3","naver-card-10576","raw_detected","지방세","2026-06-11T13:04:13.065Z"
"naver-card-10576-exclusion-4","naver-card-10576","raw_detected","연회비","2026-06-11T13:04:13.065Z"
"naver-card-10576-exclusion-5","naver-card-10576","raw_detected","수수료","2026-06-11T13:04:13.065Z"
"naver-card-10576-exclusion-6","naver-card-10576","raw_detected","현금서비스","2026-06-11T13:04:13.065Z"
"naver-card-10578-exclusion-1","naver-card-10578","raw_detected","국세","2026-06-11T13:04:13.065Z"
"naver-card-10578-exclusion-2","naver-card-10578","raw_detected","지방세","2026-06-11T13:04:13.065Z"
"naver-card-10578-exclusion-3","naver-card-10578","raw_detected","연회비","2026-06-11T13:04:13.065Z"
"naver-card-10578-exclusion-4","naver-card-10578","raw_detected","수수료","2026-06-11T13:04:13.065Z"
"naver-card-10405-exclusion-1","naver-card-10405","raw_detected","상품권","2026-06-11T13:04:13.065Z"
"naver-card-10405-exclusion-2","naver-card-10405","raw_detected","국세","2026-06-11T13:04:13.065Z"
"naver-card-10405-exclusion-3","naver-card-10405","raw_detected","지방세","2026-06-11T13:04:13.065Z"
"naver-card-10405-exclusion-4","naver-card-10405","raw_detected","공과금","2026-06-11T13:04:13.065Z"
"naver-card-10405-exclusion-5","naver-card-10405","raw_detected","연회비","2026-06-11T13:04:13.065Z"
"naver-card-10405-exclusion-6","naver-card-10405","raw_detected","수수료","2026-06-11T13:04:13.065Z"
"naver-card-10405-exclusion-7","naver-card-10405","raw_detected","현금서비스","2026-06-11T13:04:13.065Z"
"naver-card-10405-exclusion-8","naver-card-10405","raw_detected","카드론","2026-06-11T13:04:13.065Z"
"naver-card-10369-exclusion-1","naver-card-10369","raw_detected","국세","2026-06-11T13:04:13.065Z"
"naver-card-10369-exclusion-2","naver-card-10369","raw_detected","지방세","2026-06-11T13:04:13.065Z"
"naver-card-10369-exclusion-3","naver-card-10369","raw_detected","연회비","2026-06-11T13:04:13.065Z"
"naver-card-10369-exclusion-4","naver-card-10369","raw_detected","수수료","2026-06-11T13:04:13.065Z"
"naver-card-10369-exclusion-5","naver-card-10369","raw_detected","무이자할부","2026-06-11T13:04:13.065Z"
"naver-card-10369-exclusion-6","naver-card-10369","raw_detected","현금서비스","2026-06-11T13:04:13.065Z"
"naver-card-10369-exclusion-7","naver-card-10369","raw_detected","카드론","2026-06-11T13:04:13.065Z"
"naver-card-10404-exclusion-1","naver-card-10404","raw_detected","상품권","2026-06-11T13:04:13.065Z"
"naver-card-10404-exclusion-2","naver-card-10404","raw_detected","국세","2026-06-11T13:04:13.065Z"
"naver-card-10404-exclusion-3","naver-card-10404","raw_detected","지방세","2026-06-11T13:04:13.065Z"
"naver-card-10404-exclusion-4","naver-card-10404","raw_detected","공과금","2026-06-11T13:04:13.065Z"
"naver-card-10404-exclusion-5","naver-card-10404","raw_detected","연회비","2026-06-11T13:04:13.065Z"
"naver-card-10404-exclusion-6","naver-card-10404","raw_detected","수수료","2026-06-11T13:04:13.065Z"
"naver-card-10404-exclusion-7","naver-card-10404","raw_detected","현금서비스","2026-06-11T13:04:13.065Z"
"naver-card-10404-exclusion-8","naver-card-10404","raw_detected","카드론","2026-06-11T13:04:13.065Z"
"naver-card-10583-exclusion-1","naver-card-10583","raw_detected","상품권","2026-06-11T13:04:13.065Z"
"naver-card-10583-exclusion-2","naver-card-10583","raw_detected","국세","2026-06-11T13:04:13.065Z"
"naver-card-10583-exclusion-3","naver-card-10583","raw_detected","지방세","2026-06-11T13:04:13.065Z"
"naver-card-10583-exclusion-4","naver-card-10583","raw_detected","공과금","2026-06-11T13:04:13.065Z"
"naver-card-10583-exclusion-5","naver-card-10583","raw_detected","연회비","2026-06-11T13:04:13.065Z"
"naver-card-10583-exclusion-6","naver-card-10583","raw_detected","수수료","2026-06-11T13:04:13.065Z"
"naver-card-10583-exclusion-7","naver-card-10583","raw_detected","무이자할부","2026-06-11T13:04:13.065Z"
"naver-card-10583-exclusion-8","naver-card-10583","raw_detected","현금서비스","2026-06-11T13:04:13.065Z"
"naver-card-10583-exclusion-9","naver-card-10583","raw_detected","카드론","2026-06-11T13:04:13.065Z"
"naver-card-10385-exclusion-1","naver-card-10385","raw_detected","상품권","2026-06-11T13:04:13.065Z"
"naver-card-10385-exclusion-2","naver-card-10385","raw_detected","국세","2026-06-11T13:04:13.065Z"
"naver-card-10385-exclusion-3","naver-card-10385","raw_detected","지방세","2026-06-11T13:04:13.065Z"
"naver-card-10385-exclusion-4","naver-card-10385","raw_detected","공과금","2026-06-11T13:04:13.065Z"
"naver-card-10385-exclusion-5","naver-card-10385","raw_detected","연회비","2026-06-11T13:04:13.065Z"
"naver-card-10385-exclusion-6","naver-card-10385","raw_detected","수수료","2026-06-11T13:04:13.065Z"
"naver-card-10385-exclusion-7","naver-card-10385","raw_detected","현금서비스","2026-06-11T13:04:13.065Z"
"naver-card-10385-exclusion-8","naver-card-10385","raw_detected","카드론","2026-06-11T13:04:13.065Z"
"naver-card-1400-exclusion-1","naver-card-1400","raw_detected","상품권","2026-06-11T13:04:13.065Z"
"naver-card-1400-exclusion-2","naver-card-1400","raw_detected","공과금","2026-06-11T13:04:13.065Z"
"naver-card-1400-exclusion-3","naver-card-1400","raw_detected","대학등록금","2026-06-11T13:04:13.065Z"
"naver-card-1400-exclusion-4","naver-card-1400","raw_detected","기프트카드","2026-06-11T13:04:13.065Z"
"naver-card-1400-exclusion-5","naver-card-1400","raw_detected","무이자할부","2026-06-11T13:04:13.065Z"
"naver-card-10465-exclusion-1","naver-card-10465","raw_detected","선불카드","2026-06-11T13:04:13.065Z"
"naver-card-10465-exclusion-2","naver-card-10465","raw_detected","기프트카드","2026-06-11T13:04:13.065Z"
"naver-card-10465-exclusion-3","naver-card-10465","raw_detected","연회비","2026-06-11T13:04:13.065Z"
"naver-card-10465-exclusion-4","naver-card-10465","raw_detected","수수료","2026-06-11T13:04:13.065Z"
"naver-card-10465-exclusion-5","naver-card-10465","raw_detected","현금서비스","2026-06-11T13:04:13.065Z"
"naver-card-10465-exclusion-6","naver-card-10465","raw_detected","카드론","2026-06-11T13:04:13.065Z"
"naver-card-10465-exclusion-7","naver-card-10465","raw_detected","상품권","2026-06-11T13:04:13.065Z"
"naver-card-10219-exclusion-1","naver-card-10219","raw_detected","연회비","2026-06-11T13:04:13.065Z"
"naver-card-10219-exclusion-2","naver-card-10219","raw_detected","공과금","2026-06-11T13:04:13.065Z"
"naver-card-10219-exclusion-3","naver-card-10219","raw_detected","수수료","2026-06-11T13:04:13.065Z"
"naver-card-10219-exclusion-4","naver-card-10219","raw_detected","현금서비스","2026-06-11T13:04:13.065Z"
"naver-card-10219-exclusion-5","naver-card-10219","raw_detected","카드론","2026-06-11T13:04:13.065Z"
"naver-card-10219-exclusion-6","naver-card-10219","raw_detected","상품권","2026-06-11T13:04:13.065Z"
"naver-card-10219-exclusion-7","naver-card-10219","raw_detected","선불카드","2026-06-11T13:04:13.065Z"
"naver-card-10219-exclusion-8","naver-card-10219","raw_detected","기프트카드","2026-06-11T13:04:13.065Z"
"naver-card-10219-exclusion-9","naver-card-10219","raw_detected","아파트관리비","2026-06-11T13:04:13.065Z"
"naver-card-10076-exclusion-1","naver-card-10076","raw_detected","국세","2026-06-11T13:04:13.065Z"
"naver-card-10076-exclusion-2","naver-card-10076","raw_detected","지방세","2026-06-11T13:04:13.065Z"
"naver-card-10076-exclusion-3","naver-card-10076","raw_detected","연회비","2026-06-11T13:04:13.065Z"
"naver-card-10076-exclusion-4","naver-card-10076","raw_detected","수수료","2026-06-11T13:04:13.065Z"
"naver-card-10076-exclusion-5","naver-card-10076","raw_detected","상품권","2026-06-11T13:04:13.065Z"
"naver-card-10076-exclusion-6","naver-card-10076","raw_detected","선불카드","2026-06-11T13:04:13.065Z"
"naver-card-10076-exclusion-7","naver-card-10076","raw_detected","기프트카드","2026-06-11T13:04:13.065Z"
"naver-card-10076-exclusion-8","naver-card-10076","raw_detected","공과금","2026-06-11T13:04:13.065Z"
"naver-card-10076-exclusion-9","naver-card-10076","raw_detected","아파트관리비","2026-06-11T13:04:13.065Z"
"naver-card-10076-exclusion-10","naver-card-10076","raw_detected","대학등록금","2026-06-11T13:04:13.065Z"
"naver-card-10076-exclusion-11","naver-card-10076","raw_detected","보험료","2026-06-11T13:04:13.065Z"
"naver-card-10455-exclusion-1","naver-card-10455","raw_detected","연회비","2026-06-11T13:04:13.065Z"
"naver-card-10455-exclusion-2","naver-card-10455","raw_detected","수수료","2026-06-11T13:04:13.065Z"
"naver-card-10455-exclusion-3","naver-card-10455","raw_detected","현금서비스","2026-06-11T13:04:13.065Z"
"naver-card-10455-exclusion-4","naver-card-10455","raw_detected","카드론","2026-06-11T13:04:13.065Z"
"naver-card-10455-exclusion-5","naver-card-10455","raw_detected","선불카드","2026-06-11T13:04:13.065Z"
"naver-card-10455-exclusion-6","naver-card-10455","raw_detected","기프트카드","2026-06-11T13:04:13.065Z"
"naver-card-10455-exclusion-7","naver-card-10455","raw_detected","국세","2026-06-11T13:04:13.065Z"
"naver-card-10455-exclusion-8","naver-card-10455","raw_detected","지방세","2026-06-11T13:04:13.065Z"
"naver-card-10455-exclusion-9","naver-card-10455","raw_detected","아파트관리비","2026-06-11T13:04:13.065Z"
"naver-card-10455-exclusion-10","naver-card-10455","raw_detected","무이자할부","2026-06-11T13:04:13.065Z"
"naver-card-10384-exclusion-1","naver-card-10384","raw_detected","상품권","2026-06-11T13:04:13.065Z"
"naver-card-10384-exclusion-2","naver-card-10384","raw_detected","국세","2026-06-11T13:04:13.065Z"
"naver-card-10384-exclusion-3","naver-card-10384","raw_detected","지방세","2026-06-11T13:04:13.065Z"
"naver-card-10384-exclusion-4","naver-card-10384","raw_detected","공과금","2026-06-11T13:04:13.065Z"
"naver-card-10384-exclusion-5","naver-card-10384","raw_detected","연회비","2026-06-11T13:04:13.065Z"
"naver-card-10384-exclusion-6","naver-card-10384","raw_detected","수수료","2026-06-11T13:04:13.065Z"
"naver-card-10384-exclusion-7","naver-card-10384","raw_detected","무이자할부","2026-06-11T13:04:13.065Z"
"naver-card-10384-exclusion-8","naver-card-10384","raw_detected","현금서비스","2026-06-11T13:04:13.065Z"
"naver-card-10384-exclusion-9","naver-card-10384","raw_detected","카드론","2026-06-11T13:04:13.065Z"
"naver-card-10383-exclusion-1","naver-card-10383","raw_detected","상품권","2026-06-11T13:04:13.065Z"
"naver-card-10383-exclusion-2","naver-card-10383","raw_detected","선불카드","2026-06-11T13:04:13.065Z"
"naver-card-10383-exclusion-3","naver-card-10383","raw_detected","국세","2026-06-11T13:04:13.065Z"
"naver-card-10383-exclusion-4","naver-card-10383","raw_detected","지방세","2026-06-11T13:04:13.065Z"
"naver-card-10383-exclusion-5","naver-card-10383","raw_detected","공과금","2026-06-11T13:04:13.065Z"
"naver-card-10383-exclusion-6","naver-card-10383","raw_detected","연회비","2026-06-11T13:04:13.065Z"
"naver-card-10383-exclusion-7","naver-card-10383","raw_detected","수수료","2026-06-11T13:04:13.065Z"
"naver-card-10383-exclusion-8","naver-card-10383","raw_detected","현금서비스","2026-06-11T13:04:13.065Z"
"naver-card-10383-exclusion-9","naver-card-10383","raw_detected","카드론","2026-06-11T13:04:13.065Z"
"naver-card-10622-exclusion-1","naver-card-10622","raw_detected","국세","2026-06-11T13:04:13.065Z"
"naver-card-10622-exclusion-2","naver-card-10622","raw_detected","공과금","2026-06-11T13:04:13.065Z"
"naver-card-10622-exclusion-3","naver-card-10622","raw_detected","연회비","2026-06-11T13:04:13.065Z"
"naver-card-10622-exclusion-4","naver-card-10622","raw_detected","수수료","2026-06-11T13:04:13.065Z"
"naver-card-10622-exclusion-5","naver-card-10622","raw_detected","현금서비스","2026-06-11T13:04:13.065Z"
"naver-card-10622-exclusion-6","naver-card-10622","raw_detected","카드론","2026-06-11T13:04:13.065Z"
"naver-card-10622-exclusion-7","naver-card-10622","raw_detected","상품권","2026-06-11T13:04:13.065Z"
"naver-card-10622-exclusion-8","naver-card-10622","raw_detected","지방세","2026-06-11T13:04:13.065Z"
"naver-card-10394-exclusion-1","naver-card-10394","raw_detected","상품권","2026-06-11T13:04:13.065Z"
"naver-card-10394-exclusion-2","naver-card-10394","raw_detected","국세","2026-06-11T13:04:13.065Z"
"naver-card-10394-exclusion-3","naver-card-10394","raw_detected","지방세","2026-06-11T13:04:13.065Z"
"naver-card-10394-exclusion-4","naver-card-10394","raw_detected","공과금","2026-06-11T13:04:13.065Z"
"naver-card-10394-exclusion-5","naver-card-10394","raw_detected","연회비","2026-06-11T13:04:13.065Z"
"naver-card-10394-exclusion-6","naver-card-10394","raw_detected","수수료","2026-06-11T13:04:13.065Z"
"naver-card-10394-exclusion-7","naver-card-10394","raw_detected","현금서비스","2026-06-11T13:04:13.065Z"
"naver-card-10394-exclusion-8","naver-card-10394","raw_detected","카드론","2026-06-11T13:04:13.065Z"
"naver-card-1614-exclusion-1","naver-card-1614","raw_detected","연회비","2026-06-11T13:04:13.065Z"
"naver-card-1614-exclusion-2","naver-card-1614","raw_detected","수수료","2026-06-11T13:04:13.065Z"
"naver-card-1614-exclusion-3","naver-card-1614","raw_detected","상품권","2026-06-11T13:04:13.065Z"
"naver-card-1614-exclusion-4","naver-card-1614","raw_detected","선불카드","2026-06-11T13:04:13.065Z"
"naver-card-1614-exclusion-5","naver-card-1614","raw_detected","공과금","2026-06-11T13:04:13.065Z"
"naver-card-1614-exclusion-6","naver-card-1614","raw_detected","아파트관리비","2026-06-11T13:04:13.065Z"
"naver-card-1614-exclusion-7","naver-card-1614","raw_detected","현금서비스","2026-06-11T13:04:13.065Z"
"naver-card-1614-exclusion-8","naver-card-1614","raw_detected","카드론","2026-06-11T13:04:13.065Z"
"naver-card-10400-exclusion-1","naver-card-10400","raw_detected","상품권","2026-06-11T13:04:13.065Z"
"naver-card-10400-exclusion-2","naver-card-10400","raw_detected","국세","2026-06-11T13:04:13.065Z"
"naver-card-10400-exclusion-3","naver-card-10400","raw_detected","지방세","2026-06-11T13:04:13.065Z"
"naver-card-10400-exclusion-4","naver-card-10400","raw_detected","공과금","2026-06-11T13:04:13.065Z"
"naver-card-10400-exclusion-5","naver-card-10400","raw_detected","연회비","2026-06-11T13:04:13.065Z"
"naver-card-10400-exclusion-6","naver-card-10400","raw_detected","수수료","2026-06-11T13:04:13.065Z"
"naver-card-10400-exclusion-7","naver-card-10400","raw_detected","현금서비스","2026-06-11T13:04:13.065Z"
"naver-card-10400-exclusion-8","naver-card-10400","raw_detected","카드론","2026-06-11T13:04:13.065Z"
"naver-card-10573-exclusion-1","naver-card-10573","raw_detected","상품권","2026-06-11T13:04:13.065Z"
"naver-card-10573-exclusion-2","naver-card-10573","raw_detected","국세","2026-06-11T13:04:13.065Z"
"naver-card-10573-exclusion-3","naver-card-10573","raw_detected","지방세","2026-06-11T13:04:13.065Z"
"naver-card-10573-exclusion-4","naver-card-10573","raw_detected","공과금","2026-06-11T13:04:13.065Z"
"naver-card-10573-exclusion-5","naver-card-10573","raw_detected","연회비","2026-06-11T13:04:13.065Z"
"naver-card-10573-exclusion-6","naver-card-10573","raw_detected","수수료","2026-06-11T13:04:13.065Z"
"naver-card-10573-exclusion-7","naver-card-10573","raw_detected","무이자할부","2026-06-11T13:04:13.065Z"
"naver-card-10573-exclusion-8","naver-card-10573","raw_detected","현금서비스","2026-06-11T13:04:13.065Z"
"naver-card-10573-exclusion-9","naver-card-10573","raw_detected","카드론","2026-06-11T13:04:13.065Z"
"naver-card-10441-exclusion-1","naver-card-10441","raw_detected","상품권","2026-06-11T13:04:13.065Z"
"naver-card-10441-exclusion-2","naver-card-10441","raw_detected","선불카드","2026-06-11T13:04:13.065Z"
"naver-card-10441-exclusion-3","naver-card-10441","raw_detected","공과금","2026-06-11T13:04:13.065Z"
"naver-card-10441-exclusion-4","naver-card-10441","raw_detected","아파트관리비","2026-06-11T13:04:13.065Z"
"naver-card-10441-exclusion-5","naver-card-10441","raw_detected","연회비","2026-06-11T13:04:13.065Z"
"naver-card-10441-exclusion-6","naver-card-10441","raw_detected","수수료","2026-06-11T13:04:13.065Z"
"naver-card-10441-exclusion-7","naver-card-10441","raw_detected","무이자할부","2026-06-11T13:04:13.065Z"
"naver-card-10441-exclusion-8","naver-card-10441","raw_detected","현금서비스","2026-06-11T13:04:13.065Z"
"naver-card-10441-exclusion-9","naver-card-10441","raw_detected","카드론","2026-06-11T13:04:13.065Z"
"naver-card-10350-exclusion-1","naver-card-10350","raw_detected","연회비","2026-06-11T13:04:13.065Z"
"naver-card-10350-exclusion-2","naver-card-10350","raw_detected","무이자할부","2026-06-11T13:04:13.065Z"
"naver-card-10350-exclusion-3","naver-card-10350","raw_detected","상품권","2026-06-11T13:04:13.065Z"
"naver-card-10350-exclusion-4","naver-card-10350","raw_detected","선불카드","2026-06-11T13:04:13.065Z"
"naver-card-10350-exclusion-5","naver-card-10350","raw_detected","기프트카드","2026-06-11T13:04:13.065Z"
"naver-card-10350-exclusion-6","naver-card-10350","raw_detected","공과금","2026-06-11T13:04:13.065Z"
"naver-card-10350-exclusion-7","naver-card-10350","raw_detected","아파트관리비","2026-06-11T13:04:13.065Z"
"naver-card-10350-exclusion-8","naver-card-10350","raw_detected","수수료","2026-06-11T13:04:13.065Z"
"naver-card-10350-exclusion-9","naver-card-10350","raw_detected","현금서비스","2026-06-11T13:04:13.065Z"
"naver-card-10350-exclusion-10","naver-card-10350","raw_detected","카드론","2026-06-11T13:04:13.065Z"
"naver-card-10528-exclusion-1","naver-card-10528","raw_detected","상품권","2026-06-11T13:04:13.065Z"
"naver-card-10528-exclusion-2","naver-card-10528","raw_detected","선불카드","2026-06-11T13:04:13.065Z"
"naver-card-10528-exclusion-3","naver-card-10528","raw_detected","기프트카드","2026-06-11T13:04:13.065Z"
"naver-card-10528-exclusion-4","naver-card-10528","raw_detected","공과금","2026-06-11T13:04:13.065Z"
"naver-card-10528-exclusion-5","naver-card-10528","raw_detected","아파트관리비","2026-06-11T13:04:13.065Z"
"naver-card-10528-exclusion-6","naver-card-10528","raw_detected","연회비","2026-06-11T13:04:13.065Z"
"naver-card-10528-exclusion-7","naver-card-10528","raw_detected","수수료","2026-06-11T13:04:13.065Z"
"naver-card-10528-exclusion-8","naver-card-10528","raw_detected","현금서비스","2026-06-11T13:04:13.065Z"
"naver-card-10528-exclusion-9","naver-card-10528","raw_detected","카드론","2026-06-11T13:04:13.065Z"
"naver-card-10401-exclusion-1","naver-card-10401","raw_detected","상품권","2026-06-11T13:04:13.065Z"
"naver-card-10401-exclusion-2","naver-card-10401","raw_detected","국세","2026-06-11T13:04:13.065Z"
"naver-card-10401-exclusion-3","naver-card-10401","raw_detected","지방세","2026-06-11T13:04:13.065Z"
"naver-card-10401-exclusion-4","naver-card-10401","raw_detected","공과금","2026-06-11T13:04:13.065Z"
"naver-card-10401-exclusion-5","naver-card-10401","raw_detected","연회비","2026-06-11T13:04:13.065Z"
"naver-card-10401-exclusion-6","naver-card-10401","raw_detected","수수료","2026-06-11T13:04:13.065Z"
"naver-card-10401-exclusion-7","naver-card-10401","raw_detected","현금서비스","2026-06-11T13:04:13.065Z"
"naver-card-10401-exclusion-8","naver-card-10401","raw_detected","카드론","2026-06-11T13:04:13.065Z"
"naver-card-10621-exclusion-1","naver-card-10621","raw_detected","연회비","2026-06-11T13:04:13.065Z"
"naver-card-10621-exclusion-2","naver-card-10621","raw_detected","수수료","2026-06-11T13:04:13.065Z"
"naver-card-10399-exclusion-1","naver-card-10399","raw_detected","상품권","2026-06-11T13:04:13.065Z"
"naver-card-10399-exclusion-2","naver-card-10399","raw_detected","국세","2026-06-11T13:04:13.065Z"
"naver-card-10399-exclusion-3","naver-card-10399","raw_detected","지방세","2026-06-11T13:04:13.065Z"
"naver-card-10399-exclusion-4","naver-card-10399","raw_detected","공과금","2026-06-11T13:04:13.065Z"
"naver-card-10399-exclusion-5","naver-card-10399","raw_detected","연회비","2026-06-11T13:04:13.065Z"
"naver-card-10399-exclusion-6","naver-card-10399","raw_detected","수수료","2026-06-11T13:04:13.065Z"
"naver-card-10399-exclusion-7","naver-card-10399","raw_detected","현금서비스","2026-06-11T13:04:13.065Z"
"naver-card-10399-exclusion-8","naver-card-10399","raw_detected","카드론","2026-06-11T13:04:13.065Z"
"naver-card-2487-exclusion-1","naver-card-2487","raw_detected","상품권","2026-06-11T13:04:13.065Z"
"naver-card-2487-exclusion-2","naver-card-2487","raw_detected","선불카드","2026-06-11T13:04:13.065Z"
"naver-card-2487-exclusion-3","naver-card-2487","raw_detected","공과금","2026-06-11T13:04:13.065Z"
"naver-card-2487-exclusion-4","naver-card-2487","raw_detected","아파트관리비","2026-06-11T13:04:13.065Z"
"naver-card-2487-exclusion-5","naver-card-2487","raw_detected","연회비","2026-06-11T13:04:13.065Z"
"naver-card-2487-exclusion-6","naver-card-2487","raw_detected","수수료","2026-06-11T13:04:13.065Z"
"naver-card-2487-exclusion-7","naver-card-2487","raw_detected","무이자할부","2026-06-11T13:04:13.065Z"
"naver-card-2487-exclusion-8","naver-card-2487","raw_detected","현금서비스","2026-06-11T13:04:13.065Z"
"naver-card-2487-exclusion-9","naver-card-2487","raw_detected","카드론","2026-06-11T13:04:13.065Z"
"naver-card-10562-exclusion-1","naver-card-10562","raw_detected","연회비","2026-06-11T13:04:13.065Z"
"naver-card-10562-exclusion-2","naver-card-10562","raw_detected","상품권","2026-06-11T13:04:13.065Z"
"naver-card-10562-exclusion-3","naver-card-10562","raw_detected","수수료","2026-06-11T13:04:13.065Z"
"naver-card-10562-exclusion-4","naver-card-10562","raw_detected","선불카드","2026-06-11T13:04:13.065Z"
"naver-card-10562-exclusion-5","naver-card-10562","raw_detected","지방세","2026-06-11T13:04:13.065Z"
"naver-card-10562-exclusion-6","naver-card-10562","raw_detected","공과금","2026-06-11T13:04:13.065Z"
"naver-card-10562-exclusion-7","naver-card-10562","raw_detected","현금서비스","2026-06-11T13:04:13.065Z"
"naver-card-10562-exclusion-8","naver-card-10562","raw_detected","카드론","2026-06-11T13:04:13.065Z"
"naver-card-10189-exclusion-1","naver-card-10189","raw_detected","상품권","2026-06-11T13:04:13.065Z"
"naver-card-10189-exclusion-2","naver-card-10189","raw_detected","선불카드","2026-06-11T13:04:13.065Z"
"naver-card-10189-exclusion-3","naver-card-10189","raw_detected","기프트카드","2026-06-11T13:04:13.065Z"
"naver-card-10189-exclusion-4","naver-card-10189","raw_detected","국세","2026-06-11T13:04:13.065Z"
"naver-card-10189-exclusion-5","naver-card-10189","raw_detected","지방세","2026-06-11T13:04:13.065Z"
"naver-card-10189-exclusion-6","naver-card-10189","raw_detected","공과금","2026-06-11T13:04:13.065Z"
"naver-card-10189-exclusion-7","naver-card-10189","raw_detected","아파트관리비","2026-06-11T13:04:13.065Z"
"naver-card-10189-exclusion-8","naver-card-10189","raw_detected","대학등록금","2026-06-11T13:04:13.065Z"
"naver-card-10189-exclusion-9","naver-card-10189","raw_detected","보험료","2026-06-11T13:04:13.065Z"
"naver-card-10189-exclusion-10","naver-card-10189","raw_detected","수수료","2026-06-11T13:04:13.065Z"
"naver-card-10189-exclusion-11","naver-card-10189","raw_detected","무이자할부","2026-06-11T13:04:13.065Z"
"naver-card-10420-exclusion-1","naver-card-10420","raw_detected","상품권","2026-06-11T13:04:13.065Z"
"naver-card-10420-exclusion-2","naver-card-10420","raw_detected","선불카드","2026-06-11T13:04:13.065Z"
"naver-card-10420-exclusion-3","naver-card-10420","raw_detected","국세","2026-06-11T13:04:13.065Z"
"naver-card-10420-exclusion-4","naver-card-10420","raw_detected","지방세","2026-06-11T13:04:13.065Z"
"naver-card-10420-exclusion-5","naver-card-10420","raw_detected","공과금","2026-06-11T13:04:13.065Z"
"naver-card-10420-exclusion-6","naver-card-10420","raw_detected","아파트관리비","2026-06-11T13:04:13.065Z"
"naver-card-10420-exclusion-7","naver-card-10420","raw_detected","보험료","2026-06-11T13:04:13.065Z"
"naver-card-10420-exclusion-8","naver-card-10420","raw_detected","연회비","2026-06-11T13:04:13.065Z"
"naver-card-10420-exclusion-9","naver-card-10420","raw_detected","수수료","2026-06-11T13:04:13.065Z"
"naver-card-10420-exclusion-10","naver-card-10420","raw_detected","무이자할부","2026-06-11T13:04:13.065Z"
"naver-card-10420-exclusion-11","naver-card-10420","raw_detected","현금서비스","2026-06-11T13:04:13.065Z"
"naver-card-10420-exclusion-12","naver-card-10420","raw_detected","카드론","2026-06-11T13:04:13.065Z"
"naver-card-10362-exclusion-1","naver-card-10362","raw_detected","상품권","2026-06-11T13:04:13.065Z"
"naver-card-10362-exclusion-2","naver-card-10362","raw_detected","국세","2026-06-11T13:04:13.065Z"
"naver-card-10362-exclusion-3","naver-card-10362","raw_detected","지방세","2026-06-11T13:04:13.065Z"
"naver-card-10362-exclusion-4","naver-card-10362","raw_detected","공과금","2026-06-11T13:04:13.065Z"
"naver-card-10362-exclusion-5","naver-card-10362","raw_detected","연회비","2026-06-11T13:04:13.065Z"
"naver-card-10362-exclusion-6","naver-card-10362","raw_detected","수수료","2026-06-11T13:04:13.065Z"
"naver-card-10362-exclusion-7","naver-card-10362","raw_detected","현금서비스","2026-06-11T13:04:13.065Z"
"naver-card-10362-exclusion-8","naver-card-10362","raw_detected","카드론","2026-06-11T13:04:13.065Z"
"naver-card-10608-exclusion-1","naver-card-10608","raw_detected","상품권","2026-06-11T13:04:13.065Z"
"naver-card-10608-exclusion-2","naver-card-10608","raw_detected","선불카드","2026-06-11T13:04:13.065Z"
"naver-card-10608-exclusion-3","naver-card-10608","raw_detected","국세","2026-06-11T13:04:13.065Z"
"naver-card-10608-exclusion-4","naver-card-10608","raw_detected","지방세","2026-06-11T13:04:13.065Z"
"naver-card-10608-exclusion-5","naver-card-10608","raw_detected","공과금","2026-06-11T13:04:13.065Z"
"naver-card-10608-exclusion-6","naver-card-10608","raw_detected","보험료","2026-06-11T13:04:13.065Z"
"naver-card-10608-exclusion-7","naver-card-10608","raw_detected","연회비","2026-06-11T13:04:13.065Z"
"naver-card-10608-exclusion-8","naver-card-10608","raw_detected","수수료","2026-06-11T13:04:13.065Z"
"naver-card-10608-exclusion-9","naver-card-10608","raw_detected","무이자할부","2026-06-11T13:04:13.065Z"
"naver-card-10608-exclusion-10","naver-card-10608","raw_detected","현금서비스","2026-06-11T13:04:13.065Z"
"naver-card-10608-exclusion-11","naver-card-10608","raw_detected","카드론","2026-06-11T13:04:13.065Z"
"naver-card-1243-exclusion-1","naver-card-1243","raw_detected","연회비","2026-06-11T13:04:13.065Z"
"naver-card-1243-exclusion-2","naver-card-1243","raw_detected","카드론","2026-06-11T13:04:13.065Z"
"naver-card-1243-exclusion-3","naver-card-1243","raw_detected","상품권","2026-06-11T13:04:13.065Z"
"naver-card-1243-exclusion-4","naver-card-1243","raw_detected","선불카드","2026-06-11T13:04:13.065Z"
"naver-card-1243-exclusion-5","naver-card-1243","raw_detected","공과금","2026-06-11T13:04:13.065Z"
"naver-card-1243-exclusion-6","naver-card-1243","raw_detected","아파트관리비","2026-06-11T13:04:13.065Z"
"naver-card-1243-exclusion-7","naver-card-1243","raw_detected","수수료","2026-06-11T13:04:13.065Z"
"naver-card-1243-exclusion-8","naver-card-1243","raw_detected","현금서비스","2026-06-11T13:04:13.065Z"
"naver-card-10361-exclusion-1","naver-card-10361","raw_detected","상품권","2026-06-11T13:04:13.065Z"
"naver-card-10361-exclusion-2","naver-card-10361","raw_detected","국세","2026-06-11T13:04:13.065Z"
"naver-card-10361-exclusion-3","naver-card-10361","raw_detected","지방세","2026-06-11T13:04:13.065Z"
"naver-card-10361-exclusion-4","naver-card-10361","raw_detected","공과금","2026-06-11T13:04:13.065Z"
"naver-card-10361-exclusion-5","naver-card-10361","raw_detected","연회비","2026-06-11T13:04:13.065Z"
"naver-card-10361-exclusion-6","naver-card-10361","raw_detected","수수료","2026-06-11T13:04:13.065Z"
"naver-card-10361-exclusion-7","naver-card-10361","raw_detected","현금서비스","2026-06-11T13:04:13.065Z"
"naver-card-10361-exclusion-8","naver-card-10361","raw_detected","카드론","2026-06-11T13:04:13.065Z"
"naver-card-10363-exclusion-1","naver-card-10363","raw_detected","상품권","2026-06-11T13:04:13.065Z"
"naver-card-10363-exclusion-2","naver-card-10363","raw_detected","국세","2026-06-11T13:04:13.065Z"
"naver-card-10363-exclusion-3","naver-card-10363","raw_detected","지방세","2026-06-11T13:04:13.065Z"
"naver-card-10363-exclusion-4","naver-card-10363","raw_detected","공과금","2026-06-11T13:04:13.065Z"
"naver-card-10363-exclusion-5","naver-card-10363","raw_detected","연회비","2026-06-11T13:04:13.065Z"
"naver-card-10363-exclusion-6","naver-card-10363","raw_detected","수수료","2026-06-11T13:04:13.065Z"
"naver-card-10363-exclusion-7","naver-card-10363","raw_detected","현금서비스","2026-06-11T13:04:13.065Z"
"naver-card-10363-exclusion-8","naver-card-10363","raw_detected","카드론","2026-06-11T13:04:13.065Z"
"naver-card-10518-exclusion-1","naver-card-10518","raw_detected","연회비","2026-06-11T13:04:13.065Z"
"naver-card-10518-exclusion-2","naver-card-10518","raw_detected","선불카드","2026-06-11T13:04:13.065Z"
"naver-card-10518-exclusion-3","naver-card-10518","raw_detected","지방세","2026-06-11T13:04:13.065Z"
"naver-card-10518-exclusion-4","naver-card-10518","raw_detected","수수료","2026-06-11T13:04:13.065Z"
"naver-card-10518-exclusion-5","naver-card-10518","raw_detected","무이자할부","2026-06-11T13:04:13.065Z"
"naver-card-10518-exclusion-6","naver-card-10518","raw_detected","현금서비스","2026-06-11T13:04:13.065Z"
"naver-card-10518-exclusion-7","naver-card-10518","raw_detected","카드론","2026-06-11T13:04:13.065Z"
"naver-card-10225-exclusion-1","naver-card-10225","raw_detected","상품권","2026-06-11T13:04:13.065Z"
"naver-card-10225-exclusion-2","naver-card-10225","raw_detected","선불카드","2026-06-11T13:04:13.065Z"
"naver-card-10225-exclusion-3","naver-card-10225","raw_detected","기프트카드","2026-06-11T13:04:13.065Z"
"naver-card-10225-exclusion-4","naver-card-10225","raw_detected","국세","2026-06-11T13:04:13.065Z"
"naver-card-10225-exclusion-5","naver-card-10225","raw_detected","지방세","2026-06-11T13:04:13.065Z"
"naver-card-10225-exclusion-6","naver-card-10225","raw_detected","공과금","2026-06-11T13:04:13.065Z"
"naver-card-10225-exclusion-7","naver-card-10225","raw_detected","아파트관리비","2026-06-11T13:04:13.065Z"
"naver-card-10225-exclusion-8","naver-card-10225","raw_detected","대학등록금","2026-06-11T13:04:13.065Z"
"naver-card-10225-exclusion-9","naver-card-10225","raw_detected","보험료","2026-06-11T13:04:13.065Z"
"naver-card-10225-exclusion-10","naver-card-10225","raw_detected","연회비","2026-06-11T13:04:13.065Z"
"naver-card-10225-exclusion-11","naver-card-10225","raw_detected","수수료","2026-06-11T13:04:13.065Z"
"naver-card-10225-exclusion-12","naver-card-10225","raw_detected","무이자할부","2026-06-11T13:04:13.065Z"
"naver-card-10618-exclusion-1","naver-card-10618","raw_detected","상품권","2026-06-11T13:04:13.065Z"
"naver-card-10618-exclusion-2","naver-card-10618","raw_detected","국세","2026-06-11T13:04:13.065Z"
"naver-card-10618-exclusion-3","naver-card-10618","raw_detected","지방세","2026-06-11T13:04:13.065Z"
"naver-card-10618-exclusion-4","naver-card-10618","raw_detected","공과금","2026-06-11T13:04:13.065Z"
"naver-card-10618-exclusion-5","naver-card-10618","raw_detected","연회비","2026-06-11T13:04:13.065Z"
"naver-card-10618-exclusion-6","naver-card-10618","raw_detected","수수료","2026-06-11T13:04:13.065Z"
"naver-card-10618-exclusion-7","naver-card-10618","raw_detected","현금서비스","2026-06-11T13:04:13.065Z"
"naver-card-10618-exclusion-8","naver-card-10618","raw_detected","카드론","2026-06-11T13:04:13.065Z"
"naver-card-10186-exclusion-1","naver-card-10186","raw_detected","상품권","2026-06-11T13:04:13.065Z"
"naver-card-10186-exclusion-2","naver-card-10186","raw_detected","선불카드","2026-06-11T13:04:13.065Z"
"naver-card-10186-exclusion-3","naver-card-10186","raw_detected","공과금","2026-06-11T13:04:13.065Z"
"naver-card-10186-exclusion-4","naver-card-10186","raw_detected","아파트관리비","2026-06-11T13:04:13.065Z"
"naver-card-10186-exclusion-5","naver-card-10186","raw_detected","연회비","2026-06-11T13:04:13.065Z"
"naver-card-10186-exclusion-6","naver-card-10186","raw_detected","수수료","2026-06-11T13:04:13.065Z"
"naver-card-10186-exclusion-7","naver-card-10186","raw_detected","현금서비스","2026-06-11T13:04:13.065Z"
"naver-card-10186-exclusion-8","naver-card-10186","raw_detected","카드론","2026-06-11T13:04:13.065Z"
"naver-card-10297-exclusion-1","naver-card-10297","raw_detected","상품권","2026-06-11T13:04:13.065Z"
"naver-card-10297-exclusion-2","naver-card-10297","raw_detected","선불카드","2026-06-11T13:04:13.065Z"
"naver-card-10297-exclusion-3","naver-card-10297","raw_detected","기프트카드","2026-06-11T13:04:13.065Z"
"naver-card-10297-exclusion-4","naver-card-10297","raw_detected","공과금","2026-06-11T13:04:13.065Z"
"naver-card-10297-exclusion-5","naver-card-10297","raw_detected","아파트관리비","2026-06-11T13:04:13.065Z"
"naver-card-10297-exclusion-6","naver-card-10297","raw_detected","연회비","2026-06-11T13:04:13.065Z"
"naver-card-10297-exclusion-7","naver-card-10297","raw_detected","수수료","2026-06-11T13:04:13.065Z"
"naver-card-10297-exclusion-8","naver-card-10297","raw_detected","현금서비스","2026-06-11T13:04:13.065Z"
"naver-card-10297-exclusion-9","naver-card-10297","raw_detected","카드론","2026-06-11T13:04:13.065Z"
"naver-card-10262-exclusion-1","naver-card-10262","raw_detected","연회비","2026-06-11T13:04:13.065Z"
"naver-card-10262-exclusion-2","naver-card-10262","raw_detected","카드론","2026-06-11T13:04:13.065Z"
"naver-card-10262-exclusion-3","naver-card-10262","raw_detected","상품권","2026-06-11T13:04:13.065Z"
"naver-card-10262-exclusion-4","naver-card-10262","raw_detected","선불카드","2026-06-11T13:04:13.065Z"
"naver-card-10262-exclusion-5","naver-card-10262","raw_detected","공과금","2026-06-11T13:04:13.065Z"
"naver-card-10262-exclusion-6","naver-card-10262","raw_detected","아파트관리비","2026-06-11T13:04:13.065Z"
"naver-card-10262-exclusion-7","naver-card-10262","raw_detected","수수료","2026-06-11T13:04:13.065Z"
"naver-card-10262-exclusion-8","naver-card-10262","raw_detected","현금서비스","2026-06-11T13:04:13.065Z"
"naver-card-2349-exclusion-1","naver-card-2349","raw_detected","상품권","2026-06-11T13:04:13.065Z"
"naver-card-2349-exclusion-2","naver-card-2349","raw_detected","선불카드","2026-06-11T13:04:13.065Z"
"naver-card-2349-exclusion-3","naver-card-2349","raw_detected","기프트카드","2026-06-11T13:04:13.065Z"
"naver-card-2349-exclusion-4","naver-card-2349","raw_detected","국세","2026-06-11T13:04:13.065Z"
"naver-card-2349-exclusion-5","naver-card-2349","raw_detected","지방세","2026-06-11T13:04:13.065Z"
"naver-card-2349-exclusion-6","naver-card-2349","raw_detected","공과금","2026-06-11T13:04:13.065Z"
"naver-card-2349-exclusion-7","naver-card-2349","raw_detected","아파트관리비","2026-06-11T13:04:13.065Z"
"naver-card-2349-exclusion-8","naver-card-2349","raw_detected","대학등록금","2026-06-11T13:04:13.065Z"
"naver-card-2349-exclusion-9","naver-card-2349","raw_detected","보험료","2026-06-11T13:04:13.065Z"
"naver-card-2349-exclusion-10","naver-card-2349","raw_detected","연회비","2026-06-11T13:04:13.065Z"
"naver-card-2349-exclusion-11","naver-card-2349","raw_detected","무이자할부","2026-06-11T13:04:13.065Z"
"naver-card-2349-exclusion-12","naver-card-2349","raw_detected","현금서비스","2026-06-11T13:04:13.065Z"
"naver-card-10223-exclusion-1","naver-card-10223","raw_detected","상품권","2026-06-11T13:04:13.065Z"
"naver-card-10223-exclusion-2","naver-card-10223","raw_detected","선불카드","2026-06-11T13:04:13.065Z"
"naver-card-10223-exclusion-3","naver-card-10223","raw_detected","기프트카드","2026-06-11T13:04:13.065Z"
"naver-card-10223-exclusion-4","naver-card-10223","raw_detected","국세","2026-06-11T13:04:13.065Z"
"naver-card-10223-exclusion-5","naver-card-10223","raw_detected","지방세","2026-06-11T13:04:13.065Z"
"naver-card-10223-exclusion-6","naver-card-10223","raw_detected","공과금","2026-06-11T13:04:13.065Z"
"naver-card-10223-exclusion-7","naver-card-10223","raw_detected","대학등록금","2026-06-11T13:04:13.065Z"
"naver-card-10223-exclusion-8","naver-card-10223","raw_detected","보험료","2026-06-11T13:04:13.065Z"
"naver-card-10223-exclusion-9","naver-card-10223","raw_detected","연회비","2026-06-11T13:04:13.065Z"
"naver-card-10223-exclusion-10","naver-card-10223","raw_detected","수수료","2026-06-11T13:04:13.065Z"
"naver-card-10223-exclusion-11","naver-card-10223","raw_detected","무이자할부","2026-06-11T13:04:13.065Z"
"naver-card-10226-exclusion-1","naver-card-10226","raw_detected","상품권","2026-06-11T13:04:13.065Z"
"naver-card-10226-exclusion-2","naver-card-10226","raw_detected","선불카드","2026-06-11T13:04:13.065Z"
"naver-card-10226-exclusion-3","naver-card-10226","raw_detected","기프트카드","2026-06-11T13:04:13.065Z"
"naver-card-10226-exclusion-4","naver-card-10226","raw_detected","국세","2026-06-11T13:04:13.065Z"
"naver-card-10226-exclusion-5","naver-card-10226","raw_detected","지방세","2026-06-11T13:04:13.065Z"
"naver-card-10226-exclusion-6","naver-card-10226","raw_detected","공과금","2026-06-11T13:04:13.065Z"
"naver-card-10226-exclusion-7","naver-card-10226","raw_detected","대학등록금","2026-06-11T13:04:13.065Z"
"naver-card-10226-exclusion-8","naver-card-10226","raw_detected","보험료","2026-06-11T13:04:13.065Z"
"naver-card-10226-exclusion-9","naver-card-10226","raw_detected","연회비","2026-06-11T13:04:13.065Z"
"naver-card-10226-exclusion-10","naver-card-10226","raw_detected","수수료","2026-06-11T13:04:13.065Z"
"naver-card-10226-exclusion-11","naver-card-10226","raw_detected","무이자할부","2026-06-11T13:04:13.065Z"
"naver-card-652-exclusion-1","naver-card-652","raw_detected","연회비","2026-06-11T13:04:13.065Z"
"naver-card-652-exclusion-2","naver-card-652","raw_detected","수수료","2026-06-11T13:04:13.065Z"
"naver-card-652-exclusion-3","naver-card-652","raw_detected","상품권","2026-06-11T13:04:13.065Z"
"naver-card-652-exclusion-4","naver-card-652","raw_detected","기프트카드","2026-06-11T13:04:13.065Z"
"naver-card-652-exclusion-5","naver-card-652","raw_detected","국세","2026-06-11T13:04:13.065Z"
"naver-card-652-exclusion-6","naver-card-652","raw_detected","지방세","2026-06-11T13:04:13.065Z"
"naver-card-652-exclusion-7","naver-card-652","raw_detected","공과금","2026-06-11T13:04:13.065Z"
"naver-card-652-exclusion-8","naver-card-652","raw_detected","대학등록금","2026-06-11T13:04:13.065Z"
"naver-card-652-exclusion-9","naver-card-652","raw_detected","무이자할부","2026-06-11T13:04:13.065Z"
"naver-card-10160-exclusion-1","naver-card-10160","raw_detected","상품권","2026-06-11T13:04:13.065Z"
"naver-card-10160-exclusion-2","naver-card-10160","raw_detected","선불카드","2026-06-11T13:04:13.065Z"
"naver-card-10160-exclusion-3","naver-card-10160","raw_detected","연회비","2026-06-11T13:04:13.065Z"
"naver-card-10160-exclusion-4","naver-card-10160","raw_detected","공과금","2026-06-11T13:04:13.065Z"
"naver-card-10160-exclusion-5","naver-card-10160","raw_detected","아파트관리비","2026-06-11T13:04:13.065Z"
"naver-card-10160-exclusion-6","naver-card-10160","raw_detected","수수료","2026-06-11T13:04:13.065Z"
"naver-card-10160-exclusion-7","naver-card-10160","raw_detected","현금서비스","2026-06-11T13:04:13.065Z"
"naver-card-10160-exclusion-8","naver-card-10160","raw_detected","카드론","2026-06-11T13:04:13.065Z"
"naver-card-10160-exclusion-9","naver-card-10160","raw_detected","무이자할부","2026-06-11T13:04:13.065Z"
"naver-card-3996-exclusion-1","naver-card-3996","raw_detected","연회비","2026-06-11T13:04:13.065Z"
"naver-card-3996-exclusion-2","naver-card-3996","raw_detected","상품권","2026-06-11T13:04:13.065Z"
"naver-card-3996-exclusion-3","naver-card-3996","raw_detected","선불카드","2026-06-11T13:04:13.065Z"
"naver-card-3996-exclusion-4","naver-card-3996","raw_detected","공과금","2026-06-11T13:04:13.065Z"
"naver-card-3996-exclusion-5","naver-card-3996","raw_detected","수수료","2026-06-11T13:04:13.065Z"
"naver-card-3996-exclusion-6","naver-card-3996","raw_detected","현금서비스","2026-06-11T13:04:13.065Z"
"naver-card-3996-exclusion-7","naver-card-3996","raw_detected","카드론","2026-06-11T13:04:13.065Z"
"naver-card-10625-exclusion-1","naver-card-10625","raw_detected","상품권","2026-06-11T13:04:13.065Z"
"naver-card-10625-exclusion-2","naver-card-10625","raw_detected","선불카드","2026-06-11T13:04:13.065Z"
"naver-card-10625-exclusion-3","naver-card-10625","raw_detected","국세","2026-06-11T13:04:13.065Z"
"naver-card-10625-exclusion-4","naver-card-10625","raw_detected","지방세","2026-06-11T13:04:13.065Z"
"naver-card-10625-exclusion-5","naver-card-10625","raw_detected","공과금","2026-06-11T13:04:13.065Z"
"naver-card-10625-exclusion-6","naver-card-10625","raw_detected","아파트관리비","2026-06-11T13:04:13.065Z"
"naver-card-10625-exclusion-7","naver-card-10625","raw_detected","연회비","2026-06-11T13:04:13.065Z"
"naver-card-10625-exclusion-8","naver-card-10625","raw_detected","수수료","2026-06-11T13:04:13.065Z"
"naver-card-10625-exclusion-9","naver-card-10625","raw_detected","무이자할부","2026-06-11T13:04:13.065Z"
"naver-card-10625-exclusion-10","naver-card-10625","raw_detected","현금서비스","2026-06-11T13:04:13.065Z"
"naver-card-10625-exclusion-11","naver-card-10625","raw_detected","카드론","2026-06-11T13:04:13.065Z"
"naver-card-10625-exclusion-12","naver-card-10625","raw_detected","포인트 충전","2026-06-11T13:04:13.065Z"
"naver-card-10607-exclusion-1","naver-card-10607","raw_detected","연회비","2026-06-11T13:04:13.065Z"
"naver-card-10607-exclusion-2","naver-card-10607","raw_detected","상품권","2026-06-11T13:04:13.065Z"
"naver-card-10607-exclusion-3","naver-card-10607","raw_detected","선불카드","2026-06-11T13:04:13.065Z"
"naver-card-10607-exclusion-4","naver-card-10607","raw_detected","기프트카드","2026-06-11T13:04:13.065Z"
"naver-card-10607-exclusion-5","naver-card-10607","raw_detected","수수료","2026-06-11T13:04:13.065Z"
"naver-card-10607-exclusion-6","naver-card-10607","raw_detected","현금서비스","2026-06-11T13:04:13.065Z"
"naver-card-10607-exclusion-7","naver-card-10607","raw_detected","카드론","2026-06-11T13:04:13.065Z"
"naver-card-10636-exclusion-1","naver-card-10636","raw_detected","연회비","2026-06-11T13:04:13.065Z"
"naver-card-10636-exclusion-2","naver-card-10636","raw_detected","무이자할부","2026-06-11T13:04:13.065Z"
"naver-card-10636-exclusion-3","naver-card-10636","raw_detected","현금서비스","2026-06-11T13:04:13.065Z"
"naver-card-10636-exclusion-4","naver-card-10636","raw_detected","카드론","2026-06-11T13:04:13.065Z"
"naver-card-10636-exclusion-5","naver-card-10636","raw_detected","선불카드","2026-06-11T13:04:13.065Z"
"naver-card-10636-exclusion-6","naver-card-10636","raw_detected","수수료","2026-06-11T13:04:13.065Z"
"naver-card-10437-exclusion-1","naver-card-10437","raw_detected","연회비","2026-06-11T13:04:13.065Z"
"naver-card-10437-exclusion-2","naver-card-10437","raw_detected","수수료","2026-06-11T13:04:13.065Z"
"naver-card-10437-exclusion-3","naver-card-10437","raw_detected","무이자할부","2026-06-11T13:04:13.065Z"
"naver-card-10637-exclusion-1","naver-card-10637","raw_detected","연회비","2026-06-11T13:04:13.065Z"
"naver-card-10637-exclusion-2","naver-card-10637","raw_detected","상품권","2026-06-11T13:04:13.065Z"
"naver-card-10637-exclusion-3","naver-card-10637","raw_detected","선불카드","2026-06-11T13:04:13.065Z"
"naver-card-10637-exclusion-4","naver-card-10637","raw_detected","기프트카드","2026-06-11T13:04:13.065Z"
"naver-card-10637-exclusion-5","naver-card-10637","raw_detected","국세","2026-06-11T13:04:13.065Z"
"naver-card-10637-exclusion-6","naver-card-10637","raw_detected","지방세","2026-06-11T13:04:13.065Z"
"naver-card-10637-exclusion-7","naver-card-10637","raw_detected","아파트관리비","2026-06-11T13:04:13.065Z"
"naver-card-10637-exclusion-8","naver-card-10637","raw_detected","수수료","2026-06-11T13:04:13.065Z"
"naver-card-10637-exclusion-9","naver-card-10637","raw_detected","무이자할부","2026-06-11T13:04:13.065Z"
"naver-card-10637-exclusion-10","naver-card-10637","raw_detected","현금서비스","2026-06-11T13:04:13.065Z"
"naver-card-10637-exclusion-11","naver-card-10637","raw_detected","카드론","2026-06-11T13:04:13.065Z"
"naver-card-10638-exclusion-1","naver-card-10638","raw_detected","연회비","2026-06-11T13:04:13.065Z"
"naver-card-10638-exclusion-2","naver-card-10638","raw_detected","선불카드","2026-06-11T13:04:13.065Z"
"naver-card-10638-exclusion-3","naver-card-10638","raw_detected","국세","2026-06-11T13:04:13.065Z"
"naver-card-10638-exclusion-4","naver-card-10638","raw_detected","지방세","2026-06-11T13:04:13.065Z"
"naver-card-10638-exclusion-5","naver-card-10638","raw_detected","수수료","2026-06-11T13:04:13.065Z"
"naver-card-10638-exclusion-6","naver-card-10638","raw_detected","무이자할부","2026-06-11T13:04:13.065Z"
"naver-card-10638-exclusion-7","naver-card-10638","raw_detected","현금서비스","2026-06-11T13:04:13.065Z"
"naver-card-10638-exclusion-8","naver-card-10638","raw_detected","카드론","2026-06-11T13:04:13.065Z"
"naver-card-10640-exclusion-1","naver-card-10640","raw_detected","연회비","2026-06-11T13:04:13.065Z"
"naver-card-10640-exclusion-2","naver-card-10640","raw_detected","선불카드","2026-06-11T13:04:13.065Z"
"naver-card-10640-exclusion-3","naver-card-10640","raw_detected","국세","2026-06-11T13:04:13.065Z"
"naver-card-10640-exclusion-4","naver-card-10640","raw_detected","지방세","2026-06-11T13:04:13.065Z"
"naver-card-10640-exclusion-5","naver-card-10640","raw_detected","수수료","2026-06-11T13:04:13.065Z"
"naver-card-10640-exclusion-6","naver-card-10640","raw_detected","무이자할부","2026-06-11T13:04:13.065Z"
"naver-card-10640-exclusion-7","naver-card-10640","raw_detected","현금서비스","2026-06-11T13:04:13.065Z"
"naver-card-3777-exclusion-1","naver-card-3777","raw_detected","연회비","2026-06-11T13:04:13.065Z"
"naver-card-3777-exclusion-2","naver-card-3777","raw_detected","상품권","2026-06-11T13:04:13.065Z"
"naver-card-3777-exclusion-3","naver-card-3777","raw_detected","선불카드","2026-06-11T13:04:13.065Z"
"naver-card-3777-exclusion-4","naver-card-3777","raw_detected","공과금","2026-06-11T13:04:13.065Z"
"naver-card-3777-exclusion-5","naver-card-3777","raw_detected","아파트관리비","2026-06-11T13:04:13.065Z"
"naver-card-3777-exclusion-6","naver-card-3777","raw_detected","수수료","2026-06-11T13:04:13.065Z"
"naver-card-3777-exclusion-7","naver-card-3777","raw_detected","현금서비스","2026-06-11T13:04:13.065Z"
"naver-card-3777-exclusion-8","naver-card-3777","raw_detected","카드론","2026-06-11T13:04:13.065Z"
"naver-card-3776-exclusion-1","naver-card-3776","raw_detected","연회비","2026-06-11T13:04:13.065Z"
"naver-card-3776-exclusion-2","naver-card-3776","raw_detected","상품권","2026-06-11T13:04:13.065Z"
"naver-card-3776-exclusion-3","naver-card-3776","raw_detected","선불카드","2026-06-11T13:04:13.065Z"
"naver-card-3776-exclusion-4","naver-card-3776","raw_detected","공과금","2026-06-11T13:04:13.065Z"
"naver-card-3776-exclusion-5","naver-card-3776","raw_detected","아파트관리비","2026-06-11T13:04:13.065Z"
"naver-card-3776-exclusion-6","naver-card-3776","raw_detected","수수료","2026-06-11T13:04:13.065Z"
"naver-card-3776-exclusion-7","naver-card-3776","raw_detected","현금서비스","2026-06-11T13:04:13.065Z"
"naver-card-3776-exclusion-8","naver-card-3776","raw_detected","카드론","2026-06-11T13:04:13.065Z"
"naver-card-10442-exclusion-1","naver-card-10442","raw_detected","연회비","2026-06-11T13:04:13.065Z"
"naver-card-10442-exclusion-2","naver-card-10442","raw_detected","상품권","2026-06-11T13:04:13.065Z"
"naver-card-10442-exclusion-3","naver-card-10442","raw_detected","선불카드","2026-06-11T13:04:13.065Z"
"naver-card-10442-exclusion-4","naver-card-10442","raw_detected","기프트카드","2026-06-11T13:04:13.065Z"
"naver-card-10442-exclusion-5","naver-card-10442","raw_detected","공과금","2026-06-11T13:04:13.065Z"
"naver-card-10442-exclusion-6","naver-card-10442","raw_detected","아파트관리비","2026-06-11T13:04:13.065Z"
"naver-card-10442-exclusion-7","naver-card-10442","raw_detected","수수료","2026-06-11T13:04:13.065Z"
"naver-card-10442-exclusion-8","naver-card-10442","raw_detected","현금서비스","2026-06-11T13:04:13.065Z"
"naver-card-10442-exclusion-9","naver-card-10442","raw_detected","카드론","2026-06-11T13:04:13.065Z"
"naver-card-3055-exclusion-1","naver-card-3055","raw_detected","연회비","2026-06-11T13:04:13.065Z"
"naver-card-3055-exclusion-2","naver-card-3055","raw_detected","수수료","2026-06-11T13:04:13.065Z"
"naver-card-3055-exclusion-3","naver-card-3055","raw_detected","카드론","2026-06-11T13:04:13.065Z"
"naver-card-3257-exclusion-1","naver-card-3257","raw_detected","무이자할부","2026-06-11T13:04:13.065Z"
"naver-card-3257-exclusion-2","naver-card-3257","raw_detected","상품권","2026-06-11T13:04:13.065Z"
"naver-card-3257-exclusion-3","naver-card-3257","raw_detected","기프트카드","2026-06-11T13:04:13.065Z"
"naver-card-3257-exclusion-4","naver-card-3257","raw_detected","연회비","2026-06-11T13:04:13.065Z"
"naver-card-3257-exclusion-5","naver-card-3257","raw_detected","수수료","2026-06-11T13:04:13.065Z"
"naver-card-3257-exclusion-6","naver-card-3257","raw_detected","현금서비스","2026-06-11T13:04:13.065Z"
"naver-card-3257-exclusion-7","naver-card-3257","raw_detected","카드론","2026-06-11T13:04:13.065Z"
"naver-card-3257-exclusion-8","naver-card-3257","raw_detected","선불카드","2026-06-11T13:04:13.065Z"
"naver-card-3257-exclusion-9","naver-card-3257","raw_detected","아파트관리비","2026-06-11T13:04:13.065Z"
"naver-card-2206-exclusion-1","naver-card-2206","raw_detected","수수료","2026-06-11T13:04:13.065Z"
"naver-card-2206-exclusion-2","naver-card-2206","raw_detected","상품권","2026-06-11T13:04:13.065Z"
"naver-card-2206-exclusion-3","naver-card-2206","raw_detected","선불카드","2026-06-11T13:04:13.065Z"
"naver-card-2206-exclusion-4","naver-card-2206","raw_detected","공과금","2026-06-11T13:04:13.065Z"
"naver-card-2206-exclusion-5","naver-card-2206","raw_detected","아파트관리비","2026-06-11T13:04:13.065Z"
"naver-card-2206-exclusion-6","naver-card-2206","raw_detected","연회비","2026-06-11T13:04:13.065Z"
"naver-card-2206-exclusion-7","naver-card-2206","raw_detected","현금서비스","2026-06-11T13:04:13.065Z"
"naver-card-2206-exclusion-8","naver-card-2206","raw_detected","카드론","2026-06-11T13:04:13.065Z"
"naver-card-10464-exclusion-1","naver-card-10464","raw_detected","연회비","2026-06-11T13:04:13.065Z"
"naver-card-10464-exclusion-2","naver-card-10464","raw_detected","수수료","2026-06-11T13:04:13.065Z"
"naver-card-10464-exclusion-3","naver-card-10464","raw_detected","상품권","2026-06-11T13:04:13.065Z"
"naver-card-10464-exclusion-4","naver-card-10464","raw_detected","선불카드","2026-06-11T13:04:13.065Z"
"naver-card-10464-exclusion-5","naver-card-10464","raw_detected","기프트카드","2026-06-11T13:04:13.065Z"
"naver-card-10464-exclusion-6","naver-card-10464","raw_detected","국세","2026-06-11T13:04:13.065Z"
"naver-card-10464-exclusion-7","naver-card-10464","raw_detected","지방세","2026-06-11T13:04:13.065Z"
"naver-card-10464-exclusion-8","naver-card-10464","raw_detected","아파트관리비","2026-06-11T13:04:13.065Z"
"naver-card-10464-exclusion-9","naver-card-10464","raw_detected","무이자할부","2026-06-11T13:04:13.065Z"
"naver-card-10464-exclusion-10","naver-card-10464","raw_detected","현금서비스","2026-06-11T13:04:13.065Z"
"naver-card-10464-exclusion-11","naver-card-10464","raw_detected","카드론","2026-06-11T13:04:13.065Z"
"naver-card-10456-exclusion-1","naver-card-10456","raw_detected","상품권","2026-06-11T13:04:13.065Z"
"naver-card-10456-exclusion-2","naver-card-10456","raw_detected","국세","2026-06-11T13:04:13.065Z"
"naver-card-10456-exclusion-3","naver-card-10456","raw_detected","지방세","2026-06-11T13:04:13.065Z"
"naver-card-10456-exclusion-4","naver-card-10456","raw_detected","공과금","2026-06-11T13:04:13.065Z"
"naver-card-10456-exclusion-5","naver-card-10456","raw_detected","연회비","2026-06-11T13:04:13.065Z"
"naver-card-10456-exclusion-6","naver-card-10456","raw_detected","수수료","2026-06-11T13:04:13.065Z"
"naver-card-10456-exclusion-7","naver-card-10456","raw_detected","무이자할부","2026-06-11T13:04:13.065Z"
"naver-card-10456-exclusion-8","naver-card-10456","raw_detected","현금서비스","2026-06-11T13:04:13.065Z"
"naver-card-10456-exclusion-9","naver-card-10456","raw_detected","카드론","2026-06-11T13:04:13.065Z"
"naver-card-10308-exclusion-1","naver-card-10308","raw_detected","상품권","2026-06-11T13:04:13.065Z"
"naver-card-10308-exclusion-2","naver-card-10308","raw_detected","선불카드","2026-06-11T13:04:13.065Z"
"naver-card-10308-exclusion-3","naver-card-10308","raw_detected","국세","2026-06-11T13:04:13.065Z"
"naver-card-10308-exclusion-4","naver-card-10308","raw_detected","지방세","2026-06-11T13:04:13.065Z"
"naver-card-10308-exclusion-5","naver-card-10308","raw_detected","공과금","2026-06-11T13:04:13.065Z"
"naver-card-10308-exclusion-6","naver-card-10308","raw_detected","아파트관리비","2026-06-11T13:04:13.065Z"
"naver-card-10308-exclusion-7","naver-card-10308","raw_detected","보험료","2026-06-11T13:04:13.065Z"
"naver-card-10308-exclusion-8","naver-card-10308","raw_detected","연회비","2026-06-11T13:04:13.065Z"
"naver-card-10308-exclusion-9","naver-card-10308","raw_detected","수수료","2026-06-11T13:04:13.065Z"
"naver-card-10308-exclusion-10","naver-card-10308","raw_detected","무이자할부","2026-06-11T13:04:13.065Z"
"naver-card-10308-exclusion-11","naver-card-10308","raw_detected","현금서비스","2026-06-11T13:04:13.065Z"
"naver-card-10308-exclusion-12","naver-card-10308","raw_detected","카드론","2026-06-11T13:04:13.065Z"
"naver-card-10308-exclusion-13","naver-card-10308","raw_detected","포인트 충전","2026-06-11T13:04:13.065Z"
"naver-card-10421-exclusion-1","naver-card-10421","raw_detected","상품권","2026-06-11T13:04:13.065Z"
"naver-card-10421-exclusion-2","naver-card-10421","raw_detected","선불카드","2026-06-11T13:04:13.065Z"
"naver-card-10421-exclusion-3","naver-card-10421","raw_detected","공과금","2026-06-11T13:04:13.065Z"
"naver-card-10421-exclusion-4","naver-card-10421","raw_detected","아파트관리비","2026-06-11T13:04:13.065Z"
"naver-card-10421-exclusion-5","naver-card-10421","raw_detected","보험료","2026-06-11T13:04:13.065Z"
"naver-card-10421-exclusion-6","naver-card-10421","raw_detected","연회비","2026-06-11T13:04:13.065Z"
"naver-card-10421-exclusion-7","naver-card-10421","raw_detected","수수료","2026-06-11T13:04:13.065Z"
"naver-card-10421-exclusion-8","naver-card-10421","raw_detected","무이자할부","2026-06-11T13:04:13.065Z"
"naver-card-10421-exclusion-9","naver-card-10421","raw_detected","현금서비스","2026-06-11T13:04:13.065Z"
"naver-card-10421-exclusion-10","naver-card-10421","raw_detected","카드론","2026-06-11T13:04:13.065Z"
"naver-card-10429-exclusion-1","naver-card-10429","raw_detected","연회비","2026-06-11T13:04:13.065Z"
"naver-card-10429-exclusion-2","naver-card-10429","raw_detected","수수료","2026-06-11T13:04:13.065Z"
"naver-card-10429-exclusion-3","naver-card-10429","raw_detected","현금서비스","2026-06-11T13:04:13.065Z"
"naver-card-10429-exclusion-4","naver-card-10429","raw_detected","카드론","2026-06-11T13:04:13.065Z"
"naver-card-10429-exclusion-5","naver-card-10429","raw_detected","상품권","2026-06-11T13:04:13.065Z"
"naver-card-10429-exclusion-6","naver-card-10429","raw_detected","선불카드","2026-06-11T13:04:13.065Z"
"naver-card-10429-exclusion-7","naver-card-10429","raw_detected","지방세","2026-06-11T13:04:13.065Z"
"naver-card-10429-exclusion-8","naver-card-10429","raw_detected","공과금","2026-06-11T13:04:13.065Z"
"naver-card-10294-exclusion-1","naver-card-10294","raw_detected","상품권","2026-06-11T13:04:13.065Z"
"naver-card-10294-exclusion-2","naver-card-10294","raw_detected","선불카드","2026-06-11T13:04:13.065Z"
"naver-card-10294-exclusion-3","naver-card-10294","raw_detected","기프트카드","2026-06-11T13:04:13.065Z"
"naver-card-10294-exclusion-4","naver-card-10294","raw_detected","연회비","2026-06-11T13:04:13.065Z"
"naver-card-10294-exclusion-5","naver-card-10294","raw_detected","수수료","2026-06-11T13:04:13.065Z"
"naver-card-10294-exclusion-6","naver-card-10294","raw_detected","현금서비스","2026-06-11T13:04:13.065Z"
"naver-card-10294-exclusion-7","naver-card-10294","raw_detected","카드론","2026-06-11T13:04:13.065Z"
"naver-card-10294-exclusion-8","naver-card-10294","raw_detected","국세","2026-06-11T13:04:13.065Z"
"naver-card-10517-exclusion-1","naver-card-10517","raw_detected","연회비","2026-06-11T13:04:13.065Z"
"naver-card-10517-exclusion-2","naver-card-10517","raw_detected","선불카드","2026-06-11T13:04:13.065Z"
"naver-card-10517-exclusion-3","naver-card-10517","raw_detected","기프트카드","2026-06-11T13:04:13.065Z"
"naver-card-10517-exclusion-4","naver-card-10517","raw_detected","수수료","2026-06-11T13:04:13.065Z"
"naver-card-10517-exclusion-5","naver-card-10517","raw_detected","현금서비스","2026-06-11T13:04:13.065Z"
"naver-card-10517-exclusion-6","naver-card-10517","raw_detected","카드론","2026-06-11T13:04:13.065Z"
"naver-card-10372-exclusion-1","naver-card-10372","raw_detected","상품권","2026-06-11T13:04:13.065Z"
"naver-card-10372-exclusion-2","naver-card-10372","raw_detected","선불카드","2026-06-11T13:04:13.065Z"
"naver-card-10372-exclusion-3","naver-card-10372","raw_detected","기프트카드","2026-06-11T13:04:13.065Z"
"naver-card-10372-exclusion-4","naver-card-10372","raw_detected","국세","2026-06-11T13:04:13.065Z"
"naver-card-10372-exclusion-5","naver-card-10372","raw_detected","지방세","2026-06-11T13:04:13.065Z"
"naver-card-10372-exclusion-6","naver-card-10372","raw_detected","공과금","2026-06-11T13:04:13.065Z"
"naver-card-10372-exclusion-7","naver-card-10372","raw_detected","아파트관리비","2026-06-11T13:04:13.065Z"
"naver-card-10372-exclusion-8","naver-card-10372","raw_detected","대학등록금","2026-06-11T13:04:13.065Z"
"naver-card-10372-exclusion-9","naver-card-10372","raw_detected","보험료","2026-06-11T13:04:13.065Z"
"naver-card-10372-exclusion-10","naver-card-10372","raw_detected","수수료","2026-06-11T13:04:13.065Z"
"naver-card-10264-exclusion-1","naver-card-10264","raw_detected","상품권","2026-06-11T13:04:13.065Z"
"naver-card-10264-exclusion-2","naver-card-10264","raw_detected","선불카드","2026-06-11T13:04:13.065Z"
"naver-card-10264-exclusion-3","naver-card-10264","raw_detected","기프트카드","2026-06-11T13:04:13.065Z"
"naver-card-10264-exclusion-4","naver-card-10264","raw_detected","공과금","2026-06-11T13:04:13.065Z"
"naver-card-10264-exclusion-5","naver-card-10264","raw_detected","아파트관리비","2026-06-11T13:04:13.065Z"
"naver-card-10264-exclusion-6","naver-card-10264","raw_detected","연회비","2026-06-11T13:04:13.065Z"
"naver-card-10264-exclusion-7","naver-card-10264","raw_detected","수수료","2026-06-11T13:04:13.065Z"
"naver-card-10264-exclusion-8","naver-card-10264","raw_detected","현금서비스","2026-06-11T13:04:13.065Z"
"naver-card-10264-exclusion-9","naver-card-10264","raw_detected","카드론","2026-06-11T13:04:13.065Z"
"naver-card-10624-exclusion-1","naver-card-10624","raw_detected","상품권","2026-06-11T13:04:13.065Z"
"naver-card-10624-exclusion-2","naver-card-10624","raw_detected","선불카드","2026-06-11T13:04:13.065Z"
"naver-card-10624-exclusion-3","naver-card-10624","raw_detected","국세","2026-06-11T13:04:13.065Z"
"naver-card-10624-exclusion-4","naver-card-10624","raw_detected","지방세","2026-06-11T13:04:13.065Z"
"naver-card-10624-exclusion-5","naver-card-10624","raw_detected","공과금","2026-06-11T13:04:13.065Z"
"naver-card-10624-exclusion-6","naver-card-10624","raw_detected","아파트관리비","2026-06-11T13:04:13.065Z"
"naver-card-10624-exclusion-7","naver-card-10624","raw_detected","연회비","2026-06-11T13:04:13.065Z"
"naver-card-10624-exclusion-8","naver-card-10624","raw_detected","수수료","2026-06-11T13:04:13.065Z"
"naver-card-10624-exclusion-9","naver-card-10624","raw_detected","무이자할부","2026-06-11T13:04:13.065Z"
"naver-card-10624-exclusion-10","naver-card-10624","raw_detected","현금서비스","2026-06-11T13:04:13.065Z"
"naver-card-10624-exclusion-11","naver-card-10624","raw_detected","카드론","2026-06-11T13:04:13.065Z"
"naver-card-10496-exclusion-1","naver-card-10496","raw_detected","상품권","2026-06-11T13:04:13.065Z"
"naver-card-10496-exclusion-2","naver-card-10496","raw_detected","선불카드","2026-06-11T13:04:13.065Z"
"naver-card-10496-exclusion-3","naver-card-10496","raw_detected","국세","2026-06-11T13:04:13.065Z"
"naver-card-10496-exclusion-4","naver-card-10496","raw_detected","지방세","2026-06-11T13:04:13.065Z"
"naver-card-10496-exclusion-5","naver-card-10496","raw_detected","공과금","2026-06-11T13:04:13.065Z"
"naver-card-10496-exclusion-6","naver-card-10496","raw_detected","아파트관리비","2026-06-11T13:04:13.065Z"
"naver-card-10496-exclusion-7","naver-card-10496","raw_detected","보험료","2026-06-11T13:04:13.065Z"
"naver-card-10496-exclusion-8","naver-card-10496","raw_detected","연회비","2026-06-11T13:04:13.065Z"
"naver-card-10496-exclusion-9","naver-card-10496","raw_detected","수수료","2026-06-11T13:04:13.065Z"
"naver-card-10496-exclusion-10","naver-card-10496","raw_detected","무이자할부","2026-06-11T13:04:13.065Z"
"naver-card-10496-exclusion-11","naver-card-10496","raw_detected","현금서비스","2026-06-11T13:04:13.065Z"
"naver-card-10496-exclusion-12","naver-card-10496","raw_detected","카드론","2026-06-11T13:04:13.065Z"
"naver-card-2886-exclusion-1","naver-card-2886","raw_detected","연회비","2026-06-11T13:04:13.065Z"
"naver-card-2886-exclusion-2","naver-card-2886","raw_detected","상품권","2026-06-11T13:04:13.065Z"
"naver-card-2886-exclusion-3","naver-card-2886","raw_detected","선불카드","2026-06-11T13:04:13.065Z"
"naver-card-2886-exclusion-4","naver-card-2886","raw_detected","기프트카드","2026-06-11T13:04:13.065Z"
"naver-card-2886-exclusion-5","naver-card-2886","raw_detected","국세","2026-06-11T13:04:13.065Z"
"naver-card-2886-exclusion-6","naver-card-2886","raw_detected","지방세","2026-06-11T13:04:13.065Z"
"naver-card-2886-exclusion-7","naver-card-2886","raw_detected","아파트관리비","2026-06-11T13:04:13.065Z"
"naver-card-2886-exclusion-8","naver-card-2886","raw_detected","수수료","2026-06-11T13:04:13.065Z"
"naver-card-2886-exclusion-9","naver-card-2886","raw_detected","무이자할부","2026-06-11T13:04:13.065Z"
"naver-card-2886-exclusion-10","naver-card-2886","raw_detected","현금서비스","2026-06-11T13:04:13.065Z"
"naver-card-2886-exclusion-11","naver-card-2886","raw_detected","카드론","2026-06-11T13:04:13.065Z"
"naver-card-10287-exclusion-1","naver-card-10287","raw_detected","상품권","2026-06-11T13:04:13.065Z"
"naver-card-10287-exclusion-2","naver-card-10287","raw_detected","선불카드","2026-06-11T13:04:13.065Z"
"naver-card-10287-exclusion-3","naver-card-10287","raw_detected","기프트카드","2026-06-11T13:04:13.065Z"
"naver-card-10287-exclusion-4","naver-card-10287","raw_detected","공과금","2026-06-11T13:04:13.065Z"
"naver-card-10287-exclusion-5","naver-card-10287","raw_detected","연회비","2026-06-11T13:04:13.065Z"
"naver-card-10287-exclusion-6","naver-card-10287","raw_detected","수수료","2026-06-11T13:04:13.065Z"
"naver-card-10287-exclusion-7","naver-card-10287","raw_detected","현금서비스","2026-06-11T13:04:13.065Z"
"naver-card-10287-exclusion-8","naver-card-10287","raw_detected","카드론","2026-06-11T13:04:13.065Z"
"naver-card-10287-exclusion-9","naver-card-10287","raw_detected","아파트관리비","2026-06-11T13:04:13.065Z"
"naver-card-10556-exclusion-1","naver-card-10556","raw_detected","상품권","2026-06-11T13:04:13.065Z"
"naver-card-10556-exclusion-2","naver-card-10556","raw_detected","선불카드","2026-06-11T13:04:13.065Z"
"naver-card-10556-exclusion-3","naver-card-10556","raw_detected","연회비","2026-06-11T13:04:13.065Z"
"naver-card-10556-exclusion-4","naver-card-10556","raw_detected","무이자할부","2026-06-11T13:04:13.065Z"
"naver-card-10556-exclusion-5","naver-card-10556","raw_detected","공과금","2026-06-11T13:04:13.065Z"
"naver-card-10556-exclusion-6","naver-card-10556","raw_detected","아파트관리비","2026-06-11T13:04:13.065Z"
"naver-card-10556-exclusion-7","naver-card-10556","raw_detected","수수료","2026-06-11T13:04:13.065Z"
"naver-card-10556-exclusion-8","naver-card-10556","raw_detected","현금서비스","2026-06-11T13:04:13.065Z"
"naver-card-10556-exclusion-9","naver-card-10556","raw_detected","카드론","2026-06-11T13:04:13.065Z"
"naver-card-10556-exclusion-10","naver-card-10556","raw_detected","보험료","2026-06-11T13:04:13.065Z"
"naver-card-2757-exclusion-1","naver-card-2757","raw_detected","상품권","2026-06-11T13:04:13.065Z"
"naver-card-2757-exclusion-2","naver-card-2757","raw_detected","선불카드","2026-06-11T13:04:13.065Z"
"naver-card-2757-exclusion-3","naver-card-2757","raw_detected","공과금","2026-06-11T13:04:13.065Z"
"naver-card-2757-exclusion-4","naver-card-2757","raw_detected","아파트관리비","2026-06-11T13:04:13.065Z"
"naver-card-2757-exclusion-5","naver-card-2757","raw_detected","연회비","2026-06-11T13:04:13.065Z"
"naver-card-2757-exclusion-6","naver-card-2757","raw_detected","수수료","2026-06-11T13:04:13.065Z"
"naver-card-2757-exclusion-7","naver-card-2757","raw_detected","무이자할부","2026-06-11T13:04:13.065Z"
"naver-card-2757-exclusion-8","naver-card-2757","raw_detected","현금서비스","2026-06-11T13:04:13.065Z"
"naver-card-2757-exclusion-9","naver-card-2757","raw_detected","카드론","2026-06-11T13:04:13.065Z"
"naver-card-3958-exclusion-1","naver-card-3958","raw_detected","상품권","2026-06-11T13:04:13.065Z"
"naver-card-3958-exclusion-2","naver-card-3958","raw_detected","선불카드","2026-06-11T13:04:13.065Z"
"naver-card-3958-exclusion-3","naver-card-3958","raw_detected","국세","2026-06-11T13:04:13.065Z"
"naver-card-3958-exclusion-4","naver-card-3958","raw_detected","지방세","2026-06-11T13:04:13.065Z"
"naver-card-3958-exclusion-5","naver-card-3958","raw_detected","공과금","2026-06-11T13:04:13.065Z"
"naver-card-3958-exclusion-6","naver-card-3958","raw_detected","아파트관리비","2026-06-11T13:04:13.065Z"
"naver-card-3958-exclusion-7","naver-card-3958","raw_detected","연회비","2026-06-11T13:04:13.065Z"
"naver-card-3958-exclusion-8","naver-card-3958","raw_detected","수수료","2026-06-11T13:04:13.065Z"
"naver-card-3958-exclusion-9","naver-card-3958","raw_detected","현금서비스","2026-06-11T13:04:13.065Z"
"naver-card-3958-exclusion-10","naver-card-3958","raw_detected","카드론","2026-06-11T13:04:13.065Z"
"naver-card-10325-exclusion-1","naver-card-10325","raw_detected","상품권","2026-06-11T13:04:13.065Z"
"naver-card-10325-exclusion-2","naver-card-10325","raw_detected","선불카드","2026-06-11T13:04:13.065Z"
"naver-card-10325-exclusion-3","naver-card-10325","raw_detected","국세","2026-06-11T13:04:13.065Z"
"naver-card-10325-exclusion-4","naver-card-10325","raw_detected","지방세","2026-06-11T13:04:13.065Z"
"naver-card-10325-exclusion-5","naver-card-10325","raw_detected","공과금","2026-06-11T13:04:13.065Z"
"naver-card-10325-exclusion-6","naver-card-10325","raw_detected","연회비","2026-06-11T13:04:13.065Z"
"naver-card-10325-exclusion-7","naver-card-10325","raw_detected","수수료","2026-06-11T13:04:13.065Z"
"naver-card-10325-exclusion-8","naver-card-10325","raw_detected","현금서비스","2026-06-11T13:04:13.065Z"
"naver-card-10325-exclusion-9","naver-card-10325","raw_detected","카드론","2026-06-11T13:04:13.065Z"
"naver-card-10549-exclusion-1","naver-card-10549","raw_detected","상품권","2026-06-11T13:04:13.065Z"
"naver-card-10549-exclusion-2","naver-card-10549","raw_detected","국세","2026-06-11T13:04:13.065Z"
"naver-card-10549-exclusion-3","naver-card-10549","raw_detected","지방세","2026-06-11T13:04:13.065Z"
"naver-card-10549-exclusion-4","naver-card-10549","raw_detected","공과금","2026-06-11T13:04:13.065Z"
"naver-card-10549-exclusion-5","naver-card-10549","raw_detected","보험료","2026-06-11T13:04:13.065Z"
"naver-card-10549-exclusion-6","naver-card-10549","raw_detected","연회비","2026-06-11T13:04:13.065Z"
"naver-card-10549-exclusion-7","naver-card-10549","raw_detected","수수료","2026-06-11T13:04:13.065Z"
"naver-card-10549-exclusion-8","naver-card-10549","raw_detected","현금서비스","2026-06-11T13:04:13.065Z"
"naver-card-10549-exclusion-9","naver-card-10549","raw_detected","카드론","2026-06-11T13:04:13.065Z"
"naver-card-10306-exclusion-1","naver-card-10306","raw_detected","상품권","2026-06-11T13:04:13.065Z"
"naver-card-10306-exclusion-2","naver-card-10306","raw_detected","선불카드","2026-06-11T13:04:13.065Z"
"naver-card-10306-exclusion-3","naver-card-10306","raw_detected","국세","2026-06-11T13:04:13.065Z"
"naver-card-10306-exclusion-4","naver-card-10306","raw_detected","지방세","2026-06-11T13:04:13.065Z"
"naver-card-10306-exclusion-5","naver-card-10306","raw_detected","공과금","2026-06-11T13:04:13.065Z"
"naver-card-10306-exclusion-6","naver-card-10306","raw_detected","아파트관리비","2026-06-11T13:04:13.065Z"
"naver-card-10306-exclusion-7","naver-card-10306","raw_detected","대학등록금","2026-06-11T13:04:13.065Z"
"naver-card-10306-exclusion-8","naver-card-10306","raw_detected","연회비","2026-06-11T13:04:13.065Z"
"naver-card-10306-exclusion-9","naver-card-10306","raw_detected","수수료","2026-06-11T13:04:13.065Z"
"naver-card-10306-exclusion-10","naver-card-10306","raw_detected","무이자할부","2026-06-11T13:04:13.065Z"
"naver-card-10306-exclusion-11","naver-card-10306","raw_detected","현금서비스","2026-06-11T13:04:13.065Z"
"naver-card-10306-exclusion-12","naver-card-10306","raw_detected","카드론","2026-06-11T13:04:13.065Z"
"naver-card-10306-exclusion-13","naver-card-10306","raw_detected","포인트 충전","2026-06-11T13:04:13.065Z"
"naver-card-10527-exclusion-1","naver-card-10527","raw_detected","연회비","2026-06-11T13:04:13.065Z"
"naver-card-10527-exclusion-2","naver-card-10527","raw_detected","상품권","2026-06-11T13:04:13.065Z"
"naver-card-10527-exclusion-3","naver-card-10527","raw_detected","선불카드","2026-06-11T13:04:13.065Z"
"naver-card-10527-exclusion-4","naver-card-10527","raw_detected","기프트카드","2026-06-11T13:04:13.065Z"
"naver-card-10527-exclusion-5","naver-card-10527","raw_detected","국세","2026-06-11T13:04:13.065Z"
"naver-card-10527-exclusion-6","naver-card-10527","raw_detected","지방세","2026-06-11T13:04:13.065Z"
"naver-card-10527-exclusion-7","naver-card-10527","raw_detected","아파트관리비","2026-06-11T13:04:13.065Z"
"naver-card-10527-exclusion-8","naver-card-10527","raw_detected","수수료","2026-06-11T13:04:13.065Z"
"naver-card-10527-exclusion-9","naver-card-10527","raw_detected","무이자할부","2026-06-11T13:04:13.065Z"
"naver-card-10527-exclusion-10","naver-card-10527","raw_detected","현금서비스","2026-06-11T13:04:13.065Z"
"naver-card-10527-exclusion-11","naver-card-10527","raw_detected","카드론","2026-06-11T13:04:13.065Z"
"naver-card-1773-exclusion-1","naver-card-1773","raw_detected","선불카드","2026-06-11T13:04:13.065Z"
"naver-card-1773-exclusion-2","naver-card-1773","raw_detected","기프트카드","2026-06-11T13:04:13.065Z"
"naver-card-1773-exclusion-3","naver-card-1773","raw_detected","연회비","2026-06-11T13:04:13.065Z"
"naver-card-1773-exclusion-4","naver-card-1773","raw_detected","수수료","2026-06-11T13:04:13.065Z"
"naver-card-10634-exclusion-1","naver-card-10634","raw_detected","연회비","2026-06-11T13:04:13.065Z"
"naver-card-10634-exclusion-2","naver-card-10634","raw_detected","상품권","2026-06-11T13:04:13.065Z"
"naver-card-10634-exclusion-3","naver-card-10634","raw_detected","선불카드","2026-06-11T13:04:13.065Z"
"naver-card-10634-exclusion-4","naver-card-10634","raw_detected","기프트카드","2026-06-11T13:04:13.065Z"
"naver-card-10634-exclusion-5","naver-card-10634","raw_detected","국세","2026-06-11T13:04:13.065Z"
"naver-card-10634-exclusion-6","naver-card-10634","raw_detected","지방세","2026-06-11T13:04:13.065Z"
"naver-card-10634-exclusion-7","naver-card-10634","raw_detected","아파트관리비","2026-06-11T13:04:13.065Z"
"naver-card-10634-exclusion-8","naver-card-10634","raw_detected","수수료","2026-06-11T13:04:13.065Z"
"naver-card-10634-exclusion-9","naver-card-10634","raw_detected","무이자할부","2026-06-11T13:04:13.065Z"
"naver-card-10634-exclusion-10","naver-card-10634","raw_detected","카드론","2026-06-11T13:04:13.065Z"
"naver-card-10277-exclusion-1","naver-card-10277","raw_detected","상품권","2026-06-11T13:04:13.065Z"
"naver-card-10277-exclusion-2","naver-card-10277","raw_detected","선불카드","2026-06-11T13:04:13.065Z"
"naver-card-10277-exclusion-3","naver-card-10277","raw_detected","국세","2026-06-11T13:04:13.065Z"
"naver-card-10277-exclusion-4","naver-card-10277","raw_detected","지방세","2026-06-11T13:04:13.065Z"
"naver-card-10277-exclusion-5","naver-card-10277","raw_detected","공과금","2026-06-11T13:04:13.065Z"
"naver-card-10277-exclusion-6","naver-card-10277","raw_detected","아파트관리비","2026-06-11T13:04:13.065Z"
"naver-card-10277-exclusion-7","naver-card-10277","raw_detected","대학등록금","2026-06-11T13:04:13.065Z"
"naver-card-10277-exclusion-8","naver-card-10277","raw_detected","연회비","2026-06-11T13:04:13.065Z"
"naver-card-10277-exclusion-9","naver-card-10277","raw_detected","수수료","2026-06-11T13:04:13.065Z"
"naver-card-10277-exclusion-10","naver-card-10277","raw_detected","무이자할부","2026-06-11T13:04:13.065Z"
"naver-card-10277-exclusion-11","naver-card-10277","raw_detected","현금서비스","2026-06-11T13:04:13.065Z"
"naver-card-10277-exclusion-12","naver-card-10277","raw_detected","카드론","2026-06-11T13:04:13.065Z"
"naver-card-10277-exclusion-13","naver-card-10277","raw_detected","포인트 충전","2026-06-11T13:04:13.065Z"
"naver-card-4096-exclusion-1","naver-card-4096","raw_detected","상품권","2026-06-11T13:04:13.065Z"
"naver-card-4096-exclusion-2","naver-card-4096","raw_detected","선불카드","2026-06-11T13:04:13.065Z"
"naver-card-4096-exclusion-3","naver-card-4096","raw_detected","국세","2026-06-11T13:04:13.065Z"
"naver-card-4096-exclusion-4","naver-card-4096","raw_detected","지방세","2026-06-11T13:04:13.065Z"
"naver-card-4096-exclusion-5","naver-card-4096","raw_detected","공과금","2026-06-11T13:04:13.065Z"
"naver-card-4096-exclusion-6","naver-card-4096","raw_detected","연회비","2026-06-11T13:04:13.065Z"
"naver-card-4096-exclusion-7","naver-card-4096","raw_detected","수수료","2026-06-11T13:04:13.065Z"
"naver-card-4096-exclusion-8","naver-card-4096","raw_detected","무이자할부","2026-06-11T13:04:13.065Z"
"naver-card-4096-exclusion-9","naver-card-4096","raw_detected","현금서비스","2026-06-11T13:04:13.065Z"
"naver-card-4096-exclusion-10","naver-card-4096","raw_detected","카드론","2026-06-11T13:04:13.065Z"
"naver-card-4096-exclusion-11","naver-card-4096","raw_detected","포인트 충전","2026-06-11T13:04:13.065Z"
"naver-card-10567-exclusion-1","naver-card-10567","raw_detected","연회비","2026-06-11T13:04:13.065Z"
"naver-card-10567-exclusion-2","naver-card-10567","raw_detected","수수료","2026-06-11T13:04:13.065Z"
"naver-card-10567-exclusion-3","naver-card-10567","raw_detected","현금서비스","2026-06-11T13:04:13.065Z"
"naver-card-10567-exclusion-4","naver-card-10567","raw_detected","카드론","2026-06-11T13:04:13.065Z"
"naver-card-10567-exclusion-5","naver-card-10567","raw_detected","상품권","2026-06-11T13:04:13.065Z"
"naver-card-10567-exclusion-6","naver-card-10567","raw_detected","선불카드","2026-06-11T13:04:13.065Z"
"naver-card-10567-exclusion-7","naver-card-10567","raw_detected","지방세","2026-06-11T13:04:13.065Z"
"naver-card-10567-exclusion-8","naver-card-10567","raw_detected","공과금","2026-06-11T13:04:13.065Z"
"naver-card-10555-exclusion-1","naver-card-10555","raw_detected","연회비","2026-06-11T13:04:13.065Z"
"naver-card-10555-exclusion-2","naver-card-10555","raw_detected","수수료","2026-06-11T13:04:13.065Z"
"naver-card-10555-exclusion-3","naver-card-10555","raw_detected","상품권","2026-06-11T13:04:13.065Z"
"naver-card-10555-exclusion-4","naver-card-10555","raw_detected","선불카드","2026-06-11T13:04:13.065Z"
"naver-card-10555-exclusion-5","naver-card-10555","raw_detected","기프트카드","2026-06-11T13:04:13.065Z"
"naver-card-10555-exclusion-6","naver-card-10555","raw_detected","국세","2026-06-11T13:04:13.065Z"
"naver-card-10555-exclusion-7","naver-card-10555","raw_detected","지방세","2026-06-11T13:04:13.065Z"
"naver-card-10555-exclusion-8","naver-card-10555","raw_detected","아파트관리비","2026-06-11T13:04:13.065Z"
"naver-card-10555-exclusion-9","naver-card-10555","raw_detected","무이자할부","2026-06-11T13:04:13.065Z"
"naver-card-10555-exclusion-10","naver-card-10555","raw_detected","현금서비스","2026-06-11T13:04:13.065Z"
"naver-card-10555-exclusion-11","naver-card-10555","raw_detected","카드론","2026-06-11T13:04:13.065Z"
"naver-card-10505-exclusion-1","naver-card-10505","raw_detected","연회비","2026-06-11T13:04:13.065Z"
"naver-card-10505-exclusion-2","naver-card-10505","raw_detected","선불카드","2026-06-11T13:04:13.065Z"
"naver-card-10505-exclusion-3","naver-card-10505","raw_detected","기프트카드","2026-06-11T13:04:13.065Z"
"naver-card-10505-exclusion-4","naver-card-10505","raw_detected","수수료","2026-06-11T13:04:13.065Z"
"naver-card-10505-exclusion-5","naver-card-10505","raw_detected","현금서비스","2026-06-11T13:04:13.065Z"
"naver-card-10505-exclusion-6","naver-card-10505","raw_detected","카드론","2026-06-11T13:04:13.065Z"
"naver-card-10505-exclusion-7","naver-card-10505","raw_detected","국세","2026-06-11T13:04:13.065Z"
"naver-card-10505-exclusion-8","naver-card-10505","raw_detected","지방세","2026-06-11T13:04:13.065Z"
"naver-card-10505-exclusion-9","naver-card-10505","raw_detected","상품권","2026-06-11T13:04:13.065Z"
"naver-card-10505-exclusion-10","naver-card-10505","raw_detected","무이자할부","2026-06-11T13:04:13.065Z"
"naver-card-10577-exclusion-1","naver-card-10577","raw_detected","연회비","2026-06-11T13:04:13.065Z"
"naver-card-10577-exclusion-2","naver-card-10577","raw_detected","상품권","2026-06-11T13:04:13.065Z"
"naver-card-10577-exclusion-3","naver-card-10577","raw_detected","선불카드","2026-06-11T13:04:13.065Z"
"naver-card-10577-exclusion-4","naver-card-10577","raw_detected","기프트카드","2026-06-11T13:04:13.065Z"
"naver-card-10577-exclusion-5","naver-card-10577","raw_detected","국세","2026-06-11T13:04:13.065Z"
"naver-card-10577-exclusion-6","naver-card-10577","raw_detected","지방세","2026-06-11T13:04:13.065Z"
"naver-card-10577-exclusion-7","naver-card-10577","raw_detected","아파트관리비","2026-06-11T13:04:13.065Z"
"naver-card-10577-exclusion-8","naver-card-10577","raw_detected","수수료","2026-06-11T13:04:13.065Z"
"naver-card-10577-exclusion-9","naver-card-10577","raw_detected","무이자할부","2026-06-11T13:04:13.065Z"
"naver-card-10577-exclusion-10","naver-card-10577","raw_detected","현금서비스","2026-06-11T13:04:13.065Z"
"naver-card-10577-exclusion-11","naver-card-10577","raw_detected","카드론","2026-06-11T13:04:13.065Z"
"naver-card-10241-exclusion-1","naver-card-10241","raw_detected","공과금","2026-06-11T13:04:13.065Z"
"naver-card-10241-exclusion-2","naver-card-10241","raw_detected","연회비","2026-06-11T13:04:13.065Z"
"naver-card-10241-exclusion-3","naver-card-10241","raw_detected","상품권","2026-06-11T13:04:13.065Z"
"naver-card-10241-exclusion-4","naver-card-10241","raw_detected","선불카드","2026-06-11T13:04:13.065Z"
"naver-card-10241-exclusion-5","naver-card-10241","raw_detected","기프트카드","2026-06-11T13:04:13.065Z"
"naver-card-10241-exclusion-6","naver-card-10241","raw_detected","아파트관리비","2026-06-11T13:04:13.065Z"
"naver-card-10241-exclusion-7","naver-card-10241","raw_detected","수수료","2026-06-11T13:04:13.065Z"
"naver-card-10241-exclusion-8","naver-card-10241","raw_detected","현금서비스","2026-06-11T13:04:13.065Z"
"naver-card-10241-exclusion-9","naver-card-10241","raw_detected","카드론","2026-06-11T13:04:13.065Z"
"naver-card-10241-exclusion-10","naver-card-10241","raw_detected","무이자할부","2026-06-11T13:04:13.065Z"
"naver-card-10477-exclusion-1","naver-card-10477","raw_detected","연회비","2026-06-11T13:04:13.065Z"
"naver-card-10477-exclusion-2","naver-card-10477","raw_detected","상품권","2026-06-11T13:04:13.065Z"
"naver-card-10477-exclusion-3","naver-card-10477","raw_detected","수수료","2026-06-11T13:04:13.065Z"
"naver-card-10477-exclusion-4","naver-card-10477","raw_detected","현금서비스","2026-06-11T13:04:13.065Z"
"naver-card-10477-exclusion-5","naver-card-10477","raw_detected","카드론","2026-06-11T13:04:13.065Z"
"naver-card-10477-exclusion-6","naver-card-10477","raw_detected","선불카드","2026-06-11T13:04:13.065Z"
"naver-card-10477-exclusion-7","naver-card-10477","raw_detected","지방세","2026-06-11T13:04:13.065Z"
"naver-card-10477-exclusion-8","naver-card-10477","raw_detected","공과금","2026-06-11T13:04:13.065Z"
"naver-card-10211-exclusion-1","naver-card-10211","raw_detected","연회비","2026-06-11T13:04:13.065Z"
"naver-card-10458-exclusion-1","naver-card-10458","raw_detected","상품권","2026-06-11T13:04:13.065Z"
"naver-card-10458-exclusion-2","naver-card-10458","raw_detected","국세","2026-06-11T13:04:13.065Z"
"naver-card-10458-exclusion-3","naver-card-10458","raw_detected","지방세","2026-06-11T13:04:13.065Z"
"naver-card-10458-exclusion-4","naver-card-10458","raw_detected","공과금","2026-06-11T13:04:13.065Z"
"naver-card-10458-exclusion-5","naver-card-10458","raw_detected","연회비","2026-06-11T13:04:13.065Z"
"naver-card-10458-exclusion-6","naver-card-10458","raw_detected","수수료","2026-06-11T13:04:13.065Z"
"naver-card-10458-exclusion-7","naver-card-10458","raw_detected","현금서비스","2026-06-11T13:04:13.065Z"
"naver-card-10458-exclusion-8","naver-card-10458","raw_detected","카드론","2026-06-11T13:04:13.065Z"
"naver-card-10458-exclusion-9","naver-card-10458","raw_detected","무이자할부","2026-06-11T13:04:13.065Z"
"naver-card-3258-exclusion-1","naver-card-3258","raw_detected","무이자할부","2026-06-11T13:04:13.065Z"
"naver-card-3258-exclusion-2","naver-card-3258","raw_detected","상품권","2026-06-11T13:04:13.065Z"
"naver-card-3258-exclusion-3","naver-card-3258","raw_detected","기프트카드","2026-06-11T13:04:13.065Z"
"naver-card-3258-exclusion-4","naver-card-3258","raw_detected","연회비","2026-06-11T13:04:13.065Z"
"naver-card-3258-exclusion-5","naver-card-3258","raw_detected","수수료","2026-06-11T13:04:13.065Z"
"naver-card-3258-exclusion-6","naver-card-3258","raw_detected","현금서비스","2026-06-11T13:04:13.065Z"
"naver-card-3258-exclusion-7","naver-card-3258","raw_detected","카드론","2026-06-11T13:04:13.065Z"
"naver-card-3258-exclusion-8","naver-card-3258","raw_detected","선불카드","2026-06-11T13:04:13.065Z"
"naver-card-3258-exclusion-9","naver-card-3258","raw_detected","아파트관리비","2026-06-11T13:04:13.065Z"
"naver-card-10559-exclusion-1","naver-card-10559","raw_detected","연회비","2026-06-11T13:04:13.065Z"
"naver-card-10559-exclusion-2","naver-card-10559","raw_detected","상품권","2026-06-11T13:04:13.065Z"
"naver-card-10559-exclusion-3","naver-card-10559","raw_detected","선불카드","2026-06-11T13:04:13.065Z"
"naver-card-10559-exclusion-4","naver-card-10559","raw_detected","기프트카드","2026-06-11T13:04:13.065Z"
"naver-card-10559-exclusion-5","naver-card-10559","raw_detected","국세","2026-06-11T13:04:13.065Z"
"naver-card-10559-exclusion-6","naver-card-10559","raw_detected","지방세","2026-06-11T13:04:13.065Z"
"naver-card-10559-exclusion-7","naver-card-10559","raw_detected","아파트관리비","2026-06-11T13:04:13.065Z"
"naver-card-10559-exclusion-8","naver-card-10559","raw_detected","수수료","2026-06-11T13:04:13.065Z"
"naver-card-10559-exclusion-9","naver-card-10559","raw_detected","무이자할부","2026-06-11T13:04:13.065Z"
"naver-card-10559-exclusion-10","naver-card-10559","raw_detected","현금서비스","2026-06-11T13:04:13.065Z"
"naver-card-10559-exclusion-11","naver-card-10559","raw_detected","카드론","2026-06-11T13:04:13.065Z"
"naver-card-10546-exclusion-1","naver-card-10546","raw_detected","상품권","2026-06-11T13:04:13.065Z"
"naver-card-10546-exclusion-2","naver-card-10546","raw_detected","국세","2026-06-11T13:04:13.065Z"
"naver-card-10546-exclusion-3","naver-card-10546","raw_detected","지방세","2026-06-11T13:04:13.065Z"
"naver-card-10546-exclusion-4","naver-card-10546","raw_detected","공과금","2026-06-11T13:04:13.065Z"
"naver-card-10546-exclusion-5","naver-card-10546","raw_detected","보험료","2026-06-11T13:04:13.065Z"
"naver-card-10546-exclusion-6","naver-card-10546","raw_detected","연회비","2026-06-11T13:04:13.065Z"
"naver-card-10546-exclusion-7","naver-card-10546","raw_detected","수수료","2026-06-11T13:04:13.065Z"
"naver-card-10546-exclusion-8","naver-card-10546","raw_detected","현금서비스","2026-06-11T13:04:13.065Z"
"naver-card-10546-exclusion-9","naver-card-10546","raw_detected","카드론","2026-06-11T13:04:13.065Z"
"naver-card-10445-exclusion-1","naver-card-10445","raw_detected","연회비","2026-06-11T13:04:13.065Z"
"naver-card-10445-exclusion-2","naver-card-10445","raw_detected","선불카드","2026-06-11T13:04:13.065Z"
"naver-card-10445-exclusion-3","naver-card-10445","raw_detected","수수료","2026-06-11T13:04:13.065Z"
"naver-card-10445-exclusion-4","naver-card-10445","raw_detected","현금서비스","2026-06-11T13:04:13.065Z"
"naver-card-10445-exclusion-5","naver-card-10445","raw_detected","카드론","2026-06-11T13:04:13.065Z"
"naver-card-10630-exclusion-1","naver-card-10630","raw_detected","선불카드","2026-06-11T13:04:13.065Z"
"naver-card-10630-exclusion-2","naver-card-10630","raw_detected","지방세","2026-06-11T13:04:13.065Z"
"naver-card-10630-exclusion-3","naver-card-10630","raw_detected","연회비","2026-06-11T13:04:13.065Z"
"naver-card-10630-exclusion-4","naver-card-10630","raw_detected","수수료","2026-06-11T13:04:13.065Z"
"naver-card-10630-exclusion-5","naver-card-10630","raw_detected","무이자할부","2026-06-11T13:04:13.065Z"
"naver-card-10630-exclusion-6","naver-card-10630","raw_detected","현금서비스","2026-06-11T13:04:13.065Z"
"naver-card-10630-exclusion-7","naver-card-10630","raw_detected","카드론","2026-06-11T13:04:13.065Z"
"naver-card-10419-exclusion-1","naver-card-10419","raw_detected","상품권","2026-06-11T13:04:13.065Z"
"naver-card-10419-exclusion-2","naver-card-10419","raw_detected","선불카드","2026-06-11T13:04:13.065Z"
"naver-card-10419-exclusion-3","naver-card-10419","raw_detected","국세","2026-06-11T13:04:13.065Z"
"naver-card-10419-exclusion-4","naver-card-10419","raw_detected","지방세","2026-06-11T13:04:13.065Z"
"naver-card-10419-exclusion-5","naver-card-10419","raw_detected","공과금","2026-06-11T13:04:13.065Z"
"naver-card-10419-exclusion-6","naver-card-10419","raw_detected","아파트관리비","2026-06-11T13:04:13.065Z"
"naver-card-10419-exclusion-7","naver-card-10419","raw_detected","보험료","2026-06-11T13:04:13.065Z"
"naver-card-10419-exclusion-8","naver-card-10419","raw_detected","연회비","2026-06-11T13:04:13.065Z"
"naver-card-10419-exclusion-9","naver-card-10419","raw_detected","수수료","2026-06-11T13:04:13.065Z"
"naver-card-10419-exclusion-10","naver-card-10419","raw_detected","무이자할부","2026-06-11T13:04:13.065Z"
"naver-card-10419-exclusion-11","naver-card-10419","raw_detected","현금서비스","2026-06-11T13:04:13.065Z"
"naver-card-10419-exclusion-12","naver-card-10419","raw_detected","카드론","2026-06-11T13:04:13.065Z"
"naver-card-10571-exclusion-1","naver-card-10571","raw_detected","상품권","2026-06-11T13:04:13.065Z"
"naver-card-10571-exclusion-2","naver-card-10571","raw_detected","선불카드","2026-06-11T13:04:13.065Z"
"naver-card-10571-exclusion-3","naver-card-10571","raw_detected","국세","2026-06-11T13:04:13.065Z"
"naver-card-10571-exclusion-4","naver-card-10571","raw_detected","지방세","2026-06-11T13:04:13.065Z"
"naver-card-10571-exclusion-5","naver-card-10571","raw_detected","공과금","2026-06-11T13:04:13.065Z"
"naver-card-10571-exclusion-6","naver-card-10571","raw_detected","아파트관리비","2026-06-11T13:04:13.065Z"
"naver-card-10571-exclusion-7","naver-card-10571","raw_detected","연회비","2026-06-11T13:04:13.065Z"
"naver-card-10571-exclusion-8","naver-card-10571","raw_detected","수수료","2026-06-11T13:04:13.065Z"
"naver-card-10571-exclusion-9","naver-card-10571","raw_detected","무이자할부","2026-06-11T13:04:13.065Z"
"naver-card-10571-exclusion-10","naver-card-10571","raw_detected","현금서비스","2026-06-11T13:04:13.065Z"
"naver-card-10571-exclusion-11","naver-card-10571","raw_detected","카드론","2026-06-11T13:04:13.065Z"
"naver-card-10571-exclusion-12","naver-card-10571","raw_detected","포인트 충전","2026-06-11T13:04:13.065Z"
"naver-card-10632-exclusion-1","naver-card-10632","raw_detected","연회비","2026-06-11T13:04:13.065Z"
"naver-card-10632-exclusion-2","naver-card-10632","raw_detected","상품권","2026-06-11T13:04:13.065Z"
"naver-card-10632-exclusion-3","naver-card-10632","raw_detected","선불카드","2026-06-11T13:04:13.065Z"
"naver-card-10632-exclusion-4","naver-card-10632","raw_detected","기프트카드","2026-06-11T13:04:13.065Z"
"naver-card-10632-exclusion-5","naver-card-10632","raw_detected","국세","2026-06-11T13:04:13.065Z"
"naver-card-10632-exclusion-6","naver-card-10632","raw_detected","지방세","2026-06-11T13:04:13.065Z"
"naver-card-10632-exclusion-7","naver-card-10632","raw_detected","아파트관리비","2026-06-11T13:04:13.065Z"
"naver-card-10632-exclusion-8","naver-card-10632","raw_detected","수수료","2026-06-11T13:04:13.065Z"
"naver-card-10632-exclusion-9","naver-card-10632","raw_detected","무이자할부","2026-06-11T13:04:13.065Z"
"naver-card-10632-exclusion-10","naver-card-10632","raw_detected","현금서비스","2026-06-11T13:04:13.065Z"
"naver-card-10632-exclusion-11","naver-card-10632","raw_detected","카드론","2026-06-11T13:04:13.065Z"
"naver-card-10495-exclusion-1","naver-card-10495","raw_detected","상품권","2026-06-11T13:04:13.065Z"
"naver-card-10495-exclusion-2","naver-card-10495","raw_detected","선불카드","2026-06-11T13:04:13.065Z"
"naver-card-10495-exclusion-3","naver-card-10495","raw_detected","국세","2026-06-11T13:04:13.065Z"
"naver-card-10495-exclusion-4","naver-card-10495","raw_detected","지방세","2026-06-11T13:04:13.065Z"
"naver-card-10495-exclusion-5","naver-card-10495","raw_detected","공과금","2026-06-11T13:04:13.065Z"
"naver-card-10495-exclusion-6","naver-card-10495","raw_detected","아파트관리비","2026-06-11T13:04:13.065Z"
"naver-card-10495-exclusion-7","naver-card-10495","raw_detected","보험료","2026-06-11T13:04:13.065Z"
"naver-card-10495-exclusion-8","naver-card-10495","raw_detected","연회비","2026-06-11T13:04:13.065Z"
"naver-card-10495-exclusion-9","naver-card-10495","raw_detected","수수료","2026-06-11T13:04:13.065Z"
"naver-card-10495-exclusion-10","naver-card-10495","raw_detected","무이자할부","2026-06-11T13:04:13.065Z"
"naver-card-10495-exclusion-11","naver-card-10495","raw_detected","현금서비스","2026-06-11T13:04:13.065Z"
"naver-card-10495-exclusion-12","naver-card-10495","raw_detected","카드론","2026-06-11T13:04:13.065Z"
"naver-card-10629-exclusion-1","naver-card-10629","raw_detected","연회비","2026-06-11T13:04:13.065Z"
"naver-card-10629-exclusion-2","naver-card-10629","raw_detected","선불카드","2026-06-11T13:04:13.065Z"
"naver-card-10629-exclusion-3","naver-card-10629","raw_detected","국세","2026-06-11T13:04:13.065Z"
"naver-card-10629-exclusion-4","naver-card-10629","raw_detected","지방세","2026-06-11T13:04:13.065Z"
"naver-card-10629-exclusion-5","naver-card-10629","raw_detected","수수료","2026-06-11T13:04:13.065Z"
"naver-card-2414-exclusion-1","naver-card-2414","raw_detected","상품권","2026-06-11T13:04:13.065Z"
"naver-card-2414-exclusion-2","naver-card-2414","raw_detected","선불카드","2026-06-11T13:04:13.065Z"
"naver-card-2414-exclusion-3","naver-card-2414","raw_detected","연회비","2026-06-11T13:04:13.065Z"
"naver-card-2414-exclusion-4","naver-card-2414","raw_detected","무이자할부","2026-06-11T13:04:13.065Z"
"naver-card-2414-exclusion-5","naver-card-2414","raw_detected","공과금","2026-06-11T13:04:13.065Z"
"naver-card-2414-exclusion-6","naver-card-2414","raw_detected","아파트관리비","2026-06-11T13:04:13.065Z"
"naver-card-2414-exclusion-7","naver-card-2414","raw_detected","수수료","2026-06-11T13:04:13.065Z"
"naver-card-2414-exclusion-8","naver-card-2414","raw_detected","현금서비스","2026-06-11T13:04:13.065Z"
"naver-card-2414-exclusion-9","naver-card-2414","raw_detected","카드론","2026-06-11T13:04:13.065Z"
"naver-card-10539-exclusion-1","naver-card-10539","raw_detected","상품권","2026-06-11T13:04:13.065Z"
"naver-card-10539-exclusion-2","naver-card-10539","raw_detected","선불카드","2026-06-11T13:04:13.065Z"
"naver-card-10539-exclusion-3","naver-card-10539","raw_detected","공과금","2026-06-11T13:04:13.065Z"
"naver-card-10539-exclusion-4","naver-card-10539","raw_detected","아파트관리비","2026-06-11T13:04:13.065Z"
"naver-card-10539-exclusion-5","naver-card-10539","raw_detected","연회비","2026-06-11T13:04:13.065Z"
"naver-card-10539-exclusion-6","naver-card-10539","raw_detected","수수료","2026-06-11T13:04:13.065Z"
"naver-card-10539-exclusion-7","naver-card-10539","raw_detected","무이자할부","2026-06-11T13:04:13.065Z"
"naver-card-10539-exclusion-8","naver-card-10539","raw_detected","현금서비스","2026-06-11T13:04:13.065Z"
"naver-card-10539-exclusion-9","naver-card-10539","raw_detected","카드론","2026-06-11T13:04:13.065Z"
"naver-card-10631-exclusion-1","naver-card-10631","raw_detected","기프트카드","2026-06-11T13:04:13.065Z"
"naver-card-10631-exclusion-2","naver-card-10631","raw_detected","연회비","2026-06-11T13:04:13.065Z"
"naver-card-10631-exclusion-3","naver-card-10631","raw_detected","수수료","2026-06-11T13:04:13.065Z"
"naver-card-10631-exclusion-4","naver-card-10631","raw_detected","현금서비스","2026-06-11T13:04:13.065Z"
"naver-card-10631-exclusion-5","naver-card-10631","raw_detected","카드론","2026-06-11T13:04:13.065Z"
"naver-card-10631-exclusion-6","naver-card-10631","raw_detected","상품권","2026-06-11T13:04:13.065Z"
"naver-card-10631-exclusion-7","naver-card-10631","raw_detected","선불카드","2026-06-11T13:04:13.065Z"
"naver-card-10631-exclusion-8","naver-card-10631","raw_detected","국세","2026-06-11T13:04:13.065Z"
"naver-card-10631-exclusion-9","naver-card-10631","raw_detected","지방세","2026-06-11T13:04:13.065Z"
"naver-card-10631-exclusion-10","naver-card-10631","raw_detected","아파트관리비","2026-06-11T13:04:13.065Z"
"naver-card-10631-exclusion-11","naver-card-10631","raw_detected","무이자할부","2026-06-11T13:04:13.065Z"
